OPAL{0}>                ____  _____       ___ 
OPAL{0}>               / __ \|  __ \ /\   | | 
OPAL{0}>              | |  | | |__) /  \  | |
OPAL{0}>              | |  | |  ___/ /\ \ | |
OPAL{0}>              | |__| | |  / ____ \| |____
OPAL{0}>               \____/|_| /_/    \_\______|
OPAL{0}> 
OPAL{0}> This is OPAL (Object Oriented Parallel Accelerator Library) Version 2024.2
OPAL{0}>             git rev. 73b11fcbb1787e203f456a669860321cbe5a34b1
OPAL{0}> 
OPAL{0}> 
OPAL{0}>                      (c) PSI, http://amas.web.psi.ch
OPAL{0}> 
OPAL{0}> 
OPAL{0}> The optimiser (former opt-Pilot) is integrated 
OPAL{0}> 
OPAL{0}> Please send cookies, goodies or other motivations (wine and beer ... ) 
OPAL{0}> to the OPAL developers opal@lists.psi.ch
OPAL{0}> 
OPAL{0}> Time: 09:39:43 date: 05/06/2026
OPAL{0}> 
OPAL{0}> * Reading input stream 'lebt.in'
OPAL{0}> 
OPAL{0}> Current settings of options:
OPAL{0}> OPTION,ECHO=FALSE,INFO=TRUE,TRACE=FALSE,WARN=TRUE,SEED=1.23457e+08,
OPAL{0}>   TELL=TRUE,PSDUMPFREQ=10000,STATDUMPFREQ=1,PSDUMPEACHTURN=FALSE,
OPAL{0}>   PSDUMPFRAME="GLOBAL",SPTDUMPFREQ=1,REPARTFREQ=10,REBINFREQ=100,
OPAL{0}>   SCSOLVEFREQ=1,MTSSUBSTEPS=1,REMOTEPARTDEL=0,RHODUMP=FALSE,
OPAL{0}>   EBDUMP=FALSE,CSRDUMP=FALSE,AUTOPHASE=6,NUMBLOCKS=0,RECYCLEBLOCKS=0,
OPAL{0}>   NLHS=1,CZERO=FALSE,RNGTYPE="RANDOM",ENABLEHDF5=TRUE,ENABLEVTK=TRUE,
OPAL{0}>   ASCIIDUMP=FALSE,BOUNDPDESTROYFQ=10,BEAMHALOBOUNDARY=0,
OPAL{0}>   CLOTUNEONLY=FALSE,IDEALIZED=FALSE,LOGBENDTRAJECTORY=FALSE,
OPAL{0}>   VERSION=10000,MEMORYDUMP=FALSE,HALOSHIFT=0,DELPARTFREQ=1,
OPAL{0}>   MINBINEMITTED=10,MINSTEPFORREBIN=200,COMPUTEPERCENTILES=FALSE,
OPAL{0}>   DUMPBEAMMATRIX=FALSE;
OPAL{0}> 
OPAL{0}> 
OPAL{0}> Current settings of options:
OPAL{0}> OPTION,ECHO=FALSE,INFO=TRUE,TRACE=FALSE,WARN=TRUE,SEED=1.23457e+08,
OPAL{0}>   TELL=TRUE,PSDUMPFREQ=10000,STATDUMPFREQ=1,PSDUMPEACHTURN=FALSE,
OPAL{0}>   PSDUMPFRAME="GLOBAL",SPTDUMPFREQ=1,REPARTFREQ=10,REBINFREQ=100,
OPAL{0}>   SCSOLVEFREQ=1,MTSSUBSTEPS=1,REMOTEPARTDEL=0,RHODUMP=FALSE,
OPAL{0}>   EBDUMP=FALSE,CSRDUMP=FALSE,AUTOPHASE=6,NUMBLOCKS=0,RECYCLEBLOCKS=0,
OPAL{0}>   NLHS=1,CZERO=FALSE,RNGTYPE="RANDOM",ENABLEHDF5=TRUE,ENABLEVTK=TRUE,
OPAL{0}>   ASCIIDUMP=TRUE,BOUNDPDESTROYFQ=10,BEAMHALOBOUNDARY=0,
OPAL{0}>   CLOTUNEONLY=FALSE,IDEALIZED=FALSE,LOGBENDTRAJECTORY=FALSE,
OPAL{0}>   VERSION=10000,MEMORYDUMP=FALSE,HALOSHIFT=0,DELPARTFREQ=1,
OPAL{0}>   MINBINEMITTED=10,MINSTEPFORREBIN=200,COMPUTEPERCENTILES=FALSE,
OPAL{0}>   DUMPBEAMMATRIX=FALSE;
OPAL{0}> 
OPAL{0}> 
OPAL{0}> Current settings of options:
OPAL{0}> OPTION,ECHO=FALSE,INFO=TRUE,TRACE=FALSE,WARN=TRUE,SEED=1.23457e+08,
OPAL{0}>   TELL=TRUE,PSDUMPFREQ=10000,STATDUMPFREQ=1,PSDUMPEACHTURN=FALSE,
OPAL{0}>   PSDUMPFRAME="GLOBAL",SPTDUMPFREQ=1,REPARTFREQ=10,REBINFREQ=100,
OPAL{0}>   SCSOLVEFREQ=1,MTSSUBSTEPS=1,REMOTEPARTDEL=0,RHODUMP=FALSE,
OPAL{0}>   EBDUMP=FALSE,CSRDUMP=FALSE,AUTOPHASE=6,NUMBLOCKS=0,RECYCLEBLOCKS=0,
OPAL{0}>   NLHS=1,CZERO=FALSE,RNGTYPE="RANDOM",ENABLEHDF5=FALSE,
OPAL{0}>   ENABLEVTK=TRUE,ASCIIDUMP=TRUE,BOUNDPDESTROYFQ=10,BEAMHALOBOUNDARY=0,
OPAL{0}>   CLOTUNEONLY=FALSE,IDEALIZED=FALSE,LOGBENDTRAJECTORY=FALSE,
OPAL{0}>   VERSION=10000,MEMORYDUMP=FALSE,HALOSHIFT=0,DELPARTFREQ=1,
OPAL{0}>   MINBINEMITTED=10,MINSTEPFORREBIN=200,COMPUTEPERCENTILES=FALSE,
OPAL{0}>   DUMPBEAMMATRIX=FALSE;
OPAL{0}> 
OPAL{0}> 
OPAL{0}> Current settings of options:
OPAL{0}> OPTION,ECHO=FALSE,INFO=TRUE,TRACE=FALSE,WARN=TRUE,SEED=1.23457e+08,
OPAL{0}>   TELL=TRUE,PSDUMPFREQ=10000,STATDUMPFREQ=1,PSDUMPEACHTURN=FALSE,
OPAL{0}>   PSDUMPFRAME="GLOBAL",SPTDUMPFREQ=1,REPARTFREQ=10,REBINFREQ=100,
OPAL{0}>   SCSOLVEFREQ=1,MTSSUBSTEPS=1,REMOTEPARTDEL=0,RHODUMP=FALSE,
OPAL{0}>   EBDUMP=FALSE,CSRDUMP=FALSE,AUTOPHASE=6,NUMBLOCKS=0,RECYCLEBLOCKS=0,
OPAL{0}>   NLHS=1,CZERO=FALSE,RNGTYPE="RANDOM",ENABLEHDF5=FALSE,
OPAL{0}>   ENABLEVTK=TRUE,ASCIIDUMP=TRUE,BOUNDPDESTROYFQ=10,BEAMHALOBOUNDARY=0,
OPAL{0}>   CLOTUNEONLY=FALSE,IDEALIZED=FALSE,LOGBENDTRAJECTORY=FALSE,
OPAL{0}>   VERSION=10900,MEMORYDUMP=FALSE,HALOSHIFT=0,DELPARTFREQ=1,
OPAL{0}>   MINBINEMITTED=10,MINSTEPFORREBIN=200,COMPUTEPERCENTILES=FALSE,
OPAL{0}>   DUMPBEAMMATRIX=FALSE;
OPAL{0}> 
OPAL{0}> 
OPAL{0}> value: {GAMMA,BETA,GAMBET,P0,PIHALF} = {1.00002, 0.00571707, 0.00571716, 0.0638885, 1.5708}
OPAL{0}> 
OPAL{0}> 
OPAL{0}> value: {STEP} = {1.30773e-05}
OPAL{0}> 
OPAL{0}> 
OPAL{0}> * ************* T R A C K  R U N *************************************************** 
OPAL{0}> * Selected Tracking Method == PARALLEL-T, NEW TRACK
OPAL{0}> * ********************************************************************************** 
OPAL{0}> * Phase space dump frequency    = 10000
OPAL{0}> * Statistics dump frequency     = 1 w.r.t. the time step.
OPAL{0}> * DT                            = 7.63e-12 [s]
OPAL{0}> * MAXSTEPS                      = 2000000
OPAL{0}> * Mass of simulation particle   = 989.62 [GeV/c^2]
OPAL{0}> * Charge of simulation particle = 8.5131e-17 [C]
OPAL{0}> * ********************************************************************************** 
Ippl{0}> * Creating new file for data: 'lebt.stat'
Ippl{0}> * Creating new file for data: 'lebt.lbal'
OPAL{0}> 
OPAL{0}> * ************* D I S T R I B U T I O N ********************************************
OPAL{0}> * 
OPAL{0}> * Number of particles: 15673
OPAL{0}> * 
OPAL{0}> * Distribution input momentum units: [Beta Gamma]
OPAL{0}> * 
OPAL{0}> * Distribution type: FROMFILE
OPAL{0}> * 
OPAL{0}> * Input file: 'opal_beam.txt'
OPAL{0}> * 
OPAL{0}> * Distribution is injected.
OPAL{0}> *
OPAL{0}> * Write initial distribution to file 'data/lebt_DISTRIB2.dat'
OPAL{0}> * 
OPAL{0}> * **********************************************************************************
OPAL{0}> 
OPAL{0}> * ************* B E A M ************************************************************ 
OPAL{0}> * BEAM        BEAM_4
OPAL{0}> * PARTICLE    CARBON
OPAL{0}> * REST MASS   1.117486e+01 [GeV]
OPAL{0}> * CHARGE      +e * 6.000000e+00 
OPAL{0}> * MOMENTUM    6.388851e+07 [eV/c]
OPAL{0}> * CURRENT     1.000000e-03 [A]
OPAL{0}> * FREQUENCY   7.494800e+02 [MHz]
OPAL{0}> * NPART       1.567300e+04
OPAL{0}> * ********************************************************************************** 
OPAL{0}> 
OPAL{0}> * ************* F I E L D S O L V E R ********************************************** 
OPAL{0}> * FIELDSOLVER  FS1
OPAL{0}> * TYPE         FFT
OPAL{0}> * N-PROCESSORS 6
OPAL{0}> * MX           1.600000e+01
OPAL{0}> * MY           1.600000e+01
OPAL{0}> * MT           1.600000e+01
OPAL{0}> * BBOXINCR     2.000000e+00
OPAL{0}> * GREENSF      INTEGRATED
OPAL{0}> * XDIM         parallel  
OPAL{0}> * YDIM         parallel  
OPAL{0}> * Z(T)DIM      parallel  
OPAL{0}> 
OPAL{0}> * ********************************************************************************** 
OPAL{0}> 
OPAL{0}> 
OPAL{0}> * Size of map 21 sections 
OPAL{0}> * Key: (0.000000 - 0.207995) number of overlapping elements 1
OPAL{0}> *                            DRIFT3
OPAL{0}> * Key: (0.207995 - 0.358005) number of overlapping elements 1
OPAL{0}> *                            DRIFTCHOP
OPAL{0}> * Key: (0.358005 - 0.497997) number of overlapping elements 1
OPAL{0}> *                            DRIFT4
OPAL{0}> * Key: (0.497997 - 1.219996) number of overlapping elements 1
OPAL{0}> *                            DRIFT5
OPAL{0}> * Key: (1.219996 - 1.221997) number of overlapping elements 0
OPAL{0}> * Key: (1.221997 - 1.223998) number of overlapping elements 2
OPAL{0}> *                            COLLX
OPAL{0}> *                            DRIFTCOL
OPAL{0}> * Key: (1.223998 - 1.225999) number of overlapping elements 1
OPAL{0}> *                            COLLY
OPAL{0}> * Key: (1.225999 - 1.420001) number of overlapping elements 1
OPAL{0}> *                            DRIFT6
OPAL{0}> * Key: (1.420001 - 1.560006) number of overlapping elements 1
OPAL{0}> *                            QUAD1
OPAL{0}> * Key: (1.560006 - 1.652005) number of overlapping elements 1
OPAL{0}> *                            DRIFT7
OPAL{0}> * Key: (1.652005 - 1.791998) number of overlapping elements 1
OPAL{0}> *                            QUAD2
OPAL{0}> * Key: (1.791998 - 1.883997) number of overlapping elements 1
OPAL{0}> *                            DRIFT8
OPAL{0}> * Key: (1.883997 - 2.024003) number of overlapping elements 1
OPAL{0}> *                            QUAD3
OPAL{0}> * Key: (2.024003 - 2.834103) number of overlapping elements 1
OPAL{0}> *                            DRIFT9
OPAL{0}> * Key: (2.834103 - 2.934106) number of overlapping elements 2
OPAL{0}> *                            DRIFT9
OPAL{0}> *                            SOL1
OPAL{0}> * Key: (2.934106 - 3.191506) number of overlapping elements 1
OPAL{0}> *                            SOL1
OPAL{0}> * Key: (3.191506 - 3.291496) number of overlapping elements 2
OPAL{0}> *                            SOL1
OPAL{0}> *                            DRIFT10
OPAL{0}> * Key: (3.291496 - 3.325497) number of overlapping elements 1
OPAL{0}> *                            DRIFT10
OPAL{0}> * Key: (3.325497 - 3.330505) number of overlapping elements 2
OPAL{0}> *                            DRIFT10
OPAL{0}> *                            FINAL_MON
OPAL{0}> * Key: (3.330505 - 3.335501) number of overlapping elements 1
OPAL{0}> *                            FINAL_MON
OPAL{0}> * Key: (3.335501 - 3.408355) number of overlapping elements 0
OPAL{0}> 
Ippl{0}> * Creating new file for data: 'data/lebt_ElementPositions.sdds'
OPAL{0}> 
OPAL{0}> * ************** B U N C H ********************************************************* 
OPAL{0}> * NP              = 15673
OPAL{0}> * Qtot            =        1.334 [pC]         Qi    =        0.085 [fC]
OPAL{0}> * Ekin            =     182.629 [keV]         dEkin =        6.169 [eV]
OPAL{0}> * rmax            = (     12.38167 ,     15.91424 ,     26.97234 ) [mm]
OPAL{0}> * rmin            = (    -13.61469 ,    -15.12502 ,    -26.42739 ) [mm]
OPAL{0}> * rms beam size   = (      5.77313 ,      6.79853 ,     11.46559 ) [mm]
OPAL{0}> * rms momenta     = (  4.56157e-05 ,  3.34206e-05 ,  2.32482e-07 ) [beta gamma]
OPAL{0}> * mean position   = (    -24.44971 ,     94.53236 ,   -255.71818 ) [um]
OPAL{0}> * mean momenta    = ( -1.36305e-06 , -4.82574e-07 ,  5.71689e-03 ) [beta gamma]
OPAL{0}> * rms emittance   = (  2.67627e-05 ,  2.67194e-05 ,  4.65467e-07 ) (not normalized)
OPAL{0}> * rms correlation = ( -8.13895e-01 , -7.40257e-01 ,  5.73827e-02 )
OPAL{0}> * hr              = (      1.80241 ,      2.15206 ,      3.70238 ) [mm]
OPAL{0}> * dh              =   2.00000e+00 [%]
OPAL{0}> * t               =        0.000 [fs]         dT    =        7.630 [ps]
OPAL{0}> * spos            =        0.000 [um]
OPAL{0}> * ********************************************************************************** 
OPAL{0}> 
OPAL{0}> * Track start at: 09:39:46, t= 0.000 [fs]; zstart at: 0.000 [um]
OPAL{0}> * Executing ParallelTTracker
OPAL{0}> * Initial dt = 7.630 [ps]
OPAL{0}> * Max integration steps = 2000000, next step = 0
OPAL{0}> 
Ippl{0}> *****************************************************************
Ippl{0}> do repartition because of repartFreq_m
Ippl{0}> *****************************************************************
Ippl{0}> *****************************************************************
Ippl{0}> do repartition done
Ippl{0}> *****************************************************************
ParallelTTracker {0}> 09:39:53 Step    999 at 13.077 [mm], t= 7.630 [ns], E=182.629 [keV]
Ippl{0}> *****************************************************************
Ippl{0}> do repartition because of repartFreq_m
Ippl{0}> *****************************************************************
Ippl{0}> *****************************************************************
Ippl{0}> do repartition done
Ippl{0}> *****************************************************************
ParallelTTracker {0}> 09:39:57 Step   1999 at 26.155 [mm], t= 15.260 [ns], E=182.629 [keV]
Ippl{0}> *****************************************************************
Ippl{0}> do repartition because of repartFreq_m
Ippl{0}> *****************************************************************
Ippl{0}> *****************************************************************
Ippl{0}> do repartition done
Ippl{0}> *****************************************************************
ParallelTTracker {0}> 09:40:02 Step   2999 at 39.232 [mm], t= 22.890 [ns], E=182.629 [keV]
Ippl{0}> *****************************************************************
Ippl{0}> do repartition because of repartFreq_m
Ippl{0}> *****************************************************************
Ippl{0}> *****************************************************************
Ippl{0}> do repartition done
Ippl{0}> *****************************************************************
ParallelTTracker {0}> 09:40:06 Step   3999 at 52.309 [mm], t= 30.520 [ns], E=182.629 [keV]
Ippl{0}> *****************************************************************
Ippl{0}> do repartition because of repartFreq_m
Ippl{0}> *****************************************************************
Ippl{0}> *****************************************************************
Ippl{0}> do repartition done
Ippl{0}> *****************************************************************
ParallelTTracker {0}> 09:40:10 Step   4999 at 65.387 [mm], t= 38.150 [ns], E=182.629 [keV]
Ippl{0}> *****************************************************************
Ippl{0}> do repartition because of repartFreq_m
Ippl{0}> *****************************************************************
Ippl{0}> *****************************************************************
Ippl{0}> do repartition done
Ippl{0}> *****************************************************************
ParallelTTracker {0}> 09:40:14 Step   5999 at 78.464 [mm], t= 45.780 [ns], E=182.629 [keV]
Ippl{0}> *****************************************************************
Ippl{0}> do repartition because of repartFreq_m
Ippl{0}> *****************************************************************
Ippl{0}> *****************************************************************
Ippl{0}> do repartition done
Ippl{0}> *****************************************************************
ParallelTTracker {0}> 09:40:19 Step   6999 at 91.541 [mm], t= 53.410 [ns], E=182.629 [keV]
Ippl{0}> *****************************************************************
Ippl{0}> do repartition because of repartFreq_m
Ippl{0}> *****************************************************************
Ippl{0}> *****************************************************************
Ippl{0}> do repartition done
Ippl{0}> *****************************************************************
ParallelTTracker {0}> 09:40:23 Step   7999 at 104.619 [mm], t= 61.040 [ns], E=182.629 [keV]
Ippl{0}> *****************************************************************
Ippl{0}> do repartition because of repartFreq_m
Ippl{0}> *****************************************************************
Ippl{0}> *****************************************************************
Ippl{0}> do repartition done
Ippl{0}> *****************************************************************
ParallelTTracker {0}> 09:40:27 Step   8999 at 117.696 [mm], t= 68.670 [ns], E=182.629 [keV]
Ippl{0}> *****************************************************************
Ippl{0}> do repartition because of repartFreq_m
Ippl{0}> *****************************************************************
Ippl{0}> *****************************************************************
Ippl{0}> do repartition done
Ippl{0}> *****************************************************************
ParallelTTracker {0}> 09:40:32 Step   9999 at 130.773 [mm], t= 76.300 [ns], E=182.629 [keV]
OPAL {0}> 
OPAL {0}> * ************** B U N C H ********************************************************* 
OPAL {0}> * NP              = 15673
OPAL {0}> * Qtot            =        1.334 [pC]         Qi    =        0.085 [fC]
OPAL {0}> * Ekin            =     182.629 [keV]         dEkin =       17.144 [eV]
OPAL {0}> * rmax            = (      9.98956 ,     13.98606 ,     26.95484 ) [mm]
OPAL {0}> * rmin            = (    -11.35558 ,    -13.32353 ,    -26.45445 ) [mm]
OPAL {0}> * rms beam size   = (      4.96259 ,      6.25721 ,     11.46831 ) [mm]
OPAL {0}> * rms momenta     = (  4.55551e-05 ,  3.31593e-05 ,  3.52207e-07 ) [beta gamma]
OPAL {0}> * mean position   = (    -55.62773 ,     83.49403 ,   -261.99022 ) [um]
OPAL {0}> * mean momenta    = ( -1.36304e-06 , -4.82577e-07 ,  5.71689e-03 ) [beta gamma]
OPAL {0}> * rms emittance   = (  2.68216e-05 ,  2.66504e-05 ,  5.36637e-07 ) (not normalized)
OPAL {0}> * rms correlation = ( -7.34787e-01 , -6.78779e-01 ,  6.50433e-01 )
OPAL {0}> * hr              = (      1.47906 ,      1.89346 ,      3.70340 ) [mm]
OPAL {0}> * dh              =   2.00000e+00 [%]
OPAL {0}> * t               =       76.300 [ns]         dT    =        7.630 [ps]
OPAL {0}> * spos            =      130.773 [mm]
OPAL {0}> * ********************************************************************************** 
OPAL {0}> 
Ippl{0}> *****************************************************************
Ippl{0}> do repartition because of repartFreq_m
Ippl{0}> *****************************************************************
Ippl{0}> *****************************************************************
Ippl{0}> do repartition done
Ippl{0}> *****************************************************************
ParallelTTracker {0}> 09:40:36 Step  10999 at 143.851 [mm], t= 83.930 [ns], E=182.629 [keV]
Ippl{0}> *****************************************************************
Ippl{0}> do repartition because of repartFreq_m
Ippl{0}> *****************************************************************
Ippl{0}> *****************************************************************
Ippl{0}> do repartition done
Ippl{0}> *****************************************************************
ParallelTTracker {0}> 09:40:41 Step  11999 at 156.928 [mm], t= 91.560 [ns], E=182.629 [keV]
Ippl{0}> *****************************************************************
Ippl{0}> do repartition because of repartFreq_m
Ippl{0}> *****************************************************************
Ippl{0}> *****************************************************************
Ippl{0}> do repartition done
Ippl{0}> *****************************************************************
ParallelTTracker {0}> 09:40:46 Step  12999 at 170.005 [mm], t= 99.190 [ns], E=182.629 [keV]
Ippl{0}> *****************************************************************
Ippl{0}> do repartition because of repartFreq_m
Ippl{0}> *****************************************************************
Ippl{0}> *****************************************************************
Ippl{0}> do repartition done
Ippl{0}> *****************************************************************
ParallelTTracker {0}> 09:40:51 Step  13999 at 183.082 [mm], t= 106.820 [ns], E=182.629 [keV]
Ippl{0}> *****************************************************************
Ippl{0}> do repartition because of repartFreq_m
Ippl{0}> *****************************************************************
Ippl{0}> *****************************************************************
Ippl{0}> do repartition done
Ippl{0}> *****************************************************************
ParallelTTracker {0}> 09:40:56 Step  14999 at 196.160 [mm], t= 114.450 [ns], E=182.629 [keV]
Ippl{0}> *****************************************************************
Ippl{0}> do repartition because of repartFreq_m
Ippl{0}> *****************************************************************
Ippl{0}> *****************************************************************
Ippl{0}> do repartition done
Ippl{0}> *****************************************************************
ParallelTTracker {0}> 09:41:01 Step  15999 at 209.237 [mm], t= 122.080 [ns], E=182.629 [keV]
Ippl{0}> *****************************************************************
Ippl{0}> do repartition because of repartFreq_m
Ippl{0}> *****************************************************************
Ippl{0}> *****************************************************************
Ippl{0}> do repartition done
Ippl{0}> *****************************************************************
ParallelTTracker {0}> 09:41:06 Step  16999 at 222.314 [mm], t= 129.710 [ns], E=182.629 [keV]
Ippl{0}> *****************************************************************
Ippl{0}> do repartition because of repartFreq_m
Ippl{0}> *****************************************************************
Ippl{0}> *****************************************************************
Ippl{0}> do repartition done
Ippl{0}> *****************************************************************
ParallelTTracker {0}> 09:41:11 Step  17999 at 235.392 [mm], t= 137.340 [ns], E=182.629 [keV]
Ippl{0}> *****************************************************************
Ippl{0}> do repartition because of repartFreq_m
Ippl{0}> *****************************************************************
Ippl{0}> *****************************************************************
Ippl{0}> do repartition done
Ippl{0}> *****************************************************************
ParallelTTracker {0}> 09:41:16 Step  18999 at 248.469 [mm], t= 144.970 [ns], E=182.629 [keV]
Ippl{0}> *****************************************************************
Ippl{0}> do repartition because of repartFreq_m
Ippl{0}> *****************************************************************
Ippl{0}> *****************************************************************
Ippl{0}> do repartition done
Ippl{0}> *****************************************************************
ParallelTTracker {0}> 09:41:21 Step  19999 at 261.546 [mm], t= 152.600 [ns], E=182.629 [keV]
OPAL {0}> 
OPAL {0}> * ************** B U N C H ********************************************************* 
OPAL {0}> * NP              = 15673
OPAL {0}> * Qtot            =        1.334 [pC]         Qi    =        0.085 [fC]
OPAL {0}> * Ekin            =     182.629 [keV]         dEkin =       35.043 [eV]
OPAL {0}> * rmax            = (      7.85533 ,     12.07182 ,     26.94386 ) [mm]
OPAL {0}> * rmin            = (     -9.09950 ,    -11.53809 ,    -26.49015 ) [mm]
OPAL {0}> * rms beam size   = (      4.25787 ,      5.77306 ,     11.47629 ) [mm]
OPAL {0}> * rms momenta     = (  4.55339e-05 ,  3.28881e-05 ,  6.00909e-07 ) [beta gamma]
OPAL {0}> * mean position   = (    -86.80567 ,     72.45562 ,   -268.26238 ) [um]
OPAL {0}> * mean momenta    = ( -1.36304e-06 , -4.82582e-07 ,  5.71689e-03 ) [beta gamma]
OPAL {0}> * rms emittance   = (  2.69131e-05 ,  2.65745e-05 ,  7.43071e-07 ) (not normalized)
OPAL {0}> * rms correlation = ( -6.08401e-01 , -5.99726e-01 ,  7.87724e-01 )
OPAL {0}> * hr              = (      1.17474 ,      1.63695 ,      3.70505 ) [mm]
OPAL {0}> * dh              =   2.00000e+00 [%]
OPAL {0}> * t               =      152.600 [ns]         dT    =        7.630 [ps]
OPAL {0}> * spos            =      261.546 [mm]
OPAL {0}> * ********************************************************************************** 
OPAL {0}> 
Ippl{0}> *****************************************************************
Ippl{0}> do repartition because of repartFreq_m
Ippl{0}> *****************************************************************
Ippl{0}> *****************************************************************
Ippl{0}> do repartition done
Ippl{0}> *****************************************************************
ParallelTTracker {0}> 09:41:25 Step  20999 at 274.624 [mm], t= 160.230 [ns], E=182.629 [keV]
Ippl{0}> *****************************************************************
Ippl{0}> do repartition because of repartFreq_m
Ippl{0}> *****************************************************************
Ippl{0}> *****************************************************************
Ippl{0}> do repartition done
Ippl{0}> *****************************************************************
ParallelTTracker {0}> 09:41:30 Step  21999 at 287.701 [mm], t= 167.860 [ns], E=182.629 [keV]
Ippl{0}> *****************************************************************
Ippl{0}> do repartition because of repartFreq_m
Ippl{0}> *****************************************************************
Ippl{0}> *****************************************************************
Ippl{0}> do repartition done
Ippl{0}> *****************************************************************
ParallelTTracker {0}> 09:41:34 Step  22999 at 300.778 [mm], t= 175.490 [ns], E=182.629 [keV]
Ippl{0}> *****************************************************************
Ippl{0}> do repartition because of repartFreq_m
Ippl{0}> *****************************************************************
Ippl{0}> *****************************************************************
Ippl{0}> do repartition done
Ippl{0}> *****************************************************************
ParallelTTracker {0}> 09:41:39 Step  23999 at 313.856 [mm], t= 183.120 [ns], E=182.629 [keV]
Ippl{0}> *****************************************************************
Ippl{0}> do repartition because of repartFreq_m
Ippl{0}> *****************************************************************
Ippl{0}> *****************************************************************
Ippl{0}> do repartition done
Ippl{0}> *****************************************************************
ParallelTTracker {0}> 09:41:44 Step  24999 at 326.933 [mm], t= 190.750 [ns], E=182.629 [keV]
Ippl{0}> *****************************************************************
Ippl{0}> do repartition because of repartFreq_m
Ippl{0}> *****************************************************************
Ippl{0}> *****************************************************************
Ippl{0}> do repartition done
Ippl{0}> *****************************************************************
ParallelTTracker {0}> 09:41:48 Step  25999 at 340.010 [mm], t= 198.380 [ns], E=182.629 [keV]
Ippl{0}> *****************************************************************
Ippl{0}> do repartition because of repartFreq_m
Ippl{0}> *****************************************************************
Ippl{0}> *****************************************************************
Ippl{0}> do repartition done
Ippl{0}> *****************************************************************
ParallelTTracker {0}> 09:41:53 Step  26999 at 353.088 [mm], t= 206.010 [ns], E=182.629 [keV]
Ippl{0}> *****************************************************************
Ippl{0}> do repartition because of repartFreq_m
Ippl{0}> *****************************************************************
Ippl{0}> *****************************************************************
Ippl{0}> do repartition done
Ippl{0}> *****************************************************************
ParallelTTracker {0}> 09:41:58 Step  27999 at 366.165 [mm], t= 213.640 [ns], E=182.629 [keV]
Ippl{0}> *****************************************************************
Ippl{0}> do repartition because of repartFreq_m
Ippl{0}> *****************************************************************
Ippl{0}> *****************************************************************
Ippl{0}> do repartition done
Ippl{0}> *****************************************************************
ParallelTTracker {0}> 09:42:03 Step  28999 at 379.242 [mm], t= 221.270 [ns], E=182.629 [keV]
Ippl{0}> *****************************************************************
Ippl{0}> do repartition because of repartFreq_m
Ippl{0}> *****************************************************************
Ippl{0}> *****************************************************************
Ippl{0}> do repartition done
Ippl{0}> *****************************************************************
ParallelTTracker {0}> 09:42:08 Step  29999 at 392.320 [mm], t= 228.900 [ns], E=182.629 [keV]
OPAL {0}> 
OPAL {0}> * ************** B U N C H ********************************************************* 
OPAL {0}> * NP              = 15673
OPAL {0}> * Qtot            =        1.334 [pC]         Qi    =        0.085 [fC]
OPAL {0}> * Ekin            =     182.629 [keV]         dEkin =       55.642 [eV]
OPAL {0}> * rmax            = (      6.75033 ,     10.30428 ,     26.93994 ) [mm]
OPAL {0}> * rmin            = (     -7.12701 ,     -9.77167 ,    -26.53510 ) [mm]
OPAL {0}> * rms beam size   = (      3.71979 ,      5.35983 ,     11.49017 ) [mm]
OPAL {0}> * rms momenta     = (  4.55675e-05 ,  3.26240e-05 ,  9.09612e-07 ) [beta gamma]
OPAL {0}> * mean position   = (   -117.98325 ,     61.41688 ,   -274.53464 ) [um]
OPAL {0}> * mean momenta    = ( -1.36300e-06 , -4.82623e-07 ,  5.71689e-03 ) [beta gamma]
OPAL {0}> * rms emittance   = (  2.70275e-05 ,  2.64967e-05 ,  1.05178e-06 ) (not normalized)
OPAL {0}> * rms correlation = ( -4.11038e-01 , -4.99468e-01 ,  8.17917e-01 )
OPAL {0}> * hr              = (      0.96173 ,      1.39181 ,      3.70782 ) [mm]
OPAL {0}> * dh              =   2.00000e+00 [%]
OPAL {0}> * t               =      228.900 [ns]         dT    =        7.630 [ps]
OPAL {0}> * spos            =      392.320 [mm]
OPAL {0}> * ********************************************************************************** 
OPAL {0}> 
Ippl{0}> *****************************************************************
Ippl{0}> do repartition because of repartFreq_m
Ippl{0}> *****************************************************************
Ippl{0}> *****************************************************************
Ippl{0}> do repartition done
Ippl{0}> *****************************************************************
ParallelTTracker {0}> 09:42:13 Step  30999 at 405.397 [mm], t= 236.530 [ns], E=182.629 [keV]
Ippl{0}> *****************************************************************
Ippl{0}> do repartition because of repartFreq_m
Ippl{0}> *****************************************************************
Ippl{0}> *****************************************************************
Ippl{0}> do repartition done
Ippl{0}> *****************************************************************
ParallelTTracker {0}> 09:42:18 Step  31999 at 418.474 [mm], t= 244.160 [ns], E=182.629 [keV]
Ippl{0}> *****************************************************************
Ippl{0}> do repartition because of repartFreq_m
Ippl{0}> *****************************************************************
Ippl{0}> *****************************************************************
Ippl{0}> do repartition done
Ippl{0}> *****************************************************************
ParallelTTracker {0}> 09:42:22 Step  32999 at 431.552 [mm], t= 251.790 [ns], E=182.629 [keV]
Ippl{0}> *****************************************************************
Ippl{0}> do repartition because of repartFreq_m
Ippl{0}> *****************************************************************
Ippl{0}> *****************************************************************
Ippl{0}> do repartition done
Ippl{0}> *****************************************************************
ParallelTTracker {0}> 09:42:27 Step  33999 at 444.629 [mm], t= 259.420 [ns], E=182.629 [keV]
Ippl{0}> *****************************************************************
Ippl{0}> do repartition because of repartFreq_m
Ippl{0}> *****************************************************************
Ippl{0}> *****************************************************************
Ippl{0}> do repartition done
Ippl{0}> *****************************************************************
ParallelTTracker {0}> 09:42:32 Step  34999 at 457.706 [mm], t= 267.050 [ns], E=182.629 [keV]
Ippl{0}> *****************************************************************
Ippl{0}> do repartition because of repartFreq_m
Ippl{0}> *****************************************************************
Ippl{0}> *****************************************************************
Ippl{0}> do repartition done
Ippl{0}> *****************************************************************
ParallelTTracker {0}> 09:42:36 Step  35999 at 470.783 [mm], t= 274.680 [ns], E=182.629 [keV]
Ippl{0}> *****************************************************************
Ippl{0}> do repartition because of repartFreq_m
Ippl{0}> *****************************************************************
Ippl{0}> *****************************************************************
Ippl{0}> do repartition done
Ippl{0}> *****************************************************************
ParallelTTracker {0}> 09:42:41 Step  36999 at 483.861 [mm], t= 282.310 [ns], E=182.629 [keV]
Ippl{0}> *****************************************************************
Ippl{0}> do repartition because of repartFreq_m
Ippl{0}> *****************************************************************
Ippl{0}> *****************************************************************
Ippl{0}> do repartition done
Ippl{0}> *****************************************************************
ParallelTTracker {0}> 09:42:47 Step  37999 at 496.938 [mm], t= 289.940 [ns], E=182.629 [keV]
Ippl{0}> *****************************************************************
Ippl{0}> do repartition because of repartFreq_m
Ippl{0}> *****************************************************************
Ippl{0}> *****************************************************************
Ippl{0}> do repartition done
Ippl{0}> *****************************************************************
ParallelTTracker {0}> 09:42:52 Step  38999 at 510.015 [mm], t= 297.570 [ns], E=182.629 [keV]
Ippl{0}> *****************************************************************
Ippl{0}> do repartition because of repartFreq_m
Ippl{0}> *****************************************************************
Ippl{0}> *****************************************************************
Ippl{0}> do repartition done
Ippl{0}> *****************************************************************
ParallelTTracker {0}> 09:42:57 Step  39999 at 523.093 [mm], t= 305.200 [ns], E=182.629 [keV]
OPAL {0}> 
OPAL {0}> * ************** B U N C H ********************************************************* 
OPAL {0}> * NP              = 15673
OPAL {0}> * Qtot            =        1.334 [pC]         Qi    =        0.085 [fC]
OPAL {0}> * Ekin            =     182.629 [keV]         dEkin =       77.656 [eV]
OPAL {0}> * rmax            = (      6.91026 ,      9.67781 ,     26.94349 ) [mm]
OPAL {0}> * rmin            = (     -7.01851 ,     -9.46715 ,    -26.58958 ) [mm]
OPAL {0}> * rms beam size   = (      3.42920 ,      5.03288 ,     11.51046 ) [mm]
OPAL {0}> * rms momenta     = (  4.56577e-05 ,  3.23909e-05 ,  1.24694e-06 ) [beta gamma]
OPAL {0}> * mean position   = (   -149.16061 ,     50.37565 ,   -280.80700 ) [um]
OPAL {0}> * mean momenta    = ( -1.36304e-06 , -4.82747e-07 ,  5.71689e-03 ) [beta gamma]
OPAL {0}> * rms emittance   = (  2.71363e-05 ,  2.64215e-05 ,  1.40761e-06 ) (not normalized)
OPAL {0}> * rms correlation = ( -1.34692e-01 , -3.76015e-01 ,  8.28025e-01 )
OPAL {0}> * hr              = (      0.96557 ,      1.32712 ,      3.71177 ) [mm]
OPAL {0}> * dh              =   2.00000e+00 [%]
OPAL {0}> * t               =      305.200 [ns]         dT    =        7.630 [ps]
OPAL {0}> * spos            =      523.093 [mm]
OPAL {0}> * ********************************************************************************** 
OPAL {0}> 
Ippl{0}> *****************************************************************
Ippl{0}> do repartition because of repartFreq_m
Ippl{0}> *****************************************************************
Ippl{0}> *****************************************************************
Ippl{0}> do repartition done
Ippl{0}> *****************************************************************
ParallelTTracker {0}> 09:43:02 Step  40999 at 536.170 [mm], t= 312.830 [ns], E=182.629 [keV]
Ippl{0}> *****************************************************************
Ippl{0}> do repartition because of repartFreq_m
Ippl{0}> *****************************************************************
Ippl{0}> *****************************************************************
Ippl{0}> do repartition done
Ippl{0}> *****************************************************************
ParallelTTracker {0}> 09:43:06 Step  41999 at 549.247 [mm], t= 320.460 [ns], E=182.629 [keV]
Ippl{0}> *****************************************************************
Ippl{0}> do repartition because of repartFreq_m
Ippl{0}> *****************************************************************
Ippl{0}> *****************************************************************
Ippl{0}> do repartition done
Ippl{0}> *****************************************************************
ParallelTTracker {0}> 09:43:10 Step  42999 at 562.325 [mm], t= 328.090 [ns], E=182.629 [keV]
Ippl{0}> *****************************************************************
Ippl{0}> do repartition because of repartFreq_m
Ippl{0}> *****************************************************************
Ippl{0}> *****************************************************************
Ippl{0}> do repartition done
Ippl{0}> *****************************************************************
ParallelTTracker {0}> 09:43:15 Step  43999 at 575.402 [mm], t= 335.720 [ns], E=182.629 [keV]
Ippl{0}> *****************************************************************
Ippl{0}> do repartition because of repartFreq_m
Ippl{0}> *****************************************************************
Ippl{0}> *****************************************************************
Ippl{0}> do repartition done
Ippl{0}> *****************************************************************
ParallelTTracker {0}> 09:43:19 Step  44999 at 588.479 [mm], t= 343.350 [ns], E=182.629 [keV]
Ippl{0}> *****************************************************************
Ippl{0}> do repartition because of repartFreq_m
Ippl{0}> *****************************************************************
Ippl{0}> *****************************************************************
Ippl{0}> do repartition done
Ippl{0}> *****************************************************************
ParallelTTracker {0}> 09:43:23 Step  45999 at 601.557 [mm], t= 350.980 [ns], E=182.629 [keV]
Ippl{0}> *****************************************************************
Ippl{0}> do repartition because of repartFreq_m
Ippl{0}> *****************************************************************
Ippl{0}> *****************************************************************
Ippl{0}> do repartition done
Ippl{0}> *****************************************************************
ParallelTTracker {0}> 09:43:28 Step  46999 at 614.634 [mm], t= 358.610 [ns], E=182.629 [keV]
Ippl{0}> *****************************************************************
Ippl{0}> do repartition because of repartFreq_m
Ippl{0}> *****************************************************************
Ippl{0}> *****************************************************************
Ippl{0}> do repartition done
Ippl{0}> *****************************************************************
ParallelTTracker {0}> 09:43:32 Step  47999 at 627.711 [mm], t= 366.240 [ns], E=182.629 [keV]
Ippl{0}> *****************************************************************
Ippl{0}> do repartition because of repartFreq_m
Ippl{0}> *****************************************************************
Ippl{0}> *****************************************************************
Ippl{0}> do repartition done
Ippl{0}> *****************************************************************
ParallelTTracker {0}> 09:43:36 Step  48999 at 640.789 [mm], t= 373.870 [ns], E=182.629 [keV]
Ippl{0}> *****************************************************************
Ippl{0}> do repartition because of repartFreq_m
Ippl{0}> *****************************************************************
Ippl{0}> *****************************************************************
Ippl{0}> do repartition done
Ippl{0}> *****************************************************************
ParallelTTracker {0}> 09:43:40 Step  49999 at 653.866 [mm], t= 381.500 [ns], E=182.629 [keV]
OPAL {0}> 
OPAL {0}> * ************** B U N C H ********************************************************* 
OPAL {0}> * NP              = 15673
OPAL {0}> * Qtot            =        1.334 [pC]         Qi    =        0.085 [fC]
OPAL {0}> * Ekin            =     182.629 [keV]         dEkin =       99.731 [eV]
OPAL {0}> * rmax            = (      7.78111 ,      9.41957 ,     26.95475 ) [mm]
OPAL {0}> * rmin            = (     -8.26610 ,     -9.66183 ,    -26.65345 ) [mm]
OPAL {0}> * rms beam size   = (      3.45165 ,      4.80745 ,     11.53744 ) [mm]
OPAL {0}> * rms momenta     = (  4.57935e-05 ,  3.22096e-05 ,  1.58816e-06 ) [beta gamma]
OPAL {0}> * mean position   = (   -180.33817 ,     39.33368 ,   -287.07948 ) [um]
OPAL {0}> * mean momenta    = ( -1.36302e-06 , -4.82719e-07 ,  5.71689e-03 ) [beta gamma]
OPAL {0}> * rms emittance   = (  2.72123e-05 ,  2.63521e-05 ,  1.76169e-06 ) (not normalized)
OPAL {0}> * rms correlation = (  1.76649e-01 , -2.30955e-01 ,  8.35379e-01 )
OPAL {0}> * hr              = (      1.11259 ,      1.32270 ,      3.71690 ) [mm]
OPAL {0}> * dh              =   2.00000e+00 [%]
OPAL {0}> * t               =      381.500 [ns]         dT    =        7.630 [ps]
OPAL {0}> * spos            =      653.866 [mm]
OPAL {0}> * ********************************************************************************** 
OPAL {0}> 
Ippl{0}> *****************************************************************
Ippl{0}> do repartition because of repartFreq_m
Ippl{0}> *****************************************************************
Ippl{0}> *****************************************************************
Ippl{0}> do repartition done
Ippl{0}> *****************************************************************
ParallelTTracker {0}> 09:43:44 Step  50999 at 666.943 [mm], t= 389.130 [ns], E=182.629 [keV]
Ippl{0}> *****************************************************************
Ippl{0}> do repartition because of repartFreq_m
Ippl{0}> *****************************************************************
Ippl{0}> *****************************************************************
Ippl{0}> do repartition done
Ippl{0}> *****************************************************************
ParallelTTracker {0}> 09:43:48 Step  51999 at 680.021 [mm], t= 396.760 [ns], E=182.629 [keV]
Ippl{0}> *****************************************************************
Ippl{0}> do repartition because of repartFreq_m
Ippl{0}> *****************************************************************
Ippl{0}> *****************************************************************
Ippl{0}> do repartition done
Ippl{0}> *****************************************************************
ParallelTTracker {0}> 09:43:53 Step  52999 at 693.098 [mm], t= 404.390 [ns], E=182.629 [keV]
Ippl{0}> *****************************************************************
Ippl{0}> do repartition because of repartFreq_m
Ippl{0}> *****************************************************************
Ippl{0}> *****************************************************************
Ippl{0}> do repartition done
Ippl{0}> *****************************************************************
ParallelTTracker {0}> 09:43:57 Step  53999 at 706.175 [mm], t= 412.020 [ns], E=182.629 [keV]
Ippl{0}> *****************************************************************
Ippl{0}> do repartition because of repartFreq_m
Ippl{0}> *****************************************************************
Ippl{0}> *****************************************************************
Ippl{0}> do repartition done
Ippl{0}> *****************************************************************
ParallelTTracker {0}> 09:44:01 Step  54999 at 719.253 [mm], t= 419.650 [ns], E=182.629 [keV]
Ippl{0}> *****************************************************************
Ippl{0}> do repartition because of repartFreq_m
Ippl{0}> *****************************************************************
Ippl{0}> *****************************************************************
Ippl{0}> do repartition done
Ippl{0}> *****************************************************************
ParallelTTracker {0}> 09:44:05 Step  55999 at 732.330 [mm], t= 427.280 [ns], E=182.629 [keV]
Ippl{0}> *****************************************************************
Ippl{0}> do repartition because of repartFreq_m
Ippl{0}> *****************************************************************
Ippl{0}> *****************************************************************
Ippl{0}> do repartition done
Ippl{0}> *****************************************************************
ParallelTTracker {0}> 09:44:10 Step  56999 at 745.407 [mm], t= 434.910 [ns], E=182.629 [keV]
Ippl{0}> *****************************************************************
Ippl{0}> do repartition because of repartFreq_m
Ippl{0}> *****************************************************************
Ippl{0}> *****************************************************************
Ippl{0}> do repartition done
Ippl{0}> *****************************************************************
ParallelTTracker {0}> 09:44:14 Step  57999 at 758.484 [mm], t= 442.540 [ns], E=182.629 [keV]
Ippl{0}> *****************************************************************
Ippl{0}> do repartition because of repartFreq_m
Ippl{0}> *****************************************************************
Ippl{0}> *****************************************************************
Ippl{0}> do repartition done
Ippl{0}> *****************************************************************
ParallelTTracker {0}> 09:44:18 Step  58999 at 771.562 [mm], t= 450.170 [ns], E=182.629 [keV]
Ippl{0}> *****************************************************************
Ippl{0}> do repartition because of repartFreq_m
Ippl{0}> *****************************************************************
Ippl{0}> *****************************************************************
Ippl{0}> do repartition done
Ippl{0}> *****************************************************************
ParallelTTracker {0}> 09:44:22 Step  59999 at 784.639 [mm], t= 457.800 [ns], E=182.629 [keV]
OPAL {0}> 
OPAL {0}> * ************** B U N C H ********************************************************* 
OPAL {0}> * NP              = 15673
OPAL {0}> * Qtot            =        1.334 [pC]         Qi    =        0.085 [fC]
OPAL {0}> * Ekin            =     182.629 [keV]         dEkin =      120.964 [eV]
OPAL {0}> * rmax            = (      9.56730 ,      9.67453 ,     26.97385 ) [mm]
OPAL {0}> * rmin            = (    -10.06112 ,     -9.99051 ,    -26.72641 ) [mm]
OPAL {0}> * rms beam size   = (      3.78444 ,      4.69587 ,     11.57112 ) [mm]
OPAL {0}> * rms momenta     = (  4.59606e-05 ,  3.20934e-05 ,  1.91769e-06 ) [beta gamma]
OPAL {0}> * mean position   = (   -211.51546 ,     28.29245 ,   -293.35214 ) [um]
OPAL {0}> * mean momenta    = ( -1.36301e-06 , -4.82684e-07 ,  5.71689e-03 ) [beta gamma]
OPAL {0}> * rms emittance   = (  2.72411e-05 ,  2.62943e-05 ,  2.08936e-06 ) (not normalized)
OPAL {0}> * rms correlation = (  4.45262e-01 , -7.07320e-02 ,  8.42740e-01 )
OPAL {0}> * hr              = (      1.36117 ,      1.36314 ,      3.72322 ) [mm]
OPAL {0}> * dh              =   2.00000e+00 [%]
OPAL {0}> * t               =      457.800 [ns]         dT    =        7.630 [ps]
OPAL {0}> * spos            =      784.639 [mm]
OPAL {0}> * ********************************************************************************** 
OPAL {0}> 
Ippl{0}> *****************************************************************
Ippl{0}> do repartition because of repartFreq_m
Ippl{0}> *****************************************************************
Ippl{0}> *****************************************************************
Ippl{0}> do repartition done
Ippl{0}> *****************************************************************
ParallelTTracker {0}> 09:44:27 Step  60999 at 797.716 [mm], t= 465.430 [ns], E=182.629 [keV]
Ippl{0}> *****************************************************************
Ippl{0}> do repartition because of repartFreq_m
Ippl{0}> *****************************************************************
Ippl{0}> *****************************************************************
Ippl{0}> do repartition done
Ippl{0}> *****************************************************************
ParallelTTracker {0}> 09:44:31 Step  61999 at 810.794 [mm], t= 473.060 [ns], E=182.629 [keV]
Ippl{0}> *****************************************************************
Ippl{0}> do repartition because of repartFreq_m
Ippl{0}> *****************************************************************
Ippl{0}> *****************************************************************
Ippl{0}> do repartition done
Ippl{0}> *****************************************************************
ParallelTTracker {0}> 09:44:35 Step  62999 at 823.871 [mm], t= 480.690 [ns], E=182.629 [keV]
Ippl{0}> *****************************************************************
Ippl{0}> do repartition because of repartFreq_m
Ippl{0}> *****************************************************************
Ippl{0}> *****************************************************************
Ippl{0}> do repartition done
Ippl{0}> *****************************************************************
ParallelTTracker {0}> 09:44:40 Step  63999 at 836.948 [mm], t= 488.320 [ns], E=182.629 [keV]
Ippl{0}> *****************************************************************
Ippl{0}> do repartition because of repartFreq_m
Ippl{0}> *****************************************************************
Ippl{0}> *****************************************************************
Ippl{0}> do repartition done
Ippl{0}> *****************************************************************
ParallelTTracker {0}> 09:44:44 Step  64999 at 850.026 [mm], t= 495.950 [ns], E=182.629 [keV]
Ippl{0}> *****************************************************************
Ippl{0}> do repartition because of repartFreq_m
Ippl{0}> *****************************************************************
Ippl{0}> *****************************************************************
Ippl{0}> do repartition done
Ippl{0}> *****************************************************************
ParallelTTracker {0}> 09:44:48 Step  65999 at 863.103 [mm], t= 503.580 [ns], E=182.629 [keV]
Ippl{0}> *****************************************************************
Ippl{0}> do repartition because of repartFreq_m
Ippl{0}> *****************************************************************
Ippl{0}> *****************************************************************
Ippl{0}> do repartition done
Ippl{0}> *****************************************************************
ParallelTTracker {0}> 09:44:53 Step  66999 at 876.180 [mm], t= 511.210 [ns], E=182.629 [keV]
Ippl{0}> *****************************************************************
Ippl{0}> do repartition because of repartFreq_m
Ippl{0}> *****************************************************************
Ippl{0}> *****************************************************************
Ippl{0}> do repartition done
Ippl{0}> *****************************************************************
ParallelTTracker {0}> 09:44:57 Step  67999 at 889.258 [mm], t= 518.840 [ns], E=182.629 [keV]
Ippl{0}> *****************************************************************
Ippl{0}> do repartition because of repartFreq_m
Ippl{0}> *****************************************************************
Ippl{0}> *****************************************************************
Ippl{0}> do repartition done
Ippl{0}> *****************************************************************
ParallelTTracker {0}> 09:45:02 Step  68999 at 902.335 [mm], t= 526.470 [ns], E=182.629 [keV]
Ippl{0}> *****************************************************************
Ippl{0}> do repartition because of repartFreq_m
Ippl{0}> *****************************************************************
Ippl{0}> *****************************************************************
Ippl{0}> do repartition done
Ippl{0}> *****************************************************************
ParallelTTracker {0}> 09:45:06 Step  69999 at 915.412 [mm], t= 534.100 [ns], E=182.629 [keV]
OPAL {0}> 
OPAL {0}> * ************** B U N C H ********************************************************* 
OPAL {0}> * NP              = 15673
OPAL {0}> * Qtot            =        1.334 [pC]         Qi    =        0.085 [fC]
OPAL {0}> * Ekin            =     182.629 [keV]         dEkin =      140.777 [eV]
OPAL {0}> * rmax            = (     11.52745 ,     10.31924 ,     27.00073 ) [mm]
OPAL {0}> * rmin            = (    -12.65565 ,    -10.67011 ,    -26.80796 ) [mm]
OPAL {0}> * rms beam size   = (      4.35983 ,      4.70441 ,     11.61127 ) [mm]
OPAL {0}> * rms momenta     = (  4.61448e-05 ,  3.20460e-05 ,  2.22583e-06 ) [beta gamma]
OPAL {0}> * mean position   = (   -242.69258 ,     17.25205 ,   -299.62500 ) [um]
OPAL {0}> * mean momenta    = ( -1.36300e-06 , -4.82647e-07 ,  5.71689e-03 ) [beta gamma]
OPAL {0}> * rms emittance   = (  2.72190e-05 ,  2.62532e-05 ,  2.37994e-06 ) (not normalized)
OPAL {0}> * rms correlation = (  6.33797e-01 ,  9.37385e-02 ,  8.50192e-01 )
OPAL {0}> * hr              = (      1.67717 ,      1.45496 ,      3.73066 ) [mm]
OPAL {0}> * dh              =   2.00000e+00 [%]
OPAL {0}> * t               =      534.100 [ns]         dT    =        7.630 [ps]
OPAL {0}> * spos            =      915.412 [mm]
OPAL {0}> * ********************************************************************************** 
OPAL {0}> 
Ippl{0}> *****************************************************************
Ippl{0}> do repartition because of repartFreq_m
Ippl{0}> *****************************************************************
Ippl{0}> *****************************************************************
Ippl{0}> do repartition done
Ippl{0}> *****************************************************************
ParallelTTracker {0}> 09:45:10 Step  70999 at 928.490 [mm], t= 541.730 [ns], E=182.629 [keV]
Ippl{0}> *****************************************************************
Ippl{0}> do repartition because of repartFreq_m
Ippl{0}> *****************************************************************
Ippl{0}> *****************************************************************
Ippl{0}> do repartition done
Ippl{0}> *****************************************************************
ParallelTTracker {0}> 09:45:14 Step  71999 at 941.567 [mm], t= 549.360 [ns], E=182.629 [keV]
Ippl{0}> *****************************************************************
Ippl{0}> do repartition because of repartFreq_m
Ippl{0}> *****************************************************************
Ippl{0}> *****************************************************************
Ippl{0}> do repartition done
Ippl{0}> *****************************************************************
ParallelTTracker {0}> 09:45:19 Step  72999 at 954.644 [mm], t= 556.990 [ns], E=182.629 [keV]
Ippl{0}> *****************************************************************
Ippl{0}> do repartition because of repartFreq_m
Ippl{0}> *****************************************************************
Ippl{0}> *****************************************************************
Ippl{0}> do repartition done
Ippl{0}> *****************************************************************
ParallelTTracker {0}> 09:45:23 Step  73999 at 967.722 [mm], t= 564.620 [ns], E=182.629 [keV]
Ippl{0}> *****************************************************************
Ippl{0}> do repartition because of repartFreq_m
Ippl{0}> *****************************************************************
Ippl{0}> *****************************************************************
Ippl{0}> do repartition done
Ippl{0}> *****************************************************************
ParallelTTracker {0}> 09:45:28 Step  74999 at 980.799 [mm], t= 572.250 [ns], E=182.629 [keV]
Ippl{0}> *****************************************************************
Ippl{0}> do repartition because of repartFreq_m
Ippl{0}> *****************************************************************
Ippl{0}> *****************************************************************
Ippl{0}> do repartition done
Ippl{0}> *****************************************************************
ParallelTTracker {0}> 09:45:32 Step  75999 at 993.876 [mm], t= 579.880 [ns], E=182.629 [keV]
Ippl{0}> *****************************************************************
Ippl{0}> do repartition because of repartFreq_m
Ippl{0}> *****************************************************************
Ippl{0}> *****************************************************************
Ippl{0}> do repartition done
Ippl{0}> *****************************************************************
ParallelTTracker {0}> 09:45:37 Step  76999 at 1.007 [m], t= 587.510 [ns], E=182.629 [keV]
Ippl{0}> *****************************************************************
Ippl{0}> do repartition because of repartFreq_m
Ippl{0}> *****************************************************************
Ippl{0}> *****************************************************************
Ippl{0}> do repartition done
Ippl{0}> *****************************************************************
ParallelTTracker {0}> 09:45:42 Step  77999 at 1.020 [m], t= 595.140 [ns], E=182.629 [keV]
Ippl{0}> *****************************************************************
Ippl{0}> do repartition because of repartFreq_m
Ippl{0}> *****************************************************************
Ippl{0}> *****************************************************************
Ippl{0}> do repartition done
Ippl{0}> *****************************************************************
ParallelTTracker {0}> 09:45:46 Step  78999 at 1.033 [m], t= 602.770 [ns], E=182.629 [keV]
Ippl{0}> *****************************************************************
Ippl{0}> do repartition because of repartFreq_m
Ippl{0}> *****************************************************************
Ippl{0}> *****************************************************************
Ippl{0}> do repartition done
Ippl{0}> *****************************************************************
ParallelTTracker {0}> 09:45:50 Step  79999 at 1.046 [m], t= 610.400 [ns], E=182.629 [keV]
OPAL {0}> 
OPAL {0}> * ************** B U N C H ********************************************************* 
OPAL {0}> * NP              = 15673
OPAL {0}> * Qtot            =        1.334 [pC]         Qi    =        0.085 [fC]
OPAL {0}> * Ekin            =     182.629 [keV]         dEkin =      158.905 [eV]
OPAL {0}> * rmax            = (     13.87318 ,     11.22526 ,     27.03514 ) [mm]
OPAL {0}> * rmin            = (    -15.60090 ,    -11.35290 ,    -26.89744 ) [mm]
OPAL {0}> * rms beam size   = (      5.09866 ,      4.83132 ,     11.65755 ) [mm]
OPAL {0}> * rms momenta     = (  4.63335e-05 ,  3.20595e-05 ,  2.50813e-06 ) [beta gamma]
OPAL {0}> * mean position   = (   -273.86952 ,      6.21237 ,   -305.89810 ) [um]
OPAL {0}> * mean momenta    = ( -1.36300e-06 , -4.82626e-07 ,  5.71689e-03 ) [beta gamma]
OPAL {0}> * rms emittance   = (  2.71511e-05 ,  2.62301e-05 ,  2.63270e-06 ) (not normalized)
OPAL {0}> * rms correlation = (  7.53823e-01 ,  2.50241e-01 ,  8.57320e-01 )
OPAL {0}> * hr              = (      2.04410 ,      1.56512 ,      3.73918 ) [mm]
OPAL {0}> * dh              =   2.00000e+00 [%]
OPAL {0}> * t               =      610.400 [ns]         dT    =        7.630 [ps]
OPAL {0}> * spos            =         1.046 [m]
OPAL {0}> * ********************************************************************************** 
OPAL {0}> 
Ippl{0}> *****************************************************************
Ippl{0}> do repartition because of repartFreq_m
Ippl{0}> *****************************************************************
Ippl{0}> *****************************************************************
Ippl{0}> do repartition done
Ippl{0}> *****************************************************************
ParallelTTracker {0}> 09:45:55 Step  80999 at 1.059 [m], t= 618.030 [ns], E=182.629 [keV]
Ippl{0}> *****************************************************************
Ippl{0}> do repartition because of repartFreq_m
Ippl{0}> *****************************************************************
Ippl{0}> *****************************************************************
Ippl{0}> do repartition done
Ippl{0}> *****************************************************************
ParallelTTracker {0}> 09:45:59 Step  81999 at 1.072 [m], t= 625.660 [ns], E=182.629 [keV]
Ippl{0}> *****************************************************************
Ippl{0}> do repartition because of repartFreq_m
Ippl{0}> *****************************************************************
Ippl{0}> *****************************************************************
Ippl{0}> do repartition done
Ippl{0}> *****************************************************************
ParallelTTracker {0}> 09:46:04 Step  82999 at 1.085 [m], t= 633.290 [ns], E=182.629 [keV]
Ippl{0}> *****************************************************************
Ippl{0}> do repartition because of repartFreq_m
Ippl{0}> *****************************************************************
Ippl{0}> *****************************************************************
Ippl{0}> do repartition done
Ippl{0}> *****************************************************************
ParallelTTracker {0}> 09:46:08 Step  83999 at 1.098 [m], t= 640.920 [ns], E=182.629 [keV]
Ippl{0}> *****************************************************************
Ippl{0}> do repartition because of repartFreq_m
Ippl{0}> *****************************************************************
Ippl{0}> *****************************************************************
Ippl{0}> do repartition done
Ippl{0}> *****************************************************************
ParallelTTracker {0}> 09:46:13 Step  84999 at 1.112 [m], t= 648.550 [ns], E=182.629 [keV]
Ippl{0}> *****************************************************************
Ippl{0}> do repartition because of repartFreq_m
Ippl{0}> *****************************************************************
Ippl{0}> *****************************************************************
Ippl{0}> do repartition done
Ippl{0}> *****************************************************************
ParallelTTracker {0}> 09:46:17 Step  85999 at 1.125 [m], t= 656.180 [ns], E=182.629 [keV]
Ippl{0}> *****************************************************************
Ippl{0}> do repartition because of repartFreq_m
Ippl{0}> *****************************************************************
Ippl{0}> *****************************************************************
Ippl{0}> do repartition done
Ippl{0}> *****************************************************************
ParallelTTracker {0}> 09:46:22 Step  86999 at 1.138 [m], t= 663.810 [ns], E=182.629 [keV]
Ippl{0}> *****************************************************************
Ippl{0}> do repartition because of repartFreq_m
Ippl{0}> *****************************************************************
Ippl{0}> *****************************************************************
Ippl{0}> do repartition done
Ippl{0}> *****************************************************************
ParallelTTracker {0}> 09:46:26 Step  87999 at 1.151 [m], t= 671.440 [ns], E=182.629 [keV]
Ippl{0}> *****************************************************************
Ippl{0}> do repartition because of repartFreq_m
Ippl{0}> *****************************************************************
Ippl{0}> *****************************************************************
Ippl{0}> do repartition done
Ippl{0}> *****************************************************************
ParallelTTracker {0}> 09:46:30 Step  88999 at 1.164 [m], t= 679.070 [ns], E=182.629 [keV]
Ippl{0}> *****************************************************************
Ippl{0}> do repartition because of repartFreq_m
Ippl{0}> *****************************************************************
Ippl{0}> *****************************************************************
Ippl{0}> do repartition done
Ippl{0}> *****************************************************************
ParallelTTracker {0}> 09:46:36 Step  89999 at 1.177 [m], t= 686.700 [ns], E=182.629 [keV]
OPAL {0}> 
OPAL {0}> * ************** B U N C H ********************************************************* 
OPAL {0}> * NP              = 15673
OPAL {0}> * Qtot            =        1.334 [pC]         Qi    =        0.085 [fC]
OPAL {0}> * Ekin            =     182.629 [keV]         dEkin =      175.302 [eV]
OPAL {0}> * rmax            = (     16.24849 ,     12.54344 ,     27.07674 ) [mm]
OPAL {0}> * rmin            = (    -18.55238 ,    -12.41069 ,    -26.99416 ) [mm]
OPAL {0}> * rms beam size   = (      5.94212 ,      5.06728 ,     11.70948 ) [mm]
OPAL {0}> * rms momenta     = (  4.65181e-05 ,  3.21193e-05 ,  2.76368e-06 ) [beta gamma]
OPAL {0}> * mean position   = (   -305.04635 ,     -4.82714 ,   -312.17143 ) [um]
OPAL {0}> * mean momenta    = ( -1.36299e-06 , -4.82632e-07 ,  5.71689e-03 ) [beta gamma]
OPAL {0}> * rms emittance   = (  2.70478e-05 ,  2.62229e-05 ,  2.85235e-06 ) (not normalized)
OPAL {0}> * rms correlation = (  8.28873e-01 ,  3.89260e-01 ,  8.63752e-01 )
OPAL {0}> * hr              = (      2.41343 ,      1.72987 ,      3.74869 ) [mm]
OPAL {0}> * dh              =   2.00000e+00 [%]
OPAL {0}> * t               =      686.700 [ns]         dT    =        7.630 [ps]
OPAL {0}> * spos            =         1.177 [m]
OPAL {0}> * ********************************************************************************** 
OPAL {0}> 
Ippl{0}> *****************************************************************
Ippl{0}> do repartition because of repartFreq_m
Ippl{0}> *****************************************************************
Ippl{0}> *****************************************************************
Ippl{0}> do repartition done
Ippl{0}> *****************************************************************
ParallelTTracker {0}> 09:46:42 Step  90999 at 1.190 [m], t= 694.330 [ns], E=182.629 [keV]
ParallelTTracker {0}> * Deleted 1 particles, remaining 15672 particles
ParallelTTracker {0}> * Deleted 1 particles, remaining 15671 particles
ParallelTTracker {0}> * Deleted 1 particles, remaining 15670 particles
ParallelTTracker {0}> * Deleted 1 particles, remaining 15669 particles
ParallelTTracker {0}> * Deleted 1 particles, remaining 15668 particles
ParallelTTracker {0}> * Deleted 1 particles, remaining 15667 particles
ParallelTTracker {0}> * Deleted 1 particles, remaining 15666 particles
ParallelTTracker {0}> * Deleted 1 particles, remaining 15665 particles
ParallelTTracker {0}> * Deleted 1 particles, remaining 15664 particles
ParallelTTracker {0}> * Deleted 1 particles, remaining 15663 particles
ParallelTTracker {0}> * Deleted 1 particles, remaining 15662 particles
ParallelTTracker {0}> * Deleted 1 particles, remaining 15661 particles
ParallelTTracker {0}> * Deleted 1 particles, remaining 15660 particles
ParallelTTracker {0}> * Deleted 1 particles, remaining 15659 particles
ParallelTTracker {0}> * Deleted 1 particles, remaining 15658 particles
ParallelTTracker {0}> * Deleted 1 particles, remaining 15657 particles
ParallelTTracker {0}> * Deleted 2 particles, remaining 15655 particles
ParallelTTracker {0}> * Deleted 1 particles, remaining 15654 particles
ParallelTTracker {0}> * Deleted 2 particles, remaining 15652 particles
ParallelTTracker {0}> * Deleted 1 particles, remaining 15651 particles
ParallelTTracker {0}> * Deleted 2 particles, remaining 15649 particles
ParallelTTracker {0}> * Deleted 1 particles, remaining 15648 particles
ParallelTTracker {0}> * Deleted 1 particles, remaining 15647 particles
ParallelTTracker {0}> * Deleted 1 particles, remaining 15646 particles
ParallelTTracker {0}> * Deleted 1 particles, remaining 15645 particles
ParallelTTracker {0}> * Deleted 1 particles, remaining 15644 particles
ParallelTTracker {0}> * Deleted 1 particles, remaining 15643 particles
ParallelTTracker {0}> * Deleted 1 particles, remaining 15642 particles
ParallelTTracker {0}> * Deleted 1 particles, remaining 15641 particles
ParallelTTracker {0}> * Deleted 1 particles, remaining 15640 particles
ParallelTTracker {0}> * Deleted 1 particles, remaining 15639 particles
ParallelTTracker {0}> * Deleted 1 particles, remaining 15638 particles
ParallelTTracker {0}> * Deleted 1 particles, remaining 15637 particles
ParallelTTracker {0}> * Deleted 1 particles, remaining 15636 particles
ParallelTTracker {0}> * Deleted 1 particles, remaining 15635 particles
ParallelTTracker {0}> * Deleted 1 particles, remaining 15634 particles
ParallelTTracker {0}> * Deleted 1 particles, remaining 15633 particles
ParallelTTracker {0}> * Deleted 1 particles, remaining 15632 particles
ParallelTTracker {0}> * Deleted 1 particles, remaining 15631 particles
ParallelTTracker {0}> * Deleted 1 particles, remaining 15630 particles
ParallelTTracker {0}> * Deleted 1 particles, remaining 15629 particles
ParallelTTracker {0}> * Deleted 1 particles, remaining 15628 particles
Ippl{0}> *****************************************************************
Ippl{0}> do repartition because of repartFreq_m
Ippl{0}> *****************************************************************
Ippl{0}> *****************************************************************
Ippl{0}> do repartition done
Ippl{0}> *****************************************************************
ParallelTTracker {0}> 09:46:49 Step  91999 at 1.203 [m], t= 701.960 [ns], E=182.629 [keV]
ParallelTTracker {0}> * Deleted 1 particles, remaining 15627 particles
ParallelTTracker {0}> * Deleted 1 particles, remaining 15626 particles
ParallelTTracker {0}> * Deleted 1 particles, remaining 15625 particles
ParallelTTracker {0}> * Deleted 1 particles, remaining 15624 particles
ParallelTTracker {0}> * Deleted 2 particles, remaining 15622 particles
ParallelTTracker {0}> * Deleted 1 particles, remaining 15621 particles
ParallelTTracker {0}> * Deleted 1 particles, remaining 15620 particles
ParallelTTracker {0}> * Deleted 1 particles, remaining 15619 particles
ParallelTTracker {0}> * Deleted 1 particles, remaining 15618 particles
ParallelTTracker {0}> * Deleted 1 particles, remaining 15617 particles
ParallelTTracker {0}> * Deleted 1 particles, remaining 15616 particles
ParallelTTracker {0}> * Deleted 1 particles, remaining 15615 particles
ParallelTTracker {0}> * Deleted 2 particles, remaining 15613 particles
ParallelTTracker {0}> * Deleted 1 particles, remaining 15612 particles
ParallelTTracker {0}> * Deleted 1 particles, remaining 15611 particles
ParallelTTracker {0}> * Deleted 1 particles, remaining 15610 particles
ParallelTTracker {0}> * Deleted 1 particles, remaining 15609 particles
ParallelTTracker {0}> * Deleted 1 particles, remaining 15608 particles
ParallelTTracker {0}> * Deleted 1 particles, remaining 15607 particles
ParallelTTracker {0}> * Deleted 1 particles, remaining 15606 particles
ParallelTTracker {0}> * Deleted 1 particles, remaining 15605 particles
ParallelTTracker {0}> * Deleted 1 particles, remaining 15604 particles
ParallelTTracker {0}> * Deleted 1 particles, remaining 15603 particles
ParallelTTracker {0}> * Deleted 1 particles, remaining 15602 particles
ParallelTTracker {0}> * Deleted 1 particles, remaining 15601 particles
ParallelTTracker {0}> * Deleted 1 particles, remaining 15600 particles
ParallelTTracker {0}> * Deleted 1 particles, remaining 15599 particles
ParallelTTracker {0}> * Deleted 1 particles, remaining 15598 particles
ParallelTTracker {0}> * Deleted 1 particles, remaining 15597 particles
ParallelTTracker {0}> * Deleted 1 particles, remaining 15596 particles
ParallelTTracker {0}> * Deleted 1 particles, remaining 15595 particles
ParallelTTracker {0}> * Deleted 1 particles, remaining 15594 particles
ParallelTTracker {0}> * Deleted 1 particles, remaining 15593 particles
ParallelTTracker {0}> * Deleted 1 particles, remaining 15592 particles
ParallelTTracker {0}> * Deleted 1 particles, remaining 15591 particles
ParallelTTracker {0}> * Deleted 1 particles, remaining 15590 particles
ParallelTTracker {0}> * Deleted 1 particles, remaining 15589 particles
ParallelTTracker {0}> * Deleted 1 particles, remaining 15588 particles
ParallelTTracker {0}> * Deleted 1 particles, remaining 15587 particles
ParallelTTracker {0}> * Deleted 2 particles, remaining 15585 particles
ParallelTTracker {0}> * Deleted 1 particles, remaining 15584 particles
ParallelTTracker {0}> * Deleted 1 particles, remaining 15583 particles
ParallelTTracker {0}> * Deleted 1 particles, remaining 15582 particles
ParallelTTracker {0}> * Deleted 1 particles, remaining 15581 particles
ParallelTTracker {0}> * Deleted 1 particles, remaining 15580 particles
ParallelTTracker {0}> * Deleted 1 particles, remaining 15579 particles
ParallelTTracker {0}> * Deleted 1 particles, remaining 15578 particles
ParallelTTracker {0}> * Deleted 2 particles, remaining 15576 particles
ParallelTTracker {0}> * Deleted 1 particles, remaining 15575 particles
ParallelTTracker {0}> * Deleted 1 particles, remaining 15574 particles
ParallelTTracker {0}> * Deleted 1 particles, remaining 15573 particles
ParallelTTracker {0}> * Deleted 2 particles, remaining 15571 particles
ParallelTTracker {0}> * Deleted 1 particles, remaining 15570 particles
ParallelTTracker {0}> * Deleted 1 particles, remaining 15569 particles
ParallelTTracker {0}> * Deleted 2 particles, remaining 15567 particles
ParallelTTracker {0}> * Deleted 1 particles, remaining 15566 particles
ParallelTTracker {0}> * Deleted 1 particles, remaining 15565 particles
ParallelTTracker {0}> * Deleted 1 particles, remaining 15564 particles
ParallelTTracker {0}> * Deleted 1 particles, remaining 15563 particles
ParallelTTracker {0}> * Deleted 1 particles, remaining 15562 particles
ParallelTTracker {0}> * Deleted 1 particles, remaining 15561 particles
ParallelTTracker {0}> * Deleted 1 particles, remaining 15560 particles
ParallelTTracker {0}> * Deleted 1 particles, remaining 15559 particles
ParallelTTracker {0}> * Deleted 2 particles, remaining 15557 particles
ParallelTTracker {0}> * Deleted 1 particles, remaining 15556 particles
ParallelTTracker {0}> * Deleted 1 particles, remaining 15555 particles
ParallelTTracker {0}> * Deleted 1 particles, remaining 15554 particles
ParallelTTracker {0}> * Deleted 1 particles, remaining 15553 particles
ParallelTTracker {0}> * Deleted 1 particles, remaining 15552 particles
ParallelTTracker {0}> * Deleted 2 particles, remaining 15550 particles
ParallelTTracker {0}> * Deleted 1 particles, remaining 15549 particles
ParallelTTracker {0}> * Deleted 1 particles, remaining 15548 particles
ParallelTTracker {0}> * Deleted 2 particles, remaining 15546 particles
ParallelTTracker {0}> * Deleted 1 particles, remaining 15545 particles
ParallelTTracker {0}> * Deleted 1 particles, remaining 15544 particles
ParallelTTracker {0}> * Deleted 1 particles, remaining 15543 particles
ParallelTTracker {0}> * Deleted 1 particles, remaining 15542 particles
ParallelTTracker {0}> * Deleted 1 particles, remaining 15541 particles
ParallelTTracker {0}> * Deleted 1 particles, remaining 15540 particles
ParallelTTracker {0}> * Deleted 1 particles, remaining 15539 particles
ParallelTTracker {0}> * Deleted 1 particles, remaining 15538 particles
ParallelTTracker {0}> * Deleted 1 particles, remaining 15537 particles
ParallelTTracker {0}> * Deleted 1 particles, remaining 15536 particles
ParallelTTracker {0}> * Deleted 1 particles, remaining 15535 particles
ParallelTTracker {0}> * Deleted 1 particles, remaining 15534 particles
ParallelTTracker {0}> * Deleted 1 particles, remaining 15533 particles
ParallelTTracker {0}> * Deleted 1 particles, remaining 15532 particles
ParallelTTracker {0}> * Deleted 1 particles, remaining 15531 particles
ParallelTTracker {0}> * Deleted 1 particles, remaining 15530 particles
ParallelTTracker {0}> * Deleted 1 particles, remaining 15529 particles
ParallelTTracker {0}> * Deleted 1 particles, remaining 15528 particles
ParallelTTracker {0}> * Deleted 1 particles, remaining 15527 particles
ParallelTTracker {0}> * Deleted 1 particles, remaining 15526 particles
ParallelTTracker {0}> * Deleted 1 particles, remaining 15525 particles
ParallelTTracker {0}> * Deleted 1 particles, remaining 15524 particles
ParallelTTracker {0}> * Deleted 2 particles, remaining 15522 particles
ParallelTTracker {0}> * Deleted 1 particles, remaining 15521 particles
ParallelTTracker {0}> * Deleted 1 particles, remaining 15520 particles
ParallelTTracker {0}> * Deleted 1 particles, remaining 15519 particles
ParallelTTracker {0}> * Deleted 1 particles, remaining 15518 particles
ParallelTTracker {0}> * Deleted 1 particles, remaining 15517 particles
ParallelTTracker {0}> * Deleted 1 particles, remaining 15516 particles
ParallelTTracker {0}> * Deleted 1 particles, remaining 15515 particles
ParallelTTracker {0}> * Deleted 1 particles, remaining 15514 particles
ParallelTTracker {0}> * Deleted 1 particles, remaining 15513 particles
ParallelTTracker {0}> * Deleted 2 particles, remaining 15511 particles
ParallelTTracker {0}> * Deleted 2 particles, remaining 15509 particles
ParallelTTracker {0}> * Deleted 1 particles, remaining 15508 particles
ParallelTTracker {0}> * Deleted 1 particles, remaining 15507 particles
ParallelTTracker {0}> * Deleted 1 particles, remaining 15506 particles
ParallelTTracker {0}> * Deleted 1 particles, remaining 15505 particles
ParallelTTracker {0}> * Deleted 1 particles, remaining 15504 particles
ParallelTTracker {0}> * Deleted 1 particles, remaining 15503 particles
ParallelTTracker {0}> * Deleted 1 particles, remaining 15502 particles
ParallelTTracker {0}> * Deleted 1 particles, remaining 15501 particles
ParallelTTracker {0}> * Deleted 2 particles, remaining 15499 particles
ParallelTTracker {0}> * Deleted 1 particles, remaining 15498 particles
ParallelTTracker {0}> * Deleted 1 particles, remaining 15497 particles
ParallelTTracker {0}> * Deleted 1 particles, remaining 15496 particles
ParallelTTracker {0}> * Deleted 2 particles, remaining 15494 particles
ParallelTTracker {0}> * Deleted 1 particles, remaining 15493 particles
ParallelTTracker {0}> * Deleted 1 particles, remaining 15492 particles
ParallelTTracker {0}> * Deleted 1 particles, remaining 15491 particles
ParallelTTracker {0}> * Deleted 2 particles, remaining 15489 particles
ParallelTTracker {0}> * Deleted 1 particles, remaining 15488 particles
ParallelTTracker {0}> * Deleted 1 particles, remaining 15487 particles
ParallelTTracker {0}> * Deleted 1 particles, remaining 15486 particles
ParallelTTracker {0}> * Deleted 1 particles, remaining 15485 particles
ParallelTTracker {0}> * Deleted 1 particles, remaining 15484 particles
ParallelTTracker {0}> * Deleted 1 particles, remaining 15483 particles
ParallelTTracker {0}> * Deleted 1 particles, remaining 15482 particles
ParallelTTracker {0}> * Deleted 1 particles, remaining 15481 particles
ParallelTTracker {0}> * Deleted 1 particles, remaining 15480 particles
ParallelTTracker {0}> * Deleted 2 particles, remaining 15478 particles
ParallelTTracker {0}> * Deleted 1 particles, remaining 15477 particles
ParallelTTracker {0}> * Deleted 1 particles, remaining 15476 particles
ParallelTTracker {0}> * Deleted 1 particles, remaining 15475 particles
ParallelTTracker {0}> * Deleted 2 particles, remaining 15473 particles
ParallelTTracker {0}> * Deleted 1 particles, remaining 15472 particles
ParallelTTracker {0}> * Deleted 2 particles, remaining 15470 particles
ParallelTTracker {0}> * Deleted 2 particles, remaining 15468 particles
ParallelTTracker {0}> * Deleted 1 particles, remaining 15467 particles
ParallelTTracker {0}> * Deleted 2 particles, remaining 15465 particles
ParallelTTracker {0}> * Deleted 1 particles, remaining 15464 particles
ParallelTTracker {0}> * Deleted 1 particles, remaining 15463 particles
ParallelTTracker {0}> * Deleted 1 particles, remaining 15462 particles
ParallelTTracker {0}> * Deleted 1 particles, remaining 15461 particles
ParallelTTracker {0}> * Deleted 1 particles, remaining 15460 particles
ParallelTTracker {0}> * Deleted 1 particles, remaining 15459 particles
ParallelTTracker {0}> * Deleted 1 particles, remaining 15458 particles
ParallelTTracker {0}> * Deleted 1 particles, remaining 15457 particles
ParallelTTracker {0}> * Deleted 1 particles, remaining 15456 particles
ParallelTTracker {0}> * Deleted 1 particles, remaining 15455 particles
ParallelTTracker {0}> * Deleted 1 particles, remaining 15454 particles
ParallelTTracker {0}> * Deleted 2 particles, remaining 15452 particles
ParallelTTracker {0}> * Deleted 1 particles, remaining 15451 particles
ParallelTTracker {0}> * Deleted 2 particles, remaining 15449 particles
ParallelTTracker {0}> * Deleted 2 particles, remaining 15447 particles
ParallelTTracker {0}> * Deleted 1 particles, remaining 15446 particles
ParallelTTracker {0}> * Deleted 1 particles, remaining 15445 particles
ParallelTTracker {0}> * Deleted 2 particles, remaining 15443 particles
ParallelTTracker {0}> * Deleted 1 particles, remaining 15442 particles
ParallelTTracker {0}> * Deleted 1 particles, remaining 15441 particles
ParallelTTracker {0}> * Deleted 1 particles, remaining 15440 particles
ParallelTTracker {0}> * Deleted 1 particles, remaining 15439 particles
ParallelTTracker {0}> * Deleted 1 particles, remaining 15438 particles
ParallelTTracker {0}> * Deleted 1 particles, remaining 15437 particles
ParallelTTracker {0}> * Deleted 2 particles, remaining 15435 particles
ParallelTTracker {0}> * Deleted 1 particles, remaining 15434 particles
ParallelTTracker {0}> * Deleted 1 particles, remaining 15433 particles
ParallelTTracker {0}> * Deleted 1 particles, remaining 15432 particles
ParallelTTracker {0}> * Deleted 1 particles, remaining 15431 particles
ParallelTTracker {0}> * Deleted 1 particles, remaining 15430 particles
ParallelTTracker {0}> * Deleted 1 particles, remaining 15429 particles
ParallelTTracker {0}> * Deleted 3 particles, remaining 15426 particles
ParallelTTracker {0}> * Deleted 1 particles, remaining 15425 particles
ParallelTTracker {0}> * Deleted 1 particles, remaining 15424 particles
ParallelTTracker {0}> * Deleted 1 particles, remaining 15423 particles
ParallelTTracker {0}> * Deleted 1 particles, remaining 15422 particles
ParallelTTracker {0}> * Deleted 1 particles, remaining 15421 particles
ParallelTTracker {0}> * Deleted 1 particles, remaining 15420 particles
ParallelTTracker {0}> * Deleted 1 particles, remaining 15419 particles
ParallelTTracker {0}> * Deleted 3 particles, remaining 15416 particles
ParallelTTracker {0}> * Deleted 1 particles, remaining 15415 particles
ParallelTTracker {0}> * Deleted 1 particles, remaining 15414 particles
ParallelTTracker {0}> * Deleted 3 particles, remaining 15411 particles
ParallelTTracker {0}> * Deleted 1 particles, remaining 15410 particles
ParallelTTracker {0}> * Deleted 1 particles, remaining 15409 particles
ParallelTTracker {0}> * Deleted 1 particles, remaining 15408 particles
ParallelTTracker {0}> * Deleted 2 particles, remaining 15406 particles
ParallelTTracker {0}> * Deleted 1 particles, remaining 15405 particles
ParallelTTracker {0}> * Deleted 1 particles, remaining 15404 particles
ParallelTTracker {0}> * Deleted 1 particles, remaining 15403 particles
ParallelTTracker {0}> * Deleted 2 particles, remaining 15401 particles
ParallelTTracker {0}> * Deleted 1 particles, remaining 15400 particles
ParallelTTracker {0}> * Deleted 1 particles, remaining 15399 particles
ParallelTTracker {0}> * Deleted 1 particles, remaining 15398 particles
ParallelTTracker {0}> * Deleted 2 particles, remaining 15396 particles
ParallelTTracker {0}> * Deleted 1 particles, remaining 15395 particles
ParallelTTracker {0}> * Deleted 1 particles, remaining 15394 particles
ParallelTTracker {0}> * Deleted 1 particles, remaining 15393 particles
ParallelTTracker {0}> * Deleted 1 particles, remaining 15392 particles
ParallelTTracker {0}> * Deleted 1 particles, remaining 15391 particles
ParallelTTracker {0}> * Deleted 1 particles, remaining 15390 particles
ParallelTTracker {0}> * Deleted 1 particles, remaining 15389 particles
ParallelTTracker {0}> * Deleted 1 particles, remaining 15388 particles
ParallelTTracker {0}> * Deleted 1 particles, remaining 15387 particles
ParallelTTracker {0}> * Deleted 1 particles, remaining 15386 particles
ParallelTTracker {0}> * Deleted 1 particles, remaining 15385 particles
ParallelTTracker {0}> * Deleted 1 particles, remaining 15384 particles
ParallelTTracker {0}> * Deleted 1 particles, remaining 15383 particles
ParallelTTracker {0}> * Deleted 1 particles, remaining 15382 particles
ParallelTTracker {0}> * Deleted 1 particles, remaining 15381 particles
ParallelTTracker {0}> * Deleted 1 particles, remaining 15380 particles
ParallelTTracker {0}> * Deleted 1 particles, remaining 15379 particles
ParallelTTracker {0}> * Deleted 1 particles, remaining 15378 particles
ParallelTTracker {0}> * Deleted 2 particles, remaining 15376 particles
ParallelTTracker {0}> * Deleted 1 particles, remaining 15375 particles
ParallelTTracker {0}> * Deleted 1 particles, remaining 15374 particles
ParallelTTracker {0}> * Deleted 1 particles, remaining 15373 particles
ParallelTTracker {0}> * Deleted 1 particles, remaining 15372 particles
ParallelTTracker {0}> * Deleted 2 particles, remaining 15370 particles
ParallelTTracker {0}> * Deleted 1 particles, remaining 15369 particles
ParallelTTracker {0}> * Deleted 1 particles, remaining 15368 particles
ParallelTTracker {0}> * Deleted 2 particles, remaining 15366 particles
ParallelTTracker {0}> * Deleted 1 particles, remaining 15365 particles
ParallelTTracker {0}> * Deleted 1 particles, remaining 15364 particles
ParallelTTracker {0}> * Deleted 1 particles, remaining 15363 particles
ParallelTTracker {0}> * Deleted 1 particles, remaining 15362 particles
ParallelTTracker {0}> * Deleted 1 particles, remaining 15361 particles
ParallelTTracker {0}> * Deleted 1 particles, remaining 15360 particles
Ippl{0}> *****************************************************************
Ippl{0}> do repartition because of repartFreq_m
Ippl{0}> *****************************************************************
Ippl{0}> *****************************************************************
Ippl{0}> do repartition done
Ippl{0}> *****************************************************************
ParallelTTracker {0}> * Deleted 1 particles, remaining 15359 particles
ParallelTTracker {0}> 09:46:56 Step  92999 at 1.216 [m], t= 709.590 [ns], E=182.626 [keV]
ParallelTTracker {0}> * Deleted 1 particles, remaining 15358 particles
ParallelTTracker {0}> * Deleted 1 particles, remaining 15357 particles
ParallelTTracker {0}> * Deleted 1 particles, remaining 15356 particles
ParallelTTracker {0}> * Deleted 1 particles, remaining 15355 particles
ParallelTTracker {0}> * Deleted 1 particles, remaining 15354 particles
ParallelTTracker {0}> * Deleted 2 particles, remaining 15352 particles
ParallelTTracker {0}> * Deleted 1 particles, remaining 15351 particles
ParallelTTracker {0}> * Deleted 1 particles, remaining 15350 particles
ParallelTTracker {0}> * Deleted 1 particles, remaining 15349 particles
ParallelTTracker {0}> * Deleted 1 particles, remaining 15348 particles
ParallelTTracker {0}> * Deleted 1 particles, remaining 15347 particles
ParallelTTracker {0}> * Deleted 1 particles, remaining 15346 particles
ParallelTTracker {0}> * Deleted 1 particles, remaining 15345 particles
ParallelTTracker {0}> * Deleted 2 particles, remaining 15343 particles
ParallelTTracker {0}> * Deleted 1 particles, remaining 15342 particles
ParallelTTracker {0}> * Deleted 1 particles, remaining 15341 particles
ParallelTTracker {0}> * Deleted 1 particles, remaining 15340 particles
ParallelTTracker {0}> * Deleted 1 particles, remaining 15339 particles
ParallelTTracker {0}> * Deleted 1 particles, remaining 15338 particles
ParallelTTracker {0}> * Deleted 1 particles, remaining 15337 particles
ParallelTTracker {0}> * Deleted 2 particles, remaining 15335 particles
ParallelTTracker {0}> * Deleted 1 particles, remaining 15334 particles
ParallelTTracker {0}> * Deleted 1 particles, remaining 15333 particles
ParallelTTracker {0}> * Deleted 2 particles, remaining 15331 particles
ParallelTTracker {0}> * Deleted 1 particles, remaining 15330 particles
ParallelTTracker {0}> * Deleted 1 particles, remaining 15329 particles
ParallelTTracker {0}> * Deleted 1 particles, remaining 15328 particles
ParallelTTracker {0}> * Deleted 1 particles, remaining 15327 particles
ParallelTTracker {0}> * Deleted 1 particles, remaining 15326 particles
ParallelTTracker {0}> * Deleted 1 particles, remaining 15325 particles
ParallelTTracker {0}> * Deleted 1 particles, remaining 15324 particles
ParallelTTracker {0}> * Deleted 1 particles, remaining 15323 particles
ParallelTTracker {0}> * Deleted 1 particles, remaining 15322 particles
ParallelTTracker {0}> * Deleted 1 particles, remaining 15321 particles
ParallelTTracker {0}> * Deleted 1 particles, remaining 15320 particles
ParallelTTracker {0}> * Deleted 1 particles, remaining 15319 particles
ParallelTTracker {0}> * Deleted 1 particles, remaining 15318 particles
ParallelTTracker {0}> * Deleted 1 particles, remaining 15317 particles
ParallelTTracker {0}> * Deleted 1 particles, remaining 15316 particles
ParallelTTracker {0}> * Deleted 1 particles, remaining 15315 particles
ParallelTTracker {0}> * Deleted 1 particles, remaining 15314 particles
ParallelTTracker {0}> * Deleted 1 particles, remaining 15313 particles
ParallelTTracker {0}> * Deleted 1 particles, remaining 15312 particles
ParallelTTracker {0}> * Deleted 1 particles, remaining 15311 particles
ParallelTTracker {0}> * Deleted 1 particles, remaining 15310 particles
ParallelTTracker {0}> * Deleted 1 particles, remaining 15309 particles
ParallelTTracker {0}> * Deleted 1 particles, remaining 15308 particles
ParallelTTracker {0}> * Deleted 1 particles, remaining 15307 particles
ParallelTTracker {0}> * Deleted 1 particles, remaining 15306 particles
ParallelTTracker {0}> * Deleted 1 particles, remaining 15305 particles
ParallelTTracker {0}> * Deleted 1 particles, remaining 15304 particles
ParallelTTracker {0}> * Deleted 1 particles, remaining 15303 particles
ParallelTTracker {0}> * Deleted 1 particles, remaining 15302 particles
ParallelTTracker {0}> * Deleted 1 particles, remaining 15301 particles
ParallelTTracker {0}> * Deleted 1 particles, remaining 15300 particles
ParallelTTracker {0}> * Deleted 1 particles, remaining 15299 particles
ParallelTTracker {0}> * Deleted 1 particles, remaining 15298 particles
ParallelTTracker {0}> * Deleted 1 particles, remaining 15297 particles
ParallelTTracker {0}> * Deleted 1 particles, remaining 15296 particles
ParallelTTracker {0}> * Deleted 1 particles, remaining 15295 particles
ParallelTTracker {0}> * Deleted 1 particles, remaining 15294 particles
ParallelTTracker {0}> * Deleted 1 particles, remaining 15293 particles
ParallelTTracker {0}> * Deleted 1 particles, remaining 15292 particles
ParallelTTracker {0}> * Deleted 1 particles, remaining 15291 particles
ParallelTTracker {0}> * Deleted 1 particles, remaining 15290 particles
ParallelTTracker {0}> * Deleted 1 particles, remaining 15289 particles
ParallelTTracker {0}> * Deleted 1 particles, remaining 15288 particles
ParallelTTracker {0}> * Deleted 1 particles, remaining 15287 particles
ParallelTTracker {0}> * Deleted 1 particles, remaining 15286 particles
ParallelTTracker {0}> * Deleted 1 particles, remaining 15285 particles
ParallelTTracker {0}> * Deleted 2 particles, remaining 15283 particles
ParallelTTracker {0}> * Deleted 1 particles, remaining 15282 particles
ParallelTTracker {0}> * Deleted 2 particles, remaining 15280 particles
ParallelTTracker {0}> * Deleted 1 particles, remaining 15279 particles
ParallelTTracker {0}> * Deleted 1 particles, remaining 15278 particles
ParallelTTracker {0}> * Deleted 1 particles, remaining 15277 particles
ParallelTTracker {0}> * Deleted 1 particles, remaining 15276 particles
ParallelTTracker {0}> * Deleted 1 particles, remaining 15275 particles
ParallelTTracker {0}> * Deleted 1 particles, remaining 15274 particles
ParallelTTracker {0}> * Deleted 1 particles, remaining 15273 particles
ParallelTTracker {0}> * Deleted 1 particles, remaining 15272 particles
ParallelTTracker {0}> * Deleted 1 particles, remaining 15271 particles
ParallelTTracker {0}> * Deleted 1 particles, remaining 15270 particles
ParallelTTracker {0}> * Deleted 1 particles, remaining 15269 particles
ParallelTTracker {0}> * Deleted 1 particles, remaining 15268 particles
ParallelTTracker {0}> * Deleted 1 particles, remaining 15267 particles
ParallelTTracker {0}> * Deleted 1 particles, remaining 15266 particles
ParallelTTracker {0}> * Deleted 1 particles, remaining 15265 particles
ParallelTTracker {0}> * Deleted 1 particles, remaining 15264 particles
ParallelTTracker {0}> * Deleted 1 particles, remaining 15263 particles
ParallelTTracker {0}> * Deleted 1 particles, remaining 15262 particles
ParallelTTracker {0}> * Deleted 1 particles, remaining 15261 particles
ParallelTTracker {0}> * Deleted 1 particles, remaining 15260 particles
ParallelTTracker {0}> * Deleted 2 particles, remaining 15258 particles
ParallelTTracker {0}> * Deleted 1 particles, remaining 15257 particles
ParallelTTracker {0}> * Deleted 1 particles, remaining 15256 particles
ParallelTTracker {0}> * Deleted 1 particles, remaining 15255 particles
ParallelTTracker {0}> * Deleted 1 particles, remaining 15254 particles
ParallelTTracker {0}> * Deleted 2 particles, remaining 15252 particles
ParallelTTracker {0}> * Deleted 1 particles, remaining 15251 particles
ParallelTTracker {0}> * Deleted 1 particles, remaining 15250 particles
ParallelTTracker {0}> * Deleted 1 particles, remaining 15249 particles
ParallelTTracker {0}> * Deleted 2 particles, remaining 15247 particles
ParallelTTracker {0}> * Deleted 1 particles, remaining 15246 particles
ParallelTTracker {0}> * Deleted 1 particles, remaining 15245 particles
ParallelTTracker {0}> * Deleted 1 particles, remaining 15244 particles
ParallelTTracker {0}> * Deleted 1 particles, remaining 15243 particles
ParallelTTracker {0}> * Deleted 1 particles, remaining 15242 particles
ParallelTTracker {0}> * Deleted 1 particles, remaining 15241 particles
ParallelTTracker {0}> * Deleted 1 particles, remaining 15240 particles
ParallelTTracker {0}> * Deleted 1 particles, remaining 15239 particles
ParallelTTracker {0}> * Deleted 1 particles, remaining 15238 particles
ParallelTTracker {0}> * Deleted 1 particles, remaining 15237 particles
ParallelTTracker {0}> * Deleted 1 particles, remaining 15236 particles
ParallelTTracker {0}> * Deleted 1 particles, remaining 15235 particles
ParallelTTracker {0}> * Deleted 1 particles, remaining 15234 particles
ParallelTTracker {0}> * Deleted 1 particles, remaining 15233 particles
ParallelTTracker {0}> * Deleted 1 particles, remaining 15232 particles
ParallelTTracker {0}> * Deleted 1 particles, remaining 15231 particles
ParallelTTracker {0}> * Deleted 1 particles, remaining 15230 particles
ParallelTTracker {0}> * Deleted 1 particles, remaining 15229 particles
ParallelTTracker {0}> * Deleted 1 particles, remaining 15228 particles
ParallelTTracker {0}> * Deleted 1 particles, remaining 15227 particles
ParallelTTracker {0}> * Deleted 3 particles, remaining 15224 particles
ParallelTTracker {0}> * Deleted 1 particles, remaining 15223 particles
ParallelTTracker {0}> * Deleted 1 particles, remaining 15222 particles
ParallelTTracker {0}> * Deleted 1 particles, remaining 15221 particles
ParallelTTracker {0}> * Deleted 1 particles, remaining 15220 particles
ParallelTTracker {0}> * Deleted 1 particles, remaining 15219 particles
ParallelTTracker {0}> * Deleted 1 particles, remaining 15218 particles
ParallelTTracker {0}> * Deleted 1 particles, remaining 15217 particles
ParallelTTracker {0}> * Deleted 1 particles, remaining 15216 particles
ParallelTTracker {0}> * Deleted 1 particles, remaining 15215 particles
ParallelTTracker {0}> * Deleted 1 particles, remaining 15214 particles
ParallelTTracker {0}> * Deleted 1 particles, remaining 15213 particles
ParallelTTracker {0}> * Deleted 1 particles, remaining 15212 particles
ParallelTTracker {0}> * Deleted 1 particles, remaining 15211 particles
ParallelTTracker {0}> * Deleted 1 particles, remaining 15210 particles
ParallelTTracker {0}> * Deleted 1 particles, remaining 15209 particles
ParallelTTracker {0}> * Deleted 1 particles, remaining 15208 particles
ParallelTTracker {0}> * Deleted 1 particles, remaining 15207 particles
ParallelTTracker {0}> * Deleted 1 particles, remaining 15206 particles
ParallelTTracker {0}> * Deleted 3 particles, remaining 15203 particles
ParallelTTracker {0}> * Deleted 1 particles, remaining 15202 particles
ParallelTTracker {0}> * Deleted 1 particles, remaining 15201 particles
ParallelTTracker {0}> * Deleted 1 particles, remaining 15200 particles
ParallelTTracker {0}> * Deleted 1 particles, remaining 15199 particles
ParallelTTracker {0}> * Deleted 1 particles, remaining 15198 particles
ParallelTTracker {0}> * Deleted 2 particles, remaining 15196 particles
ParallelTTracker {0}> * Deleted 1 particles, remaining 15195 particles
ParallelTTracker {0}> * Deleted 1 particles, remaining 15194 particles
ParallelTTracker {0}> * Deleted 2 particles, remaining 15192 particles
ParallelTTracker {0}> * Deleted 2 particles, remaining 15190 particles
ParallelTTracker {0}> * Deleted 2 particles, remaining 15188 particles
ParallelTTracker {0}> * Deleted 1 particles, remaining 15187 particles
ParallelTTracker {0}> * Deleted 1 particles, remaining 15186 particles
ParallelTTracker {0}> * Deleted 1 particles, remaining 15185 particles
ParallelTTracker {0}> * Deleted 1 particles, remaining 15184 particles
ParallelTTracker {0}> * Deleted 1 particles, remaining 15183 particles
ParallelTTracker {0}> * Deleted 1 particles, remaining 15182 particles
ParallelTTracker {0}> * Deleted 1 particles, remaining 15181 particles
ParallelTTracker {0}> * Deleted 1 particles, remaining 15180 particles
ParallelTTracker {0}> * Deleted 1 particles, remaining 15179 particles
ParallelTTracker {0}> * Deleted 1 particles, remaining 15178 particles
ParallelTTracker {0}> * Deleted 1 particles, remaining 15177 particles
ParallelTTracker {0}> * Deleted 2 particles, remaining 15175 particles
ParallelTTracker {0}> * Deleted 1 particles, remaining 15174 particles
ParallelTTracker {0}> * Deleted 1 particles, remaining 15173 particles
ParallelTTracker {0}> * Deleted 1 particles, remaining 15172 particles
ParallelTTracker {0}> * Deleted 1 particles, remaining 15171 particles
ParallelTTracker {0}> * Deleted 1 particles, remaining 15170 particles
ParallelTTracker {0}> * Deleted 1 particles, remaining 15169 particles
ParallelTTracker {0}> * Deleted 1 particles, remaining 15168 particles
ParallelTTracker {0}> * Deleted 2 particles, remaining 15166 particles
ParallelTTracker {0}> * Deleted 1 particles, remaining 15165 particles
ParallelTTracker {0}> * Deleted 1 particles, remaining 15164 particles
ParallelTTracker {0}> * Deleted 1 particles, remaining 15163 particles
ParallelTTracker {0}> * Deleted 1 particles, remaining 15162 particles
ParallelTTracker {0}> * Deleted 1 particles, remaining 15161 particles
ParallelTTracker {0}> * Deleted 1 particles, remaining 15160 particles
ParallelTTracker {0}> * Deleted 1 particles, remaining 15159 particles
Ippl{0}> *****************************************************************
Ippl{0}> do repartition because of repartFreq_m
Ippl{0}> *****************************************************************
Ippl{0}> *****************************************************************
Ippl{0}> do repartition done
Ippl{0}> *****************************************************************
ParallelTTracker {0}> 09:47:02 Step  93999 at 1.229 [m], t= 717.220 [ns], E=182.626 [keV]
ParallelTTracker {0}> * Deleted 1 particles, remaining 15158 particles
ParallelTTracker {0}> * Deleted 1 particles, remaining 15157 particles
ParallelTTracker {0}> * Deleted 2 particles, remaining 15155 particles
ParallelTTracker {0}> * Deleted 1 particles, remaining 15154 particles
ParallelTTracker {0}> * Deleted 1 particles, remaining 15153 particles
ParallelTTracker {0}> * Deleted 1 particles, remaining 15152 particles
ParallelTTracker {0}> * Deleted 1 particles, remaining 15151 particles
ParallelTTracker {0}> * Deleted 1 particles, remaining 15150 particles
ParallelTTracker {0}> * Deleted 2 particles, remaining 15148 particles
ParallelTTracker {0}> * Deleted 1 particles, remaining 15147 particles
ParallelTTracker {0}> * Deleted 1 particles, remaining 15146 particles
ParallelTTracker {0}> * Deleted 1 particles, remaining 15145 particles
ParallelTTracker {0}> * Deleted 1 particles, remaining 15144 particles
ParallelTTracker {0}> * Deleted 1 particles, remaining 15143 particles
ParallelTTracker {0}> * Deleted 1 particles, remaining 15142 particles
ParallelTTracker {0}> * Deleted 2 particles, remaining 15140 particles
ParallelTTracker {0}> * Deleted 1 particles, remaining 15139 particles
ParallelTTracker {0}> * Deleted 1 particles, remaining 15138 particles
ParallelTTracker {0}> * Deleted 1 particles, remaining 15137 particles
ParallelTTracker {0}> * Deleted 1 particles, remaining 15136 particles
ParallelTTracker {0}> * Deleted 1 particles, remaining 15135 particles
ParallelTTracker {0}> * Deleted 1 particles, remaining 15134 particles
ParallelTTracker {0}> * Deleted 1 particles, remaining 15133 particles
ParallelTTracker {0}> * Deleted 1 particles, remaining 15132 particles
ParallelTTracker {0}> * Deleted 1 particles, remaining 15131 particles
ParallelTTracker {0}> * Deleted 1 particles, remaining 15130 particles
ParallelTTracker {0}> * Deleted 1 particles, remaining 15129 particles
ParallelTTracker {0}> * Deleted 2 particles, remaining 15127 particles
ParallelTTracker {0}> * Deleted 1 particles, remaining 15126 particles
ParallelTTracker {0}> * Deleted 1 particles, remaining 15125 particles
ParallelTTracker {0}> * Deleted 1 particles, remaining 15124 particles
ParallelTTracker {0}> * Deleted 1 particles, remaining 15123 particles
ParallelTTracker {0}> * Deleted 3 particles, remaining 15120 particles
ParallelTTracker {0}> * Deleted 1 particles, remaining 15119 particles
ParallelTTracker {0}> * Deleted 1 particles, remaining 15118 particles
ParallelTTracker {0}> * Deleted 1 particles, remaining 15117 particles
ParallelTTracker {0}> * Deleted 1 particles, remaining 15116 particles
ParallelTTracker {0}> * Deleted 2 particles, remaining 15114 particles
ParallelTTracker {0}> * Deleted 1 particles, remaining 15113 particles
ParallelTTracker {0}> * Deleted 1 particles, remaining 15112 particles
ParallelTTracker {0}> * Deleted 1 particles, remaining 15111 particles
ParallelTTracker {0}> * Deleted 1 particles, remaining 15110 particles
ParallelTTracker {0}> * Deleted 1 particles, remaining 15109 particles
ParallelTTracker {0}> * Deleted 1 particles, remaining 15108 particles
ParallelTTracker {0}> * Deleted 1 particles, remaining 15107 particles
ParallelTTracker {0}> * Deleted 1 particles, remaining 15106 particles
ParallelTTracker {0}> * Deleted 1 particles, remaining 15105 particles
ParallelTTracker {0}> * Deleted 1 particles, remaining 15104 particles
ParallelTTracker {0}> * Deleted 1 particles, remaining 15103 particles
ParallelTTracker {0}> * Deleted 1 particles, remaining 15102 particles
ParallelTTracker {0}> * Deleted 1 particles, remaining 15101 particles
ParallelTTracker {0}> * Deleted 2 particles, remaining 15099 particles
ParallelTTracker {0}> * Deleted 2 particles, remaining 15097 particles
ParallelTTracker {0}> * Deleted 2 particles, remaining 15095 particles
ParallelTTracker {0}> * Deleted 1 particles, remaining 15094 particles
ParallelTTracker {0}> * Deleted 3 particles, remaining 15091 particles
ParallelTTracker {0}> * Deleted 1 particles, remaining 15090 particles
ParallelTTracker {0}> * Deleted 1 particles, remaining 15089 particles
ParallelTTracker {0}> * Deleted 2 particles, remaining 15087 particles
ParallelTTracker {0}> * Deleted 1 particles, remaining 15086 particles
ParallelTTracker {0}> * Deleted 1 particles, remaining 15085 particles
ParallelTTracker {0}> * Deleted 1 particles, remaining 15084 particles
ParallelTTracker {0}> * Deleted 1 particles, remaining 15083 particles
ParallelTTracker {0}> * Deleted 1 particles, remaining 15082 particles
ParallelTTracker {0}> * Deleted 1 particles, remaining 15081 particles
ParallelTTracker {0}> * Deleted 1 particles, remaining 15080 particles
ParallelTTracker {0}> * Deleted 2 particles, remaining 15078 particles
ParallelTTracker {0}> * Deleted 1 particles, remaining 15077 particles
ParallelTTracker {0}> * Deleted 1 particles, remaining 15076 particles
ParallelTTracker {0}> * Deleted 1 particles, remaining 15075 particles
ParallelTTracker {0}> * Deleted 1 particles, remaining 15074 particles
ParallelTTracker {0}> * Deleted 2 particles, remaining 15072 particles
ParallelTTracker {0}> * Deleted 2 particles, remaining 15070 particles
ParallelTTracker {0}> * Deleted 1 particles, remaining 15069 particles
ParallelTTracker {0}> * Deleted 1 particles, remaining 15068 particles
ParallelTTracker {0}> * Deleted 1 particles, remaining 15067 particles
ParallelTTracker {0}> * Deleted 1 particles, remaining 15066 particles
ParallelTTracker {0}> * Deleted 2 particles, remaining 15064 particles
ParallelTTracker {0}> * Deleted 1 particles, remaining 15063 particles
ParallelTTracker {0}> * Deleted 1 particles, remaining 15062 particles
ParallelTTracker {0}> * Deleted 1 particles, remaining 15061 particles
ParallelTTracker {0}> * Deleted 1 particles, remaining 15060 particles
ParallelTTracker {0}> * Deleted 1 particles, remaining 15059 particles
ParallelTTracker {0}> * Deleted 2 particles, remaining 15057 particles
ParallelTTracker {0}> * Deleted 1 particles, remaining 15056 particles
ParallelTTracker {0}> * Deleted 1 particles, remaining 15055 particles
ParallelTTracker {0}> * Deleted 1 particles, remaining 15054 particles
ParallelTTracker {0}> * Deleted 1 particles, remaining 15053 particles
ParallelTTracker {0}> * Deleted 2 particles, remaining 15051 particles
ParallelTTracker {0}> * Deleted 1 particles, remaining 15050 particles
ParallelTTracker {0}> * Deleted 1 particles, remaining 15049 particles
ParallelTTracker {0}> * Deleted 1 particles, remaining 15048 particles
ParallelTTracker {0}> * Deleted 1 particles, remaining 15047 particles
ParallelTTracker {0}> * Deleted 1 particles, remaining 15046 particles
ParallelTTracker {0}> * Deleted 1 particles, remaining 15045 particles
ParallelTTracker {0}> * Deleted 1 particles, remaining 15044 particles
ParallelTTracker {0}> * Deleted 1 particles, remaining 15043 particles
ParallelTTracker {0}> * Deleted 1 particles, remaining 15042 particles
ParallelTTracker {0}> * Deleted 1 particles, remaining 15041 particles
ParallelTTracker {0}> * Deleted 1 particles, remaining 15040 particles
ParallelTTracker {0}> * Deleted 1 particles, remaining 15039 particles
ParallelTTracker {0}> * Deleted 2 particles, remaining 15037 particles
ParallelTTracker {0}> * Deleted 1 particles, remaining 15036 particles
ParallelTTracker {0}> * Deleted 1 particles, remaining 15035 particles
ParallelTTracker {0}> * Deleted 1 particles, remaining 15034 particles
ParallelTTracker {0}> * Deleted 1 particles, remaining 15033 particles
ParallelTTracker {0}> * Deleted 1 particles, remaining 15032 particles
ParallelTTracker {0}> * Deleted 1 particles, remaining 15031 particles
ParallelTTracker {0}> * Deleted 1 particles, remaining 15030 particles
ParallelTTracker {0}> * Deleted 2 particles, remaining 15028 particles
ParallelTTracker {0}> * Deleted 1 particles, remaining 15027 particles
ParallelTTracker {0}> * Deleted 1 particles, remaining 15026 particles
ParallelTTracker {0}> * Deleted 1 particles, remaining 15025 particles
ParallelTTracker {0}> * Deleted 1 particles, remaining 15024 particles
ParallelTTracker {0}> * Deleted 1 particles, remaining 15023 particles
ParallelTTracker {0}> * Deleted 1 particles, remaining 15022 particles
ParallelTTracker {0}> * Deleted 1 particles, remaining 15021 particles
ParallelTTracker {0}> * Deleted 1 particles, remaining 15020 particles
ParallelTTracker {0}> * Deleted 2 particles, remaining 15018 particles
ParallelTTracker {0}> * Deleted 1 particles, remaining 15017 particles
ParallelTTracker {0}> * Deleted 1 particles, remaining 15016 particles
ParallelTTracker {0}> * Deleted 2 particles, remaining 15014 particles
ParallelTTracker {0}> * Deleted 2 particles, remaining 15012 particles
ParallelTTracker {0}> * Deleted 1 particles, remaining 15011 particles
ParallelTTracker {0}> * Deleted 1 particles, remaining 15010 particles
ParallelTTracker {0}> * Deleted 1 particles, remaining 15009 particles
ParallelTTracker {0}> * Deleted 1 particles, remaining 15008 particles
ParallelTTracker {0}> * Deleted 1 particles, remaining 15007 particles
ParallelTTracker {0}> * Deleted 1 particles, remaining 15006 particles
ParallelTTracker {0}> * Deleted 1 particles, remaining 15005 particles
ParallelTTracker {0}> * Deleted 2 particles, remaining 15003 particles
ParallelTTracker {0}> * Deleted 1 particles, remaining 15002 particles
ParallelTTracker {0}> * Deleted 2 particles, remaining 15000 particles
ParallelTTracker {0}> * Deleted 1 particles, remaining 14999 particles
ParallelTTracker {0}> * Deleted 1 particles, remaining 14998 particles
ParallelTTracker {0}> * Deleted 1 particles, remaining 14997 particles
ParallelTTracker {0}> * Deleted 1 particles, remaining 14996 particles
ParallelTTracker {0}> * Deleted 1 particles, remaining 14995 particles
ParallelTTracker {0}> * Deleted 1 particles, remaining 14994 particles
ParallelTTracker {0}> * Deleted 2 particles, remaining 14992 particles
ParallelTTracker {0}> * Deleted 1 particles, remaining 14991 particles
ParallelTTracker {0}> * Deleted 1 particles, remaining 14990 particles
ParallelTTracker {0}> * Deleted 1 particles, remaining 14989 particles
ParallelTTracker {0}> * Deleted 1 particles, remaining 14988 particles
ParallelTTracker {0}> * Deleted 1 particles, remaining 14987 particles
ParallelTTracker {0}> * Deleted 1 particles, remaining 14986 particles
ParallelTTracker {0}> * Deleted 2 particles, remaining 14984 particles
ParallelTTracker {0}> * Deleted 1 particles, remaining 14983 particles
ParallelTTracker {0}> * Deleted 1 particles, remaining 14982 particles
ParallelTTracker {0}> * Deleted 2 particles, remaining 14980 particles
ParallelTTracker {0}> * Deleted 1 particles, remaining 14979 particles
ParallelTTracker {0}> * Deleted 1 particles, remaining 14978 particles
ParallelTTracker {0}> * Deleted 1 particles, remaining 14977 particles
ParallelTTracker {0}> * Deleted 2 particles, remaining 14975 particles
ParallelTTracker {0}> * Deleted 1 particles, remaining 14974 particles
ParallelTTracker {0}> * Deleted 1 particles, remaining 14973 particles
ParallelTTracker {0}> * Deleted 1 particles, remaining 14972 particles
ParallelTTracker {0}> * Deleted 1 particles, remaining 14971 particles
ParallelTTracker {0}> * Deleted 1 particles, remaining 14970 particles
ParallelTTracker {0}> * Deleted 1 particles, remaining 14969 particles
ParallelTTracker {0}> * Deleted 1 particles, remaining 14968 particles
ParallelTTracker {0}> * Deleted 1 particles, remaining 14967 particles
ParallelTTracker {0}> * Deleted 1 particles, remaining 14966 particles
ParallelTTracker {0}> * Deleted 2 particles, remaining 14964 particles
ParallelTTracker {0}> * Deleted 1 particles, remaining 14963 particles
ParallelTTracker {0}> * Deleted 1 particles, remaining 14962 particles
ParallelTTracker {0}> * Deleted 2 particles, remaining 14960 particles
ParallelTTracker {0}> * Deleted 1 particles, remaining 14959 particles
ParallelTTracker {0}> * Deleted 2 particles, remaining 14957 particles
ParallelTTracker {0}> * Deleted 3 particles, remaining 14954 particles
ParallelTTracker {0}> * Deleted 1 particles, remaining 14953 particles
ParallelTTracker {0}> * Deleted 1 particles, remaining 14952 particles
ParallelTTracker {0}> * Deleted 1 particles, remaining 14951 particles
ParallelTTracker {0}> * Deleted 1 particles, remaining 14950 particles
ParallelTTracker {0}> * Deleted 1 particles, remaining 14949 particles
ParallelTTracker {0}> * Deleted 1 particles, remaining 14948 particles
ParallelTTracker {0}> * Deleted 2 particles, remaining 14946 particles
ParallelTTracker {0}> * Deleted 1 particles, remaining 14945 particles
ParallelTTracker {0}> * Deleted 2 particles, remaining 14943 particles
ParallelTTracker {0}> * Deleted 1 particles, remaining 14942 particles
ParallelTTracker {0}> * Deleted 1 particles, remaining 14941 particles
ParallelTTracker {0}> * Deleted 1 particles, remaining 14940 particles
ParallelTTracker {0}> * Deleted 1 particles, remaining 14939 particles
ParallelTTracker {0}> * Deleted 2 particles, remaining 14937 particles
ParallelTTracker {0}> * Deleted 2 particles, remaining 14935 particles
ParallelTTracker {0}> * Deleted 1 particles, remaining 14934 particles
ParallelTTracker {0}> * Deleted 3 particles, remaining 14931 particles
ParallelTTracker {0}> * Deleted 1 particles, remaining 14930 particles
ParallelTTracker {0}> * Deleted 1 particles, remaining 14929 particles
ParallelTTracker {0}> * Deleted 1 particles, remaining 14928 particles
ParallelTTracker {0}> * Deleted 2 particles, remaining 14926 particles
ParallelTTracker {0}> * Deleted 1 particles, remaining 14925 particles
ParallelTTracker {0}> * Deleted 2 particles, remaining 14923 particles
ParallelTTracker {0}> * Deleted 1 particles, remaining 14922 particles
ParallelTTracker {0}> * Deleted 1 particles, remaining 14921 particles
ParallelTTracker {0}> * Deleted 1 particles, remaining 14920 particles
ParallelTTracker {0}> * Deleted 1 particles, remaining 14919 particles
ParallelTTracker {0}> * Deleted 1 particles, remaining 14918 particles
ParallelTTracker {0}> * Deleted 2 particles, remaining 14916 particles
ParallelTTracker {0}> * Deleted 1 particles, remaining 14915 particles
ParallelTTracker {0}> * Deleted 1 particles, remaining 14914 particles
ParallelTTracker {0}> * Deleted 1 particles, remaining 14913 particles
ParallelTTracker {0}> * Deleted 1 particles, remaining 14912 particles
ParallelTTracker {0}> * Deleted 1 particles, remaining 14911 particles
ParallelTTracker {0}> * Deleted 2 particles, remaining 14909 particles
ParallelTTracker {0}> * Deleted 1 particles, remaining 14908 particles
ParallelTTracker {0}> * Deleted 2 particles, remaining 14906 particles
ParallelTTracker {0}> * Deleted 1 particles, remaining 14905 particles
ParallelTTracker {0}> * Deleted 1 particles, remaining 14904 particles
ParallelTTracker {0}> * Deleted 2 particles, remaining 14902 particles
ParallelTTracker {0}> * Deleted 1 particles, remaining 14901 particles
ParallelTTracker {0}> * Deleted 2 particles, remaining 14899 particles
ParallelTTracker {0}> * Deleted 1 particles, remaining 14898 particles
ParallelTTracker {0}> * Deleted 1 particles, remaining 14897 particles
ParallelTTracker {0}> * Deleted 2 particles, remaining 14895 particles
ParallelTTracker {0}> * Deleted 1 particles, remaining 14894 particles
ParallelTTracker {0}> * Deleted 2 particles, remaining 14892 particles
ParallelTTracker {0}> * Deleted 2 particles, remaining 14890 particles
ParallelTTracker {0}> * Deleted 1 particles, remaining 14889 particles
ParallelTTracker {0}> * Deleted 1 particles, remaining 14888 particles
ParallelTTracker {0}> * Deleted 1 particles, remaining 14887 particles
ParallelTTracker {0}> * Deleted 1 particles, remaining 14886 particles
ParallelTTracker {0}> * Deleted 1 particles, remaining 14885 particles
ParallelTTracker {0}> * Deleted 1 particles, remaining 14884 particles
ParallelTTracker {0}> * Deleted 1 particles, remaining 14883 particles
ParallelTTracker {0}> * Deleted 1 particles, remaining 14882 particles
ParallelTTracker {0}> * Deleted 1 particles, remaining 14881 particles
ParallelTTracker {0}> * Deleted 1 particles, remaining 14880 particles
ParallelTTracker {0}> * Deleted 1 particles, remaining 14879 particles
ParallelTTracker {0}> * Deleted 2 particles, remaining 14877 particles
ParallelTTracker {0}> * Deleted 1 particles, remaining 14876 particles
ParallelTTracker {0}> * Deleted 1 particles, remaining 14875 particles
ParallelTTracker {0}> * Deleted 2 particles, remaining 14873 particles
ParallelTTracker {0}> * Deleted 2 particles, remaining 14871 particles
ParallelTTracker {0}> * Deleted 1 particles, remaining 14870 particles
ParallelTTracker {0}> * Deleted 1 particles, remaining 14869 particles
ParallelTTracker {0}> * Deleted 1 particles, remaining 14868 particles
ParallelTTracker {0}> * Deleted 1 particles, remaining 14867 particles
ParallelTTracker {0}> * Deleted 1 particles, remaining 14866 particles
ParallelTTracker {0}> * Deleted 1 particles, remaining 14865 particles
ParallelTTracker {0}> * Deleted 1 particles, remaining 14864 particles
ParallelTTracker {0}> * Deleted 2 particles, remaining 14862 particles
ParallelTTracker {0}> * Deleted 1 particles, remaining 14861 particles
ParallelTTracker {0}> * Deleted 2 particles, remaining 14859 particles
ParallelTTracker {0}> * Deleted 1 particles, remaining 14858 particles
ParallelTTracker {0}> * Deleted 2 particles, remaining 14856 particles
ParallelTTracker {0}> * Deleted 1 particles, remaining 14855 particles
ParallelTTracker {0}> * Deleted 1 particles, remaining 14854 particles
ParallelTTracker {0}> * Deleted 1 particles, remaining 14853 particles
ParallelTTracker {0}> * Deleted 1 particles, remaining 14852 particles
ParallelTTracker {0}> * Deleted 1 particles, remaining 14851 particles
ParallelTTracker {0}> * Deleted 1 particles, remaining 14850 particles
ParallelTTracker {0}> * Deleted 1 particles, remaining 14849 particles
ParallelTTracker {0}> * Deleted 1 particles, remaining 14848 particles
ParallelTTracker {0}> * Deleted 1 particles, remaining 14847 particles
ParallelTTracker {0}> * Deleted 1 particles, remaining 14846 particles
ParallelTTracker {0}> * Deleted 1 particles, remaining 14845 particles
ParallelTTracker {0}> * Deleted 1 particles, remaining 14844 particles
ParallelTTracker {0}> * Deleted 1 particles, remaining 14843 particles
ParallelTTracker {0}> * Deleted 1 particles, remaining 14842 particles
ParallelTTracker {0}> * Deleted 1 particles, remaining 14841 particles
ParallelTTracker {0}> * Deleted 2 particles, remaining 14839 particles
ParallelTTracker {0}> * Deleted 1 particles, remaining 14838 particles
ParallelTTracker {0}> * Deleted 1 particles, remaining 14837 particles
ParallelTTracker {0}> * Deleted 1 particles, remaining 14836 particles
ParallelTTracker {0}> * Deleted 3 particles, remaining 14833 particles
ParallelTTracker {0}> * Deleted 3 particles, remaining 14830 particles
ParallelTTracker {0}> * Deleted 2 particles, remaining 14828 particles
ParallelTTracker {0}> * Deleted 1 particles, remaining 14827 particles
ParallelTTracker {0}> * Deleted 2 particles, remaining 14825 particles
ParallelTTracker {0}> * Deleted 1 particles, remaining 14824 particles
ParallelTTracker {0}> * Deleted 1 particles, remaining 14823 particles
ParallelTTracker {0}> * Deleted 1 particles, remaining 14822 particles
ParallelTTracker {0}> * Deleted 1 particles, remaining 14821 particles
ParallelTTracker {0}> * Deleted 1 particles, remaining 14820 particles
ParallelTTracker {0}> * Deleted 1 particles, remaining 14819 particles
ParallelTTracker {0}> * Deleted 1 particles, remaining 14818 particles
ParallelTTracker {0}> * Deleted 1 particles, remaining 14817 particles
ParallelTTracker {0}> * Deleted 1 particles, remaining 14816 particles
ParallelTTracker {0}> * Deleted 1 particles, remaining 14815 particles
ParallelTTracker {0}> * Deleted 3 particles, remaining 14812 particles
ParallelTTracker {0}> * Deleted 2 particles, remaining 14810 particles
ParallelTTracker {0}> * Deleted 1 particles, remaining 14809 particles
ParallelTTracker {0}> * Deleted 1 particles, remaining 14808 particles
ParallelTTracker {0}> * Deleted 1 particles, remaining 14807 particles
ParallelTTracker {0}> * Deleted 2 particles, remaining 14805 particles
ParallelTTracker {0}> * Deleted 1 particles, remaining 14804 particles
ParallelTTracker {0}> * Deleted 2 particles, remaining 14802 particles
ParallelTTracker {0}> * Deleted 1 particles, remaining 14801 particles
ParallelTTracker {0}> * Deleted 1 particles, remaining 14800 particles
ParallelTTracker {0}> * Deleted 1 particles, remaining 14799 particles
ParallelTTracker {0}> * Deleted 1 particles, remaining 14798 particles
Ippl{0}> *****************************************************************
Ippl{0}> do repartition because of repartFreq_m
Ippl{0}> *****************************************************************
Ippl{0}> *****************************************************************
Ippl{0}> do repartition done
Ippl{0}> *****************************************************************
ParallelTTracker {0}> * Deleted 1 particles, remaining 14797 particles
ParallelTTracker {0}> 09:47:08 Step  94999 at 1.242 [m], t= 724.850 [ns], E=182.630 [keV]
ParallelTTracker {0}> * Deleted 1 particles, remaining 14796 particles
ParallelTTracker {0}> * Deleted 1 particles, remaining 14795 particles
ParallelTTracker {0}> * Deleted 2 particles, remaining 14793 particles
ParallelTTracker {0}> * Deleted 1 particles, remaining 14792 particles
ParallelTTracker {0}> * Deleted 2 particles, remaining 14790 particles
ParallelTTracker {0}> * Deleted 1 particles, remaining 14789 particles
ParallelTTracker {0}> * Deleted 1 particles, remaining 14788 particles
ParallelTTracker {0}> * Deleted 1 particles, remaining 14787 particles
ParallelTTracker {0}> * Deleted 1 particles, remaining 14786 particles
ParallelTTracker {0}> * Deleted 1 particles, remaining 14785 particles
ParallelTTracker {0}> * Deleted 1 particles, remaining 14784 particles
ParallelTTracker {0}> * Deleted 1 particles, remaining 14783 particles
ParallelTTracker {0}> * Deleted 1 particles, remaining 14782 particles
ParallelTTracker {0}> * Deleted 1 particles, remaining 14781 particles
ParallelTTracker {0}> * Deleted 1 particles, remaining 14780 particles
ParallelTTracker {0}> * Deleted 1 particles, remaining 14779 particles
ParallelTTracker {0}> * Deleted 1 particles, remaining 14778 particles
ParallelTTracker {0}> * Deleted 1 particles, remaining 14777 particles
ParallelTTracker {0}> * Deleted 2 particles, remaining 14775 particles
ParallelTTracker {0}> * Deleted 2 particles, remaining 14773 particles
ParallelTTracker {0}> * Deleted 2 particles, remaining 14771 particles
ParallelTTracker {0}> * Deleted 1 particles, remaining 14770 particles
ParallelTTracker {0}> * Deleted 1 particles, remaining 14769 particles
ParallelTTracker {0}> * Deleted 1 particles, remaining 14768 particles
ParallelTTracker {0}> * Deleted 1 particles, remaining 14767 particles
ParallelTTracker {0}> * Deleted 3 particles, remaining 14764 particles
ParallelTTracker {0}> * Deleted 1 particles, remaining 14763 particles
ParallelTTracker {0}> * Deleted 2 particles, remaining 14761 particles
ParallelTTracker {0}> * Deleted 1 particles, remaining 14760 particles
ParallelTTracker {0}> * Deleted 2 particles, remaining 14758 particles
ParallelTTracker {0}> * Deleted 1 particles, remaining 14757 particles
ParallelTTracker {0}> * Deleted 2 particles, remaining 14755 particles
ParallelTTracker {0}> * Deleted 1 particles, remaining 14754 particles
ParallelTTracker {0}> * Deleted 1 particles, remaining 14753 particles
ParallelTTracker {0}> * Deleted 1 particles, remaining 14752 particles
ParallelTTracker {0}> * Deleted 1 particles, remaining 14751 particles
ParallelTTracker {0}> * Deleted 1 particles, remaining 14750 particles
ParallelTTracker {0}> * Deleted 1 particles, remaining 14749 particles
ParallelTTracker {0}> * Deleted 2 particles, remaining 14747 particles
ParallelTTracker {0}> * Deleted 1 particles, remaining 14746 particles
ParallelTTracker {0}> * Deleted 2 particles, remaining 14744 particles
ParallelTTracker {0}> * Deleted 1 particles, remaining 14743 particles
ParallelTTracker {0}> * Deleted 1 particles, remaining 14742 particles
ParallelTTracker {0}> * Deleted 1 particles, remaining 14741 particles
ParallelTTracker {0}> * Deleted 1 particles, remaining 14740 particles
ParallelTTracker {0}> * Deleted 1 particles, remaining 14739 particles
ParallelTTracker {0}> * Deleted 2 particles, remaining 14737 particles
ParallelTTracker {0}> * Deleted 1 particles, remaining 14736 particles
ParallelTTracker {0}> * Deleted 1 particles, remaining 14735 particles
ParallelTTracker {0}> * Deleted 1 particles, remaining 14734 particles
ParallelTTracker {0}> * Deleted 2 particles, remaining 14732 particles
ParallelTTracker {0}> * Deleted 1 particles, remaining 14731 particles
ParallelTTracker {0}> * Deleted 1 particles, remaining 14730 particles
ParallelTTracker {0}> * Deleted 1 particles, remaining 14729 particles
ParallelTTracker {0}> * Deleted 1 particles, remaining 14728 particles
ParallelTTracker {0}> * Deleted 1 particles, remaining 14727 particles
ParallelTTracker {0}> * Deleted 1 particles, remaining 14726 particles
ParallelTTracker {0}> * Deleted 1 particles, remaining 14725 particles
ParallelTTracker {0}> * Deleted 2 particles, remaining 14723 particles
ParallelTTracker {0}> * Deleted 1 particles, remaining 14722 particles
ParallelTTracker {0}> * Deleted 1 particles, remaining 14721 particles
ParallelTTracker {0}> * Deleted 1 particles, remaining 14720 particles
ParallelTTracker {0}> * Deleted 2 particles, remaining 14718 particles
ParallelTTracker {0}> * Deleted 2 particles, remaining 14716 particles
ParallelTTracker {0}> * Deleted 1 particles, remaining 14715 particles
ParallelTTracker {0}> * Deleted 1 particles, remaining 14714 particles
ParallelTTracker {0}> * Deleted 2 particles, remaining 14712 particles
ParallelTTracker {0}> * Deleted 3 particles, remaining 14709 particles
ParallelTTracker {0}> * Deleted 1 particles, remaining 14708 particles
ParallelTTracker {0}> * Deleted 1 particles, remaining 14707 particles
ParallelTTracker {0}> * Deleted 4 particles, remaining 14703 particles
ParallelTTracker {0}> * Deleted 1 particles, remaining 14702 particles
ParallelTTracker {0}> * Deleted 2 particles, remaining 14700 particles
ParallelTTracker {0}> * Deleted 1 particles, remaining 14699 particles
ParallelTTracker {0}> * Deleted 1 particles, remaining 14698 particles
ParallelTTracker {0}> * Deleted 1 particles, remaining 14697 particles
ParallelTTracker {0}> * Deleted 2 particles, remaining 14695 particles
ParallelTTracker {0}> * Deleted 1 particles, remaining 14694 particles
ParallelTTracker {0}> * Deleted 1 particles, remaining 14693 particles
ParallelTTracker {0}> * Deleted 1 particles, remaining 14692 particles
ParallelTTracker {0}> * Deleted 2 particles, remaining 14690 particles
ParallelTTracker {0}> * Deleted 1 particles, remaining 14689 particles
ParallelTTracker {0}> * Deleted 1 particles, remaining 14688 particles
ParallelTTracker {0}> * Deleted 1 particles, remaining 14687 particles
ParallelTTracker {0}> * Deleted 2 particles, remaining 14685 particles
ParallelTTracker {0}> * Deleted 1 particles, remaining 14684 particles
ParallelTTracker {0}> * Deleted 1 particles, remaining 14683 particles
ParallelTTracker {0}> * Deleted 1 particles, remaining 14682 particles
ParallelTTracker {0}> * Deleted 1 particles, remaining 14681 particles
ParallelTTracker {0}> * Deleted 1 particles, remaining 14680 particles
ParallelTTracker {0}> * Deleted 1 particles, remaining 14679 particles
ParallelTTracker {0}> * Deleted 2 particles, remaining 14677 particles
ParallelTTracker {0}> * Deleted 1 particles, remaining 14676 particles
ParallelTTracker {0}> * Deleted 1 particles, remaining 14675 particles
ParallelTTracker {0}> * Deleted 1 particles, remaining 14674 particles
ParallelTTracker {0}> * Deleted 1 particles, remaining 14673 particles
Ippl{0}> *****************************************************************
Ippl{0}> do repartition because of repartFreq_m
Ippl{0}> *****************************************************************
Ippl{0}> *****************************************************************
Ippl{0}> do repartition done
Ippl{0}> *****************************************************************
ParallelTTracker {0}> 09:47:16 Step  95999 at 1.255 [m], t= 732.480 [ns], E=182.632 [keV]
Ippl{0}> *****************************************************************
Ippl{0}> do repartition because of repartFreq_m
Ippl{0}> *****************************************************************
Ippl{0}> *****************************************************************
Ippl{0}> do repartition done
Ippl{0}> *****************************************************************
ParallelTTracker {0}> 09:47:21 Step  96999 at 1.268 [m], t= 740.110 [ns], E=182.632 [keV]
Ippl{0}> *****************************************************************
Ippl{0}> do repartition because of repartFreq_m
Ippl{0}> *****************************************************************
Ippl{0}> *****************************************************************
Ippl{0}> do repartition done
Ippl{0}> *****************************************************************
ParallelTTracker {0}> 09:47:27 Step  97999 at 1.282 [m], t= 747.740 [ns], E=182.632 [keV]
Ippl{0}> *****************************************************************
Ippl{0}> do repartition because of repartFreq_m
Ippl{0}> *****************************************************************
Ippl{0}> *****************************************************************
Ippl{0}> do repartition done
Ippl{0}> *****************************************************************
ParallelTTracker {0}> 09:47:31 Step  98999 at 1.295 [m], t= 755.370 [ns], E=182.632 [keV]
Ippl{0}> *****************************************************************
Ippl{0}> do repartition because of repartFreq_m
Ippl{0}> *****************************************************************
Ippl{0}> *****************************************************************
Ippl{0}> do repartition done
Ippl{0}> *****************************************************************
ParallelTTracker {0}> 09:47:35 Step  99999 at 1.308 [m], t= 763.000 [ns], E=182.632 [keV]
OPAL {0}> 
OPAL {0}> * ************** B U N C H ********************************************************* 
OPAL {0}> * NP              = 14673
OPAL {0}> * Qtot            =        1.249 [pC]         Qi    =        0.085 [fC]
OPAL {0}> * Ekin            =     182.632 [keV]         dEkin =      190.345 [eV]
OPAL {0}> * rmax            = (     13.46389 ,     13.86780 ,     27.12498 ) [mm]
OPAL {0}> * rmin            = (    -12.73402 ,    -13.94150 ,    -27.09732 ) [mm]
OPAL {0}> * rms beam size   = (      5.93464 ,      5.38596 ,     11.57453 ) [mm]
OPAL {0}> * rms momenta     = (  4.24877e-05 ,  3.19209e-05 ,  2.98504e-06 ) [beta gamma]
OPAL {0}> * mean position   = (   -152.72269 ,   -114.44873 ,    -77.59666 ) [um]
OPAL {0}> * mean momenta    = ( -1.32459e-07 , -4.68635e-07 ,  5.71696e-03 ) [beta gamma]
OPAL {0}> * rms emittance   = (  2.37995e-05 ,  2.51430e-05 ,  3.08124e-06 ) (not normalized)
OPAL {0}> * rms correlation = (  8.41904e-01 ,  5.48564e-01 ,  8.60254e-01 )
OPAL {0}> * hr              = (      1.81643 ,      1.92783 ,      3.75942 ) [mm]
OPAL {0}> * dh              =   2.00000e+00 [%]
OPAL {0}> * t               =      763.000 [ns]         dT    =        7.630 [ps]
OPAL {0}> * spos            =         1.308 [m]
OPAL {0}> * ********************************************************************************** 
OPAL {0}> 
Ippl{0}> *****************************************************************
Ippl{0}> do repartition because of repartFreq_m
Ippl{0}> *****************************************************************
Ippl{0}> *****************************************************************
Ippl{0}> do repartition done
Ippl{0}> *****************************************************************
ParallelTTracker {0}> 09:47:39 Step 100999 at 1.321 [m], t= 770.630 [ns], E=182.632 [keV]
Ippl{0}> *****************************************************************
Ippl{0}> do repartition because of repartFreq_m
Ippl{0}> *****************************************************************
Ippl{0}> *****************************************************************
Ippl{0}> do repartition done
Ippl{0}> *****************************************************************
ParallelTTracker {0}> 09:47:43 Step 101999 at 1.334 [m], t= 778.260 [ns], E=182.632 [keV]
Ippl{0}> *****************************************************************
Ippl{0}> do repartition because of repartFreq_m
Ippl{0}> *****************************************************************
Ippl{0}> *****************************************************************
Ippl{0}> do repartition done
Ippl{0}> *****************************************************************
ParallelTTracker {0}> 09:47:47 Step 102999 at 1.347 [m], t= 785.890 [ns], E=182.632 [keV]
Ippl{0}> *****************************************************************
Ippl{0}> do repartition because of repartFreq_m
Ippl{0}> *****************************************************************
Ippl{0}> *****************************************************************
Ippl{0}> do repartition done
Ippl{0}> *****************************************************************
ParallelTTracker {0}> 09:47:52 Step 103999 at 1.360 [m], t= 793.520 [ns], E=182.632 [keV]
Ippl{0}> *****************************************************************
Ippl{0}> do repartition because of repartFreq_m
Ippl{0}> *****************************************************************
Ippl{0}> *****************************************************************
Ippl{0}> do repartition done
Ippl{0}> *****************************************************************
ParallelTTracker {0}> 09:47:56 Step 104999 at 1.373 [m], t= 801.150 [ns], E=182.632 [keV]
Ippl{0}> *****************************************************************
Ippl{0}> do repartition because of repartFreq_m
Ippl{0}> *****************************************************************
Ippl{0}> *****************************************************************
Ippl{0}> do repartition done
Ippl{0}> *****************************************************************
ParallelTTracker {0}> 09:48:01 Step 105999 at 1.386 [m], t= 808.780 [ns], E=182.632 [keV]
Ippl{0}> *****************************************************************
Ippl{0}> do repartition because of repartFreq_m
Ippl{0}> *****************************************************************
Ippl{0}> *****************************************************************
Ippl{0}> do repartition done
Ippl{0}> *****************************************************************
ParallelTTracker {0}> 09:48:05 Step 106999 at 1.399 [m], t= 816.410 [ns], E=182.632 [keV]
Ippl{0}> *****************************************************************
Ippl{0}> do repartition because of repartFreq_m
Ippl{0}> *****************************************************************
Ippl{0}> *****************************************************************
Ippl{0}> do repartition done
Ippl{0}> *****************************************************************
ParallelTTracker {0}> 09:48:10 Step 107999 at 1.412 [m], t= 824.040 [ns], E=182.632 [keV]
Ippl{0}> *****************************************************************
Ippl{0}> do repartition because of repartFreq_m
Ippl{0}> *****************************************************************
Ippl{0}> *****************************************************************
Ippl{0}> do repartition done
Ippl{0}> *****************************************************************
ParallelTTracker {0}> 09:48:14 Step 108999 at 1.425 [m], t= 831.670 [ns], E=182.632 [keV]
Ippl{0}> *****************************************************************
Ippl{0}> do repartition because of repartFreq_m
Ippl{0}> *****************************************************************
Ippl{0}> *****************************************************************
Ippl{0}> do repartition done
Ippl{0}> *****************************************************************
ParallelTTracker {0}> 09:48:20 Step 109999 at 1.439 [m], t= 839.300 [ns], E=182.632 [keV]
OPAL {0}> 
OPAL {0}> * ************** B U N C H ********************************************************* 
OPAL {0}> * NP              = 14673
OPAL {0}> * Qtot            =        1.249 [pC]         Qi    =        0.085 [fC]
OPAL {0}> * Ekin            =     182.632 [keV]         dEkin =      203.866 [eV]
OPAL {0}> * rmax            = (     16.22335 ,     15.19758 ,     27.17094 ) [mm]
OPAL {0}> * rmin            = (    -14.91022 ,    -15.04541 ,    -27.20584 ) [mm]
OPAL {0}> * rms beam size   = (      6.83128 ,      5.76430 ,     11.63505 ) [mm]
OPAL {0}> * rms momenta     = (  6.59673e-05 ,  2.79421e-05 ,  3.05228e-06 ) [beta gamma]
OPAL {0}> * mean position   = (   -132.07016 ,    -88.23508 ,    -82.56295 ) [um]
OPAL {0}> * mean momenta    = (  7.02511e-06 ,  1.09660e-05 ,  5.71675e-03 ) [beta gamma]
OPAL {0}> * rms emittance   = (  2.80959e-05 ,  2.81710e-05 ,  3.41020e-06 ) (not normalized)
OPAL {0}> * rms correlation = (  9.34315e-01 , -9.57139e-03 ,  8.35823e-01 )
OPAL {0}> * hr              = (      2.15472 ,      2.10316 ,      3.77122 ) [mm]
OPAL {0}> * dh              =   2.00000e+00 [%]
OPAL {0}> * t               =      839.300 [ns]         dT    =        7.630 [ps]
OPAL {0}> * spos            =         1.439 [m]
OPAL {0}> * ********************************************************************************** 
OPAL {0}> 
Ippl{0}> *****************************************************************
Ippl{0}> do repartition because of repartFreq_m
Ippl{0}> *****************************************************************
Ippl{0}> *****************************************************************
Ippl{0}> do repartition done
Ippl{0}> *****************************************************************
ParallelTTracker {0}> 09:48:25 Step 110999 at 1.452 [m], t= 846.930 [ns], E=182.632 [keV]
Ippl{0}> *****************************************************************
Ippl{0}> do repartition because of repartFreq_m
Ippl{0}> *****************************************************************
Ippl{0}> *****************************************************************
Ippl{0}> do repartition done
Ippl{0}> *****************************************************************
ParallelTTracker {0}> 09:48:30 Step 111999 at 1.465 [m], t= 854.560 [ns], E=182.632 [keV]
Ippl{0}> *****************************************************************
Ippl{0}> do repartition because of repartFreq_m
Ippl{0}> *****************************************************************
Ippl{0}> *****************************************************************
Ippl{0}> do repartition done
Ippl{0}> *****************************************************************
ParallelTTracker {0}> 09:48:35 Step 112999 at 1.478 [m], t= 862.190 [ns], E=182.632 [keV]
Ippl{0}> *****************************************************************
Ippl{0}> do repartition because of repartFreq_m
Ippl{0}> *****************************************************************
Ippl{0}> *****************************************************************
Ippl{0}> do repartition done
Ippl{0}> *****************************************************************
ParallelTTracker {0}> 09:48:40 Step 113999 at 1.491 [m], t= 869.820 [ns], E=182.632 [keV]
Ippl{0}> *****************************************************************
Ippl{0}> do repartition because of repartFreq_m
Ippl{0}> *****************************************************************
Ippl{0}> *****************************************************************
Ippl{0}> do repartition done
Ippl{0}> *****************************************************************
ParallelTTracker {0}> 09:48:44 Step 114999 at 1.504 [m], t= 877.450 [ns], E=182.632 [keV]
Ippl{0}> *****************************************************************
Ippl{0}> do repartition because of repartFreq_m
Ippl{0}> *****************************************************************
Ippl{0}> *****************************************************************
Ippl{0}> do repartition done
Ippl{0}> *****************************************************************
ParallelTTracker {0}> 09:48:49 Step 115999 at 1.517 [m], t= 885.080 [ns], E=182.632 [keV]
Ippl{0}> *****************************************************************
Ippl{0}> do repartition because of repartFreq_m
Ippl{0}> *****************************************************************
Ippl{0}> *****************************************************************
Ippl{0}> do repartition done
Ippl{0}> *****************************************************************
ParallelTTracker {0}> 09:48:54 Step 116999 at 1.530 [m], t= 892.710 [ns], E=182.632 [keV]
Ippl{0}> *****************************************************************
Ippl{0}> do repartition because of repartFreq_m
Ippl{0}> *****************************************************************
Ippl{0}> *****************************************************************
Ippl{0}> do repartition done
Ippl{0}> *****************************************************************
ParallelTTracker {0}> 09:49:00 Step 117999 at 1.543 [m], t= 900.340 [ns], E=182.632 [keV]
Ippl{0}> *****************************************************************
Ippl{0}> do repartition because of repartFreq_m
Ippl{0}> *****************************************************************
Ippl{0}> *****************************************************************
Ippl{0}> do repartition done
Ippl{0}> *****************************************************************
ParallelTTracker {0}> 09:49:05 Step 118999 at 1.556 [m], t= 907.970 [ns], E=182.633 [keV]
Ippl{0}> *****************************************************************
Ippl{0}> do repartition because of repartFreq_m
Ippl{0}> *****************************************************************
Ippl{0}> *****************************************************************
Ippl{0}> do repartition done
Ippl{0}> *****************************************************************
ParallelTTracker {0}> 09:49:10 Step 119999 at 1.569 [m], t= 915.600 [ns], E=182.633 [keV]
OPAL {0}> 
OPAL {0}> * ************** B U N C H ********************************************************* 
OPAL {0}> * NP              = 14673
OPAL {0}> * Qtot            =        1.249 [pC]         Qi    =        0.085 [fC]
OPAL {0}> * Ekin            =     182.633 [keV]         dEkin =      215.829 [eV]
OPAL {0}> * rmax            = (     26.29792 ,     12.62515 ,     26.98455 ) [mm]
OPAL {0}> * rmin            = (    -21.54978 ,    -10.30603 ,    -27.47504 ) [mm]
OPAL {0}> * rms beam size   = (     10.40246 ,      4.25486 ,     11.68522 ) [mm]
OPAL {0}> * rms momenta     = (  2.46952e-04 ,  1.22545e-04 ,  7.29817e-06 ) [beta gamma]
OPAL {0}> * mean position   = (    -12.45538 ,    153.15125 ,   -150.84356 ) [um]
OPAL {0}> * mean momenta    = ( -4.26876e-06 ,  3.51468e-06 ,  5.71056e-03 ) [beta gamma]
OPAL {0}> * rms emittance   = (  2.42855e-05 ,  2.60307e-05 ,  1.37003e-05 ) (not normalized)
OPAL {0}> * rms correlation = (  9.98538e-01 , -9.58401e-01 ,  3.95496e-01 )
OPAL {0}> * hr              = (      3.31969 ,      1.59168 ,      3.77357 ) [mm]
OPAL {0}> * dh              =   2.00000e+00 [%]
OPAL {0}> * t               =      915.600 [ns]         dT    =        7.630 [ps]
OPAL {0}> * spos            =         1.569 [m]
OPAL {0}> * ********************************************************************************** 
OPAL {0}> 
Ippl{0}> *****************************************************************
Ippl{0}> do repartition because of repartFreq_m
Ippl{0}> *****************************************************************
Ippl{0}> *****************************************************************
Ippl{0}> do repartition done
Ippl{0}> *****************************************************************
ParallelTTracker {0}> 09:49:15 Step 120999 at 1.582 [m], t= 923.230 [ns], E=182.633 [keV]
Ippl{0}> *****************************************************************
Ippl{0}> do repartition because of repartFreq_m
Ippl{0}> *****************************************************************
Ippl{0}> *****************************************************************
Ippl{0}> do repartition done
Ippl{0}> *****************************************************************
ParallelTTracker {0}> 09:49:19 Step 121999 at 1.595 [m], t= 930.860 [ns], E=182.633 [keV]
Ippl{0}> *****************************************************************
Ippl{0}> do repartition because of repartFreq_m
Ippl{0}> *****************************************************************
Ippl{0}> *****************************************************************
Ippl{0}> do repartition done
Ippl{0}> *****************************************************************
ParallelTTracker {0}> 09:49:24 Step 122999 at 1.609 [m], t= 938.490 [ns], E=182.633 [keV]
Ippl{0}> *****************************************************************
Ippl{0}> do repartition because of repartFreq_m
Ippl{0}> *****************************************************************
Ippl{0}> *****************************************************************
Ippl{0}> do repartition done
Ippl{0}> *****************************************************************
ParallelTTracker {0}> 09:49:29 Step 123999 at 1.622 [m], t= 946.120 [ns], E=182.633 [keV]
Ippl{0}> *****************************************************************
Ippl{0}> do repartition because of repartFreq_m
Ippl{0}> *****************************************************************
Ippl{0}> *****************************************************************
Ippl{0}> do repartition done
Ippl{0}> *****************************************************************
ParallelTTracker {0}> 09:49:33 Step 124999 at 1.635 [m], t= 953.750 [ns], E=182.633 [keV]
Ippl{0}> *****************************************************************
Ippl{0}> do repartition because of repartFreq_m
Ippl{0}> *****************************************************************
Ippl{0}> *****************************************************************
Ippl{0}> do repartition done
Ippl{0}> *****************************************************************
ParallelTTracker {0}> 09:49:38 Step 125999 at 1.648 [m], t= 961.380 [ns], E=182.633 [keV]
Ippl{0}> *****************************************************************
Ippl{0}> do repartition because of repartFreq_m
Ippl{0}> *****************************************************************
Ippl{0}> *****************************************************************
Ippl{0}> do repartition done
Ippl{0}> *****************************************************************
ParallelTTracker {0}> 09:49:43 Step 126999 at 1.661 [m], t= 969.010 [ns], E=182.633 [keV]
Ippl{0}> *****************************************************************
Ippl{0}> do repartition because of repartFreq_m
Ippl{0}> *****************************************************************
Ippl{0}> *****************************************************************
Ippl{0}> do repartition done
Ippl{0}> *****************************************************************
ParallelTTracker {0}> 09:49:48 Step 127999 at 1.674 [m], t= 976.640 [ns], E=182.633 [keV]
Ippl{0}> *****************************************************************
Ippl{0}> do repartition because of repartFreq_m
Ippl{0}> *****************************************************************
Ippl{0}> *****************************************************************
Ippl{0}> do repartition done
Ippl{0}> *****************************************************************
ParallelTTracker {0}> 09:49:53 Step 128999 at 1.687 [m], t= 984.270 [ns], E=182.633 [keV]
Ippl{0}> *****************************************************************
Ippl{0}> do repartition because of repartFreq_m
Ippl{0}> *****************************************************************
Ippl{0}> *****************************************************************
Ippl{0}> do repartition done
Ippl{0}> *****************************************************************
ParallelTTracker {0}> 09:49:58 Step 129999 at 1.700 [m], t= 991.900 [ns], E=182.633 [keV]
OPAL {0}> 
OPAL {0}> * ************** B U N C H ********************************************************* 
OPAL {0}> * NP              = 14673
OPAL {0}> * Qtot            =        1.249 [pC]         Qi    =        0.085 [fC]
OPAL {0}> * Ekin            =     182.633 [keV]         dEkin =      226.149 [eV]
OPAL {0}> * rmax            = (     35.71696 ,      5.91866 ,     26.82337 ) [mm]
OPAL {0}> * rmin            = (    -34.35409 ,     -4.71886 ,    -28.17302 ) [mm]
OPAL {0}> * rms beam size   = (     15.25387 ,      1.82818 ,     11.77562 ) [mm]
OPAL {0}> * rms momenta     = (  7.22915e-05 ,  1.03040e-04 ,  4.66376e-06 ) [beta gamma]
OPAL {0}> * mean position   = (   -385.75810 ,    149.41077 ,   -278.04999 ) [um]
OPAL {0}> * mean momenta    = ( -3.10283e-05 , -2.82441e-06 ,  5.71575e-03 ) [beta gamma]
OPAL {0}> * rms emittance   = (  1.32908e-04 ,  2.56468e-05 ,  5.20407e-06 ) (not normalized)
OPAL {0}> * rms correlation = (  7.24688e-01 , -6.27792e-01 ,  8.40532e-01 )
OPAL {0}> * hr              = (      4.87532 ,      0.73664 ,      3.79103 ) [mm]
OPAL {0}> * dh              =   2.00000e+00 [%]
OPAL {0}> * t               =      991.900 [ns]         dT    =        7.630 [ps]
OPAL {0}> * spos            =         1.700 [m]
OPAL {0}> * ********************************************************************************** 
OPAL {0}> 
Ippl{0}> *****************************************************************
Ippl{0}> do repartition because of repartFreq_m
Ippl{0}> *****************************************************************
Ippl{0}> *****************************************************************
Ippl{0}> do repartition done
Ippl{0}> *****************************************************************
ParallelTTracker {0}> 09:50:04 Step 130999 at 1.713 [m], t= 999.530 [ns], E=182.633 [keV]
Ippl{0}> *****************************************************************
Ippl{0}> do repartition because of repartFreq_m
Ippl{0}> *****************************************************************
Ippl{0}> *****************************************************************
Ippl{0}> do repartition done
Ippl{0}> *****************************************************************
ParallelTTracker {0}> 09:50:09 Step 131999 at 1.726 [m], t= 1.007 [ms], E=182.633 [keV]
Ippl{0}> *****************************************************************
Ippl{0}> do repartition because of repartFreq_m
Ippl{0}> *****************************************************************
Ippl{0}> *****************************************************************
Ippl{0}> do repartition done
Ippl{0}> *****************************************************************
ParallelTTracker {0}> 09:50:13 Step 132999 at 1.739 [m], t= 1.015 [ms], E=182.633 [keV]
Ippl{0}> *****************************************************************
Ippl{0}> do repartition because of repartFreq_m
Ippl{0}> *****************************************************************
Ippl{0}> *****************************************************************
Ippl{0}> do repartition done
Ippl{0}> *****************************************************************
ParallelTTracker {0}> 09:50:19 Step 133999 at 1.752 [m], t= 1.022 [ms], E=182.633 [keV]
Ippl{0}> *****************************************************************
Ippl{0}> do repartition because of repartFreq_m
Ippl{0}> *****************************************************************
Ippl{0}> *****************************************************************
Ippl{0}> do repartition done
Ippl{0}> *****************************************************************
ParallelTTracker {0}> 09:50:24 Step 134999 at 1.765 [m], t= 1.030 [ms], E=182.633 [keV]
Ippl{0}> *****************************************************************
Ippl{0}> do repartition because of repartFreq_m
Ippl{0}> *****************************************************************
Ippl{0}> *****************************************************************
Ippl{0}> do repartition done
Ippl{0}> *****************************************************************
ParallelTTracker {0}> 09:50:29 Step 135999 at 1.779 [m], t= 1.038 [ms], E=182.633 [keV]
Ippl{0}> *****************************************************************
Ippl{0}> do repartition because of repartFreq_m
Ippl{0}> *****************************************************************
Ippl{0}> *****************************************************************
Ippl{0}> do repartition done
Ippl{0}> *****************************************************************
ParallelTTracker {0}> 09:50:35 Step 136999 at 1.792 [m], t= 1.045 [ms], E=182.633 [keV]
Ippl{0}> *****************************************************************
Ippl{0}> do repartition because of repartFreq_m
Ippl{0}> *****************************************************************
Ippl{0}> *****************************************************************
Ippl{0}> do repartition done
Ippl{0}> *****************************************************************
ParallelTTracker {0}> 09:50:40 Step 137999 at 1.805 [m], t= 1.053 [ms], E=182.633 [keV]
Ippl{0}> *****************************************************************
Ippl{0}> do repartition because of repartFreq_m
Ippl{0}> *****************************************************************
Ippl{0}> *****************************************************************
Ippl{0}> do repartition done
Ippl{0}> *****************************************************************
ParallelTTracker {0}> 09:50:44 Step 138999 at 1.818 [m], t= 1.061 [ms], E=182.633 [keV]
Ippl{0}> *****************************************************************
Ippl{0}> do repartition because of repartFreq_m
Ippl{0}> *****************************************************************
Ippl{0}> *****************************************************************
Ippl{0}> do repartition done
Ippl{0}> *****************************************************************
ParallelTTracker {0}> 09:50:49 Step 139999 at 1.831 [m], t= 1.068 [ms], E=182.632 [keV]
OPAL {0}> 
OPAL {0}> * ************** B U N C H ********************************************************* 
OPAL {0}> * NP              = 14673
OPAL {0}> * Qtot            =        1.249 [pC]         Qi    =        0.085 [fC]
OPAL {0}> * Ekin            =     182.632 [keV]         dEkin =      237.120 [eV]
OPAL {0}> * rmax            = (     22.20293 ,      5.29303 ,     26.47115 ) [mm]
OPAL {0}> * rmin            = (    -28.28016 ,     -5.48661 ,    -28.61761 ) [mm]
OPAL {0}> * rms beam size   = (     10.78134 ,      2.23819 ,     11.83471 ) [mm]
OPAL {0}> * rms momenta     = (  3.32710e-04 ,  1.01024e-04 ,  1.21724e-05 ) [beta gamma]
OPAL {0}> * mean position   = (   -707.84633 ,    137.94611 ,   -408.72364 ) [um]
OPAL {0}> * mean momenta    = (  1.05581e-05 ,  7.58910e-07 ,  5.70661e-03 ) [beta gamma]
OPAL {0}> * rms emittance   = (  4.48499e-05 ,  2.54676e-05 ,  2.37198e-05 ) (not normalized)
OPAL {0}> * rms correlation = ( -9.97442e-01 ,  7.65066e-01 ,  3.37358e-01 )
OPAL {0}> * hr              = (      3.49416 ,      0.74735 ,      3.82504 ) [mm]
OPAL {0}> * dh              =   2.00000e+00 [%]
OPAL {0}> * t               =        1.068 [ms]         dT    =        7.630 [ps]
OPAL {0}> * spos            =         1.831 [m]
OPAL {0}> * ********************************************************************************** 
OPAL {0}> 
Ippl{0}> *****************************************************************
Ippl{0}> do repartition because of repartFreq_m
Ippl{0}> *****************************************************************
Ippl{0}> *****************************************************************
Ippl{0}> do repartition done
Ippl{0}> *****************************************************************
ParallelTTracker {0}> 09:50:54 Step 140999 at 1.844 [m], t= 1.076 [ms], E=182.632 [keV]
Ippl{0}> *****************************************************************
Ippl{0}> do repartition because of repartFreq_m
Ippl{0}> *****************************************************************
Ippl{0}> *****************************************************************
Ippl{0}> do repartition done
Ippl{0}> *****************************************************************
ParallelTTracker {0}> 09:50:58 Step 141999 at 1.857 [m], t= 1.083 [ms], E=182.632 [keV]
Ippl{0}> *****************************************************************
Ippl{0}> do repartition because of repartFreq_m
Ippl{0}> *****************************************************************
Ippl{0}> *****************************************************************
Ippl{0}> do repartition done
Ippl{0}> *****************************************************************
ParallelTTracker {0}> 09:51:03 Step 142999 at 1.870 [m], t= 1.091 [ms], E=182.632 [keV]
Ippl{0}> *****************************************************************
Ippl{0}> do repartition because of repartFreq_m
Ippl{0}> *****************************************************************
Ippl{0}> *****************************************************************
Ippl{0}> do repartition done
Ippl{0}> *****************************************************************
ParallelTTracker {0}> 09:51:09 Step 143999 at 1.883 [m], t= 1.099 [ms], E=182.632 [keV]
Ippl{0}> *****************************************************************
Ippl{0}> do repartition because of repartFreq_m
Ippl{0}> *****************************************************************
Ippl{0}> *****************************************************************
Ippl{0}> do repartition done
Ippl{0}> *****************************************************************
ParallelTTracker {0}> 09:51:14 Step 144999 at 1.896 [m], t= 1.106 [ms], E=182.632 [keV]
Ippl{0}> *****************************************************************
Ippl{0}> do repartition because of repartFreq_m
Ippl{0}> *****************************************************************
Ippl{0}> *****************************************************************
Ippl{0}> do repartition done
Ippl{0}> *****************************************************************
ParallelTTracker {0}> 09:51:19 Step 145999 at 1.909 [m], t= 1.114 [ms], E=182.632 [keV]
Ippl{0}> *****************************************************************
Ippl{0}> do repartition because of repartFreq_m
Ippl{0}> *****************************************************************
Ippl{0}> *****************************************************************
Ippl{0}> do repartition done
Ippl{0}> *****************************************************************
ParallelTTracker {0}> 09:51:24 Step 146999 at 1.922 [m], t= 1.122 [ms], E=182.632 [keV]
Ippl{0}> *****************************************************************
Ippl{0}> do repartition because of repartFreq_m
Ippl{0}> *****************************************************************
Ippl{0}> *****************************************************************
Ippl{0}> do repartition done
Ippl{0}> *****************************************************************
ParallelTTracker {0}> 09:51:29 Step 147999 at 1.935 [m], t= 1.129 [ms], E=182.632 [keV]
Ippl{0}> *****************************************************************
Ippl{0}> do repartition because of repartFreq_m
Ippl{0}> *****************************************************************
Ippl{0}> *****************************************************************
Ippl{0}> do repartition done
Ippl{0}> *****************************************************************
ParallelTTracker {0}> 09:51:34 Step 148999 at 1.949 [m], t= 1.137 [ms], E=182.632 [keV]
Ippl{0}> *****************************************************************
Ippl{0}> do repartition because of repartFreq_m
Ippl{0}> *****************************************************************
Ippl{0}> *****************************************************************
Ippl{0}> do repartition done
Ippl{0}> *****************************************************************
ParallelTTracker {0}> 09:51:38 Step 149999 at 1.962 [m], t= 1.145 [ms], E=182.632 [keV]
OPAL {0}> 
OPAL {0}> * ************** B U N C H ********************************************************* 
OPAL {0}> * NP              = 14673
OPAL {0}> * Qtot            =        1.249 [pC]         Qi    =        0.085 [fC]
OPAL {0}> * Ekin            =     182.632 [keV]         dEkin =      253.250 [eV]
OPAL {0}> * rmax            = (      8.57910 ,      6.82748 ,     26.20964 ) [mm]
OPAL {0}> * rmin            = (    -12.04156 ,     -6.88652 ,    -29.66526 ) [mm]
OPAL {0}> * rms beam size   = (      4.30574 ,      3.66917 ,     11.94777 ) [mm]
OPAL {0}> * rms momenta     = (  1.84806e-04 ,  4.14547e-05 ,  5.99926e-06 ) [beta gamma]
OPAL {0}> * mean position   = (   -299.81241 ,     70.79043 ,   -589.41966 ) [um]
OPAL {0}> * mean momenta    = (  1.81161e-05 , -6.84193e-06 ,  5.71403e-03 ) [beta gamma]
OPAL {0}> * rms emittance   = (  2.39592e-05 ,  2.63976e-05 ,  8.03895e-06 ) (not normalized)
OPAL {0}> * rms correlation = ( -9.85072e-01 ,  1.24518e-01 ,  7.67367e-01 )
OPAL {0}> * hr              = (      1.41916 ,      0.95196 ,      3.87783 ) [mm]
OPAL {0}> * dh              =   2.00000e+00 [%]
OPAL {0}> * t               =        1.145 [ms]         dT    =        7.630 [ps]
OPAL {0}> * spos            =         1.962 [m]
OPAL {0}> * ********************************************************************************** 
OPAL {0}> 
Ippl{0}> *****************************************************************
Ippl{0}> do repartition because of repartFreq_m
Ippl{0}> *****************************************************************
Ippl{0}> *****************************************************************
Ippl{0}> do repartition done
Ippl{0}> *****************************************************************
ParallelTTracker {0}> 09:51:43 Step 150999 at 1.975 [m], t= 1.152 [ms], E=182.632 [keV]
Ippl{0}> *****************************************************************
Ippl{0}> do repartition because of repartFreq_m
Ippl{0}> *****************************************************************
Ippl{0}> *****************************************************************
Ippl{0}> do repartition done
Ippl{0}> *****************************************************************
ParallelTTracker {0}> 09:51:48 Step 151999 at 1.988 [m], t= 1.160 [ms], E=182.632 [keV]
Ippl{0}> *****************************************************************
Ippl{0}> do repartition because of repartFreq_m
Ippl{0}> *****************************************************************
Ippl{0}> *****************************************************************
Ippl{0}> do repartition done
Ippl{0}> *****************************************************************
ParallelTTracker {0}> 09:51:54 Step 152999 at 2.001 [m], t= 1.167 [ms], E=182.632 [keV]
Ippl{0}> *****************************************************************
Ippl{0}> do repartition because of repartFreq_m
Ippl{0}> *****************************************************************
Ippl{0}> *****************************************************************
Ippl{0}> do repartition done
Ippl{0}> *****************************************************************
ParallelTTracker {0}> 09:51:59 Step 153999 at 2.014 [m], t= 1.175 [ms], E=182.631 [keV]
Ippl{0}> *****************************************************************
Ippl{0}> do repartition because of repartFreq_m
Ippl{0}> *****************************************************************
Ippl{0}> *****************************************************************
Ippl{0}> do repartition done
Ippl{0}> *****************************************************************
ParallelTTracker {0}> 09:52:04 Step 154999 at 2.027 [m], t= 1.183 [ms], E=182.631 [keV]
Ippl{0}> *****************************************************************
Ippl{0}> do repartition because of repartFreq_m
Ippl{0}> *****************************************************************
Ippl{0}> *****************************************************************
Ippl{0}> do repartition done
Ippl{0}> *****************************************************************
ParallelTTracker {0}> 09:52:09 Step 155999 at 2.040 [m], t= 1.190 [ms], E=182.631 [keV]
Ippl{0}> *****************************************************************
Ippl{0}> do repartition because of repartFreq_m
Ippl{0}> *****************************************************************
Ippl{0}> *****************************************************************
Ippl{0}> do repartition done
Ippl{0}> *****************************************************************
ParallelTTracker {0}> 09:52:14 Step 156999 at 2.053 [m], t= 1.198 [ms], E=182.631 [keV]
Ippl{0}> *****************************************************************
Ippl{0}> do repartition because of repartFreq_m
Ippl{0}> *****************************************************************
Ippl{0}> *****************************************************************
Ippl{0}> do repartition done
Ippl{0}> *****************************************************************
ParallelTTracker {0}> 09:52:18 Step 157999 at 2.066 [m], t= 1.206 [ms], E=182.631 [keV]
Ippl{0}> *****************************************************************
Ippl{0}> do repartition because of repartFreq_m
Ippl{0}> *****************************************************************
Ippl{0}> *****************************************************************
Ippl{0}> do repartition done
Ippl{0}> *****************************************************************
ParallelTTracker {0}> 09:52:23 Step 158999 at 2.079 [m], t= 1.213 [ms], E=182.631 [keV]
Ippl{0}> *****************************************************************
Ippl{0}> do repartition because of repartFreq_m
Ippl{0}> *****************************************************************
Ippl{0}> *****************************************************************
Ippl{0}> do repartition done
Ippl{0}> *****************************************************************
ParallelTTracker {0}> 09:52:27 Step 159999 at 2.092 [m], t= 1.221 [ms], E=182.631 [keV]
OPAL {0}> 
OPAL {0}> * ************** B U N C H ********************************************************* 
OPAL {0}> * NP              = 14673
OPAL {0}> * Qtot            =        1.249 [pC]         Qi    =        0.085 [fC]
OPAL {0}> * Ekin            =     182.631 [keV]         dEkin =      278.716 [eV]
OPAL {0}> * rmax            = (      3.33205 ,      5.09674 ,     26.26753 ) [mm]
OPAL {0}> * rmin            = (     -4.76876 ,     -5.82627 ,    -29.97641 ) [mm]
OPAL {0}> * rms beam size   = (      1.67045 ,      2.60249 ,     12.04024 ) [mm]
OPAL {0}> * rms momenta     = (  1.10974e-04 ,  7.92202e-05 ,  4.70361e-06 ) [beta gamma]
OPAL {0}> * mean position   = (    -66.03630 ,     -4.76891 ,   -632.40600 ) [um]
OPAL {0}> * mean momenta    = (  5.14220e-06 ,  5.18038e-07 ,  5.71556e-03 ) [beta gamma]
OPAL {0}> * rms emittance   = (  2.35228e-05 ,  2.51736e-05 ,  5.25925e-06 ) (not normalized)
OPAL {0}> * rms correlation = ( -6.88259e-01 , -7.16023e-01 ,  8.47413e-01 )
OPAL {0}> * hr              = (      0.55818 ,      0.75707 ,      3.90010 ) [mm]
OPAL {0}> * dh              =   2.00000e+00 [%]
OPAL {0}> * t               =        1.221 [ms]         dT    =        7.630 [ps]
OPAL {0}> * spos            =         2.092 [m]
OPAL {0}> * ********************************************************************************** 
OPAL {0}> 
Ippl{0}> *****************************************************************
Ippl{0}> do repartition because of repartFreq_m
Ippl{0}> *****************************************************************
Ippl{0}> *****************************************************************
Ippl{0}> do repartition done
Ippl{0}> *****************************************************************
ParallelTTracker {0}> 09:52:31 Step 160999 at 2.105 [m], t= 1.228 [ms], E=182.631 [keV]
Ippl{0}> *****************************************************************
Ippl{0}> do repartition because of repartFreq_m
Ippl{0}> *****************************************************************
Ippl{0}> *****************************************************************
Ippl{0}> do repartition done
Ippl{0}> *****************************************************************
ParallelTTracker {0}> 09:52:35 Step 161999 at 2.119 [m], t= 1.236 [ms], E=182.631 [keV]
Ippl{0}> *****************************************************************
Ippl{0}> do repartition because of repartFreq_m
Ippl{0}> *****************************************************************
Ippl{0}> *****************************************************************
Ippl{0}> do repartition done
Ippl{0}> *****************************************************************
ParallelTTracker {0}> 09:52:39 Step 162999 at 2.132 [m], t= 1.244 [ms], E=182.630 [keV]
Ippl{0}> *****************************************************************
Ippl{0}> do repartition because of repartFreq_m
Ippl{0}> *****************************************************************
Ippl{0}> *****************************************************************
Ippl{0}> do repartition done
Ippl{0}> *****************************************************************
ParallelTTracker {0}> 09:52:44 Step 163999 at 2.145 [m], t= 1.251 [ms], E=182.630 [keV]
Ippl{0}> *****************************************************************
Ippl{0}> do repartition because of repartFreq_m
Ippl{0}> *****************************************************************
Ippl{0}> *****************************************************************
Ippl{0}> do repartition done
Ippl{0}> *****************************************************************
ParallelTTracker {0}> 09:52:49 Step 164999 at 2.158 [m], t= 1.259 [ms], E=182.630 [keV]
Ippl{0}> *****************************************************************
Ippl{0}> do repartition because of repartFreq_m
Ippl{0}> *****************************************************************
Ippl{0}> *****************************************************************
Ippl{0}> do repartition done
Ippl{0}> *****************************************************************
ParallelTTracker {0}> 09:52:54 Step 165999 at 2.171 [m], t= 1.267 [ms], E=182.631 [keV]
Ippl{0}> *****************************************************************
Ippl{0}> do repartition because of repartFreq_m
Ippl{0}> *****************************************************************
Ippl{0}> *****************************************************************
Ippl{0}> do repartition done
Ippl{0}> *****************************************************************
ParallelTTracker {0}> 09:52:58 Step 166999 at 2.184 [m], t= 1.274 [ms], E=182.631 [keV]
Ippl{0}> *****************************************************************
Ippl{0}> do repartition because of repartFreq_m
Ippl{0}> *****************************************************************
Ippl{0}> *****************************************************************
Ippl{0}> do repartition done
Ippl{0}> *****************************************************************
ParallelTTracker {0}> 09:53:02 Step 167999 at 2.197 [m], t= 1.282 [ms], E=182.631 [keV]
Ippl{0}> *****************************************************************
Ippl{0}> do repartition because of repartFreq_m
Ippl{0}> *****************************************************************
Ippl{0}> *****************************************************************
Ippl{0}> do repartition done
Ippl{0}> *****************************************************************
ParallelTTracker {0}> 09:53:06 Step 168999 at 2.210 [m], t= 1.289 [ms], E=182.631 [keV]
Ippl{0}> *****************************************************************
Ippl{0}> do repartition because of repartFreq_m
Ippl{0}> *****************************************************************
Ippl{0}> *****************************************************************
Ippl{0}> do repartition done
Ippl{0}> *****************************************************************
ParallelTTracker {0}> 09:53:10 Step 169999 at 2.223 [m], t= 1.297 [ms], E=182.631 [keV]
OPAL {0}> 
OPAL {0}> * ************** B U N C H ********************************************************* 
OPAL {0}> * NP              = 14673
OPAL {0}> * Qtot            =        1.249 [pC]         Qi    =        0.085 [fC]
OPAL {0}> * Ekin            =     182.631 [keV]         dEkin =      314.108 [eV]
OPAL {0}> * rmax            = (      4.68585 ,      4.89491 ,     26.34270 ) [mm]
OPAL {0}> * rmin            = (     -4.53659 ,     -4.81233 ,    -30.18957 ) [mm]
OPAL {0}> * rms beam size   = (      1.84685 ,      1.82195 ,     12.13713 ) [mm]
OPAL {0}> * rms momenta     = (  1.11512e-04 ,  7.85607e-05 ,  5.23064e-06 ) [beta gamma]
OPAL {0}> * mean position   = (     51.58445 ,      7.08043 ,   -669.04576 ) [um]
OPAL {0}> * mean momenta    = (  5.14215e-06 ,  5.18049e-07 ,  5.71556e-03 ) [beta gamma]
OPAL {0}> * rms emittance   = (  2.36103e-05 ,  2.50258e-05 ,  5.71872e-06 ) (not normalized)
OPAL {0}> * rms correlation = (  7.55252e-01 , -2.80836e-02 ,  8.57188e-01 )
OPAL {0}> * hr              = (      0.63913 ,      0.67272 ,      3.91958 ) [mm]
OPAL {0}> * dh              =   2.00000e+00 [%]
OPAL {0}> * t               =        1.297 [ms]         dT    =        7.630 [ps]
OPAL {0}> * spos            =         2.223 [m]
OPAL {0}> * ********************************************************************************** 
OPAL {0}> 
Ippl{0}> *****************************************************************
Ippl{0}> do repartition because of repartFreq_m
Ippl{0}> *****************************************************************
Ippl{0}> *****************************************************************
Ippl{0}> do repartition done
Ippl{0}> *****************************************************************
ParallelTTracker {0}> 09:53:14 Step 170999 at 2.236 [m], t= 1.305 [ms], E=182.631 [keV]
Ippl{0}> *****************************************************************
Ippl{0}> do repartition because of repartFreq_m
Ippl{0}> *****************************************************************
Ippl{0}> *****************************************************************
Ippl{0}> do repartition done
Ippl{0}> *****************************************************************
ParallelTTracker {0}> 09:53:18 Step 171999 at 2.249 [m], t= 1.312 [ms], E=182.631 [keV]
Ippl{0}> *****************************************************************
Ippl{0}> do repartition because of repartFreq_m
Ippl{0}> *****************************************************************
Ippl{0}> *****************************************************************
Ippl{0}> do repartition done
Ippl{0}> *****************************************************************
ParallelTTracker {0}> 09:53:23 Step 172999 at 2.262 [m], t= 1.320 [ms], E=182.631 [keV]
Ippl{0}> *****************************************************************
Ippl{0}> do repartition because of repartFreq_m
Ippl{0}> *****************************************************************
Ippl{0}> *****************************************************************
Ippl{0}> do repartition done
Ippl{0}> *****************************************************************
ParallelTTracker {0}> 09:53:27 Step 173999 at 2.275 [m], t= 1.328 [ms], E=182.631 [keV]
Ippl{0}> *****************************************************************
Ippl{0}> do repartition because of repartFreq_m
Ippl{0}> *****************************************************************
Ippl{0}> *****************************************************************
Ippl{0}> do repartition done
Ippl{0}> *****************************************************************
ParallelTTracker {0}> 09:53:31 Step 174999 at 2.289 [m], t= 1.335 [ms], E=182.631 [keV]
Ippl{0}> *****************************************************************
Ippl{0}> do repartition because of repartFreq_m
Ippl{0}> *****************************************************************
Ippl{0}> *****************************************************************
Ippl{0}> do repartition done
Ippl{0}> *****************************************************************
ParallelTTracker {0}> 09:53:35 Step 175999 at 2.302 [m], t= 1.343 [ms], E=182.632 [keV]
Ippl{0}> *****************************************************************
Ippl{0}> do repartition because of repartFreq_m
Ippl{0}> *****************************************************************
Ippl{0}> *****************************************************************
Ippl{0}> do repartition done
Ippl{0}> *****************************************************************
ParallelTTracker {0}> 09:53:39 Step 176999 at 2.315 [m], t= 1.351 [ms], E=182.632 [keV]
Ippl{0}> *****************************************************************
Ippl{0}> do repartition because of repartFreq_m
Ippl{0}> *****************************************************************
Ippl{0}> *****************************************************************
Ippl{0}> do repartition done
Ippl{0}> *****************************************************************
ParallelTTracker {0}> 09:53:43 Step 177999 at 2.328 [m], t= 1.358 [ms], E=182.632 [keV]
Ippl{0}> *****************************************************************
Ippl{0}> do repartition because of repartFreq_m
Ippl{0}> *****************************************************************
Ippl{0}> *****************************************************************
Ippl{0}> do repartition done
Ippl{0}> *****************************************************************
ParallelTTracker {0}> 09:53:48 Step 178999 at 2.341 [m], t= 1.366 [ms], E=182.632 [keV]
Ippl{0}> *****************************************************************
Ippl{0}> do repartition because of repartFreq_m
Ippl{0}> *****************************************************************
Ippl{0}> *****************************************************************
Ippl{0}> do repartition done
Ippl{0}> *****************************************************************
ParallelTTracker {0}> 09:53:52 Step 179999 at 2.354 [m], t= 1.373 [ms], E=182.632 [keV]
OPAL {0}> 
OPAL {0}> * ************** B U N C H ********************************************************* 
OPAL {0}> * NP              = 14673
OPAL {0}> * Qtot            =        1.249 [pC]         Qi    =        0.085 [fC]
OPAL {0}> * Ekin            =     182.632 [keV]         dEkin =      338.481 [eV]
OPAL {0}> * rmax            = (     10.36670 ,      7.28864 ,     26.42889 ) [mm]
OPAL {0}> * rmin            = (    -10.12019 ,     -6.78232 ,    -30.41076 ) [mm]
OPAL {0}> * rms beam size   = (      4.13525 ,      2.52707 ,     12.24420 ) [mm]
OPAL {0}> * rms momenta     = (  1.12103e-04 ,  7.87614e-05 ,  5.59786e-06 ) [beta gamma]
OPAL {0}> * mean position   = (    169.20454 ,     18.93008 ,   -705.68565 ) [um]
OPAL {0}> * mean momenta    = (  5.14211e-06 ,  5.18043e-07 ,  5.71556e-03 ) [beta gamma]
OPAL {0}> * rms emittance   = (  2.36413e-05 ,  2.50537e-05 ,  5.97423e-06 ) (not normalized)
OPAL {0}> * rms correlation = (  9.56551e-01 ,  6.94329e-01 ,  8.66990e-01 )
OPAL {0}> * hr              = (      1.42014 ,      0.97539 ,      3.94038 ) [mm]
OPAL {0}> * dh              =   2.00000e+00 [%]
OPAL {0}> * t               =        1.373 [ms]         dT    =        7.630 [ps]
OPAL {0}> * spos            =         2.354 [m]
OPAL {0}> * ********************************************************************************** 
OPAL {0}> 
Ippl{0}> *****************************************************************
Ippl{0}> do repartition because of repartFreq_m
Ippl{0}> *****************************************************************
Ippl{0}> *****************************************************************
Ippl{0}> do repartition done
Ippl{0}> *****************************************************************
ParallelTTracker {0}> 09:53:56 Step 180999 at 2.367 [m], t= 1.381 [ms], E=182.632 [keV]
Ippl{0}> *****************************************************************
Ippl{0}> do repartition because of repartFreq_m
Ippl{0}> *****************************************************************
Ippl{0}> *****************************************************************
Ippl{0}> do repartition done
Ippl{0}> *****************************************************************
ParallelTTracker {0}> 09:54:00 Step 181999 at 2.380 [m], t= 1.389 [ms], E=182.632 [keV]
Ippl{0}> *****************************************************************
Ippl{0}> do repartition because of repartFreq_m
Ippl{0}> *****************************************************************
Ippl{0}> *****************************************************************
Ippl{0}> do repartition done
Ippl{0}> *****************************************************************
ParallelTTracker {0}> 09:54:04 Step 182999 at 2.393 [m], t= 1.396 [ms], E=182.632 [keV]
Ippl{0}> *****************************************************************
Ippl{0}> do repartition because of repartFreq_m
Ippl{0}> *****************************************************************
Ippl{0}> *****************************************************************
Ippl{0}> do repartition done
Ippl{0}> *****************************************************************
ParallelTTracker {0}> 09:54:08 Step 183999 at 2.406 [m], t= 1.404 [ms], E=182.632 [keV]
Ippl{0}> *****************************************************************
Ippl{0}> do repartition because of repartFreq_m
Ippl{0}> *****************************************************************
Ippl{0}> *****************************************************************
Ippl{0}> do repartition done
Ippl{0}> *****************************************************************
ParallelTTracker {0}> 09:54:13 Step 184999 at 2.419 [m], t= 1.412 [ms], E=182.632 [keV]
Ippl{0}> *****************************************************************
Ippl{0}> do repartition because of repartFreq_m
Ippl{0}> *****************************************************************
Ippl{0}> *****************************************************************
Ippl{0}> do repartition done
Ippl{0}> *****************************************************************
ParallelTTracker {0}> 09:54:17 Step 185999 at 2.432 [m], t= 1.419 [ms], E=182.632 [keV]
Ippl{0}> *****************************************************************
Ippl{0}> do repartition because of repartFreq_m
Ippl{0}> *****************************************************************
Ippl{0}> *****************************************************************
Ippl{0}> do repartition done
Ippl{0}> *****************************************************************
ParallelTTracker {0}> 09:54:21 Step 186999 at 2.445 [m], t= 1.427 [ms], E=182.632 [keV]
Ippl{0}> *****************************************************************
Ippl{0}> do repartition because of repartFreq_m
Ippl{0}> *****************************************************************
Ippl{0}> *****************************************************************
Ippl{0}> do repartition done
Ippl{0}> *****************************************************************
ParallelTTracker {0}> 09:54:25 Step 187999 at 2.459 [m], t= 1.434 [ms], E=182.632 [keV]
Ippl{0}> *****************************************************************
Ippl{0}> do repartition because of repartFreq_m
Ippl{0}> *****************************************************************
Ippl{0}> *****************************************************************
Ippl{0}> do repartition done
Ippl{0}> *****************************************************************
ParallelTTracker {0}> 09:54:29 Step 188999 at 2.472 [m], t= 1.442 [ms], E=182.632 [keV]
Ippl{0}> *****************************************************************
Ippl{0}> do repartition because of repartFreq_m
Ippl{0}> *****************************************************************
Ippl{0}> *****************************************************************
Ippl{0}> do repartition done
Ippl{0}> *****************************************************************
ParallelTTracker {0}> 09:54:33 Step 189999 at 2.485 [m], t= 1.450 [ms], E=182.632 [keV]
OPAL {0}> 
OPAL {0}> * ************** B U N C H ********************************************************* 
OPAL {0}> * NP              = 14673
OPAL {0}> * Qtot            =        1.249 [pC]         Qi    =        0.085 [fC]
OPAL {0}> * Ekin            =     182.632 [keV]         dEkin =      354.443 [eV]
OPAL {0}> * rmax            = (     16.06257 ,     10.94897 ,     26.52508 ) [mm]
OPAL {0}> * rmin            = (    -15.71802 ,    -10.38630 ,    -30.63925 ) [mm]
OPAL {0}> * rms beam size   = (      6.63418 ,      3.99711 ,     12.35829 ) [mm]
OPAL {0}> * rms momenta     = (  1.12397e-04 ,  7.89651e-05 ,  5.83959e-06 ) [beta gamma]
OPAL {0}> * mean position   = (    286.82328 ,     30.77954 ,   -742.32565 ) [um]
OPAL {0}> * mean momenta    = (  5.14204e-06 ,  5.18031e-07 ,  5.71556e-03 ) [beta gamma]
OPAL {0}> * rms emittance   = (  2.36207e-05 ,  2.50662e-05 ,  6.11476e-06 ) (not normalized)
OPAL {0}> * rms correlation = (  9.83463e-01 ,  8.90982e-01 ,  8.74835e-01 )
OPAL {0}> * hr              = (      2.20317 ,      1.47923 ,      3.96238 ) [mm]
OPAL {0}> * dh              =   2.00000e+00 [%]
OPAL {0}> * t               =        1.450 [ms]         dT    =        7.630 [ps]
OPAL {0}> * spos            =         2.485 [m]
OPAL {0}> * ********************************************************************************** 
OPAL {0}> 
Ippl{0}> *****************************************************************
Ippl{0}> do repartition because of repartFreq_m
Ippl{0}> *****************************************************************
Ippl{0}> *****************************************************************
Ippl{0}> do repartition done
Ippl{0}> *****************************************************************
ParallelTTracker {0}> 09:54:37 Step 190999 at 2.498 [m], t= 1.457 [ms], E=182.632 [keV]
Ippl{0}> *****************************************************************
Ippl{0}> do repartition because of repartFreq_m
Ippl{0}> *****************************************************************
Ippl{0}> *****************************************************************
Ippl{0}> do repartition done
Ippl{0}> *****************************************************************
ParallelTTracker {0}> 09:54:41 Step 191999 at 2.511 [m], t= 1.465 [ms], E=182.633 [keV]
Ippl{0}> *****************************************************************
Ippl{0}> do repartition because of repartFreq_m
Ippl{0}> *****************************************************************
Ippl{0}> *****************************************************************
Ippl{0}> do repartition done
Ippl{0}> *****************************************************************
ParallelTTracker {0}> 09:54:45 Step 192999 at 2.524 [m], t= 1.473 [ms], E=182.633 [keV]
Ippl{0}> *****************************************************************
Ippl{0}> do repartition because of repartFreq_m
Ippl{0}> *****************************************************************
Ippl{0}> *****************************************************************
Ippl{0}> do repartition done
Ippl{0}> *****************************************************************
ParallelTTracker {0}> 09:54:49 Step 193999 at 2.537 [m], t= 1.480 [ms], E=182.633 [keV]
Ippl{0}> *****************************************************************
Ippl{0}> do repartition because of repartFreq_m
Ippl{0}> *****************************************************************
Ippl{0}> *****************************************************************
Ippl{0}> do repartition done
Ippl{0}> *****************************************************************
ParallelTTracker {0}> 09:54:54 Step 194999 at 2.550 [m], t= 1.488 [ms], E=182.633 [keV]
Ippl{0}> *****************************************************************
Ippl{0}> do repartition because of repartFreq_m
Ippl{0}> *****************************************************************
Ippl{0}> *****************************************************************
Ippl{0}> do repartition done
Ippl{0}> *****************************************************************
ParallelTTracker {0}> 09:54:58 Step 195999 at 2.563 [m], t= 1.495 [ms], E=182.633 [keV]
Ippl{0}> *****************************************************************
Ippl{0}> do repartition because of repartFreq_m
Ippl{0}> *****************************************************************
Ippl{0}> *****************************************************************
Ippl{0}> do repartition done
Ippl{0}> *****************************************************************
ParallelTTracker {0}> 09:55:02 Step 196999 at 2.576 [m], t= 1.503 [ms], E=182.633 [keV]
Ippl{0}> *****************************************************************
Ippl{0}> do repartition because of repartFreq_m
Ippl{0}> *****************************************************************
Ippl{0}> *****************************************************************
Ippl{0}> do repartition done
Ippl{0}> *****************************************************************
ParallelTTracker {0}> 09:55:06 Step 197999 at 2.589 [m], t= 1.511 [ms], E=182.633 [keV]
Ippl{0}> *****************************************************************
Ippl{0}> do repartition because of repartFreq_m
Ippl{0}> *****************************************************************
Ippl{0}> *****************************************************************
Ippl{0}> do repartition done
Ippl{0}> *****************************************************************
ParallelTTracker {0}> 09:55:10 Step 198999 at 2.602 [m], t= 1.518 [ms], E=182.633 [keV]
Ippl{0}> *****************************************************************
Ippl{0}> do repartition because of repartFreq_m
Ippl{0}> *****************************************************************
Ippl{0}> *****************************************************************
Ippl{0}> do repartition done
Ippl{0}> *****************************************************************
ParallelTTracker {0}> 09:55:14 Step 199999 at 2.615 [m], t= 1.526 [ms], E=182.633 [keV]
OPAL {0}> 
OPAL {0}> * ************** B U N C H ********************************************************* 
OPAL {0}> * NP              = 14673
OPAL {0}> * Qtot            =        1.249 [pC]         Qi    =        0.085 [fC]
OPAL {0}> * Ekin            =     182.633 [keV]         dEkin =      365.758 [eV]
OPAL {0}> * rmax            = (     21.76815 ,     15.61590 ,     26.62919 ) [mm]
OPAL {0}> * rmin            = (    -21.36431 ,    -14.84044 ,    -30.87368 ) [mm]
OPAL {0}> * rms beam size   = (      9.17671 ,      5.66797 ,     12.47741 ) [mm]
OPAL {0}> * rms momenta     = (  1.12579e-04 ,  7.91071e-05 ,  6.01134e-06 ) [beta gamma]
OPAL {0}> * mean position   = (    404.44050 ,     42.62885 ,   -778.96572 ) [um]
OPAL {0}> * mean momenta    = (  5.14198e-06 ,  5.18030e-07 ,  5.71556e-03 ) [beta gamma]
OPAL {0}> * rms emittance   = (  2.35923e-05 ,  2.50634e-05 ,  6.19607e-06 ) (not normalized)
OPAL {0}> * rms correlation = (  9.91440e-01 ,  9.47559e-01 ,  8.81445e-01 )
OPAL {0}> * hr              = (      2.99049 ,      2.11162 ,      3.98534 ) [mm]
OPAL {0}> * dh              =   2.00000e+00 [%]
OPAL {0}> * t               =        1.526 [ms]         dT    =        7.630 [ps]
OPAL {0}> * spos            =         2.615 [m]
OPAL {0}> * ********************************************************************************** 
OPAL {0}> 
Ippl{0}> *****************************************************************
Ippl{0}> do repartition because of repartFreq_m
Ippl{0}> *****************************************************************
Ippl{0}> *****************************************************************
Ippl{0}> do repartition done
Ippl{0}> *****************************************************************
ParallelTTracker {0}> 09:55:18 Step 200999 at 2.629 [m], t= 1.534 [ms], E=182.633 [keV]
Ippl{0}> *****************************************************************
Ippl{0}> do repartition because of repartFreq_m
Ippl{0}> *****************************************************************
Ippl{0}> *****************************************************************
Ippl{0}> do repartition done
Ippl{0}> *****************************************************************
ParallelTTracker {0}> 09:55:22 Step 201999 at 2.642 [m], t= 1.541 [ms], E=182.633 [keV]
Ippl{0}> *****************************************************************
Ippl{0}> do repartition because of repartFreq_m
Ippl{0}> *****************************************************************
Ippl{0}> *****************************************************************
Ippl{0}> do repartition done
Ippl{0}> *****************************************************************
ParallelTTracker {0}> 09:55:26 Step 202999 at 2.655 [m], t= 1.549 [ms], E=182.633 [keV]
Ippl{0}> *****************************************************************
Ippl{0}> do repartition because of repartFreq_m
Ippl{0}> *****************************************************************
Ippl{0}> *****************************************************************
Ippl{0}> do repartition done
Ippl{0}> *****************************************************************
ParallelTTracker {0}> 09:55:30 Step 203999 at 2.668 [m], t= 1.557 [ms], E=182.633 [keV]
Ippl{0}> *****************************************************************
Ippl{0}> do repartition because of repartFreq_m
Ippl{0}> *****************************************************************
Ippl{0}> *****************************************************************
Ippl{0}> do repartition done
Ippl{0}> *****************************************************************
ParallelTTracker {0}> 09:55:35 Step 204999 at 2.681 [m], t= 1.564 [ms], E=182.633 [keV]
Ippl{0}> *****************************************************************
Ippl{0}> do repartition because of repartFreq_m
Ippl{0}> *****************************************************************
Ippl{0}> *****************************************************************
Ippl{0}> do repartition done
Ippl{0}> *****************************************************************
ParallelTTracker {0}> 09:55:39 Step 205999 at 2.694 [m], t= 1.572 [ms], E=182.633 [keV]
Ippl{0}> *****************************************************************
Ippl{0}> do repartition because of repartFreq_m
Ippl{0}> *****************************************************************
Ippl{0}> *****************************************************************
Ippl{0}> do repartition done
Ippl{0}> *****************************************************************
ParallelTTracker {0}> 09:55:43 Step 206999 at 2.707 [m], t= 1.579 [ms], E=182.633 [keV]
Ippl{0}> *****************************************************************
Ippl{0}> do repartition because of repartFreq_m
Ippl{0}> *****************************************************************
Ippl{0}> *****************************************************************
Ippl{0}> do repartition done
Ippl{0}> *****************************************************************
ParallelTTracker {0}> 09:55:47 Step 207999 at 2.720 [m], t= 1.587 [ms], E=182.633 [keV]
Ippl{0}> *****************************************************************
Ippl{0}> do repartition because of repartFreq_m
Ippl{0}> *****************************************************************
Ippl{0}> *****************************************************************
Ippl{0}> do repartition done
Ippl{0}> *****************************************************************
ParallelTTracker {0}> 09:55:51 Step 208999 at 2.733 [m], t= 1.595 [ms], E=182.633 [keV]
Ippl{0}> *****************************************************************
Ippl{0}> do repartition because of repartFreq_m
Ippl{0}> *****************************************************************
Ippl{0}> *****************************************************************
Ippl{0}> do repartition done
Ippl{0}> *****************************************************************
ParallelTTracker {0}> 09:55:55 Step 209999 at 2.746 [m], t= 1.602 [ms], E=182.633 [keV]
OPAL {0}> 
OPAL {0}> * ************** B U N C H ********************************************************* 
OPAL {0}> * NP              = 14673
OPAL {0}> * Qtot            =        1.249 [pC]         Qi    =        0.085 [fC]
OPAL {0}> * Ekin            =     182.633 [keV]         dEkin =      374.288 [eV]
OPAL {0}> * rmax            = (     27.48045 ,     20.28968 ,     26.73928 ) [mm]
OPAL {0}> * rmin            = (    -27.07201 ,    -19.30178 ,    -31.11266 ) [mm]
OPAL {0}> * rms beam size   = (     11.73613 ,      7.40649 ,     12.60037 ) [mm]
OPAL {0}> * rms momenta     = (  1.12705e-04 ,  7.92102e-05 ,  6.14094e-06 ) [beta gamma]
OPAL {0}> * mean position   = (    522.05647 ,     54.47814 ,   -815.60582 ) [um]
OPAL {0}> * mean momenta    = (  5.14193e-06 ,  5.18029e-07 ,  5.71556e-03 ) [beta gamma]
OPAL {0}> * rms emittance   = (  2.35653e-05 ,  2.50527e-05 ,  6.24592e-06 ) (not normalized)
OPAL {0}> * rms correlation = (  9.94799e-01 ,  9.69739e-01 ,  8.87145e-01 )
OPAL {0}> * hr              = (      3.78228 ,      2.74499 ,      4.00902 ) [mm]
OPAL {0}> * dh              =   2.00000e+00 [%]
OPAL {0}> * t               =        1.602 [ms]         dT    =        7.630 [ps]
OPAL {0}> * spos            =         2.746 [m]
OPAL {0}> * ********************************************************************************** 
OPAL {0}> 
Ippl{0}> *****************************************************************
Ippl{0}> do repartition because of repartFreq_m
Ippl{0}> *****************************************************************
Ippl{0}> *****************************************************************
Ippl{0}> do repartition done
Ippl{0}> *****************************************************************
ParallelTTracker {0}> 09:55:59 Step 210999 at 2.759 [m], t= 1.610 [ms], E=182.633 [keV]
Ippl{0}> *****************************************************************
Ippl{0}> do repartition because of repartFreq_m
Ippl{0}> *****************************************************************
Ippl{0}> *****************************************************************
Ippl{0}> do repartition done
Ippl{0}> *****************************************************************
ParallelTTracker {0}> 09:56:03 Step 211999 at 2.772 [m], t= 1.618 [ms], E=182.633 [keV]
Ippl{0}> *****************************************************************
Ippl{0}> do repartition because of repartFreq_m
Ippl{0}> *****************************************************************
Ippl{0}> *****************************************************************
Ippl{0}> do repartition done
Ippl{0}> *****************************************************************
ParallelTTracker {0}> 09:56:08 Step 212999 at 2.785 [m], t= 1.625 [ms], E=182.633 [keV]
Ippl{0}> *****************************************************************
Ippl{0}> do repartition because of repartFreq_m
Ippl{0}> *****************************************************************
Ippl{0}> *****************************************************************
Ippl{0}> do repartition done
Ippl{0}> *****************************************************************
ParallelTTracker {0}> 09:56:12 Step 213999 at 2.799 [m], t= 1.633 [ms], E=182.633 [keV]
Ippl{0}> *****************************************************************
Ippl{0}> do repartition because of repartFreq_m
Ippl{0}> *****************************************************************
Ippl{0}> *****************************************************************
Ippl{0}> do repartition done
Ippl{0}> *****************************************************************
ParallelTTracker {0}> 09:56:17 Step 214999 at 2.812 [m], t= 1.640 [ms], E=182.633 [keV]
Ippl{0}> *****************************************************************
Ippl{0}> do repartition because of repartFreq_m
Ippl{0}> *****************************************************************
Ippl{0}> *****************************************************************
Ippl{0}> do repartition done
Ippl{0}> *****************************************************************
ParallelTTracker {0}> 09:56:21 Step 215999 at 2.825 [m], t= 1.648 [ms], E=182.633 [keV]
Ippl{0}> *****************************************************************
Ippl{0}> do repartition because of repartFreq_m
Ippl{0}> *****************************************************************
Ippl{0}> *****************************************************************
Ippl{0}> do repartition done
Ippl{0}> *****************************************************************
ParallelTTracker {0}> 09:56:27 Step 216999 at 2.838 [m], t= 1.656 [ms], E=182.633 [keV]
Ippl{0}> *****************************************************************
Ippl{0}> do repartition because of repartFreq_m
Ippl{0}> *****************************************************************
Ippl{0}> *****************************************************************
Ippl{0}> do repartition done
Ippl{0}> *****************************************************************
ParallelTTracker {0}> 09:56:33 Step 217999 at 2.851 [m], t= 1.663 [ms], E=182.633 [keV]
Ippl{0}> *****************************************************************
Ippl{0}> do repartition because of repartFreq_m
Ippl{0}> *****************************************************************
Ippl{0}> *****************************************************************
Ippl{0}> do repartition done
Ippl{0}> *****************************************************************
ParallelTTracker {0}> 09:56:40 Step 218999 at 2.864 [m], t= 1.671 [ms], E=182.633 [keV]
Ippl{0}> *****************************************************************
Ippl{0}> do repartition because of repartFreq_m
Ippl{0}> *****************************************************************
Ippl{0}> *****************************************************************
Ippl{0}> do repartition done
Ippl{0}> *****************************************************************
ParallelTTracker {0}> 09:56:46 Step 219999 at 2.877 [m], t= 1.679 [ms], E=182.633 [keV]
OPAL {0}> 
OPAL {0}> * ************** B U N C H ********************************************************* 
OPAL {0}> * NP              = 14673
OPAL {0}> * Qtot            =        1.249 [pC]         Qi    =        0.085 [fC]
OPAL {0}> * Ekin            =     182.633 [keV]         dEkin =      380.998 [eV]
OPAL {0}> * rmax            = (     33.30779 ,     24.89132 ,     26.85348 ) [mm]
OPAL {0}> * rmin            = (    -32.91384 ,    -23.68787 ,    -31.35511 ) [mm]
OPAL {0}> * rms beam size   = (     14.35099 ,      9.10125 ,     12.72641 ) [mm]
OPAL {0}> * rms momenta     = (  1.26825e-04 ,  5.83643e-05 ,  6.23118e-06 ) [beta gamma]
OPAL {0}> * mean position   = (    641.86979 ,     79.25995 ,   -852.27241 ) [um]
OPAL {0}> * mean momenta    = (  5.78521e-06 ,  3.15243e-06 ,  5.71552e-03 ) [beta gamma]
OPAL {0}> * rms emittance   = (  2.64994e-05 ,  2.94487e-05 ,  6.36080e-06 ) (not normalized)
OPAL {0}> * rms correlation = (  9.96529e-01 ,  9.48439e-01 ,  8.88650e-01 )
OPAL {0}> * hr              = (      4.59134 ,      3.36822 ,      4.03299 ) [mm]
OPAL {0}> * dh              =   2.00000e+00 [%]
OPAL {0}> * t               =        1.679 [ms]         dT    =        7.630 [ps]
OPAL {0}> * spos            =         2.877 [m]
OPAL {0}> * ********************************************************************************** 
OPAL {0}> 
Ippl{0}> *****************************************************************
Ippl{0}> do repartition because of repartFreq_m
Ippl{0}> *****************************************************************
Ippl{0}> *****************************************************************
Ippl{0}> do repartition done
Ippl{0}> *****************************************************************
ParallelTTracker {0}> 09:56:52 Step 220999 at 2.890 [m], t= 1.686 [ms], E=182.633 [keV]
Ippl{0}> *****************************************************************
Ippl{0}> do repartition because of repartFreq_m
Ippl{0}> *****************************************************************
Ippl{0}> *****************************************************************
Ippl{0}> do repartition done
Ippl{0}> *****************************************************************
ParallelTTracker {0}> 09:56:59 Step 221999 at 2.903 [m], t= 1.694 [ms], E=182.633 [keV]
Ippl{0}> *****************************************************************
Ippl{0}> do repartition because of repartFreq_m
Ippl{0}> *****************************************************************
Ippl{0}> *****************************************************************
Ippl{0}> do repartition done
Ippl{0}> *****************************************************************
ParallelTTracker {0}> 09:57:05 Step 222999 at 2.916 [m], t= 1.701 [ms], E=182.633 [keV]
Ippl{0}> *****************************************************************
Ippl{0}> do repartition because of repartFreq_m
Ippl{0}> *****************************************************************
Ippl{0}> *****************************************************************
Ippl{0}> do repartition done
Ippl{0}> *****************************************************************
ParallelTTracker {0}> 09:57:12 Step 223999 at 2.929 [m], t= 1.709 [ms], E=182.633 [keV]
Ippl{0}> *****************************************************************
Ippl{0}> do repartition because of repartFreq_m
Ippl{0}> *****************************************************************
Ippl{0}> *****************************************************************
Ippl{0}> do repartition done
Ippl{0}> *****************************************************************
ParallelTTracker {0}> 09:57:18 Step 224999 at 2.942 [m], t= 1.717 [ms], E=182.633 [keV]
Ippl{0}> *****************************************************************
Ippl{0}> do repartition because of repartFreq_m
Ippl{0}> *****************************************************************
Ippl{0}> *****************************************************************
Ippl{0}> do repartition done
Ippl{0}> *****************************************************************
ParallelTTracker {0}> 09:57:24 Step 225999 at 2.955 [m], t= 1.724 [ms], E=182.633 [keV]
Ippl{0}> *****************************************************************
Ippl{0}> do repartition because of repartFreq_m
Ippl{0}> *****************************************************************
Ippl{0}> *****************************************************************
Ippl{0}> do repartition done
Ippl{0}> *****************************************************************
ParallelTTracker {0}> 09:57:31 Step 226999 at 2.969 [m], t= 1.732 [ms], E=182.633 [keV]
Ippl{0}> *****************************************************************
Ippl{0}> do repartition because of repartFreq_m
Ippl{0}> *****************************************************************
Ippl{0}> *****************************************************************
Ippl{0}> do repartition done
Ippl{0}> *****************************************************************
ParallelTTracker {0}> 09:57:37 Step 227999 at 2.982 [m], t= 1.740 [ms], E=182.633 [keV]
Ippl{0}> *****************************************************************
Ippl{0}> do repartition because of repartFreq_m
Ippl{0}> *****************************************************************
Ippl{0}> *****************************************************************
Ippl{0}> do repartition done
Ippl{0}> *****************************************************************
ParallelTTracker {0}> 09:57:44 Step 228999 at 2.995 [m], t= 1.747 [ms], E=182.633 [keV]
Ippl{0}> *****************************************************************
Ippl{0}> do repartition because of repartFreq_m
Ippl{0}> *****************************************************************
Ippl{0}> *****************************************************************
Ippl{0}> do repartition done
Ippl{0}> *****************************************************************
ParallelTTracker {0}> 09:57:50 Step 229999 at 3.008 [m], t= 1.755 [ms], E=182.633 [keV]
OPAL {0}> 
OPAL {0}> * ************** B U N C H ********************************************************* 
OPAL {0}> * NP              = 14673
OPAL {0}> * Qtot            =        1.249 [pC]         Qi    =        0.085 [fC]
OPAL {0}> * Ekin            =     182.633 [keV]         dEkin =      386.509 [eV]
OPAL {0}> * rmax            = (     42.90727 ,     21.57770 ,     26.73463 ) [mm]
OPAL {0}> * rmin            = (    -42.23365 ,    -20.31317 ,    -31.85216 ) [mm]
OPAL {0}> * rms beam size   = (     18.27610 ,      6.03778 ,     12.84168 ) [mm]
OPAL {0}> * rms momenta     = (  1.53596e-04 ,  4.73171e-04 ,  2.38218e-05 ) [beta gamma]
OPAL {0}> * mean position   = (      0.88255 ,      0.06954 ,     -1.08610 ) [mm]
OPAL {0}> * mean momenta    = (  8.90860e-06 , -2.27055e-05 ,  5.69544e-03 ) [beta gamma]
OPAL {0}> * rms emittance   = (  4.19146e-04 ,  4.16444e-04 ,  5.09153e-05 ) (not normalized)
OPAL {0}> * rms correlation = (  5.20820e-01 , -5.52689e-01 ,  3.07460e-01 )
OPAL {0}> * hr              = (      5.90277 ,      2.90386 ,      4.05301 ) [mm]
OPAL {0}> * dh              =   2.00000e+00 [%]
OPAL {0}> * t               =        1.755 [ms]         dT    =        7.630 [ps]
OPAL {0}> * spos            =         3.008 [m]
OPAL {0}> * ********************************************************************************** 
OPAL {0}> 
Ippl{0}> *****************************************************************
Ippl{0}> do repartition because of repartFreq_m
Ippl{0}> *****************************************************************
Ippl{0}> *****************************************************************
Ippl{0}> do repartition done
Ippl{0}> *****************************************************************
ParallelTTracker {0}> 09:57:57 Step 230999 at 3.021 [m], t= 1.763 [ms], E=182.633 [keV]
Ippl{0}> *****************************************************************
Ippl{0}> do repartition because of repartFreq_m
Ippl{0}> *****************************************************************
Ippl{0}> *****************************************************************
Ippl{0}> do repartition done
Ippl{0}> *****************************************************************
ParallelTTracker {0}> 09:58:03 Step 231999 at 3.034 [m], t= 1.770 [ms], E=182.633 [keV]
Ippl{0}> *****************************************************************
Ippl{0}> do repartition because of repartFreq_m
Ippl{0}> *****************************************************************
Ippl{0}> *****************************************************************
Ippl{0}> do repartition done
Ippl{0}> *****************************************************************
ParallelTTracker {0}> 09:58:09 Step 232999 at 3.047 [m], t= 1.778 [ms], E=182.633 [keV]
Ippl{0}> *****************************************************************
Ippl{0}> do repartition because of repartFreq_m
Ippl{0}> *****************************************************************
Ippl{0}> *****************************************************************
Ippl{0}> do repartition done
Ippl{0}> *****************************************************************
ParallelTTracker {0}> 09:58:15 Step 233999 at 3.060 [m], t= 1.785 [ms], E=182.633 [keV]
Ippl{0}> *****************************************************************
Ippl{0}> do repartition because of repartFreq_m
Ippl{0}> *****************************************************************
Ippl{0}> *****************************************************************
Ippl{0}> do repartition done
Ippl{0}> *****************************************************************
ParallelTTracker {0}> 09:58:21 Step 234999 at 3.073 [m], t= 1.793 [ms], E=182.633 [keV]
Ippl{0}> *****************************************************************
Ippl{0}> do repartition because of repartFreq_m
Ippl{0}> *****************************************************************
Ippl{0}> *****************************************************************
Ippl{0}> do repartition done
Ippl{0}> *****************************************************************
ParallelTTracker {0}> 09:58:27 Step 235999 at 3.086 [m], t= 1.801 [ms], E=182.633 [keV]
Ippl{0}> *****************************************************************
Ippl{0}> do repartition because of repartFreq_m
Ippl{0}> *****************************************************************
Ippl{0}> *****************************************************************
Ippl{0}> do repartition done
Ippl{0}> *****************************************************************
ParallelTTracker {0}> 09:58:34 Step 236999 at 3.099 [m], t= 1.808 [ms], E=182.633 [keV]
Ippl{0}> *****************************************************************
Ippl{0}> do repartition because of repartFreq_m
Ippl{0}> *****************************************************************
Ippl{0}> *****************************************************************
Ippl{0}> do repartition done
Ippl{0}> *****************************************************************
ParallelTTracker {0}> 09:58:40 Step 237999 at 3.112 [m], t= 1.816 [ms], E=182.633 [keV]
Ippl{0}> *****************************************************************
Ippl{0}> do repartition because of repartFreq_m
Ippl{0}> *****************************************************************
Ippl{0}> *****************************************************************
Ippl{0}> do repartition done
Ippl{0}> *****************************************************************
ParallelTTracker {0}> 09:58:46 Step 238999 at 3.125 [m], t= 1.824 [ms], E=182.633 [keV]
Ippl{0}> *****************************************************************
Ippl{0}> do repartition because of repartFreq_m
Ippl{0}> *****************************************************************
Ippl{0}> *****************************************************************
Ippl{0}> do repartition done
Ippl{0}> *****************************************************************
ParallelTTracker {0}> 09:58:52 Step 239999 at 3.139 [m], t= 1.831 [ms], E=182.633 [keV]
OPAL {0}> 
OPAL {0}> * ************** B U N C H ********************************************************* 
OPAL {0}> * NP              = 14673
OPAL {0}> * Qtot            =        1.249 [pC]         Qi    =        0.085 [fC]
OPAL {0}> * Ekin            =     182.633 [keV]         dEkin =      392.213 [eV]
OPAL {0}> * rmax            = (     31.40404 ,     19.07225 ,     26.48134 ) [mm]
OPAL {0}> * rmin            = (    -31.66423 ,    -21.81855 ,    -33.29563 ) [mm]
OPAL {0}> * rms beam size   = (     13.80965 ,      6.94967 ,     13.04018 ) [mm]
OPAL {0}> * rms momenta     = (  4.25767e-04 ,  2.44763e-04 ,  2.38821e-05 ) [beta gamma]
OPAL {0}> * mean position   = (      0.69609 ,     -0.48512 ,     -1.60514 ) [mm]
OPAL {0}> * mean momenta    = ( -2.46269e-05 , -1.64450e-05 ,  5.69597e-03 ) [beta gamma]
OPAL {0}> * rms emittance   = (  2.53683e-04 ,  2.55039e-04 ,  4.98142e-05 ) (not normalized)
OPAL {0}> * rms correlation = ( -9.69099e-01 ,  5.14984e-01 ,  4.04595e-01 )
OPAL {0}> * hr              = (      4.37366 ,      2.84521 ,      4.14548 ) [mm]
OPAL {0}> * dh              =   2.00000e+00 [%]
OPAL {0}> * t               =        1.831 [ms]         dT    =        7.630 [ps]
OPAL {0}> * spos            =         3.139 [m]
OPAL {0}> * ********************************************************************************** 
OPAL {0}> 
Ippl{0}> *****************************************************************
Ippl{0}> do repartition because of repartFreq_m
Ippl{0}> *****************************************************************
Ippl{0}> *****************************************************************
Ippl{0}> do repartition done
Ippl{0}> *****************************************************************
ParallelTTracker {0}> 09:58:58 Step 240999 at 3.152 [m], t= 1.839 [ms], E=182.633 [keV]
Ippl{0}> *****************************************************************
Ippl{0}> do repartition because of repartFreq_m
Ippl{0}> *****************************************************************
Ippl{0}> *****************************************************************
Ippl{0}> do repartition done
Ippl{0}> *****************************************************************
ParallelTTracker {0}> 09:59:05 Step 241999 at 3.165 [m], t= 1.846 [ms], E=182.633 [keV]
Ippl{0}> *****************************************************************
Ippl{0}> do repartition because of repartFreq_m
Ippl{0}> *****************************************************************
Ippl{0}> *****************************************************************
Ippl{0}> do repartition done
Ippl{0}> *****************************************************************
ParallelTTracker {0}> 09:59:11 Step 242999 at 3.178 [m], t= 1.854 [ms], E=182.633 [keV]
Ippl{0}> *****************************************************************
Ippl{0}> do repartition because of repartFreq_m
Ippl{0}> *****************************************************************
Ippl{0}> *****************************************************************
Ippl{0}> do repartition done
Ippl{0}> *****************************************************************
ParallelTTracker {0}> 09:59:18 Step 243999 at 3.191 [m], t= 1.862 [ms], E=182.633 [keV]
Ippl{0}> *****************************************************************
Ippl{0}> do repartition because of repartFreq_m
Ippl{0}> *****************************************************************
Ippl{0}> *****************************************************************
Ippl{0}> do repartition done
Ippl{0}> *****************************************************************
ParallelTTracker {0}> 09:59:24 Step 244999 at 3.204 [m], t= 1.869 [ms], E=182.633 [keV]
Ippl{0}> *****************************************************************
Ippl{0}> do repartition because of repartFreq_m
Ippl{0}> *****************************************************************
Ippl{0}> *****************************************************************
Ippl{0}> do repartition done
Ippl{0}> *****************************************************************
ParallelTTracker {0}> 09:59:31 Step 245999 at 3.217 [m], t= 1.877 [ms], E=182.633 [keV]
Ippl{0}> *****************************************************************
Ippl{0}> do repartition because of repartFreq_m
Ippl{0}> *****************************************************************
Ippl{0}> *****************************************************************
Ippl{0}> do repartition done
Ippl{0}> *****************************************************************
ParallelTTracker {0}> 09:59:37 Step 246999 at 3.230 [m], t= 1.885 [ms], E=182.633 [keV]
Ippl{0}> *****************************************************************
Ippl{0}> do repartition because of repartFreq_m
Ippl{0}> *****************************************************************
Ippl{0}> *****************************************************************
Ippl{0}> do repartition done
Ippl{0}> *****************************************************************
ParallelTTracker {0}> 09:59:43 Step 247999 at 3.243 [m], t= 1.892 [ms], E=182.633 [keV]
Ippl{0}> *****************************************************************
Ippl{0}> do repartition because of repartFreq_m
Ippl{0}> *****************************************************************
Ippl{0}> *****************************************************************
Ippl{0}> do repartition done
Ippl{0}> *****************************************************************
ParallelTTracker {0}> 09:59:50 Step 248999 at 3.256 [m], t= 1.900 [ms], E=182.633 [keV]
Ippl{0}> *****************************************************************
Ippl{0}> do repartition because of repartFreq_m
Ippl{0}> *****************************************************************
Ippl{0}> *****************************************************************
Ippl{0}> do repartition done
Ippl{0}> *****************************************************************
ParallelTTracker {0}> 09:59:56 Step 249999 at 3.269 [m], t= 1.907 [ms], E=182.632 [keV]
OPAL {0}> 
OPAL {0}> * ************** B U N C H ********************************************************* 
OPAL {0}> * NP              = 14673
OPAL {0}> * Qtot            =        1.249 [pC]         Qi    =        0.085 [fC]
OPAL {0}> * Ekin            =     182.632 [keV]         dEkin =      401.473 [eV]
OPAL {0}> * rmax            = (     11.15127 ,      9.11399 ,     26.39962 ) [mm]
OPAL {0}> * rmin            = (    -10.73590 ,    -14.06898 ,    -34.46310 ) [mm]
OPAL {0}> * rms beam size   = (      5.52735 ,      4.26526 ,     13.24635 ) [mm]
OPAL {0}> * rms momenta     = (  2.89539e-04 ,  2.61061e-04 ,  1.59831e-05 ) [beta gamma]
OPAL {0}> * mean position   = (      0.17116 ,     -0.45122 ,     -1.96173 ) [mm]
OPAL {0}> * mean momenta    = ( -9.17104e-06 ,  1.45999e-05 ,  5.70386e-03 ) [beta gamma]
OPAL {0}> * rms emittance   = (  4.89298e-05 ,  3.55680e-05 ,  3.16716e-05 ) (not normalized)
OPAL {0}> * rms correlation = ( -9.84604e-01 , -9.83183e-01 ,  5.18200e-01 )
OPAL {0}> * hr              = (      1.51832 ,      1.60300 ,      4.22383 ) [mm]
OPAL {0}> * dh              =   2.00000e+00 [%]
OPAL {0}> * t               =        1.907 [ms]         dT    =        7.630 [ps]
OPAL {0}> * spos            =         3.269 [m]
OPAL {0}> * ********************************************************************************** 
OPAL {0}> 
Ippl{0}> *****************************************************************
Ippl{0}> do repartition because of repartFreq_m
Ippl{0}> *****************************************************************
Ippl{0}> *****************************************************************
Ippl{0}> do repartition done
Ippl{0}> *****************************************************************
ParallelTTracker {0}> 10:00:03 Step 250999 at 3.282 [m], t= 1.915 [ms], E=182.632 [keV]
Ippl{0}> *****************************************************************
Ippl{0}> do repartition because of repartFreq_m
Ippl{0}> *****************************************************************
Ippl{0}> *****************************************************************
Ippl{0}> do repartition done
Ippl{0}> *****************************************************************
ParallelTTracker {0}> 10:00:10 Step 251999 at 3.295 [m], t= 1.923 [ms], E=182.632 [keV]
Ippl{0}> *****************************************************************
Ippl{0}> do repartition because of repartFreq_m
Ippl{0}> *****************************************************************
Ippl{0}> *****************************************************************
Ippl{0}> do repartition done
Ippl{0}> *****************************************************************
ParallelTTracker {0}> 10:00:16 Step 252999 at 3.309 [m], t= 1.930 [ms], E=182.632 [keV]
Ippl{0}> *****************************************************************
Ippl{0}> do repartition because of repartFreq_m
Ippl{0}> *****************************************************************
Ippl{0}> *****************************************************************
Ippl{0}> do repartition done
Ippl{0}> *****************************************************************
ParallelTTracker {0}> 10:00:21 Step 253999 at 3.322 [m], t= 1.938 [ms], E=182.632 [keV]
Ippl{0}> *****************************************************************
Ippl{0}> do repartition because of repartFreq_m
Ippl{0}> *****************************************************************
Ippl{0}> *****************************************************************
Ippl{0}> do repartition done
Ippl{0}> *****************************************************************
ParallelTTracker {0}> 10:00:27 Step 254999 at 3.335 [m], t= 1.946 [ms], E=182.631 [keV]
Ippl{0}> *****************************************************************
Ippl{0}> do repartition because of repartFreq_m
Ippl{0}> *****************************************************************
Ippl{0}> *****************************************************************
Ippl{0}> do repartition done
Ippl{0}> *****************************************************************
ParallelTTracker {0}> 10:00:32 Step 255999 at 3.348 [m], t= 1.953 [ms], E=182.631 [keV]
OPAL {0}> 
OPAL {0}> * ************** B U N C H ********************************************************* 
OPAL {0}> * NP              = 14673
OPAL {0}> * Qtot            =        1.249 [pC]         Qi    =        0.085 [fC]
OPAL {0}> * Ekin            =     182.631 [keV]         dEkin =      415.162 [eV]
OPAL {0}> * rmax            = (      3.98752 ,      1.20978 ,     26.35965 ) [mm]
OPAL {0}> * rmin            = (     -2.21701 ,     -4.09967 ,    -35.14807 ) [mm]
OPAL {0}> * rms beam size   = (      1.53216 ,      0.78582 ,     13.37457 ) [mm]
OPAL {0}> * rms momenta     = (  2.83499e-04 ,  2.68044e-04 ,  1.61308e-05 ) [beta gamma]
OPAL {0}> * mean position   = (      0.06080 ,     -0.21863 ,     -2.16280 ) [mm]
OPAL {0}> * mean momenta    = ( -6.83743e-06 ,  1.56533e-05 ,  5.70381e-03 ) [beta gamma]
OPAL {0}> * rms emittance   = (  5.07736e-05 ,  3.59468e-05 ,  3.17191e-05 ) (not normalized)
OPAL {0}> * rms correlation = ( -7.43901e-01 , -2.19143e-01 ,  5.41724e-01 )
OPAL {0}> * hr              = (      0.42586 ,      0.36156 ,      4.26565 ) [mm]
OPAL {0}> * dh              =   2.00000e+00 [%]
OPAL {0}> * t               =        1.958 [ms]         dT    =        7.630 [ps]
OPAL {0}> * spos            =         3.356 [m]
OPAL {0}> * ********************************************************************************** 
OPAL {0}> 
OPAL{0}> 
OPAL{0}> * Done executing ParallelTTracker at 10:00:35
OPAL{0}> 
Ippl{0}> * Creating new file for data: 'lebt_Monitors.stat'
OPAL{0}> * End of input stream 'lebt.in'
Timings{0}> -----------------------------------------------------------------
Timings{0}>      Timing results for 6 nodes:
Timings{0}> -----------------------------------------------------------------
Timings{0}> mainTimer........... Wall tot =    1251.64, CPU tot =    1251.59
Timings{0}> 
Timings{0}> Binaryrepart........ Wall max =       0.29, CPU max =       0.38
Timings{0}>                      Wall avg =       0.29, CPU avg =   0.253333
Timings{0}>                      Wall min =       0.29, CPU min =       0.15
Timings{0}> 
Timings{0}> Boundingbox......... Wall max =       32.2, CPU max =      32.39
Timings{0}>                      Wall avg =     31.615, CPU avg =     31.265
Timings{0}>                      Wall min =      30.86, CPU min =       29.9
Timings{0}> 
Timings{0}> Boundingbox-bounds.. Wall max =        3.6, CPU max =       4.01
Timings{0}>                      Wall avg =    3.33833, CPU avg =       3.45
Timings{0}>                      Wall min =       3.24, CPU min =       2.91
Timings{0}> 
Timings{0}> Boundingbox-update.. Wall max =      18.85, CPU max =      19.05
Timings{0}>                      Wall avg =    18.6717, CPU avg =     18.575
Timings{0}>                      Wall min =      18.53, CPU min =      17.88
Timings{0}> 
Timings{0}> Compute Statistics.. Wall max =      125.5, CPU max =     128.63
Timings{0}>                      Wall avg =    125.157, CPU avg =    126.373
Timings{0}>                      Wall min =     124.82, CPU min =     124.51
Timings{0}> 
Timings{0}> ComputePotential.... Wall max =     294.14, CPU max =     299.13
Timings{0}>                      Wall avg =    293.657, CPU avg =     295.58
Timings{0}>                      Wall min =     293.28, CPU min =        292
Timings{0}> 
Timings{0}> Create Distr........ Wall max =       0.06, CPU max =       0.07
Timings{0}>                      Wall avg =       0.06, CPU avg =      0.065
Timings{0}>                      Wall min =       0.06, CPU min =       0.06
Timings{0}> 
Timings{0}> External field eval. Wall max =     220.51, CPU max =     221.32
Timings{0}>                      Wall avg =    213.518, CPU avg =    216.108
Timings{0}>                      Wall min =     204.21, CPU min =     205.77
Timings{0}> 
Timings{0}> Fast inside test.... Wall max =          0, CPU max =          0
Timings{0}>                      Wall avg =          0, CPU avg =          0
Timings{0}>                      Wall min =          0, CPU min =          0
Timings{0}> 
Timings{0}> Histogram........... Wall max =          0, CPU max =          0
Timings{0}>                      Wall avg =          0, CPU avg =          0
Timings{0}>                      Wall min =          0, CPU min =          0
Timings{0}> 
Timings{0}> Initialize geometry. Wall max =          0, CPU max =          0
Timings{0}>                      Wall avg =          0, CPU avg =          0
Timings{0}>                      Wall min =          0, CPU min =          0
Timings{0}> 
Timings{0}> Inside test......... Wall max =          0, CPU max =          0
Timings{0}>                      Wall avg =          0, CPU avg =          0
Timings{0}>                      Wall min =          0, CPU min =          0
Timings{0}> 
Timings{0}> Load Distr.......... Wall max =          0, CPU max =          0
Timings{0}>                      Wall avg =          0, CPU avg =          0
Timings{0}>                      Wall min =          0, CPU min =          0
Timings{0}> 
Timings{0}> Particle Inside..... Wall max =          0, CPU max =          0
Timings{0}>                      Wall avg =          0, CPU avg =          0
Timings{0}>                      Wall min =          0, CPU min =          0
Timings{0}> 
Timings{0}> Ray tracing......... Wall max =          0, CPU max =          0
Timings{0}>                      Wall avg =          0, CPU avg =          0
Timings{0}>                      Wall min =          0, CPU min =          0
Timings{0}> 
Timings{0}> SelfField total..... Wall max =     516.68, CPU max =     525.15
Timings{0}>                      Wall avg =    514.657, CPU avg =    516.638
Timings{0}>                      Wall min =     511.65, CPU min =     509.84
Timings{0}> 
Timings{0}> SF: GreensFTotal.... Wall max =     152.64, CPU max =     155.21
Timings{0}>                      Wall avg =    152.053, CPU avg =    152.843
Timings{0}>                      Wall min =     151.72, CPU min =     150.43
Timings{0}> 
Timings{0}> TIntegration1....... Wall max =      15.92, CPU max =      16.21
Timings{0}>                      Wall avg =    15.4367, CPU avg =    15.6417
Timings{0}>                      Wall min =       15.2, CPU min =      14.87
Timings{0}> 
Timings{0}> TIntegration2....... Wall max =      38.09, CPU max =      37.45
Timings{0}>                      Wall avg =      38.03, CPU avg =     36.735
Timings{0}>                      Wall min =      37.95, CPU min =      35.87
Timings{0}> 
Timings{0}> WakeField........... Wall max =          0, CPU max =          0
Timings{0}>                      Wall avg =          0, CPU avg =          0
Timings{0}>                      Wall min =          0, CPU min =          0
Timings{0}> 
Timings{0}> Write Stat.......... Wall max =       36.5, CPU max =      34.26
Timings{0}>                      Wall avg =    9.09167, CPU avg =    8.40167
Timings{0}>                      Wall min =       3.38, CPU min =       2.79
Timings{0}> 
Timings{0}> -----------------------------------------------------------------
