# S[m] sigma_x[mm] sigma_y[mm] N mean_P[MeV/c] beta_x[mm/mrad] beta_y[mm/mrad] beta_z[mm/mrad] alpha_x[mrad] alpha_y[mrad] alpha_z[mrad] mean_E[MeV] sigma_px[mrad] sigma_py[mrad] 
0.0000000000e+00 6.5300920572e+00 5.5891489648e+00 1.4875000000e+04 6.3888674019e+01 1.7640214397e+00 1.2059880276e+00 nan -1.7295513343e+00 -7.5682503287e-01 nan 1.8262934414e-01 7.3953382456e+00 5.8110508858e+00
6.6666666667e-04 6.5344093696e+00 5.5914460168e+00 1.4875000000e+04 6.3888674019e+01 1.7663548598e+00 1.2069794554e+00 3.7884337988e+01 -1.7705138013e+00 -7.3072929368e-01 5.3042100978e-01 1.8262934414e-01 7.5219924270e+00 5.7365475009e+00
1.3333333333e-03 6.5388249145e+00 5.5936615142e+00 1.4875000000e+04 6.3888674019e+01 1.7687429651e+00 1.2079360677e+00 7.6395331666e+01 -1.8115817250e+00 -7.0459003079e-01 5.2611001758e-01 1.8262934414e-01 7.6494427318e+00 5.6637308298e+00
2.0000000000e-03 6.5433387558e+00 5.5957954223e+00 1.4875000000e+04 6.3888674019e+01 1.7711858980e+00 1.2088578072e+00 1.1562361403e+02 -1.8527575514e+00 -6.7840880112e-01 5.2145771493e-01 1.8262934414e-01 7.7776573412e+00 5.5926711983e+00
2.6666666667e-03 6.5479509588e+00 5.5978477071e+00 1.4875000000e+04 6.3888674019e+01 1.7736838039e+00 1.2097446192e+00 1.5565856640e+02 -1.8940437331e+00 -6.5218716408e-01 5.1648812474e-01 1.8262934414e-01 7.9066064367e+00 5.5234407526e+00
3.3333333333e-03 6.5526615903e+00 5.5998183363e+00 1.4875000000e+04 6.3888674019e+01 1.7762368316e+00 1.2105964509e+00 1.9658811236e+02 -1.9354427292e+00 -6.2592668148e-01 5.1122622443e-01 1.8262934414e-01 8.0362620694e+00 5.4561133410e+00
4.0000000000e-03 6.5574707182e+00 5.6017072788e+00 1.4875000000e+04 6.3888674019e+01 1.7788451332e+00 1.2114132514e+00 2.3849853993e+02 -1.9769570055e+00 -5.9962891746e-01 5.0569760183e-01 1.8262934414e-01 8.1665980370e+00 5.3907643670e+00
4.6666666667e-03 6.5623784124e+00 5.6035145047e+00 1.4875000000e+04 6.3888674019e+01 1.7815088640e+00 1.2121949722e+00 2.8147435264e+02 -2.0185890348e+00 -5.7329543836e-01 4.9992812730e-01 1.8262934414e-01 8.2975897699e+00 5.3274706122e+00
5.3333333333e-03 6.5673847436e+00 5.6052399855e+00 1.4875000000e+04 6.3888674019e+01 1.7842281827e+00 1.2129415667e+00 3.2559814935e+02 -2.0603412967e+00 -5.4692781267e-01 4.9394364873e-01 1.8262934414e-01 8.4292142251e+00 5.2663100278e+00
6.0000000000e-03 6.5724897845e+00 5.6068836939e+00 1.4875000000e+04 6.3888674019e+01 1.7870032513e+00 1.2136529904e+00 3.7095053228e+02 -2.1022162782e+00 -5.2052761090e-01 4.8776971451e-01 1.8262934414e-01 8.5614497866e+00 5.2073614916e+00
6.6666666667e-03 6.5776936089e+00 5.6084456039e+00 1.4875000000e+04 6.3888674019e+01 1.7898342350e+00 1.2143292009e+00 4.1761004184e+02 -2.1442164734e+00 -4.9409640549e-01 4.8143132801e-01 1.8262934414e-01 8.6942761740e+00 5.1507045302e+00
7.3333333333e-03 6.5829962921e+00 5.6099256908e+00 1.4875000000e+04 6.3888674019e+01 1.7927213025e+00 1.2149701580e+00 4.6565311679e+02 -2.1863443840e+00 -4.6763577076e-01 4.7495273573e-01 1.8262934414e-01 8.8276743562e+00 5.0964190047e+00
8.0000000000e-03 6.5883979108e+00 5.6113239314e+00 1.4875000000e+04 6.3888674019e+01 1.7956646257e+00 1.2155758235e+00 5.1515407746e+02 -2.2286025192e+00 -4.4114728274e-01 4.6835724987e-01 1.8262934414e-01 8.9616264717e+00 5.0445847602e+00
8.6666666667e-03 6.5938985433e+00 5.6126403035e+00 1.4875000000e+04 6.3888674019e+01 1.7986643800e+00 1.2161461613e+00 5.6618512999e+02 -2.2709933960e+00 -4.1463251916e-01 4.6166710488e-01 1.8262934414e-01 9.0961157546e+00 4.9952812393e+00
9.3333333333e-03 6.5994982692e+00 5.6138747863e+00 1.4875000000e+04 6.3888674019e+01 1.8017207440e+00 1.2166811375e+00 6.1881638911e+02 -2.3135195395e+00 -3.8809305929e-01 4.5490334678e-01 1.8262934414e-01 9.2311264651e+00 4.9485870608e+00
1.0000000000e-02 6.6051971695e+00 5.6150273603e+00 1.4875000000e+04 6.3888674019e+01 1.8048338997e+00 1.2171807201e+00 6.7311591709e+02 -2.3561834824e+00 -3.6153048387e-01 4.4808575299e-01 1.8262934414e-01 9.3666438254e+00 4.9045795664e+00
1.0666666667e-02 6.6109953268e+00 5.6160980073e+00 1.4875000000e+04 6.3888674019e+01 1.8080040326e+00 1.2176448795e+00 7.2914977630e+02 -2.3989877661e+00 -3.3494637503e-01 4.4123278027e-01 1.8262934414e-01 9.5026539598e+00 4.8633343383e+00
1.1333333333e-02 6.6168928251e+00 5.6170867105e+00 1.4875000000e+04 6.3888674019e+01 1.8112313316e+00 1.2180735879e+00 7.8698209336e+02 -2.4419349400e+00 -3.0834231618e-01 4.3436153756e-01 1.8262934414e-01 9.6391438388e+00 4.8249246918e+00
1.2000000000e-02 6.6228897498e+00 5.6179934541e+00 1.4875000000e+04 6.3888674019e+01 1.8145159888e+00 1.2184668199e+00 8.4667513231e+02 -2.4850275622e+00 -2.8171989191e-01 4.2748778076e-01 1.8262934414e-01 9.7761012271e+00 4.7894211494e+00
1.2666666667e-02 6.6289861877e+00 5.6188182240e+00 1.4875000000e+04 6.3888674019e+01 1.8178581998e+00 1.2188245520e+00 9.0828937505e+02 -2.5282681994e+00 -2.5508068790e-01 4.2062592615e-01 1.8262934414e-01 9.9135146355e+00 4.7568909027e+00
1.3333333333e-02 6.6351822272e+00 5.6195610070e+00 1.4875000000e+04 6.3888674019e+01 1.8212581639e+00 1.2191467629e+00 9.7188360715e+02 -2.5716594271e+00 -2.2842629085e-01 4.1378907940e-01 1.8262934414e-01 1.0051373276e+01 4.7273972692e+00
1.4000000000e-02 6.6414779580e+00 5.6202217915e+00 1.4875000000e+04 6.3888674019e+01 1.8247160833e+00 1.2194334334e+00 1.0375150072e+03 -2.6152038300e+00 -2.0175828835e-01 4.0698907721e-01 1.8262934414e-01 1.0189667018e+01 4.7009991539e+00
1.4666666667e-02 6.6478734714e+00 5.6208005670e+00 1.4875000000e+04 6.3888674019e+01 1.8282321643e+00 1.2196845465e+00 1.1052392384e+03 -2.6589040014e+00 -1.7507826880e-01 4.0023653879e-01 1.8262934414e-01 1.0328386352e+01 4.6777505244e+00
1.5333333333e-02 6.6543688599e+00 5.6212973243e+00 1.4875000000e+04 6.3888674019e+01 1.8318066160e+00 1.2199000872e+00 1.1751105411e+03 -2.7027625445e+00 -1.4838782133e-01 3.9354092480e-01 1.8262934414e-01 1.0467522352e+01 4.6576999091e+00
1.6000000000e-02 6.6609642178e+00 5.6217120557e+00 1.4875000000e+04 6.3888674019e+01 1.8354396516e+00 1.2200800426e+00 1.2471818256e+03 -2.7467820715e+00 -1.2168853566e-01 3.8691060150e-01 1.8262934414e-01 1.0607066639e+01 4.6408899292e+00
1.6666666667e-02 6.6676596407e+00 5.6220447546e+00 1.4875000000e+04 6.3888674019e+01 1.8391314873e+00 1.2202244021e+00 1.3215047628e+03 -2.7909652043e+00 -9.4982002076e-02 3.8035290832e-01 1.8262934414e-01 1.0747011351e+01 4.6273568749e+00
1.7333333333e-02 6.6744552256e+00 5.6222954157e+00 1.4875000000e+04 6.3888674019e+01 1.8428823430e+00 1.2203331570e+00 1.3981298745e+03 -2.8353145745e+00 -6.8269811265e-02 3.7387422700e-01 1.8262934414e-01 1.0887349116e+01 4.6171303336e+00
1.8000000000e-02 6.6813510709e+00 5.6224640351e+00 1.4875000000e+04 6.3888674019e+01 1.8466924422e+00 1.2204063009e+00 1.4771066200e+03 -2.8798328239e+00 -4.1553554264e-02 3.6748005126e-01 1.8262934414e-01 1.1028073019e+01 4.6102328809e+00
1.8666666667e-02 6.6883472768e+00 5.6225506101e+00 1.4875000000e+04 6.3888674019e+01 1.8505620118e+00 1.2204438294e+00 1.5584834810e+03 -2.9245226040e+00 -1.4834822352e-02 3.6117505564e-01 1.8262934414e-01 1.1169176579e+01 4.6066798398e+00
1.9333333333e-02 6.6954439447e+00 5.6225551393e+00 1.4875000000e+04 6.3888674019e+01 1.8544912823e+00 1.2204457402e+00 1.6423080426e+03 -2.9693865766e+00 1.1884793047e-02 3.5496316277e-01 1.8262934414e-01 1.1310653725e+01 4.6064791162e+00
2.0000000000e-02 6.7026411773e+00 5.6224776227e+00 1.4875000000e+04 6.3888674019e+01 1.8584804877e+00 1.2204120333e+00 1.7286270707e+03 -3.0144274139e+00 3.8603700456e-02 3.4884760835e-01 1.8262934414e-01 1.1452498771e+01 4.6096311123e+00
2.0666666667e-02 6.7099390793e+00 5.6223180615e+00 1.4875000000e+04 6.3888674019e+01 1.8625298656e+00 1.2203427106e+00 1.8174865863e+03 -3.0596477988e+00 6.5320308440e-02 3.4283100330e-01 1.8262934414e-01 1.1594706397e+01 4.6161287221e+00
2.1333333333e-02 6.7173377563e+00 5.6220764583e+00 1.4875000000e+04 6.3888674019e+01 1.8666396573e+00 1.2202377764e+00 1.9089319363e+03 -3.1050504246e+00 9.2033025700e-02 3.3691539281e-01 1.8262934414e-01 1.1737271629e+01 4.6259574090e+00
2.2000000000e-02 6.7248373158e+00 5.6217528168e+00 1.4875000000e+04 6.3888674019e+01 1.8708101074e+00 1.2200972368e+00 2.0030078595e+03 -3.1506379958e+00 1.1874026117e-01 3.3110231190e-01 1.8262934414e-01 1.1880189817e+01 4.6390953615e+00
2.2666666667e-02 6.7324378665e+00 5.6213471421e+00 1.4875000000e+04 6.3888674019e+01 1.8750414645e+00 1.2199211002e+00 2.0997585496e+03 -3.1964132275e+00 1.4544042411e-01 3.2539283755e-01 1.8262934414e-01 1.2023456622e+01 4.6555137260e+00
2.3333333333e-02 6.7401395188e+00 5.6208594406e+00 1.4875000000e+04 6.3888674019e+01 1.8793339805e+00 1.2197093771e+00 2.1992277148e+03 -3.2423788463e+00 1.7213192421e-01 3.1978763719e-01 1.8262934414e-01 1.2167067998e+01 4.6751769087e+00
2.4000000000e-02 6.7479423844e+00 5.6202897201e+00 1.4875000000e+04 6.3888674019e+01 1.8836879112e+00 1.2194620801e+00 2.3014586332e+03 -3.2885375900e+00 1.9881317165e-01 3.1428701362e-01 1.8262934414e-01 1.2311020174e+01 4.6980429403e+00
2.4666666667e-02 6.7558465765e+00 5.6196379896e+00 1.4875000000e+04 6.3888674019e+01 1.8881035157e+00 1.2191792240e+00 2.4064942047e+03 -3.3348922080e+00 2.2548257725e-01 3.0889094653e-01 1.8262934414e-01 1.2455309642e+01 4.7240638952e+00
2.5333333333e-02 6.7638522099e+00 5.6189042592e+00 1.4875000000e+04 6.3888674019e+01 1.8925810573e+00 1.2188608255e+00 2.5143770003e+03 -3.3814454613e+00 2.5213855252e-01 3.0359913051e-01 1.8262934414e-01 1.2599933146e+01 4.7531863545e+00
2.6000000000e-02 6.7719594008e+00 5.6180885407e+00 1.4875000000e+04 6.3888674019e+01 1.8971208025e+00 1.2185069037e+00 2.6251493072e+03 -3.4282001227e+00 2.7877950978e-01 2.9841100996e-01 1.8262934414e-01 1.2744887662e+01 4.7853519050e+00
2.6666666667e-02 6.7801682670e+00 5.6171908469e+00 1.4875000000e+04 6.3888674019e+01 1.9017230217e+00 1.2181174797e+00 2.7388531711e+03 -3.4751589770e+00 3.0540386222e-01 2.9332581082e-01 1.8262934414e-01 1.2890170394e+01 4.8204976616e+00
2.7333333333e-02 6.7884789275e+00 5.6162111919e+00 1.4875000000e+04 6.3888674019e+01 1.9063879892e+00 1.2176925766e+00 2.8555304367e+03 -3.5223248213e+00 3.3201002406e-01 2.8834256950e-01 1.8262934414e-01 1.3035778755e+01 4.8585568052e+00
2.8000000000e-02 6.7968915032e+00 5.6151495913e+00 1.4875000000e+04 6.3888674019e+01 1.9111159826e+00 1.2172322197e+00 2.9752227833e+03 -3.5697004649e+00 3.5859641057e-01 2.8346015897e-01 1.8262934414e-01 1.3181710365e+01 4.8994591258e+00
2.8666666667e-02 6.8054061162e+00 5.6140060618e+00 1.4875000000e+04 6.3888674019e+01 1.9159072837e+00 1.2167364365e+00 3.0979717598e+03 -3.6172887295e+00 3.8516143820e-01 2.7867731248e-01 1.8262934414e-01 1.3327963034e+01 4.9431315610e+00
2.9333333333e-02 6.8140228901e+00 5.6127806214e+00 1.4875000000e+04 6.3888674019e+01 1.9207621778e+00 1.2162052565e+00 3.2238188161e+03 -3.6650924498e+00 4.1170352469e-01 2.7399264477e-01 1.8262934414e-01 1.3474534753e+01 4.9894987247e+00
3.0000000000e-02 6.8227419503e+00 5.6114732895e+00 1.4875000000e+04 6.3888674019e+01 1.9256809541e+00 1.2156387113e+00 3.3528053327e+03 -3.7131144729e+00 4.3822108914e-01 2.6940467122e-01 1.8262934414e-01 1.3621423690e+01 5.0384834161e+00
3.0666666667e-02 6.8315634233e+00 5.6100840868e+00 1.4875000000e+04 6.3888674019e+01 1.9306639056e+00 1.2150368346e+00 3.4849726477e+03 -3.7613576593e+00 4.6471255210e-01 2.6491182499e-01 1.8262934414e-01 1.3768628178e+01 5.0900071052e+00
3.1333333333e-02 6.8404874373e+00 5.6086130352e+00 1.4875000000e+04 6.3888674019e+01 1.9357113291e+00 1.2143996624e+00 3.6203620822e+03 -3.8098248824e+00 4.9117633569e-01 2.6051247228e-01 1.8262934414e-01 1.3916146708e+01 5.1439903902e+00
3.2000000000e-02 6.8495141221e+00 5.6070601578e+00 1.4875000000e+04 6.3888674019e+01 1.9408235252e+00 1.2137272326e+00 3.7590149637e+03 -3.8585190291e+00 5.1761086366e-01 2.5620492599e-01 1.8262934414e-01 1.4063977919e+01 5.2003534219e+00
3.2666666667e-02 6.8586436089e+00 5.6054254794e+00 1.4875000000e+04 6.3888674019e+01 1.9460007983e+00 1.2130195852e+00 3.9009726476e+03 -3.9074429997e+00 5.4401456152e-01 2.5198745780e-01 1.8262934414e-01 1.4212120597e+01 5.2590162946e+00
3.3333333333e-02 6.8678760304e+00 5.6037090256e+00 1.4875000000e+04 6.3888674019e+01 1.9512434570e+00 1.2122767624e+00 4.0462765373e+03 -3.9565997082e+00 5.7038585661e-01 2.4785830890e-01 1.8262934414e-01 1.4360573662e+01 5.3198994004e+00
3.4000000000e-02 6.8772115208e+00 5.6019108236e+00 1.4875000000e+04 6.3888674019e+01 1.9565518134e+00 1.2114988084e+00 4.1949681024e+03 -4.0059920826e+00 5.9672317820e-01 2.4381569948e-01 1.8262934414e-01 1.4509336166e+01 5.3829237477e+00
3.4666666667e-02 6.8866502158e+00 5.6000309018e+00 1.4875000000e+04 6.3888674019e+01 1.9619261837e+00 1.2106857695e+00 4.3470888961e+03 -4.0556230649e+00 6.2302495758e-01 2.3985783704e-01 1.8262934414e-01 1.4658407284e+01 5.4480112431e+00
3.5333333333e-02 6.8961922528e+00 5.5980692898e+00 1.4875000000e+04 6.3888674019e+01 1.9673668880e+00 1.2098376943e+00 4.5026805703e+03 -4.1054956111e+00 6.4928962817e-01 2.3598292369e-01 1.8262934414e-01 1.4807786311e+01 5.5150849381e+00
3.6000000000e-02 6.9058377705e+00 5.5960260188e+00 1.4875000000e+04 6.3888674019e+01 1.9728742505e+00 1.2089546331e+00 4.6617848909e+03 -4.1556126918e+00 6.7551562557e-01 2.3218916258e-01 1.8262934414e-01 1.4957472657e+01 5.5840692415e+00
3.6666666667e-02 6.9155869092e+00 5.5939011210e+00 1.4875000000e+04 6.3888674019e+01 1.9784485991e+00 1.2080366386e+00 4.8244437505e+03 -4.2059772922e+00 7.0170138772e-01 2.2847476343e-01 1.8262934414e-01 1.5107465836e+01 5.6548900998e+00
3.7333333333e-02 6.9254398109e+00 5.5916946299e+00 1.4875000000e+04 6.3888674019e+01 1.9840902658e+00 1.2070837655e+00 4.9906991811e+03 -4.2565924121e+00 7.2784535494e-01 2.2483794736e-01 1.8262934414e-01 1.5257765472e+01 5.7274751475e+00
3.8000000000e-02 6.9353966187e+00 5.5894065804e+00 1.4875000000e+04 6.3888674019e+01 1.9897995867e+00 1.2060960705e+00 5.1605933653e+03 -4.3074610662e+00 7.5394597004e-01 2.2127695103e-01 1.8262934414e-01 1.5408371283e+01 5.8017538283e+00
3.8666666667e-02 6.9454574778e+00 5.5870370088e+00 1.4875000000e+04 6.3888674019e+01 1.9955769019e+00 1.2050736125e+00 5.3341686470e+03 -4.3585862844e+00 7.8000167840e-01 2.1779003023e-01 1.8262934414e-01 1.5559283085e+01 5.8776574919e+00
3.9333333333e-02 6.9556225344e+00 5.5845859524e+00 1.4875000000e+04 6.3888674019e+01 2.0014225555e+00 1.2040164524e+00 5.5114675407e+03 -4.4099711120e+00 8.0601092810e-01 2.1437546285e-01 1.8262934414e-01 1.5710500785e+01 5.9551194665e+00
4.0000000000e-02 6.9658919365e+00 5.5820534500e+00 1.4875000000e+04 6.3888674019e+01 2.0073368955e+00 1.2029246530e+00 5.6925327407e+03 -4.4616186094e+00 8.3197216998e-01 2.1103155147e-01 1.8262934414e-01 1.5862024375e+01 6.0340751106e+00
4.0666666667e-02 6.9762658337e+00 5.5794395417e+00 1.4875000000e+04 6.3888674019e+01 2.0133202745e+00 1.2017982795e+00 5.8774071291e+03 -4.5135318530e+00 8.5788385771e-01 2.0775662549e-01 1.8262934414e-01 1.6013853935e+01 6.1144618464e+00
4.1333333333e-02 6.9867443771e+00 5.5767442687e+00 1.4875000000e+04 6.3888674019e+01 2.0193730486e+00 1.2006373990e+00 6.0661337836e+03 -4.5657139349e+00 8.8374444795e-01 2.0454904288e-01 1.8262934414e-01 1.6165989620e+01 6.1962191759e+00
4.2000000000e-02 6.9973277191e+00 5.5739676738e+00 1.4875000000e+04 6.3888674019e+01 2.0254955784e+00 1.1994420805e+00 6.2587559840e+03 -4.6181679632e+00 9.0955240039e-01 2.0140719161e-01 1.8262934414e-01 1.6318431666e+01 6.2792886835e+00
4.2666666667e-02 7.0080160140e+00 5.5711098007e+00 1.4875000000e+04 6.3888674019e+01 2.0316882287e+00 1.1982123953e+00 6.4553172191e+03 -4.6708970622e+00 9.3530617785e-01 1.9832949075e-01 1.8262934414e-01 1.6471180380e+01 6.3636140256e+00
4.3333333333e-02 7.0188094174e+00 5.5681706948e+00 1.4875000000e+04 6.3888674019e+01 2.0379513682e+00 1.1969484166e+00 6.6558611924e+03 -4.7239043725e+00 9.6100424638e-01 1.9531439142e-01 1.8262934414e-01 1.6624236142e+01 6.4491409099e+00
4.4000000000e-02 7.0297080866e+00 5.5651504025e+00 1.4875000000e+04 6.3888674019e+01 2.0442853700e+00 1.1956502198e+00 6.8604318274e+03 -4.7771930515e+00 9.8664507535e-01 1.9236037737e-01 1.8262934414e-01 1.6777599399e+01 6.5358170652e+00
4.4666666667e-02 7.0407121803e+00 5.5620489717e+00 1.4875000000e+04 6.3888674019e+01 2.0506906114e+00 1.1943178821e+00 7.0690732726e+03 -4.8307662731e+00 1.0122271375e+00 1.8946596546e-01 1.8262934414e-01 1.6931270663e+01 6.6235922042e+00
4.5333333333e-02 7.0518218590e+00 5.5588664513e+00 1.4875000000e+04 6.3888674019e+01 2.0571674739e+00 1.1929514829e+00 7.2818299064e+03 -4.8846272283e+00 1.0377489092e+00 1.8662970592e-01 1.8262934414e-01 1.7085250509e+01 6.7124179801e+00
4.6000000000e-02 7.0630372846e+00 5.5556028917e+00 1.4875000000e+04 6.3888674019e+01 2.0637163432e+00 1.1915511035e+00 7.4987463411e+03 -4.9387791253e+00 1.0632088703e+00 1.8385018250e-01 1.8262934414e-01 1.7239539575e+01 6.8022479382e+00
4.6666666667e-02 7.0743586205e+00 5.5522583447e+00 1.4875000000e+04 6.3888674019e+01 2.0703376095e+00 1.1901168274e+00 7.7198674269e+03 -4.9932251894e+00 1.0886055042e+00 1.8112601245e-01 1.8262934414e-01 1.7394138553e+01 6.8930374633e+00
4.7333333333e-02 7.0857860318e+00 5.5488328632e+00 1.4875000000e+04 6.3888674019e+01 2.0770316671e+00 1.1886487401e+00 7.9452382553e+03 -5.0479686637e+00 1.1139372984e+00 1.7845584638e-01 1.8262934414e-01 1.7549048193e+01 6.9847437249e+00
4.8000000000e-02 7.0973196851e+00 5.5453265013e+00 1.4875000000e+04 6.3888674019e+01 2.0837989147e+00 1.1871469289e+00 8.1749041629e+03 -5.1030128087e+00 1.1392027441e+00 1.7583836805e-01 1.8262934414e-01 1.7704269301e+01 7.0773256196e+00
4.8666666667e-02 7.1089597486e+00 5.5417393147e+00 1.4875000000e+04 6.3888674019e+01 2.0906397554e+00 1.1856114833e+00 8.4089107340e+03 -5.1583609031e+00 1.1644003363e+00 1.7327229407e-01 1.8262934414e-01 1.7859802731e+01 7.1707437125e+00
4.9333333333e-02 7.1207063920e+00 5.5380713600e+00 1.4875000000e+04 6.3888674019e+01 2.0975545967e+00 1.1840424948e+00 8.6473038037e+03 -5.2140162436e+00 1.1895285742e+00 1.7075637352e-01 1.8262934414e-01 1.8015649389e+01 7.2649601779e+00
5.0000000000e-02 7.1325597867e+00 5.5343226955e+00 1.4875000000e+04 6.3888674019e+01 2.1045438504e+00 1.1824400568e+00 8.8901294604e+03 -5.2699821451e+00 1.2145859612e+00 1.6828938751e-01 1.8262934414e-01 1.8171810231e+01 7.3599387390e+00
5.0666666667e-02 7.1445201057e+00 5.5304933806e+00 1.4875000000e+04 6.3888674019e+01 2.1116079329e+00 1.1808042647e+00 9.1374340485e+03 -5.3262619411e+00 1.2395710047e+00 1.6587014867e-01 1.8262934414e-01 1.8328286255e+01 7.4556446091e+00
5.1333333333e-02 7.1565875234e+00 5.5265834758e+00 1.4875000000e+04 6.3888674019e+01 2.1187472649e+00 1.1791352161e+00 9.3892641702e+03 -5.3828589838e+00 1.2644822167e+00 1.6349750064e-01 1.8262934414e-01 1.8485078509e+01 7.5520444320e+00
5.2000000000e-02 7.1687622159e+00 5.5225930432e+00 1.4875000000e+04 6.3888674019e+01 2.1259622715e+00 1.1774330102e+00 9.6456666882e+03 -5.4397766442e+00 1.2893181133e+00 1.6117031752e-01 1.8262934414e-01 1.8642188082e+01 7.6491062241e+00
5.2666666667e-02 7.1810443609e+00 5.5185221460e+00 1.4875000000e+04 6.3888674019e+01 2.1332533827e+00 1.1756977486e+00 9.9066887271e+03 -5.4970183126e+00 1.3140772153e+00 1.5888750321e-01 1.8262934414e-01 1.8799616104e+01 7.7467993176e+00
5.3333333333e-02 7.1934341377e+00 5.5143708488e+00 1.4875000000e+04 6.3888674019e+01 2.1406210326e+00 1.1739295345e+00 1.0172377675e+04 -5.5545873985e+00 1.3387580479e+00 1.5664799086e-01 1.8262934414e-01 1.8957363746e+01 7.8450943040e+00
5.4000000000e-02 7.2059317272e+00 5.5101392173e+00 1.4875000000e+04 6.3888674019e+01 2.1480656601e+00 1.1721284732e+00 1.0442781188e+04 -5.6124873307e+00 1.3633591412e+00 1.5445074220e-01 1.8262934414e-01 1.9115432219e+01 7.9439629808e+00
5.4666666667e-02 7.2185373117e+00 5.5058273188e+00 1.4875000000e+04 6.3888674019e+01 2.1555877086e+00 1.1702946721e+00 1.0717947185e+04 -5.6707215579e+00 1.3878790298e+00 1.5229474689e-01 1.8262934414e-01 1.9273822772e+01 8.0433782981e+00
5.5333333333e-02 7.2312510755e+00 5.5014352215e+00 1.4875000000e+04 6.3888674019e+01 2.1631876262e+00 1.1684282404e+00 1.0997923858e+04 -5.7292935488e+00 1.4123162533e+00 1.5017902188e-01 1.8262934414e-01 1.9432536690e+01 8.1433143079e+00
5.6000000000e-02 7.2440732042e+00 5.4969629952e+00 1.4875000000e+04 6.3888674019e+01 2.1708658654e+00 1.1665292892e+00 1.1282759668e+04 -5.7882067921e+00 1.4366693562e+00 1.4810261076e-01 1.8262934414e-01 1.9591575292e+01 8.2437461149e+00
5.6666666667e-02 7.2570038850e+00 5.4924107108e+00 1.4875000000e+04 6.3888674019e+01 2.1786228837e+00 1.1645979316e+00 1.1572503345e+04 -5.8474647968e+00 1.4609368878e+00 1.4606458306e-01 1.8262934414e-01 1.9750939934e+01 8.3446498286e+00
5.7333333333e-02 7.2700433070e+00 5.4877784406e+00 1.4875000000e+04 6.3888674019e+01 2.1864591431e+00 1.1626342827e+00 1.1867203896e+04 -5.9070710924e+00 1.4851174029e+00 1.4406403363e-01 1.8262934414e-01 1.9910632002e+01 8.4460025182e+00
5.8000000000e-02 7.2831916604e+00 5.4830662581e+00 1.4875000000e+04 6.3888674019e+01 2.1943751104e+00 1.1606384594e+00 1.2166910599e+04 -5.9670292293e+00 1.5092094611e+00 1.4210008196e-01 1.8262934414e-01 2.0070652918e+01 8.5477821682e+00
5.8666666667e-02 7.2964491377e+00 5.4782742382e+00 1.4875000000e+04 6.3888674019e+01 2.2023712569e+00 1.1586105807e+00 1.2471673008e+04 -6.0273427787e+00 1.5332116275e+00 1.4017187153e-01 1.8262934414e-01 2.0231004132e+01 8.6499676364e+00
5.9333333333e-02 7.3098159323e+00 5.4734024569e+00 1.4875000000e+04 6.3888674019e+01 2.2104480591e+00 1.1565507673e+00 1.2781540954e+04 -6.0880153331e+00 1.5571224724e+00 1.3827856917e-01 1.8262934414e-01 2.0391687126e+01 8.7525386138e+00
6.0000000000e-02 7.3232922399e+00 5.4684509917e+00 1.4875000000e+04 6.3888674019e+01 2.2186059979e+00 1.1544591418e+00 1.3096564544e+04 -6.1490505063e+00 1.5809405717e+00 1.3641936443e-01 1.8262934414e-01 2.0552703410e+01 8.8554755857e+00
6.0666666667e-02 7.3368782573e+00 5.4634199212e+00 1.4875000000e+04 6.3888674019e+01 2.2268455593e+00 1.1523358289e+00 1.3416794165e+04 -6.2104519338e+00 1.6046645068e+00 1.3459346893e-01 1.8262934414e-01 2.0714054524e+01 8.9587597949e+00
6.1333333333e-02 7.3505741831e+00 5.4583093254e+00 1.4875000000e+04 6.3888674019e+01 2.2351672341e+00 1.1501809550e+00 1.3742280482e+04 -6.2722232727e+00 1.6282928645e+00 1.3280011578e-01 1.8262934414e-01 2.0875742035e+01 9.0623732063e+00
6.2000000000e-02 7.3643802178e+00 5.4531192855e+00 1.4875000000e+04 6.3888674019e+01 2.2435715179e+00 1.1479946485e+00 1.4073074442e+04 -6.3343682023e+00 1.6518242376e+00 1.3103855893e-01 1.8262934414e-01 2.1037767535e+01 9.1662984737e+00
6.2666666667e-02 7.3782965631e+00 5.4478498840e+00 1.4875000000e+04 6.3888674019e+01 2.2520589113e+00 1.1457770396e+00 1.4409227273e+04 -6.3968904242e+00 1.6752572243e+00 1.2930807261e-01 1.8262934414e-01 2.1200132646e+01 9.2705189069e+00
6.3333333333e-02 7.3923234226e+00 5.4425012048e+00 1.4875000000e+04 6.3888674019e+01 2.2606299198e+00 1.1435282605e+00 1.4750790484e+04 -6.4597936623e+00 1.6985904292e+00 1.2760795074e-01 1.8262934414e-01 2.1362839012e+01 9.3750184420e+00
6.4000000000e-02 7.4064610016e+00 5.4370733329e+00 1.4875000000e+04 6.3888674019e+01 2.2692850540e+00 1.1412484449e+00 1.5097815869e+04 -6.5230816634e+00 1.7218224622e+00 1.2593750635e-01 1.8262934414e-01 2.1525888303e+01 9.4797816113e+00
6.4666666667e-02 7.4207095068e+00 5.4315663547e+00 1.4875000000e+04 6.3888674019e+01 2.2780248293e+00 1.1389377288e+00 1.5450355507e+04 -6.5867581970e+00 1.7449519398e+00 1.2429607105e-01 1.8262934414e-01 2.1689282213e+01 9.5847935165e+00
6.5333333333e-02 7.4350691467e+00 5.4259803579e+00 1.4875000000e+04 6.3888674019e+01 2.2868497664e+00 1.1365962497e+00 1.5808461761e+04 -6.6508270559e+00 1.7679774842e+00 1.2268299447e-01 1.8262934414e-01 2.1853022460e+01 9.6900398014e+00
6.6000000000e-02 7.4495401316e+00 5.4203154313e+00 1.4875000000e+04 6.3888674019e+01 2.2957603908e+00 1.1342241471e+00 1.6172187279e+04 -6.7152920562e+00 1.7908977241e+00 1.2109764372e-01 1.8262934414e-01 2.2017110783e+01 9.7955066274e+00
6.6666666667e-02 7.4641226731e+00 5.4145716652e+00 1.4875000000e+04 6.3888674019e+01 2.3047572334e+00 1.1318215623e+00 1.6541585000e+04 -6.7801570377e+00 1.8137112941e+00 1.1953940291e-01 1.8262934414e-01 2.2181548945e+01 9.9011806491e+00
6.7333333333e-02 7.4788169848e+00 5.4087491511e+00 1.4875000000e+04 6.3888674019e+01 2.3138408299e+00 1.1293886385e+00 1.6916708149e+04 -6.8454258637e+00 1.8364168356e+00 1.1800767262e-01 1.8262934414e-01 2.2346338730e+01 1.0007048992e+01
6.8000000000e-02 7.4936232819e+00 5.4028479818e+00 1.4875000000e+04 6.3888674019e+01 2.3230117215e+00 1.1269255204e+00 1.7297610240e+04 -6.9111024221e+00 1.8590129961e+00 1.1650186944e-01 1.8262934414e-01 2.2511481942e+01 1.0113099230e+01
6.8666666667e-02 7.5085417810e+00 5.3968682513e+00 1.4875000000e+04 6.3888674019e+01 2.3322704543e+00 1.1244323549e+00 1.7684345078e+04 -6.9771906245e+00 1.8814984298e+00 1.1502142547e-01 1.8262934414e-01 2.2676980407e+01 1.0219319365e+01
6.9333333333e-02 7.5235727007e+00 5.3908100549e+00 1.4875000000e+04 6.3888674019e+01 2.3416175799e+00 1.1219092904e+00 1.8076966760e+04 -7.0436944074e+00 1.9038717973e+00 1.1356578786e-01 1.8262934414e-01 2.2842835971e+01 1.0325697810e+01
7.0000000000e-02 7.5387162612e+00 5.3846734893e+00 1.4875000000e+04 6.3888674019e+01 2.3510536550e+00 1.1193564772e+00 1.8475529674e+04 -7.1106177320e+00 1.9261317661e+00 1.1213441839e-01 1.8262934414e-01 2.3009050499e+01 1.0432223366e+01
7.0666666667e-02 7.5539726842e+00 5.3784586523e+00 1.4875000000e+04 6.3888674019e+01 2.3605792416e+00 1.1167740674e+00 1.8880088502e+04 -7.1779645844e+00 1.9482770102e+00 1.1072679302e-01 1.8262934414e-01 2.3175625875e+01 1.0538885207e+01
7.1333333333e-02 7.5693421932e+00 5.3721656432e+00 1.4875000000e+04 6.3888674019e+01 2.3701949072e+00 1.1141622148e+00 1.9290698221e+04 -7.2457389760e+00 1.9703062108e+00 1.0934240145e-01 1.8262934414e-01 2.3342564002e+01 1.0645672863e+01
7.2000000000e-02 7.5848250136e+00 5.3657945623e+00 1.4875000000e+04 6.3888674019e+01 2.3799012243e+00 1.1115210748e+00 1.9707414104e+04 -7.3139449435e+00 1.9922180557e+00 1.0798074674e-01 1.8262934414e-01 2.3509866802e+01 1.0752576203e+01
7.2666666667e-02 7.6004213720e+00 5.3593455114e+00 1.4875000000e+04 6.3888674019e+01 2.3896987712e+00 1.1088508050e+00 2.0130291719e+04 -7.3825865496e+00 2.0140112397e+00 1.0664134491e-01 1.8262934414e-01 2.3677536213e+01 1.0859585422e+01
7.3333333333e-02 7.6161314973e+00 5.3528185935e+00 1.4875000000e+04 6.3888674019e+01 2.3995881315e+00 1.1061515642e+00 2.0559386934e+04 -7.4516678826e+00 2.0356844649e+00 1.0532372453e-01 1.8262934414e-01 2.3845574192e+01 1.0966691023e+01
7.4000000000e-02 7.6319556195e+00 5.3462139128e+00 1.4875000000e+04 6.3888674019e+01 2.4095698941e+00 1.1034235133e+00 2.0994755915e+04 -7.5211930573e+00 2.0572364403e+00 1.0402742638e-01 1.8262934414e-01 2.4013982713e+01 1.1073883807e+01
7.4666666667e-02 7.6478939707e+00 5.3395315750e+00 1.4875000000e+04 6.3888674019e+01 2.4196446536e+00 1.1006668147e+00 2.1436455130e+04 -7.5911662148e+00 2.0786658822e+00 1.0275200307e-01 1.8262934414e-01 2.4182763767e+01 1.1181154858e+01
7.5333333333e-02 7.6639467846e+00 5.3327716869e+00 1.4875000000e+04 6.3888674019e+01 2.4298130102e+00 1.0978816327e+00 2.1884541347e+04 -7.6615915229e+00 2.0999715143e+00 1.0149701868e-01 1.8262934414e-01 2.4351919359e+01 1.1288495531e+01
7.6000000000e-02 7.6801142966e+00 5.3259343566e+00 1.4875000000e+04 6.3888674019e+01 2.4400755693e+00 1.0950681331e+00 2.2339071637e+04 -7.7324731762e+00 2.1211520675e+00 1.0026204845e-01 1.8262934414e-01 2.4521451514e+01 1.1395897439e+01
7.6666666667e-02 7.6963967438e+00 5.3190196935e+00 1.4875000000e+04 6.3888674019e+01 2.4504329424e+00 1.0922264836e+00 2.2800103377e+04 -7.8038153967e+00 2.1422062804e+00 9.9046678437e-02 1.8262934414e-01 2.4691362270e+01 1.1503352443e+01
7.7333333333e-02 7.7127943650e+00 5.3120278083e+00 1.4875000000e+04 6.3888674019e+01 2.4608857464e+00 1.0893568533e+00 2.3267694250e+04 -7.8756224338e+00 2.1631328987e+00 9.7850505180e-02 1.8262934414e-01 2.4861653680e+01 1.1610852643e+01
7.8000000000e-02 7.7293074007e+00 5.3049588128e+00 1.4875000000e+04 6.3888674019e+01 2.4714346037e+00 1.0864594133e+00 2.3741902242e+04 -7.9478985645e+00 2.1839306762e+00 9.6673135416e-02 1.8262934414e-01 2.5032327815e+01 1.1718390364e+01
7.8666666667e-02 7.7459360933e+00 5.2978128204e+00 1.4875000000e+04 6.3888674019e+01 2.4820801428e+00 1.0835343360e+00 2.4222785654e+04 -8.0206480936e+00 2.2045983741e+00 9.5514185770e-02 1.8262934414e-01 2.5203386758e+01 1.1825958150e+01
7.9333333333e-02 7.7626806867e+00 5.2905899455e+00 1.4875000000e+04 6.3888674019e+01 2.4928229978e+00 1.0805817957e+00 2.4710403091e+04 -8.0938753544e+00 2.2251347614e+00 9.4373282466e-02 1.8262934414e-01 2.5374832609e+01 1.1933548751e+01
8.0000000000e-02 7.7795414266e+00 5.2832903039e+00 1.4875000000e+04 6.3888674019e+01 2.5036638084e+00 1.0776019682e+00 2.5204813474e+04 -8.1675847086e+00 2.2455386148e+00 9.3250061051e-02 1.8262934414e-01 2.5546667479e+01 1.2041155119e+01
8.0666666667e-02 7.7965185606e+00 5.2759140127e+00 1.4875000000e+04 6.3888674019e+01 2.5146032204e+00 1.0745950311e+00 2.5706076036e+04 -8.2417805463e+00 2.2658087190e+00 9.2144166120e-02 1.8262934414e-01 2.5718893497e+01 1.2148770394e+01
8.1333333333e-02 7.8136123377e+00 5.2684611901e+00 1.4875000000e+04 6.3888674019e+01 2.5256418854e+00 1.0715611635e+00 2.6214250323e+04 -8.3164672870e+00 2.2859438668e+00 9.1055251053e-02 1.8262934414e-01 2.5891512804e+01 1.2256387903e+01
8.2000000000e-02 7.8308230090e+00 5.2609319559e+00 1.4875000000e+04 6.3888674019e+01 2.5367804609e+00 1.0685005460e+00 2.6729396200e+04 -8.3916493792e+00 2.3059428589e+00 8.9982977765e-02 1.8262934414e-01 2.6064527553e+01 1.2364001145e+01
8.2666666667e-02 7.8481508272e+00 5.2533264308e+00 1.4875000000e+04 6.3888674019e+01 2.5480196103e+00 1.0654133609e+00 2.7251573848e+04 -8.4673313009e+00 2.3258045040e+00 8.8927016455e-02 1.8262934414e-01 2.6237939914e+01 1.2471603789e+01
8.3333333333e-02 7.8655960467e+00 5.2456447371e+00 1.4875000000e+04 6.3888674019e+01 2.5593600031e+00 1.0622997922e+00 2.7780843770e+04 -8.5435175599e+00 2.3455276192e+00 8.7887045373e-02 1.8262934414e-01 2.6411752066e+01 1.2579189666e+01
8.4000000000e-02 7.8831589237e+00 5.2378869981e+00 1.4875000000e+04 6.3888674019e+01 2.5708023147e+00 1.0591600252e+00 2.8317266789e+04 -8.6202126941e+00 2.3651110297e+00 8.6862750584e-02 1.8262934414e-01 2.6585966206e+01 1.2686752761e+01
8.4666666667e-02 7.9008397161e+00 5.2300533386e+00 1.4875000000e+04 6.3888674019e+01 2.5823472266e+00 1.0559942470e+00 2.8860904052e+04 -8.6974212718e+00 2.3845535690e+00 8.5853825748e-02 1.8262934414e-01 2.6760584539e+01 1.2794287208e+01
8.5333333333e-02 7.9186386838e+00 5.2221438845e+00 1.4875000000e+04 6.3888674019e+01 2.5939954266e+00 1.0528026462e+00 2.9411817032e+04 -8.7751478915e+00 2.4038540793e+00 8.4859971903e-02 1.8262934414e-01 2.6935609284e+01 1.2901787285e+01
8.6000000000e-02 7.9365560881e+00 5.2141587632e+00 1.4875000000e+04 6.3888674019e+01 2.6057476083e+00 1.0495854128e+00 2.9970067528e+04 -8.8533971830e+00 2.4230114108e+00 8.3880897254e-02 1.8262934414e-01 2.7111042675e+01 1.3009247405e+01
8.6666666667e-02 7.9545921924e+00 5.2060981031e+00 1.4875000000e+04 6.3888674019e+01 2.6176044719e+00 1.0463427385e+00 3.0535717669e+04 -8.9321738070e+00 2.4420244225e+00 8.2916316974e-02 1.8262934414e-01 2.7286886955e+01 1.3116662115e+01
8.7333333333e-02 7.9727472617e+00 5.1979620341e+00 1.4875000000e+04 6.3888674019e+01 2.6295667234e+00 1.0430748163e+00 3.1108829915e+04 -9.0114824556e+00 2.4608919820e+00 8.1965953003e-02 1.8262934414e-01 2.7463144380e+01 1.3224026087e+01
8.8000000000e-02 7.9910215628e+00 5.1897506872e+00 1.4875000000e+04 6.3888674019e+01 2.6416350755e+00 1.0397818411e+00 3.1689467061e+04 -9.0913278527e+00 2.4796129654e+00 8.1029533864e-02 1.8262934414e-01 2.7639817219e+01 1.3331334115e+01
8.8666666667e-02 8.0094153643e+00 5.1814641949e+00 1.4875000000e+04 6.3888674019e+01 2.6538102470e+00 1.0364640088e+00 3.2277692233e+04 -9.1717147541e+00 2.4981862578e+00 8.0106794471e-02 1.8262934414e-01 2.7816907750e+01 1.3438581112e+01
8.9333333333e-02 8.0279289367e+00 5.1731026907e+00 1.4875000000e+04 6.3888674019e+01 2.6660929629e+00 1.0331215172e+00 3.2873568899e+04 -9.2526479478e+00 2.5166107528e+00 7.9197475957e-02 1.8262934414e-01 2.7994418267e+01 1.3545762101e+01
9.0000000000e-02 8.0465625520e+00 5.1646663096e+00 1.4875000000e+04 6.3888674019e+01 2.6784839550e+00 1.0297545652e+00 3.3477160864e+04 -9.3341322545e+00 2.5348853530e+00 7.8301325500e-02 1.8262934414e-01 2.8172351070e+01 1.3652872214e+01
9.0666666667e-02 8.0653164844e+00 5.1561551877e+00 1.4875000000e+04 6.3888674019e+01 2.6909839613e+00 1.0263633534e+00 3.4088532276e+04 -9.4161725275e+00 2.5530089700e+00 7.7418096155e-02 1.8262934414e-01 2.8350708476e+01 1.3759906688e+01
9.1333333333e-02 8.0841910095e+00 5.1475694626e+00 1.4875000000e+04 6.3888674019e+01 2.7035937263e+00 1.0229480839e+00 3.4707747627e+04 -9.4987736535e+00 2.5709805243e+00 7.6547546692e-02 1.8262934414e-01 2.8529492808e+01 1.3866860861e+01
9.2000000000e-02 8.1031864050e+00 5.1389092730e+00 1.4875000000e+04 6.3888674019e+01 2.7163140010e+00 1.0195089601e+00 3.5334871755e+04 -9.5819405523e+00 2.5887989455e+00 7.5689441438e-02 1.8262934414e-01 2.8708706404e+01 1.3973730166e+01
9.2666666667e-02 8.1223029504e+00 5.1301747589e+00 1.4875000000e+04 6.3888674019e+01 2.7291455432e+00 1.0160461867e+00 3.5969969848e+04 -9.6656781776e+00 2.6064631722e+00 7.4843550128e-02 1.8262934414e-01 2.8888351610e+01 1.4080510128e+01
9.3333333333e-02 8.1415409267e+00 5.1213660616e+00 1.4875000000e+04 6.3888674019e+01 2.7420891171e+00 1.0125599701e+00 3.6613107444e+04 -9.7499915171e+00 2.6239721524e+00 7.4009647757e-02 1.8262934414e-01 2.9068430785e+01 1.4187196366e+01
9.4000000000e-02 8.1609006170e+00 5.1124833237e+00 1.4875000000e+04 6.3888674019e+01 2.7551454936e+00 1.0090505178e+00 3.7264350435e+04 -9.8348855926e+00 2.6413248432e+00 7.3187514434e-02 1.8262934414e-01 2.9248946298e+01 1.4293784581e+01
9.4666666667e-02 8.1803823062e+00 5.1035266890e+00 1.4875000000e+04 6.3888674019e+01 2.7683154505e+00 1.0055180390e+00 3.7923765069e+04 -9.9203654608e+00 2.6585202110e+00 7.2376935247e-02 1.8262934414e-01 2.9429900527e+01 1.4400270560e+01
9.5333333333e-02 8.1999862811e+00 5.0944963028e+00 1.4875000000e+04 6.3888674019e+01 2.7815997722e+00 1.0019627439e+00 3.8591417955e+04 -1.0006436213e+01 2.6755572316e+00 7.1577700130e-02 1.8262934414e-01 2.9611295862e+01 1.4506650169e+01
9.6000000000e-02 8.2197128300e+00 5.0853923114e+00 1.4875000000e+04 6.3888674019e+01 2.7949992499e+00 9.9838484449e-01 3.9267376060e+04 -1.0093102976e+01 2.6924348902e+00 7.0789603729e-02 1.8262934414e-01 2.9793134704e+01 1.4612919353e+01
9.6666666667e-02 8.2395622434e+00 5.0762148624e+00 1.4875000000e+04 6.3888674019e+01 2.8085146817e+00 9.9478455372e-01 3.9951706718e+04 -1.0180370911e+01 2.7091521817e+00 7.0012445279e-02 1.8262934414e-01 2.9975419462e+01 1.4719074129e+01
9.7333333333e-02 8.2595348135e+00 5.0669641050e+00 1.4875000000e+04 6.3888674019e+01 2.8221468727e+00 9.9116208608e-01 4.0644477628e+04 -1.0268245218e+01 2.7257081102e+00 6.9246028482e-02 1.8262934414e-01 3.0158152558e+01 1.4825110589e+01
9.8000000000e-02 8.2796308342e+00 5.0576401892e+00 1.4875000000e+04 6.3888674019e+01 2.8358966348e+00 9.8751765733e-01 4.1345756860e+04 -1.0356731128e+01 2.7421016897e+00 6.8490161389e-02 1.8262934414e-01 3.0341336422e+01 1.4931024895e+01
9.8666666667e-02 8.2998506016e+00 5.0482432668e+00 1.4875000000e+04 6.3888674019e+01 2.8497647870e+00 9.8385148453e-01 4.2055612855e+04 -1.0445833914e+01 2.7583319437e+00 6.7744656283e-02 1.8262934414e-01 3.0524973495e+01 1.5036813272e+01
9.9333333333e-02 8.3201944133e+00 5.0387734904e+00 1.4875000000e+04 6.3888674019e+01 2.8637521553e+00 9.8016378605e-01 4.2774114430e+04 -1.0535558883e+01 2.7743979056e+00 6.7009329570e-02 1.8262934414e-01 3.0709066226e+01 1.5142472016e+01
1.0000000000e-01 8.3406625689e+00 5.0292310142e+00 1.4875000000e+04 6.3888674019e+01 2.8778595728e+00 9.7645478154e-01 4.3501330780e+04 -1.0625911378e+01 2.7902986183e+00 6.6284001670e-02 1.8262934414e-01 3.0893617078e+01 1.5247997482e+01
1.0066666667e-01 8.3612553700e+00 5.0196159937e+00 1.4875000000e+04 6.3888674019e+01 2.8920878799e+00 9.7272469192e-01 4.4237331481e+04 -1.0716896781e+01 2.8060331349e+00 6.5568496914e-02 1.8262934414e-01 3.1078628518e+01 1.5353386085e+01
1.0133333333e-01 8.3819731199e+00 5.0099285853e+00 1.4875000000e+04 6.3888674019e+01 2.9064379240e+00 9.6897373936e-01 4.4982186493e+04 -1.0808520512e+01 2.8216005182e+00 6.4862643440e-02 1.8262934414e-01 3.1264103028e+01 1.5458634303e+01
1.0200000000e-01 8.4028161237e+00 5.0001689472e+00 1.4875000000e+04 6.3888674019e+01 2.9209105598e+00 9.6520214726e-01 4.5735966164e+04 -1.0900788028e+01 2.8369998408e+00 6.4166273099e-02 1.8262934414e-01 3.1450043096e+01 1.5563738667e+01
1.0266666667e-01 8.4237846886e+00 4.9903372384e+00 1.4875000000e+04 6.3888674019e+01 2.9355066493e+00 9.6141014029e-01 4.6498741232e+04 -1.0993704824e+01 2.8522301856e+00 6.3479221352e-02 1.8262934414e-01 3.1636451222e+01 1.5668695765e+01
1.0333333333e-01 8.4448791235e+00 4.9804336197e+00 1.4875000000e+04 6.3888674019e+01 2.9502270620e+00 9.5759794429e-01 4.7270582826e+04 -1.1087276435e+01 2.8672906455e+00 6.2801327187e-02 1.8262934414e-01 3.1823329914e+01 1.5773502236e+01
1.0400000000e-01 8.4660997393e+00 4.9704582527e+00 1.4875000000e+04 6.3888674019e+01 2.9650726747e+00 9.5376578632e-01 4.8051562476e+04 -1.1181508435e+01 2.8821803235e+00 6.2132433020e-02 1.8262934414e-01 3.2010681689e+01 1.5878154774e+01
1.0466666667e-01 8.4874468488e+00 4.9604113006e+00 1.4875000000e+04 6.3888674019e+01 2.9800443715e+00 9.4991389465e-01 4.8841752109e+04 -1.1276406436e+01 2.8968983325e+00 6.1472384615e-02 1.8262934414e-01 3.2198509075e+01 1.5982650119e+01
1.0533333333e-01 8.5089207666e+00 4.9502929277e+00 1.4875000000e+04 6.3888674019e+01 2.9951430442e+00 9.4604249869e-01 4.9641224056e+04 -1.1371976091e+01 2.9114437961e+00 6.0821030995e-02 1.8262934414e-01 3.2386814608e+01 1.6086985062e+01
1.0600000000e-01 8.5305218092e+00 4.9401032998e+00 1.4875000000e+04 6.3888674019e+01 3.0103695921e+00 9.4215182904e-01 5.0450051054e+04 -1.1468223091e+01 2.9258158479e+00 6.0178224360e-02 1.8262934414e-01 3.2575600834e+01 1.6191156440e+01
1.0666666667e-01 8.5522502952e+00 4.9298425838e+00 1.4875000000e+04 6.3888674019e+01 3.0257249223e+00 9.3824211743e-01 5.1268306251e+04 -1.1565153170e+01 2.9400136318e+00 5.9543820011e-02 1.8262934414e-01 3.2764870307e+01 1.6295161136e+01
1.0733333333e-01 8.5741065449e+00 4.9195109479e+00 1.4875000000e+04 6.3888674019e+01 3.0412099492e+00 9.3431359674e-01 5.2096063208e+04 -1.1662772101e+01 2.9540363022e+00 5.8917676267e-02 1.8262934414e-01 3.2954625591e+01 1.6398996075e+01
1.0800000000e-01 8.5960908805e+00 4.9091085618e+00 1.4875000000e+04 6.3888674019e+01 3.0568255952e+00 9.3036650094e-01 5.2933395902e+04 -1.1761085699e+01 2.9678830238e+00 5.8299654394e-02 1.8262934414e-01 3.3144869260e+01 1.6502658228e+01
1.0866666667e-01 8.6182036263e+00 4.8986355962e+00 1.4875000000e+04 6.3888674019e+01 3.0725727905e+00 9.2640106515e-01 5.3780378733e+04 -1.1860099819e+01 2.9815529720e+00 5.7689618532e-02 1.8262934414e-01 3.3335603896e+01 1.6606144604e+01
1.0933333333e-01 8.6404451084e+00 4.8880922234e+00 1.4875000000e+04 6.3888674019e+01 3.0884524729e+00 9.2241752555e-01 5.4637086523e+04 -1.1959820358e+01 2.9950453325e+00 5.7087435620e-02 1.8262934414e-01 3.3526832089e+01 1.6709452255e+01
1.1000000000e-01 8.6628156548e+00 4.8774786167e+00 1.4875000000e+04 6.3888674019e+01 3.1044655884e+00 9.1841611940e-01 5.5503594523e+04 -1.2060253258e+01 3.0083593017e+00 5.6492975332e-02 1.8262934414e-01 3.3718556439e+01 1.6812578269e+01
1.1066666667e-01 8.6853155957e+00 4.8667949509e+00 1.4875000000e+04 6.3888674019e+01 3.1206130906e+00 9.1439708505e-01 5.6379978414e+04 -1.2161404498e+01 3.0214940865e+00 5.5906110008e-02 1.8262934414e-01 3.3910779556e+01 1.6915519775e+01
1.1133333333e-01 8.7079452628e+00 4.8560414021e+00 1.4875000000e+04 6.3888674019e+01 3.1368959414e+00 9.1036066187e-01 5.7266314316e+04 -1.2263280106e+01 3.0344489047e+00 5.5326714587e-02 1.8262934414e-01 3.4103504057e+01 1.7018273937e+01
1.1200000000e-01 8.7307049902e+00 4.8452181475e+00 1.4875000000e+04 6.3888674019e+01 3.1533151107e+00 9.0630709028e-01 5.8162678783e+04 -1.2365886147e+01 3.0472229847e+00 5.4754666546e-02 1.8262934414e-01 3.4296732568e+01 1.7120837955e+01
1.1266666667e-01 8.7535951136e+00 4.8343253660e+00 1.4875000000e+04 6.3888674019e+01 3.1698715763e+00 9.0223661173e-01 5.9069148816e+04 -1.2469228734e+01 3.0598155655e+00 5.4189845842e-02 1.8262934414e-01 3.4490467726e+01 1.7223209064e+01
1.1333333333e-01 8.7766159708e+00 4.8233632373e+00 1.4875000000e+04 6.3888674019e+01 3.1865663245e+00 8.9814946864e-01 5.9985801863e+04 -1.2573314023e+01 3.0722258971e+00 5.3632134843e-02 1.8262934414e-01 3.4684712174e+01 1.7325384532e+01
1.1400000000e-01 8.7997679016e+00 4.8123319428e+00 1.4875000000e+04 6.3888674019e+01 3.2034003496e+00 8.9404590448e-01 6.0912715821e+04 -1.2678148213e+01 3.0844532404e+00 5.3081418280e-02 1.8262934414e-01 3.4879468566e+01 1.7427361662e+01
1.1466666667e-01 8.8230512477e+00 4.8012316650e+00 1.4875000000e+04 6.3888674019e+01 3.2203746544e+00 8.8992616365e-01 6.1849969042e+04 -1.2783737547e+01 3.0964968670e+00 5.2537583185e-02 1.8262934414e-01 3.5074739562e+01 1.7529137786e+01
1.1533333333e-01 8.8464663528e+00 4.7900625879e+00 1.4875000000e+04 6.3888674019e+01 3.2374902497e+00 8.8579049153e-01 6.2797640340e+04 -1.2890088316e+01 3.1083560597e+00 5.2000518837e-02 1.8262934414e-01 3.5270527833e+01 1.7630710270e+01
1.1600000000e-01 8.8700135626e+00 4.7788248967e+00 1.4875000000e+04 6.3888674019e+01 3.2547481552e+00 8.8163913445e-01 6.3755808989e+04 -1.2997206854e+01 3.1200301120e+00 5.1470116710e-02 1.8262934414e-01 3.5466836057e+01 1.7732076507e+01
1.1666666667e-01 8.8936932247e+00 4.7675187778e+00 1.4875000000e+04 6.3888674019e+01 3.2721493987e+00 8.7747233968e-01 6.4724554733e+04 -1.3105099540e+01 3.1315183286e+00 5.0946270420e-02 1.8262934414e-01 3.5663666924e+01 1.7833233923e+01
1.1733333333e-01 8.9175056888e+00 4.7561444190e+00 1.4875000000e+04 6.3888674019e+01 3.2896950168e+00 8.7329035539e-01 6.5703957787e+04 -1.3213772802e+01 3.1428200253e+00 5.0428875675e-02 1.8262934414e-01 3.5861023127e+01 1.7934179970e+01
1.1800000000e-01 8.9414513065e+00 4.7447020097e+00 1.4875000000e+04 6.3888674019e+01 3.3073860543e+00 8.6909343069e-01 6.6694098841e+04 -1.3323233113e+01 3.1539345290e+00 4.9917830226e-02 1.8262934414e-01 3.6058907373e+01 1.8034912129e+01
1.1866666667e-01 8.9655304314e+00 4.7331917402e+00 1.4875000000e+04 6.3888674019e+01 3.3252235652e+00 8.6488181554e-01 6.7695059066e+04 -1.3433486991e+01 3.1648611775e+00 4.9413033820e-02 1.8262934414e-01 3.6257322374e+01 1.8135427909e+01
1.1933333333e-01 8.9897434192e+00 4.7216138023e+00 1.4875000000e+04 6.3888674019e+01 3.3432086118e+00 8.6065576079e-01 6.8706920120e+04 -1.3544541005e+01 3.1755993202e+00 4.8914388153e-02 1.8262934414e-01 3.6456270852e+01 1.8235724844e+01
1.2000000000e-01 9.0140906274e+00 4.7099683892e+00 1.4875000000e+04 6.3888674019e+01 3.3613422653e+00 8.5641551817e-01 6.9729764147e+04 -1.3656401768e+01 3.1861483173e+00 4.8421796823e-02 1.8262934414e-01 3.6655755537e+01 1.8335800496e+01
1.2066666667e-01 9.0385724159e+00 4.6982556953e+00 1.4875000000e+04 6.3888674019e+01 3.3796256060e+00 8.5216134023e-01 7.0763673787e+04 -1.3769075944e+01 3.1965075407e+00 4.7935165291e-02 1.8262934414e-01 3.6855779168e+01 1.8435652449e+01
1.2133333333e-01 9.0631891461e+00 4.6864759165e+00 1.4875000000e+04 6.3888674019e+01 3.3980597227e+00 8.4789348035e-01 7.1808732178e+04 -1.3882570243e+01 3.2066763732e+00 4.7454400834e-02 1.8262934414e-01 3.7056344493e+01 1.8535278315e+01
1.2200000000e-01 9.0879411819e+00 4.6746292499e+00 1.4875000000e+04 6.3888674019e+01 3.4166457134e+00 8.4361219273e-01 7.2865022961e+04 -1.3996891426e+01 3.2166542092e+00 4.6979412503e-02 1.8262934414e-01 3.7257454266e+01 1.8634675729e+01
1.2266666667e-01 9.1128288889e+00 4.6627158940e+00 1.4875000000e+04 6.3888674019e+01 3.4353846852e+00 8.3931773239e-01 7.3932630285e+04 -1.4112046303e+01 3.2264404545e+00 4.6510111086e-02 1.8262934414e-01 3.7459111252e+01 1.8733842348e+01
1.2333333333e-01 9.1378526350e+00 4.6507360486e+00 1.4875000000e+04 6.3888674019e+01 3.4542777543e+00 8.3501035511e-01 7.5011638812e+04 -1.4228041731e+01 3.2360345260e+00 4.6046409066e-02 1.8262934414e-01 3.7661318223e+01 1.8832775854e+01
1.2400000000e-01 9.1630127899e+00 4.6386899148e+00 1.4875000000e+04 6.3888674019e+01 3.4733260459e+00 8.3069031745e-01 7.6102133720e+04 -1.4344884620e+01 3.2454358524e+00 4.5588220586e-02 1.8262934414e-01 3.7864077961e+01 1.8931473951e+01
1.2466666667e-01 9.1883097255e+00 4.6265776953e+00 1.4875000000e+04 6.3888674019e+01 3.4925306947e+00 8.2635787670e-01 7.7204200710e+04 -1.4462581929e+01 3.2546438737e+00 4.5135461405e-02 1.8262934414e-01 3.8067393253e+01 1.9029934363e+01
1.2533333333e-01 9.2137438157e+00 4.6143995938e+00 1.4875000000e+04 6.3888674019e+01 3.5118928444e+00 8.2201329094e-01 7.8317926012e+04 -1.4581140669e+01 3.2636580415e+00 4.4688048868e-02 1.8262934414e-01 3.8271266899e+01 1.9128154839e+01
1.2600000000e-01 9.2393154365e+00 4.6021558156e+00 1.4875000000e+04 6.3888674019e+01 3.5314136484e+00 8.1765681892e-01 7.9443396384e+04 -1.4700567902e+01 3.2724778188e+00 4.4245901870e-02 1.8262934414e-01 3.8475701704e+01 1.9226133146e+01
1.2666666667e-01 9.2650249658e+00 4.5898465674e+00 1.4875000000e+04 6.3888674019e+01 3.5510942694e+00 8.1328872013e-01 8.0580699125e+04 -1.4820870740e+01 3.2811026803e+00 4.3808940816e-02 1.8262934414e-01 3.8680700483e+01 1.9323867072e+01
1.2733333333e-01 9.2908727838e+00 4.5774720571e+00 1.4875000000e+04 6.3888674019e+01 3.5709358796e+00 8.0890925474e-01 8.1729922075e+04 -1.4942056350e+01 3.2895321124e+00 4.3377087595e-02 1.8262934414e-01 3.8886266057e+01 1.9421354426e+01
1.2800000000e-01 9.3168592727e+00 4.5650324939e+00 1.4875000000e+04 6.3888674019e+01 3.5909396608e+00 8.0451868360e-01 8.2891153621e+04 -1.5064131949e+01 3.2977656129e+00 4.2950265541e-02 1.8262934414e-01 3.9092401259e+01 1.9518593036e+01
1.2866666667e-01 9.3429848167e+00 4.5525280888e+00 1.4875000000e+04 6.3888674019e+01 3.6111068045e+00 8.0011726822e-01 8.4064482702e+04 -1.5187104809e+01 3.3058026914e+00 4.2528399405e-02 1.8262934414e-01 3.9299108928e+01 1.9615580749e+01
1.2933333333e-01 9.3692498021e+00 4.5399590536e+00 1.4875000000e+04 6.3888674019e+01 3.6314385119e+00 7.9570527077e-01 8.5249998817e+04 -1.5310982255e+01 3.3136428693e+00 4.2111415322e-02 1.8262934414e-01 3.9506391911e+01 1.9712315431e+01
1.3000000000e-01 9.3956546174e+00 4.5273256020e+00 1.4875000000e+04 6.3888674019e+01 3.6519359940e+00 7.9128295402e-01 8.6447792026e+04 -1.5435771664e+01 3.3212856795e+00 4.1699240782e-02 1.8262934414e-01 3.9714253064e+01 1.9808794967e+01
1.3066666667e-01 9.4221996531e+00 4.5146279487e+00 1.4875000000e+04 6.3888674019e+01 3.6726004718e+00 7.8685058138e-01 8.7657952958e+04 -1.5561480470e+01 3.3287306669e+00 4.1291804600e-02 1.8262934414e-01 3.9922695251e+01 1.9905017260e+01
1.3133333333e-01 9.4488853018e+00 4.5018663101e+00 1.4875000000e+04 6.3888674019e+01 3.6934331760e+00 7.8240841686e-01 8.8880572818e+04 -1.5688116160e+01 3.3359773879e+00 4.0889036886e-02 1.8262934414e-01 4.0131721346e+01 2.0000980230e+01
1.3200000000e-01 9.4757119583e+00 4.4890409038e+00 1.4875000000e+04 6.3888674019e+01 3.7144353475e+00 7.7795672504e-01 9.0115743388e+04 -1.5815686277e+01 3.3430254110e+00 4.0490869019e-02 1.8262934414e-01 4.0341334229e+01 2.0096681814e+01
1.3266666667e-01 9.5026800195e+00 4.4761519488e+00 1.4875000000e+04 6.3888674019e+01 3.7356082373e+00 7.7349577106e-01 9.1363557036e+04 -1.5944198419e+01 3.3498743164e+00 4.0097233618e-02 1.8262934414e-01 4.0551536790e+01 2.0192119967e+01
1.3333333333e-01 9.5297898843e+00 4.4631996657e+00 1.4875000000e+04 6.3888674019e+01 3.7569531064e+00 7.6902582064e-01 9.2624106720e+04 -1.6073660241e+01 3.3565236961e+00 3.9708064517e-02 1.8262934414e-01 4.0762331925e+01 2.0287292661e+01
1.3400000000e-01 9.5570419538e+00 4.4501842764e+00 1.4875000000e+04 6.3888674019e+01 3.7784712262e+00 7.6454714001e-01 9.3897485996e+04 -1.6204079454e+01 3.3629731541e+00 3.9323296739e-02 1.8262934414e-01 4.0973722542e+01 2.0382197883e+01
1.3466666667e-01 9.5844366312e+00 4.4371060041e+00 1.4875000000e+04 6.3888674019e+01 3.8001638784e+00 7.6005999593e-01 9.5183789020e+04 -1.6335463826e+01 3.3692223063e+00 3.8942866468e-02 1.8262934414e-01 4.1185711552e+01 2.0476833637e+01
1.3533333333e-01 9.6119743220e+00 4.4239650736e+00 1.4875000000e+04 6.3888674019e+01 3.8220323551e+00 7.5556465567e-01 9.6483110557e+04 -1.6467821183e+01 3.3752707803e+00 3.8566711026e-02 1.8262934414e-01 4.1398301881e+01 2.0571197943e+01
1.3600000000e-01 9.6396554337e+00 4.4107617110e+00 1.4875000000e+04 6.3888674019e+01 3.8440779588e+00 7.5106138698e-01 9.7795545985e+04 -1.6601159408e+01 3.3811182161e+00 3.8194768851e-02 1.8262934414e-01 4.1611496456e+01 2.0665288837e+01
1.3666666667e-01 9.6674803759e+00 4.3974961441e+00 1.4875000000e+04 6.3888674019e+01 3.8663020026e+00 7.4655045808e-01 9.9121191302e+04 -1.6735486443e+01 3.3867642652e+00 3.7826979471e-02 1.8262934414e-01 4.1825298219e+01 2.0759104368e+01
1.3733333333e-01 9.6954495605e+00 4.3841686019e+00 1.4875000000e+04 6.3888674019e+01 3.8887058102e+00 7.4203213765e-01 1.0046014313e+05 -1.6870810289e+01 3.3922085914e+00 3.7463283482e-02 1.8262934414e-01 4.2039710115e+01 2.0852642602e+01
1.3800000000e-01 9.7235634014e+00 4.3707793148e+00 1.4875000000e+04 6.3888674019e+01 3.9112907161e+00 7.3750669482e-01 1.0181249873e+05 -1.7007139007e+01 3.3974508704e+00 3.7103622522e-02 1.8262934414e-01 4.2254735101e+01 2.0945901619e+01
1.3866666667e-01 9.7518223149e+00 4.3573285150e+00 1.4875000000e+04 6.3888674019e+01 3.9340580655e+00 7.3297439912e-01 1.0317835599e+05 -1.7144480716e+01 3.4024907900e+00 3.6747939259e-02 1.8262934414e-01 4.2470376139e+01 2.1038879514e+01
1.3933333333e-01 9.7802267193e+00 4.3438164358e+00 1.4875000000e+04 6.3888674019e+01 3.9570092144e+00 7.2843552052e-01 1.0455781344e+05 -1.7282843597e+01 3.4073280500e+00 3.6396177357e-02 1.8262934414e-01 4.2686636203e+01 2.1131574396e+01
1.4000000000e-01 9.8087770351e+00 4.3302433122e+00 1.4875000000e+04 6.3888674019e+01 3.9801455300e+00 7.2389032936e-01 1.0595097027e+05 -1.7422235891e+01 3.4119623623e+00 3.6048281465e-02 1.8262934414e-01 4.2903518272e+01 2.1223984388e+01
1.4000000000e-01 9.8087770351e+00 4.3302433122e+00 1.4875000000e+04 6.3888674019e+01 3.9801455300e+00 7.2389032936e-01 1.0595097027e+05 -1.7422235891e+01 3.4119623623e+00 3.6048281465e-02 1.8262934414e-01 4.2903518272e+01 2.1223984388e+01
1.4126027397e-01 9.8628875365e+00 4.3045335799e+00 1.4875000000e+04 6.3888674019e+01 4.0241800888e+00 7.1531998032e-01 1.0859251426e+05 -1.7518662202e+01 3.3899585171e+00 3.5411918736e-02 1.8262934414e-01 4.2903518272e+01 2.1223984388e+01
1.4252054795e-01 9.9169990054e+00 4.2788372066e+00 1.4875000000e+04 6.3888674019e+01 4.0684576925e+00 7.0680508170e-01 1.1123424415e+05 -1.7615088513e+01 3.3679546719e+00 3.4805722038e-02 1.8262934414e-01 4.2903518272e+01 2.1223984388e+01
1.4378082192e-01 9.9711114263e+00 4.2531544343e+00 1.4875000000e+04 6.3888674019e+01 4.1129783411e+00 6.9834563350e-01 1.1387614700e+05 -1.7711514823e+01 3.3459508267e+00 3.4227598827e-02 1.8262934414e-01 4.2903518272e+01 2.1223984388e+01
1.4504109589e-01 1.0025224784e+01 4.2274855110e+00 1.4875000000e+04 6.3888674019e+01 4.1577420345e+00 6.8994163572e-01 1.1651821105e+05 -1.7807941134e+01 3.3239469816e+00 3.3675645487e-02 1.8262934414e-01 4.2903518272e+01 2.1223984388e+01
1.4630136986e-01 1.0079339062e+01 4.2018306904e+00 1.4875000000e+04 6.3888674019e+01 4.2027487728e+00 6.8159308836e-01 1.1916042557e+05 -1.7904367445e+01 3.3019431364e+00 3.3148126501e-02 1.8262934414e-01 4.2903518272e+01 2.1223984388e+01
1.4756164384e-01 1.0133454248e+01 4.1761902324e+00 1.4875000000e+04 6.3888674019e+01 4.2479985560e+00 6.7329999141e-01 1.2180278078e+05 -1.8000793755e+01 3.2799392912e+00 3.2643456315e-02 1.8262934414e-01 4.2903518272e+01 2.1223984388e+01
1.4882191781e-01 1.0187570325e+01 4.1505644033e+00 1.4875000000e+04 6.3888674019e+01 4.2934913841e+00 6.6506234488e-01 1.2444526770e+05 -1.8097220066e+01 3.2579354461e+00 3.2160183507e-02 1.8262934414e-01 4.2903518272e+01 2.1223984388e+01
1.5008219178e-01 1.0241687281e+01 4.1249534756e+00 1.4875000000e+04 6.3888674019e+01 4.3392272570e+00 6.5688014877e-01 1.2708787813e+05 -1.8193646377e+01 3.2359316009e+00 3.1696976909e-02 1.8262934414e-01 4.2903518272e+01 2.1223984388e+01
1.5134246575e-01 1.0295805101e+01 4.0993577287e+00 1.4875000000e+04 6.3888674019e+01 4.3852061748e+00 6.4875340308e-01 1.2973060451e+05 -1.8290072687e+01 3.2139277557e+00 3.1252613415e-02 1.8262934414e-01 4.2903518272e+01 2.1223984388e+01
1.5260273973e-01 1.0349923771e+01 4.0737774487e+00 1.4875000000e+04 6.3888674019e+01 4.4314281375e+00 6.4068210781e-01 1.3237343991e+05 -1.8386498998e+01 3.1919239106e+00 3.0825967250e-02 1.8262934414e-01 4.2903518272e+01 2.1223984388e+01
1.5386301370e-01 1.0404043279e+01 4.0482129288e+00 1.4875000000e+04 6.3888674019e+01 4.4778931451e+00 6.3266626295e-01 1.3501637792e+05 -1.8482925309e+01 3.1699200654e+00 3.0416000484e-02 1.8262934414e-01 4.2903518272e+01 2.1223984388e+01
1.5512328767e-01 1.0458163611e+01 4.0226644694e+00 1.4875000000e+04 6.3888674019e+01 4.5246011975e+00 6.2470586851e-01 1.3765941263e+05 -1.8579351619e+01 3.1479162202e+00 3.0021754632e-02 1.8262934414e-01 4.2903518272e+01 2.1223984388e+01
1.5638356164e-01 1.0512284755e+01 3.9971323786e+00 1.4875000000e+04 6.3888674019e+01 4.5715522948e+00 6.1680092449e-01 1.4030253857e+05 -1.8675777930e+01 3.1259123751e+00 2.9642343208e-02 1.8262934414e-01 4.2903518272e+01 2.1223984388e+01
1.5764383562e-01 1.0566406698e+01 3.9716169720e+00 1.4875000000e+04 6.3888674019e+01 4.6187464370e+00 6.0895143089e-01 1.4294575069e+05 -1.8772204241e+01 3.1039085299e+00 2.9276945090e-02 1.8262934414e-01 4.2903518272e+01 2.1223984388e+01
1.5890410959e-01 1.0620529428e+01 3.9461185733e+00 1.4875000000e+04 6.3888674019e+01 4.6661836240e+00 6.0115738771e-01 1.4558904429e+05 -1.8868630552e+01 3.0819046847e+00 2.8924798613e-02 1.8262934414e-01 4.2903518272e+01 2.1223984388e+01
1.6016438356e-01 1.0674652933e+01 3.9206375142e+00 1.4875000000e+04 6.3888674019e+01 4.7138638559e+00 5.9341879494e-01 1.4823241501e+05 -1.8965056862e+01 3.0599008396e+00 2.8585196285e-02 1.8262934414e-01 4.2903518272e+01 2.1223984388e+01
1.6142465753e-01 1.0728777201e+01 3.8951741352e+00 1.4875000000e+04 6.3888674019e+01 4.7617871327e+00 5.8573565259e-01 1.5087585880e+05 -1.9061483173e+01 3.0378969944e+00 2.8257480059e-02 1.8262934414e-01 4.2903518272e+01 2.1223984388e+01
1.6268493151e-01 1.0782902221e+01 3.8697287851e+00 1.4875000000e+04 6.3888674019e+01 4.8099534544e+00 5.7810796066e-01 1.5351937188e+05 -1.9157909483e+01 3.0158931492e+00 2.7941037092e-02 1.8262934414e-01 4.2903518272e+01 2.1223984388e+01
1.6394520548e-01 1.0837027981e+01 3.8443018221e+00 1.4875000000e+04 6.3888674019e+01 4.8583628209e+00 5.7053571915e-01 1.5616295074e+05 -1.9254335794e+01 2.9938893041e+00 2.7635295927e-02 1.8262934414e-01 4.2903518272e+01 2.1223984388e+01
1.6520547945e-01 1.0891154471e+01 3.8188936133e+00 1.4875000000e+04 6.3888674019e+01 4.9070152323e+00 5.6301892806e-01 1.5880659209e+05 -1.9350762105e+01 2.9718854589e+00 2.7339723068e-02 1.8262934414e-01 4.2903518272e+01 2.1223984388e+01
1.6646575342e-01 1.0945281679e+01 3.7935045357e+00 1.4875000000e+04 6.3888674019e+01 4.9559106886e+00 5.5555758738e-01 1.6145029286e+05 -1.9447188416e+01 2.9498816137e+00 2.7053819875e-02 1.8262934414e-01 4.2903518272e+01 2.1223984388e+01
1.6772602740e-01 1.0999409596e+01 3.7681349758e+00 1.4875000000e+04 6.3888674019e+01 5.0050491898e+00 5.4815169712e-01 1.6409405018e+05 -1.9543614726e+01 2.9278777686e+00 2.6777119765e-02 1.8262934414e-01 4.2903518272e+01 2.1223984388e+01
1.6898630137e-01 1.1053538210e+01 3.7427853307e+00 1.4875000000e+04 6.3888674019e+01 5.0544307358e+00 5.4080125728e-01 1.6673786135e+05 -1.9640041037e+01 2.9058739234e+00 2.6509185682e-02 1.8262934414e-01 4.2903518272e+01 2.1223984388e+01
1.7024657534e-01 1.1107667511e+01 3.7174560077e+00 1.4875000000e+04 6.3888674019e+01 5.1040553267e+00 5.3350626786e-01 1.6938172387e+05 -1.9736467348e+01 2.8838700782e+00 2.6249607797e-02 1.8262934414e-01 4.2903518272e+01 2.1223984388e+01
1.7150684932e-01 1.1161797490e+01 3.6921474250e+00 1.4875000000e+04 6.3888674019e+01 5.1539229625e+00 5.2626672886e-01 1.7202563535e+05 -1.9832893658e+01 2.8618662331e+00 2.5998001420e-02 1.8262934414e-01 4.2903518272e+01 2.1223984388e+01
1.7276712329e-01 1.1215928137e+01 3.6668600121e+00 1.4875000000e+04 6.3888674019e+01 5.2040336431e+00 5.1908264027e-01 1.7466959358e+05 -1.9929319969e+01 2.8398623879e+00 2.5754005105e-02 1.8262934414e-01 4.2903518272e+01 2.1223984388e+01
1.7402739726e-01 1.1270059441e+01 3.6415942101e+00 1.4875000000e+04 6.3888674019e+01 5.2543873686e+00 5.1195400210e-01 1.7731359646e+05 -2.0025746280e+01 2.8178585427e+00 2.5517278920e-02 1.8262934414e-01 4.2903518272e+01 2.1223984388e+01
1.7528767123e-01 1.1324191394e+01 3.6163504718e+00 1.4875000000e+04 6.3888674019e+01 5.3049841390e+00 5.0488081435e-01 1.7995764203e+05 -2.0122172590e+01 2.7958546976e+00 2.5287502872e-02 1.8262934414e-01 4.2903518272e+01 2.1223984388e+01
1.7654794521e-01 1.1378323986e+01 3.5911292626e+00 1.4875000000e+04 6.3888674019e+01 5.3558239543e+00 4.9786307702e-01 1.8260172843e+05 -2.0218598901e+01 2.7738508524e+00 2.5064375467e-02 1.8262934414e-01 4.2903518272e+01 2.1223984388e+01
1.7780821918e-01 1.1432457209e+01 3.5659310605e+00 1.4875000000e+04 6.3888674019e+01 5.4069068144e+00 4.9090079010e-01 1.8524585392e+05 -2.0315025212e+01 2.7518470072e+00 2.4847612389e-02 1.8262934414e-01 4.2903518272e+01 2.1223984388e+01
1.7906849315e-01 1.1486591053e+01 3.5407563567e+00 1.4875000000e+04 6.3888674019e+01 5.4582327194e+00 4.8399395361e-01 1.8789001684e+05 -2.0411451522e+01 2.7298431621e+00 2.4636945301e-02 1.8262934414e-01 4.2903518272e+01 2.1223984388e+01
1.8032876712e-01 1.1540725509e+01 3.5156056560e+00 1.4875000000e+04 6.3888674019e+01 5.5098016693e+00 4.7714256753e-01 1.9053421563e+05 -2.0507877833e+01 2.7078393169e+00 2.4432120732e-02 1.8262934414e-01 4.2903518272e+01 2.1223984388e+01
1.8158904110e-01 1.1594860570e+01 3.4904794772e+00 1.4875000000e+04 6.3888674019e+01 5.5616136640e+00 4.7034663187e-01 1.9317844883e+05 -2.0604304144e+01 2.6858354717e+00 2.4232899068e-02 1.8262934414e-01 4.2903518272e+01 2.1223984388e+01
1.8284931507e-01 1.1648996226e+01 3.4653783539e+00 1.4875000000e+04 6.3888674019e+01 5.6136687037e+00 4.6360614663e-01 1.9582271504e+05 -2.0700730454e+01 2.6638316266e+00 2.4039053612e-02 1.8262934414e-01 4.2903518272e+01 2.1223984388e+01
1.8410958904e-01 1.1703132469e+01 3.4403028343e+00 1.4875000000e+04 6.3888674019e+01 5.6659667882e+00 4.5692111180e-01 1.9846701293e+05 -2.0797156765e+01 2.6418277814e+00 2.3850369730e-02 1.8262934414e-01 4.2903518272e+01 2.1223984388e+01
1.8536986301e-01 1.1757269292e+01 3.4152534824e+00 1.4875000000e+04 6.3888674019e+01 5.7185079175e+00 4.5029152739e-01 2.0111134127e+05 -2.0893583076e+01 2.6198239362e+00 2.3666644061e-02 1.8262934414e-01 4.2903518272e+01 2.1223984388e+01
1.8663013699e-01 1.1811406685e+01 3.3902308783e+00 1.4875000000e+04 6.3888674019e+01 5.7712920918e+00 4.4371739341e-01 2.0375569885e+05 -2.0990009386e+01 2.5978200911e+00 2.3487683779e-02 1.8262934414e-01 4.2903518272e+01 2.1223984388e+01
1.8789041096e-01 1.1865544642e+01 3.3652356187e+00 1.4875000000e+04 6.3888674019e+01 5.8243193109e+00 4.3719870984e-01 2.0640008457e+05 -2.1086435697e+01 2.5758162459e+00 2.3313305929e-02 1.8262934414e-01 4.2903518272e+01 2.1223984388e+01
1.8915068493e-01 1.1919683155e+01 3.3402683174e+00 1.4875000000e+04 6.3888674019e+01 5.8775895749e+00 4.3073547668e-01 2.0904449735e+05 -2.1182862008e+01 2.5538124007e+00 2.3143336798e-02 1.8262934414e-01 4.2903518272e+01 2.1223984388e+01
1.9041095890e-01 1.1973822216e+01 3.3153296061e+00 1.4875000000e+04 6.3888674019e+01 5.9311028837e+00 4.2432769395e-01 2.1168893618e+05 -2.1279288318e+01 2.5318085556e+00 2.2977611340e-02 1.8262934414e-01 4.2903518272e+01 2.1223984388e+01
1.9167123288e-01 1.2027961818e+01 3.2904201347e+00 1.4875000000e+04 6.3888674019e+01 5.9848592375e+00 4.1797536163e-01 2.1433340009e+05 -2.1375714629e+01 2.5098047104e+00 2.2815972643e-02 1.8262934414e-01 4.2903518272e+01 2.1223984388e+01
1.9293150685e-01 1.2082101953e+01 3.2655405725e+00 1.4875000000e+04 6.3888674019e+01 6.0388586361e+00 4.1167847973e-01 2.1697788817e+05 -2.1472140940e+01 2.4878008652e+00 2.2658271435e-02 1.8262934414e-01 4.2903518272e+01 2.1223984388e+01
1.9419178082e-01 1.2136242615e+01 3.2406916084e+00 1.4875000000e+04 6.3888674019e+01 6.0931010796e+00 4.0543704825e-01 2.1962239954e+05 -2.1568567250e+01 2.4657970201e+00 2.2504365622e-02 1.8262934414e-01 4.2903518272e+01 2.1223984388e+01
1.9545205479e-01 1.2190383796e+01 3.2158739515e+00 1.4875000000e+04 6.3888674019e+01 6.1475865679e+00 3.9925106719e-01 2.2226693338e+05 -2.1664993561e+01 2.4437931749e+00 2.2354119865e-02 1.8262934414e-01 4.2903518272e+01 2.1223984388e+01
1.9671232877e-01 1.2244525490e+01 3.1910883323e+00 1.4875000000e+04 6.3888674019e+01 6.2023151011e+00 3.9312053654e-01 2.2491148888e+05 -2.1761419872e+01 2.4217893297e+00 2.2207405180e-02 1.8262934414e-01 4.2903518272e+01 2.1223984388e+01
1.9797260274e-01 1.2298667689e+01 3.1663355033e+00 1.4875000000e+04 6.3888674019e+01 6.2572866792e+00 3.8704545632e-01 2.2755606530e+05 -2.1857846182e+01 2.3997854846e+00 2.2064098574e-02 1.8262934414e-01 4.2903518272e+01 2.1223984388e+01
1.9923287671e-01 1.2352810387e+01 3.1416162394e+00 1.4875000000e+04 6.3888674019e+01 6.3125013022e+00 3.8102582651e-01 2.3020066192e+05 -2.1954272493e+01 2.3777816394e+00 2.1924082696e-02 1.8262934414e-01 4.2903518272e+01 2.1223984388e+01
2.0049315068e-01 1.2406953578e+01 3.1169313393e+00 1.4875000000e+04 6.3888674019e+01 6.3679589700e+00 3.7506164712e-01 2.3284527803e+05 -2.2050698804e+01 2.3557777942e+00 2.1787245522e-02 1.8262934414e-01 4.2903518272e+01 2.1223984388e+01
2.0175342466e-01 1.2461097255e+01 3.0922816259e+00 1.4875000000e+04 6.3888674019e+01 6.4236596828e+00 3.6915291814e-01 2.3548991300e+05 -2.2147125114e+01 2.3337739491e+00 2.1653480052e-02 1.8262934414e-01 4.2903518272e+01 2.1223984388e+01
2.0301369863e-01 1.2515241412e+01 3.0676679473e+00 1.4875000000e+04 6.3888674019e+01 6.4796034404e+00 3.6329963959e-01 2.3813456619e+05 -2.2243551425e+01 2.3117701039e+00 2.1522684036e-02 1.8262934414e-01 4.2903518272e+01 2.1223984388e+01
2.0427397260e-01 1.2569386042e+01 3.0430911781e+00 1.4875000000e+04 6.3888674019e+01 6.5357902428e+00 3.5750181145e-01 2.4077923700e+05 -2.2339977736e+01 2.2897662587e+00 2.1394759710e-02 1.8262934414e-01 4.2903518272e+01 2.1223984388e+01
2.0553424658e-01 1.2623531140e+01 3.0185522197e+00 1.4875000000e+04 6.3888674019e+01 6.5922200901e+00 3.5175943373e-01 2.4342392485e+05 -2.2436404046e+01 2.2677624136e+00 2.1269613554e-02 1.8262934414e-01 4.2903518272e+01 2.1223984388e+01
2.0679452055e-01 1.2677676699e+01 2.9940520018e+00 1.4875000000e+04 6.3888674019e+01 6.6488929824e+00 3.4607250643e-01 2.4606862920e+05 -2.2532830357e+01 2.2457585684e+00 2.1147156063e-02 1.8262934414e-01 4.2903518272e+01 2.1223984388e+01
2.0805479452e-01 1.2731822714e+01 2.9695914833e+00 1.4875000000e+04 6.3888674019e+01 6.7058089194e+00 3.4044102955e-01 2.4871334952e+05 -2.2629256668e+01 2.2237547232e+00 2.1027301536e-02 1.8262934414e-01 4.2903518272e+01 2.1223984388e+01
2.0931506849e-01 1.2785969179e+01 2.9451716534e+00 1.4875000000e+04 6.3888674019e+01 6.7629679014e+00 3.3486500308e-01 2.5135808530e+05 -2.2725682978e+01 2.2017508781e+00 2.0909967876e-02 1.8262934414e-01 4.2903518272e+01 2.1223984388e+01
2.1057534247e-01 1.2840116088e+01 2.9207935325e+00 1.4875000000e+04 6.3888674019e+01 6.8203699282e+00 3.2934442704e-01 2.5400283607e+05 -2.2822109289e+01 2.1797470329e+00 2.0795076399e-02 1.8262934414e-01 4.2903518272e+01 2.1223984388e+01
2.1183561644e-01 1.2894263435e+01 2.8964581739e+00 1.4875000000e+04 6.3888674019e+01 6.8780149999e+00 3.2387930141e-01 2.5664760136e+05 -2.2918535600e+01 2.1577431877e+00 2.0682551663e-02 1.8262934414e-01 4.2903518272e+01 2.1223984388e+01
2.1309589041e-01 1.2948411215e+01 2.8721666644e+00 1.4875000000e+04 6.3888674019e+01 6.9359031165e+00 3.1846962620e-01 2.5929238072e+05 -2.3014961910e+01 2.1357393426e+00 2.0572321300e-02 1.8262934414e-01 4.2903518272e+01 2.1223984388e+01
2.1435616438e-01 1.3002559424e+01 2.8479201261e+00 1.4875000000e+04 6.3888674019e+01 6.9940342779e+00 3.1311540140e-01 2.6193717373e+05 -2.3111388221e+01 2.1137354974e+00 2.0464315862e-02 1.8262934414e-01 4.2903518272e+01 2.1223984388e+01
2.1561643836e-01 1.3056708054e+01 2.8237197176e+00 1.4875000000e+04 6.3888674019e+01 7.0524084842e+00 3.0781662703e-01 2.6458197998e+05 -2.3207814532e+01 2.0917316522e+00 2.0358468677e-02 1.8262934414e-01 4.2903518272e+01 2.1223984388e+01
2.1687671233e-01 1.3110857102e+01 2.7995666349e+00 1.4875000000e+04 6.3888674019e+01 7.1110257354e+00 3.0257330307e-01 2.6722679908e+05 -2.3304240842e+01 2.0697278071e+00 2.0254715706e-02 1.8262934414e-01 4.2903518272e+01 2.1223984388e+01
2.1813698630e-01 1.3165006561e+01 2.7754621138e+00 1.4875000000e+04 6.3888674019e+01 7.1698860315e+00 2.9738542953e-01 2.6987163065e+05 -2.3400667153e+01 2.0477239619e+00 2.0152995422e-02 1.8262934414e-01 4.2903518272e+01 2.1223984388e+01
2.1939726027e-01 1.3219156427e+01 2.7514074305e+00 1.4875000000e+04 6.3888674019e+01 7.2289893724e+00 2.9225300641e-01 2.7251647432e+05 -2.3497093464e+01 2.0257201167e+00 2.0053248682e-02 1.8262934414e-01 4.2903518272e+01 2.1223984388e+01
2.2065753425e-01 1.3273306696e+01 2.7274039037e+00 1.4875000000e+04 6.3888674019e+01 7.2883357582e+00 2.8717603371e-01 2.7516132975e+05 -2.3593519774e+01 2.0037162716e+00 1.9955418616e-02 1.8262934414e-01 4.2903518272e+01 2.1223984388e+01
2.2191780822e-01 1.3327457361e+01 2.7034528960e+00 1.4875000000e+04 6.3888674019e+01 7.3479251889e+00 2.8215451142e-01 2.7780619660e+05 -2.3689946085e+01 1.9817124264e+00 1.9859450517e-02 1.8262934414e-01 4.2903518272e+01 2.1223984388e+01
2.2317808219e-01 1.3381608418e+01 2.6795558158e+00 1.4875000000e+04 6.3888674019e+01 7.4077576645e+00 2.7718843955e-01 2.8045107454e+05 -2.3786372396e+01 1.9597085812e+00 1.9765291740e-02 1.8262934414e-01 4.2903518272e+01 2.1223984388e+01
2.2443835616e-01 1.3435759863e+01 2.6557141187e+00 1.4875000000e+04 6.3888674019e+01 7.4678331849e+00 2.7227781811e-01 2.8309596328e+05 -2.3882798707e+01 1.9377047361e+00 1.9672891607e-02 1.8262934414e-01 4.2903518272e+01 2.1223984388e+01
2.2569863014e-01 1.3489911691e+01 2.6319293099e+00 1.4875000000e+04 6.3888674019e+01 7.5281517502e+00 2.6742264707e-01 2.8574086250e+05 -2.3979225017e+01 1.9157008909e+00 1.9582201312e-02 1.8262934414e-01 4.2903518272e+01 2.1223984388e+01
2.2695890411e-01 1.3544063896e+01 2.6082029457e+00 1.4875000000e+04 6.3888674019e+01 7.5887133604e+00 2.6262292646e-01 2.8838577192e+05 -2.4075651328e+01 1.8936970457e+00 1.9493173840e-02 1.8262934414e-01 4.2903518272e+01 2.1223984388e+01
2.2821917808e-01 1.3598216476e+01 2.5845366357e+00 1.4875000000e+04 6.3888674019e+01 7.6495180154e+00 2.5787865627e-01 2.9103069126e+05 -2.4172077638e+01 1.8716932006e+00 1.9405763884e-02 1.8262934414e-01 4.2903518272e+01 2.1223984388e+01
2.2947945205e-01 1.3652369424e+01 2.5609320449e+00 1.4875000000e+04 6.3888674019e+01 7.7105657153e+00 2.5318983649e-01 2.9367562025e+05 -2.4268503949e+01 1.8496893554e+00 1.9319927767e-02 1.8262934414e-01 4.2903518272e+01 2.1223984388e+01
2.3073972603e-01 1.3706522738e+01 2.5373908957e+00 1.4875000000e+04 6.3888674019e+01 7.7718564601e+00 2.4855646713e-01 2.9632055864e+05 -2.4364930260e+01 1.8276855102e+00 1.9235623370e-02 1.8262934414e-01 4.2903518272e+01 2.1223984388e+01
2.3200000000e-01 1.3760676412e+01 2.5139149703e+00 1.4875000000e+04 6.3888674019e+01 7.8333902497e+00 2.4397854819e-01 2.9896550617e+05 -2.4461356571e+01 1.8056816651e+00 1.9152810064e-02 1.8262934414e-01 4.2903518272e+01 2.1223984388e+01
2.3200000000e-01 1.3760676412e+01 2.5139149703e+00 1.4875000000e+04 6.3888674019e+01 7.8333902497e+00 2.4397854819e-01 2.9896550617e+05 -2.4461356571e+01 1.8056816651e+00 1.9152810064e-02 1.8262934414e-01 4.2903518272e+01 2.1223984388e+01
2.3266666667e-01 1.3789171434e+01 2.5015511857e+00 1.4875000000e+04 6.3888674019e+01 7.8658660410e+00 2.4158465779e-01 3.0035405989e+05 -2.4252513532e+01 1.7860596465e+00 1.9110440898e-02 1.8262934414e-01 4.2451854816e+01 2.1152395089e+01
2.3333333333e-01 1.3817362875e+01 2.4892615390e+00 1.4875000000e+04 6.3888674019e+01 7.8980619527e+00 2.3921681947e-01 3.0171609186e+05 -2.4041534048e+01 1.7665949674e+00 1.9070513266e-02 1.8262934414e-01 4.1999207208e+01 2.1081339157e+01
2.3400000000e-01 1.3845250115e+01 2.4770460431e+00 1.4875000000e+04 6.3888674019e+01 7.9299751487e+00 2.3687482464e-01 3.0305183324e+05 -2.3828436703e+01 1.7472859128e+00 1.9032965998e-02 1.8262934414e-01 4.1545585976e+01 2.1010815850e+01
2.3466666667e-01 1.3872832537e+01 2.4649047161e+00 1.4875000000e+04 6.3888674019e+01 7.9616028178e+00 2.3455846698e-01 3.0436151752e+05 -2.3613240269e+01 1.7281307818e+00 1.8997740191e-02 1.8262934414e-01 4.1091001691e+01 2.0940824438e+01
2.3533333333e-01 1.3900109535e+01 2.4528375822e+00 1.4875000000e+04 6.3888674019e+01 7.9929421737e+00 2.3226754244e-01 3.0564538049e+05 -2.3395963703e+01 1.7091278871e+00 1.8964779101e-02 1.8262934414e-01 4.0635464971e+01 2.0871364211e+01
2.3600000000e-01 1.3927080507e+01 2.4408446708e+00 1.4875000000e+04 6.3888674019e+01 8.0239904557e+00 2.3000184920e-01 3.0690366024e+05 -2.3176626147e+01 1.6902755545e+00 1.8934028027e-02 1.8262934414e-01 4.0178986479e+01 2.0802434475e+01
2.3666666667e-01 1.3953744859e+01 2.4289260170e+00 1.4875000000e+04 6.3888674019e+01 8.0547449288e+00 2.2776118768e-01 3.0813659706e+05 -2.2955246921e+01 1.6715721233e+00 1.8905434214e-02 1.8262934414e-01 3.9721576925e+01 2.0734034550e+01
2.3733333333e-01 1.3980102002e+01 2.4170816617e+00 1.4875000000e+04 6.3888674019e+01 8.0852028837e+00 2.2554536049e-01 3.0934443349e+05 -2.2731845527e+01 1.6530159459e+00 1.8878946753e-02 1.8262934414e-01 3.9263247066e+01 2.0666163774e+01
2.3800000000e-01 1.4006151356e+01 2.4053116513e+00 1.4875000000e+04 6.3888674019e+01 8.1153616374e+00 2.2335417242e-01 3.1052741426e+05 -2.2506441645e+01 1.6346053876e+00 1.8854516491e-02 1.8262934414e-01 3.8804007707e+01 2.0598821501e+01
2.3866666667e-01 1.4031892346e+01 2.3936160381e+00 1.4875000000e+04 6.3888674019e+01 8.1452185330e+00 2.2118743046e-01 3.1168578623e+05 -2.2279055131e+01 1.6163388266e+00 1.8832095945e-02 1.8262934414e-01 3.8343869702e+01 2.0532007100e+01
2.3933333333e-01 1.4057324405e+01 2.3819948802e+00 1.4875000000e+04 6.3888674019e+01 8.1747709404e+00 2.1904494371e-01 3.1281979843e+05 -2.2049706016e+01 1.5982146536e+00 1.8811639215e-02 1.8262934414e-01 3.7882843954e+01 2.0465719958e+01
2.4000000000e-01 1.4082446972e+01 2.3704482413e+00 1.4875000000e+04 6.3888674019e+01 8.2040162564e+00 2.1692652346e-01 3.1392970197e+05 -2.1818414504e+01 1.5802312722e+00 1.8793101912e-02 1.8262934414e-01 3.7420941417e+01 2.0399959474e+01
2.4066666667e-01 1.4107259494e+01 2.3589761912e+00 1.4875000000e+04 6.3888674019e+01 8.2329519046e+00 2.1483198307e-01 3.1501575003e+05 -2.1585200970e+01 1.5623870980e+00 1.8776441081e-02 1.8262934414e-01 3.6958173097e+01 2.0334725067e+01
2.4133333333e-01 1.4131761424e+01 2.3475788052e+00 1.4875000000e+04 6.3888674019e+01 8.2615753360e+00 2.1276113804e-01 3.1607819786e+05 -2.1350085958e+01 1.5446805592e+00 1.8761615127e-02 1.8262934414e-01 3.6494550050e+01 2.0270016169e+01
2.4200000000e-01 1.4155952222e+01 2.3362561648e+00 1.4875000000e+04 6.3888674019e+01 8.2898840292e+00 2.1071380594e-01 3.1711730270e+05 -2.1113090179e+01 1.5271100959e+00 1.8748583754e-02 1.8262934414e-01 3.6030083389e+01 2.0205832228e+01
2.4266666667e-01 1.4179831354e+01 2.3250083573e+00 1.4875000000e+04 6.3888674019e+01 8.3178754903e+00 2.0868980641e-01 3.1813332379e+05 -2.0874234511e+01 1.5096741603e+00 1.8737307899e-02 1.8262934414e-01 3.5564784281e+01 2.0142172708e+01
2.4333333333e-01 1.4203398293e+01 2.3138354760e+00 1.4875000000e+04 6.3888674019e+01 8.3455472536e+00 2.0668896115e-01 3.1912652236e+05 -2.0633539995e+01 1.4923712164e+00 1.8727749670e-02 1.8262934414e-01 3.5098663949e+01 2.0079037087e+01
2.4400000000e-01 1.4226652522e+01 2.3027376202e+00 1.4875000000e+04 6.3888674019e+01 8.3728968814e+00 2.0471109391e-01 3.2009716153e+05 -2.0391027835e+01 1.4751997399e+00 1.8719872288e-02 1.8262934414e-01 3.4631733675e+01 2.0016424859e+01
2.4466666667e-01 1.4249593526e+01 2.2917148950e+00 1.4875000000e+04 6.3888674019e+01 8.3999219645e+00 2.0275603043e-01 3.2104550635e+05 -2.0146719393e+01 1.4581582182e+00 1.8713640035e-02 1.8262934414e-01 3.4164004801e+01 1.9954335535e+01
2.4533333333e-01 1.4272220801e+01 2.2807674117e+00 1.4875000000e+04 6.3888674019e+01 8.4266201220e+00 2.0082359851e-01 3.2197182375e+05 -1.9900636191e+01 1.4412451499e+00 1.8709018199e-02 1.8262934414e-01 3.3695488732e+01 1.9892768637e+01
2.4600000000e-01 1.4294533847e+01 2.2698952877e+00 1.4875000000e+04 6.3888674019e+01 8.4529890023e+00 1.9891362790e-01 3.2287638250e+05 -1.9652799907e+01 1.4244590453e+00 1.8705973026e-02 1.8262934414e-01 3.3226196936e+01 1.9831723704e+01
2.4666666667e-01 1.4316532173e+01 2.2590986463e+00 1.4875000000e+04 6.3888674019e+01 8.4790262822e+00 1.9702595035e-01 3.2375945320e+05 -1.9403232374e+01 1.4077984255e+00 1.8704471667e-02 1.8262934414e-01 3.2756140949e+01 1.9771200291e+01
2.4733333333e-01 1.4338215294e+01 2.2483776171e+00 1.4875000000e+04 6.3888674019e+01 8.5047296683e+00 1.9516039957e-01 3.2462130825e+05 -1.9151955576e+01 1.3912618228e+00 1.8704482142e-02 1.8262934414e-01 3.2285332375e+01 1.9711197966e+01
2.4800000000e-01 1.4359582732e+01 2.2377323354e+00 1.4875000000e+04 6.3888674019e+01 8.5300968962e+00 1.9331681122e-01 3.2546222178e+05 -1.8898991649e+01 1.3748477806e+00 1.8705973285e-02 1.8262934414e-01 3.1813782892e+01 1.9651716311e+01
2.4866666667e-01 1.4380634016e+01 2.2271629432e+00 1.4875000000e+04 6.3888674019e+01 8.5551257313e+00 1.9149502289e-01 3.2628246971e+05 -1.8644362876e+01 1.3585548528e+00 1.8708914712e-02 1.8262934414e-01 3.1341504252e+01 1.9592754923e+01
2.4933333333e-01 1.4401368682e+01 2.2166695881e+00 1.4875000000e+04 6.3888674019e+01 8.5798139687e+00 1.8969487408e-01 3.2708232962e+05 -1.8388091688e+01 1.3423816041e+00 1.8713276775e-02 1.8262934414e-01 3.0868508288e+01 1.9534313415e+01
2.5000000000e-01 1.4421786272e+01 2.2062524243e+00 1.4875000000e+04 6.3888674019e+01 8.6041594337e+00 1.8791620624e-01 3.2786208081e+05 -1.8130200662e+01 1.3263266099e+00 1.8719030527e-02 1.8262934414e-01 3.0394806913e+01 1.9476391411e+01
2.5066666667e-01 1.4441886338e+01 2.1959116118e+00 1.4875000000e+04 6.3888674019e+01 8.6281599815e+00 1.8615886265e-01 3.2862200420e+05 -1.7870712514e+01 1.3103884557e+00 1.8726147684e-02 1.8262934414e-01 2.9920412132e+01 1.9418988551e+01
2.5133333333e-01 1.4461668436e+01 2.1856473170e+00 1.4875000000e+04 6.3888674019e+01 8.6518134979e+00 1.8442268852e-01 3.2936238235e+05 -1.7609650103e+01 1.2945657375e+00 1.8734600589e-02 1.8262934414e-01 2.9445336037e+01 1.9362104488e+01
2.5200000000e-01 1.4481132129e+01 2.1754597123e+00 1.4875000000e+04 6.3888674019e+01 8.6751178993e+00 1.8270753090e-01 3.3008349943e+05 -1.7347036428e+01 1.2788570615e+00 1.8744362181e-02 1.8262934414e-01 2.8969590823e+01 1.9305738889e+01
2.5266666667e-01 1.4500276989e+01 2.1653489765e+00 1.4875000000e+04 6.3888674019e+01 8.6980711327e+00 1.8101323869e-01 3.3078564114e+05 -1.7082894621e+01 1.2632610438e+00 1.8755405962e-02 1.8262934414e-01 2.8493188784e+01 1.9249891435e+01
2.5333333333e-01 1.4519102595e+01 2.1553152944e+00 1.4875000000e+04 6.3888674019e+01 8.7206711761e+00 1.7933966265e-01 3.3146909475e+05 -1.6817247953e+01 1.2477763106e+00 1.8767705964e-02 1.8262934414e-01 2.8016142326e+01 1.9194561820e+01
2.5400000000e-01 1.4537608530e+01 2.1453588571e+00 1.4875000000e+04 6.3888674019e+01 8.7429160387e+00 1.7768665534e-01 3.3213414902e+05 -1.6550119823e+01 1.2324014977e+00 1.8781236721e-02 1.8262934414e-01 2.7538463973e+01 1.9139749751e+01
2.5466666667e-01 1.4555794387e+01 2.1354798618e+00 1.4875000000e+04 6.3888674019e+01 8.7648037608e+00 1.7605407114e-01 3.3278109421e+05 -1.6281533764e+01 1.2171352508e+00 1.8795973241e-02 1.8262934414e-01 2.7060166374e+01 1.9085454948e+01
2.5533333333e-01 1.4573659766e+01 2.1256785120e+00 1.4875000000e+04 6.3888674019e+01 8.7863324144e+00 1.7444176623e-01 3.3341022200e+05 -1.6011513437e+01 1.2019762249e+00 1.8811890977e-02 1.8262934414e-01 2.6581262313e+01 1.9031677145e+01
2.5600000000e-01 1.4591204272e+01 2.1159550172e+00 1.4875000000e+04 6.3888674019e+01 8.8075001028e+00 1.7284959858e-01 3.3402182554e+05 -1.5740082627e+01 1.1869230846e+00 1.8828965801e-02 1.8262934414e-01 2.6101764717e+01 1.8978416088e+01
2.5666666667e-01 1.4608427520e+01 2.1063095931e+00 1.4875000000e+04 6.3888674019e+01 8.8283049615e+00 1.7127742794e-01 3.3461619932e+05 -1.5467265245e+01 1.1719745040e+00 1.8847173980e-02 1.8262934414e-01 2.5621686671e+01 1.8925671535e+01
2.5733333333e-01 1.4625329128e+01 2.0967424618e+00 1.4875000000e+04 6.3888674019e+01 8.8487451576e+00 1.6972511580e-01 3.3519363925e+05 -1.5193085325e+01 1.1571291661e+00 1.8866492149e-02 1.8262934414e-01 2.5141041429e+01 1.8873443258e+01
2.5800000000e-01 1.4641908725e+01 2.0872538512e+00 1.4875000000e+04 6.3888674019e+01 8.8688188906e+00 1.6819252541e-01 3.3575444253e+05 -1.4917567019e+01 1.1423857632e+00 1.8886897290e-02 1.8262934414e-01 2.4659842428e+01 1.8821731040e+01
2.5866666667e-01 1.4658165945e+01 2.0778439954e+00 1.4875000000e+04 6.3888674019e+01 8.8885243922e+00 1.6667952178e-01 3.3629890769e+05 -1.4640734598e+01 1.1277429964e+00 1.8908366709e-02 1.8262934414e-01 2.4178103302e+01 1.8770534677e+01
2.5933333333e-01 1.4674100431e+01 2.0685131347e+00 1.4875000000e+04 6.3888674019e+01 8.9078599263e+00 1.6518597160e-01 3.3682733453e+05 -1.4362612450e+01 1.1131995759e+00 1.8930878011e-02 1.8262934414e-01 2.3695837904e+01 1.8719853978e+01
2.6000000000e-01 1.4689711830e+01 2.0592615153e+00 1.4875000000e+04 6.3888674019e+01 8.9268237898e+00 1.6371174332e-01 3.3734002411e+05 -1.4083225073e+01 1.0987542205e+00 1.8954409083e-02 1.8262934414e-01 2.3213060325e+01 1.8669688760e+01
2.6066666667e-01 1.4704999799e+01 2.0500893896e+00 1.4875000000e+04 6.3888674019e+01 8.9454143121e+00 1.6225670705e-01 3.3783727871e+05 -1.3802597081e+01 1.0844056576e+00 1.8978938073e-02 1.8262934414e-01 2.2729784917e+01 1.8620038856e+01
2.6133333333e-01 1.4719964001e+01 2.0409970158e+00 1.4875000000e+04 6.3888674019e+01 8.9636298555e+00 1.6082073463e-01 3.3831940178e+05 -1.3520753193e+01 1.0701526232e+00 1.9004443366e-02 1.8262934414e-01 2.2246026317e+01 1.8570904108e+01
2.6200000000e-01 1.4734604105e+01 2.0319846583e+00 1.4875000000e+04 6.3888674019e+01 8.9814688153e+00 1.5940369955e-01 3.3878669794e+05 -1.3237718239e+01 1.0559938618e+00 1.9030903572e-02 1.8262934414e-01 2.1761799480e+01 1.8522284370e+01
2.6266666667e-01 1.4748919791e+01 2.0230525872e+00 1.4875000000e+04 6.3888674019e+01 8.9989296201e+00 1.5800547699e-01 3.3923947296e+05 -1.2953517151e+01 1.0419281260e+00 1.9058297503e-02 1.8262934414e-01 2.1277119711e+01 1.8474179506e+01
2.6333333333e-01 1.4762910740e+01 2.0142010785e+00 1.4875000000e+04 6.3888674019e+01 9.0160107317e+00 1.5662594376e-01 3.3967803370e+05 -1.2668174964e+01 1.0279541767e+00 1.9086604157e-02 1.8262934414e-01 2.0792002706e+01 1.8426589394e+01
2.6400000000e-01 1.4776576647e+01 2.0054304141e+00 1.4875000000e+04 6.3888674019e+01 9.0327106455e+00 1.5526497834e-01 3.4010268807e+05 -1.2381716816e+01 1.0140707831e+00 1.9115802699e-02 1.8262934414e-01 2.0306464593e+01 1.8379513919e+01
2.6466666667e-01 1.4789917208e+01 1.9967408817e+00 1.4875000000e+04 6.3888674019e+01 9.0490278902e+00 1.5392246085e-01 3.4051374507e+05 -1.2094167940e+01 1.0002767219e+00 1.9145872449e-02 1.8262934414e-01 1.9820521986e+01 1.8332952979e+01
2.6533333333e-01 1.4802932131e+01 1.9881327746e+00 1.4875000000e+04 6.3888674019e+01 9.0649610286e+00 1.5259827301e-01 3.4091151467e+05 -1.1805553668e+01 9.8657077812e-01 1.9176792861e-02 1.8262934414e-01 1.9334192045e+01 1.8286906481e+01
2.6600000000e-01 1.4815621129e+01 1.9796063917e+00 1.4875000000e+04 6.3888674019e+01 9.0805086569e+00 1.5129229817e-01 3.4129630785e+05 -1.1515899424e+01 9.7295174429e-01 1.9208543513e-02 1.8262934414e-01 1.8847492538e+01 1.8241374343e+01
2.6666666667e-01 1.4827983921e+01 1.9711620376e+00 1.4875000000e+04 6.3888674019e+01 9.0956694056e+00 1.5000442128e-01 3.4166843655e+05 -1.1225230724e+01 9.5941842069e-01 1.9241104087e-02 1.8262934414e-01 1.8360441929e+01 1.8196356493e+01
2.6733333333e-01 1.4840020235e+01 1.9628000224e+00 1.4875000000e+04 6.3888674019e+01 9.1104419392e+00 1.4873452890e-01 3.4202821361e+05 -1.0933573174e+01 9.4596961512e-01 1.9274454358e-02 1.8262934414e-01 1.7873059464e+01 1.8151852867e+01
2.6800000000e-01 1.4851729807e+01 1.9545206615e+00 1.4875000000e+04 6.3888674019e+01 9.1248249563e+00 1.4748250916e-01 3.4237595279e+05 -1.0640952466e+01 9.3260414283e-01 1.9308574180e-02 1.8262934414e-01 1.7385365281e+01 1.8107863413e+01
2.6866666667e-01 1.4863112377e+01 1.9463242758e+00 1.4875000000e+04 6.3888674019e+01 9.1388171898e+00 1.4624825175e-01 3.4271196871e+05 -1.0347394378e+01 9.1932082643e-01 1.9343443473e-02 1.8262934414e-01 1.6897380538e+01 1.8064388087e+01
2.6933333333e-01 1.4874167695e+01 1.9382111914e+00 1.4875000000e+04 6.3888674019e+01 9.1524174072e+00 1.4503164795e-01 3.4303657682e+05 -1.0052924770e+01 9.0611849575e-01 1.9379042208e-02 1.8262934414e-01 1.6409127560e+01 1.8021426854e+01
2.7000000000e-01 1.4884895518e+01 1.9301817394e+00 1.4875000000e+04 6.3888674019e+01 9.1656244104e+00 1.4383259059e-01 3.4335009339e+05 -9.7575695820e+00 8.9299598774e-01 1.9415350397e-02 1.8262934414e-01 1.5920630021e+01 1.7978979689e+01
2.7066666667e-01 1.4895295609e+01 1.9222362562e+00 1.4875000000e+04 6.3888674019e+01 9.1784370360e+00 1.4265097403e-01 3.4365283546e+05 -9.4613548325e+00 8.7995214642e-01 1.9452348080e-02 1.8262934414e-01 1.5431913151e+01 1.7937046574e+01
2.7133333333e-01 1.4905367739e+01 1.9143750830e+00 1.4875000000e+04 6.3888674019e+01 9.1908541552e+00 1.4148669419e-01 3.4394512082e+05 -9.1643066157e+00 8.6698582271e-01 1.9490015315e-02 1.8262934414e-01 1.4943003988e+01 1.7895627502e+01
2.7200000000e-01 1.4915111686e+01 1.9065985659e+00 1.4875000000e+04 6.3888674019e+01 9.2028746743e+00 1.4033964850e-01 3.4422726800e+05 -8.8664510991e+00 8.5409587437e-01 1.9528332165e-02 1.8262934414e-01 1.4453931688e+01 1.7854722472e+01
2.7266666667e-01 1.4924527234e+01 1.8989070558e+00 1.4875000000e+04 6.3888674019e+01 9.2144975344e+00 1.3920973591e-01 3.4449959618e+05 -8.5678145212e+00 8.4128116589e-01 1.9567278689e-02 1.8262934414e-01 1.3964727889e+01 1.7814331492e+01
2.7333333333e-01 1.4933614178e+01 1.8913009080e+00 1.4875000000e+04 6.3888674019e+01 9.2257217114e+00 1.3809685689e-01 3.4476242525e+05 -8.2684231895e+00 8.2854056837e-01 1.9606834931e-02 1.8262934414e-01 1.3475427157e+01 1.7774454577e+01
2.7400000000e-01 1.4942372315e+01 1.8837804826e+00 1.4875000000e+04 6.3888674019e+01 9.2365462168e+00 1.3700091340e-01 3.4501607568e+05 -7.9683034779e+00 8.1587295947e-01 1.9646980911e-02 1.8262934414e-01 1.2986067541e+01 1.7735091752e+01
2.7466666667e-01 1.4950801454e+01 1.8763461438e+00 1.4875000000e+04 6.3888674019e+01 9.2469700969e+00 1.3592180890e-01 3.4526086860e+05 -7.6674818245e+00 8.0327722325e-01 1.9687696614e-02 1.8262934414e-01 1.2496691248e+01 1.7696243046e+01
2.7533333333e-01 1.4958901408e+01 1.8689982601e+00 1.4875000000e+04 6.3888674019e+01 9.2569924335e+00 1.3485944831e-01 3.4549712567e+05 -7.3659847292e+00 7.9075225012e-01 1.9728961985e-02 1.8262934414e-01 1.2007345484e+01 1.7657908498e+01
2.7600000000e-01 1.4966672000e+01 1.8617372040e+00 1.4875000000e+04 6.3888674019e+01 9.2666123436e+00 1.3381373807e-01 3.4572516912e+05 -7.0638387515e+00 7.7829693672e-01 1.9770756916e-02 1.8262934414e-01 1.1518083514e+01 1.7620088153e+01
2.7666666667e-01 1.4974113057e+01 1.8545633521e+00 1.4875000000e+04 6.3888674019e+01 9.2758289800e+00 1.3278458604e-01 3.4594532169e+05 -6.7610705078e+00 7.6591018581e-01 1.9813061239e-02 1.8262934414e-01 1.1028965993e+01 1.7582782062e+01
2.7733333333e-01 1.4981224416e+01 1.8474770845e+00 1.4875000000e+04 6.3888674019e+01 9.2846415305e+00 1.3177190156e-01 3.4615790659e+05 -6.4577066697e+00 7.5359090622e-01 1.9855854722e-02 1.8262934414e-01 1.0540062673e+01 1.7545990284e+01
2.7800000000e-01 1.4988005920e+01 1.8404787852e+00 1.4875000000e+04 6.3888674019e+01 9.2930492190e+00 1.3077559543e-01 3.4636324753e+05 -6.1537739609e+00 7.4133801271e-01 1.9899117054e-02 1.8262934414e-01 1.0051454593e+01 1.7509712883e+01
2.7866666667e-01 1.4994457420e+01 1.8335688413e+00 1.4875000000e+04 6.3888674019e+01 9.3010513048e+00 1.2979557988e-01 3.4656166861e+05 -5.8492991554e+00 7.2915042587e-01 1.9942827848e-02 1.8262934414e-01 9.5632369399e+00 1.7473949929e+01
2.7933333333e-01 1.5000578773e+01 1.8267476434e+00 1.4875000000e+04 6.3888674019e+01 9.3086470829e+00 1.2883176857e-01 3.4675349435e+05 -5.5443090750e+00 7.1702707207e-01 1.9986966625e-02 1.8262934414e-01 9.0755228136e+00 1.7438701500e+01
2.8000000000e-01 1.5006369844e+01 1.8200155850e+00 1.4875000000e+04 6.3888674019e+01 9.3158358843e+00 1.2788407661e-01 3.4693904966e+05 -5.2388305868e+00 7.0496688333e-01 2.0031512815e-02 1.8262934414e-01 8.5884482506e+00 1.7403967676e+01
2.8066666667e-01 1.5011830507e+01 1.8133730627e+00 1.4875000000e+04 6.3888674019e+01 9.3226170756e+00 1.2695242050e-01 3.4711865976e+05 -4.9328906009e+00 6.9296879722e-01 2.0076445745e-02 1.8262934414e-01 8.1021790248e+00 1.7369748545e+01
2.8133333333e-01 1.5016960640e+01 1.8068204755e+00 1.4875000000e+04 6.3888674019e+01 9.3289900595e+00 1.2603671817e-01 3.4729265022e+05 -4.6265160682e+00 6.8103175681e-01 2.0121744638e-02 1.8262934414e-01 7.6169199888e+00 1.7336044199e+01
2.8200000000e-01 1.5021760130e+01 1.8003582251e+00 1.4875000000e+04 6.3888674019e+01 9.3349542746e+00 1.2513688895e-01 3.4746134688e+05 -4.3197339776e+00 6.6915471051e-01 2.0167388609e-02 1.8262934414e-01 7.1329281220e+00 1.7302854736e+01
2.8266666667e-01 1.5026228873e+01 1.7939867154e+00 1.4875000000e+04 6.3888674019e+01 9.3405091955e+00 1.2425285359e-01 3.4762507586e+05 -4.0125713542e+00 6.5733661205e-01 2.0213356656e-02 1.8262934414e-01 6.6505310911e+00 1.7270180257e+01
2.8333333333e-01 1.5030366768e+01 1.7877063524e+00 1.4875000000e+04 6.3888674019e+01 9.3456543329e+00 1.2338453419e-01 3.4778416350e+05 -3.7050552566e+00 6.4557642034e-01 2.0259627656e-02 1.8262934414e-01 6.1701541899e+00 1.7238020870e+01
2.8400000000e-01 1.5034173726e+01 1.7815175437e+00 1.4875000000e+04 6.3888674019e+01 9.3503892334e+00 1.2253185427e-01 3.4793893635e+05 -3.3972127742e+00 6.3387309938e-01 2.0306180367e-02 1.8262934414e-01 5.6923603123e+00 1.7206376684e+01
2.8466666667e-01 1.5037649661e+01 1.7754206990e+00 1.4875000000e+04 6.3888674019e+01 9.3547134800e+00 1.2169473872e-01 3.4808972115e+05 -3.0890710256e+00 6.2222561819e-01 2.0352993417e-02 1.8262934414e-01 5.2179107293e+00 1.7175247813e+01
2.8533333333e-01 1.5040794498e+01 1.7694162289e+00 1.4875000000e+04 6.3888674019e+01 9.3586266918e+00 1.2087311378e-01 3.4823684478e+05 -2.7806571555e+00 6.1063295072e-01 2.0400045306e-02 1.8262934414e-01 4.7478599889e+00 1.7144634377e+01
2.8600000000e-01 1.5043608168e+01 1.7635045454e+00 1.4875000000e+04 6.3888674019e+01 9.3621285240e+00 1.2006690708e-01 3.4838063425e+05 -2.4719983326e+00 5.9909407573e-01 2.0447314403e-02 1.8262934414e-01 4.2837084329e+00 1.7114536496e+01
2.8666666667e-01 1.5046090607e+01 1.7576860614e+00 1.4875000000e+04 6.3888674019e+01 9.3652186682e+00 1.1927604760e-01 3.4852141669e+05 -2.1631217473e+00 5.8760797672e-01 2.0494778939e-02 1.8262934414e-01 3.8276548678e+00 1.7084954296e+01
2.8733333333e-01 1.5048241762e+01 1.7519611902e+00 1.4875000000e+04 6.3888674019e+01 9.3678968521e+00 1.1850046566e-01 3.4865951927e+05 -1.8540546089e+00 5.7617364185e-01 2.0542417012e-02 1.8262934414e-01 3.3830279753e+00 1.7055887904e+01
2.8800000000e-01 1.5050061586e+01 1.7463303459e+00 1.4875000000e+04 6.3888674019e+01 9.3701628399e+00 1.1774009295e-01 3.4879526923e+05 -1.5448241438e+00 5.6479006384e-01 2.0590206581e-02 1.8262934414e-01 2.9550419436e+00 1.7027337451e+01
2.8866666667e-01 1.5051550037e+01 1.7407939424e+00 1.4875000000e+04 6.3888674019e+01 9.3720164318e+00 1.1699486249e-01 3.4892899382e+05 -1.2354575927e+00 5.5345623987e-01 2.0638125464e-02 1.8262934414e-01 2.5521332730e+00 1.6999303070e+01
2.8933333333e-01 1.5052707083e+01 1.7353523936e+00 1.4875000000e+04 6.3888674019e+01 9.3734574647e+00 1.1626470861e-01 3.4906102030e+05 -9.2598220825e-01 5.4217117152e-01 2.0686151343e-02 1.8262934414e-01 2.1882468149e+00 1.6971784897e+01
2.9000000000e-01 1.5053532699e+01 1.7300061130e+00 1.4875000000e+04 6.3888674019e+01 9.3744858115e+00 1.1554956700e-01 3.4919167590e+05 -6.1642525260e-01 5.3093386464e-01 2.0734261758e-02 1.8262934414e-01 1.8861488338e+00 1.6944783069e+01
2.9066666667e-01 1.5054026867e+01 1.7247555133e+00 1.4875000000e+04 6.3888674019e+01 9.3751013817e+00 1.1484937467e-01 3.4932128776e+05 -3.0681399524e-01 5.1974332931e-01 2.0782434110e-02 1.8262934414e-01 1.6795541484e+00 1.6918297726e+01
2.9133333333e-01 1.5054189575e+01 1.7196010064e+00 1.4875000000e+04 6.3888674019e+01 9.3753041210e+00 1.1416406992e-01 3.4945018299e+05 2.8242896393e-03 5.0859857972e-01 2.0830645660e-02 1.8262934414e-01 1.6057799800e+00 1.6892329009e+01
2.9200000000e-01 1.5054020820e+01 1.7145430028e+00 1.4875000000e+04 6.3888674019e+01 9.3750940117e+00 1.1349359240e-01 3.4957868857e+05 3.1246232544e-01 4.9749863410e-01 2.0878873532e-02 1.8262934414e-01 1.6823980507e+00 1.6866877060e+01
2.9266666667e-01 1.5053520606e+01 1.7095819116e+00 1.4875000000e+04 6.3888674019e+01 9.3744710721e+00 1.1283788303e-01 3.4970713134e+05 6.2207283560e-01 4.8644251462e-01 2.0927094713e-02 1.8262934414e-01 1.8912115009e+00 1.6841942023e+01
2.9333333333e-01 1.5052688944e+01 1.7047181399e+00 1.4875000000e+04 6.3888674019e+01 9.3734353573e+00 1.1219688405e-01 3.4983583801e+05 9.3162854597e-01 4.7542924731e-01 2.0975286056e-02 1.8262934414e-01 2.1947922171e+00 1.6817524041e+01
2.9400000000e-01 1.5051525852e+01 1.6999520928e+00 1.4875000000e+04 6.3888674019e+01 9.3719869583e+00 1.1157053899e-01 3.4996513510e+05 1.2411021872e+00 4.6445786199e-01 2.1023424281e-02 1.8262934414e-01 2.5596176287e+00 1.6793623262e+01
2.9466666667e-01 1.5050031355e+01 1.6952841729e+00 1.4875000000e+04 6.3888674019e+01 9.3701260029e+00 1.1095879268e-01 3.5009534893e+05 1.5504664973e+00 4.5352739214e-01 2.1071485978e-02 1.8262934414e-01 2.9631243693e+00 1.6770239829e+01
2.9533333333e-01 1.5048205487e+01 1.6907147800e+00 1.4875000000e+04 6.3888674019e+01 9.3678526549e+00 1.1036159123e-01 3.5022680560e+05 1.8596942238e+00 4.4263687488e-01 2.1119447611e-02 1.8262934414e-01 3.3915031127e+00 1.6747373889e+01
2.9600000000e-01 1.5046048288e+01 1.6862443111e+00 1.4875000000e+04 6.3888674019e+01 9.3651671146e+00 1.0977888202e-01 3.5035983096e+05 2.1687581261e+00 4.3178535082e-01 2.1167285522e-02 1.8262934414e-01 3.8363976822e+00 1.6725025589e+01
2.9666666667e-01 1.5043559806e+01 1.6818731596e+00 1.4875000000e+04 6.3888674019e+01 9.3620696186e+00 1.0921061373e-01 3.5049475058e+05 2.4776309784e+00 4.2097186402e-01 2.1214975933e-02 1.8262934414e-01 4.2926406097e+00 1.6703195074e+01
2.9733333333e-01 1.5040740095e+01 1.6776017152e+00 1.4875000000e+04 6.3888674019e+01 9.3585604398e+00 1.0865673629e-01 3.5063188976e+05 2.7862855715e+00 4.1019546189e-01 2.1262494951e-02 1.8262934414e-01 4.7569308588e+00 1.6681882489e+01
2.9800000000e-01 1.5037589217e+01 1.6734303638e+00 1.4875000000e+04 6.3888674019e+01 9.3546398872e+00 1.0811720092e-01 3.5077157346e+05 3.0946947155e+00 3.9945519510e-01 2.1309818576e-02 1.8262934414e-01 5.2270864684e+00 1.6661087980e+01
2.9866666667e-01 1.5034107242e+01 1.6693594868e+00 1.4875000000e+04 6.3888674019e+01 9.3503083063e+00 1.0759196007e-01 3.5091412633e+05 3.4028312419e+00 3.8875011751e-01 2.1356922702e-02 1.8262934414e-01 5.7016176963e+00 1.6640811690e+01
2.9933333333e-01 1.5030294247e+01 1.6653894613e+00 1.4875000000e+04 6.3888674019e+01 9.3455660786e+00 1.0708096749e-01 3.5105987263e+05 3.7106680066e+00 3.7807928607e-01 2.1403783125e-02 1.8262934414e-01 6.1794768756e+00 1.6621053764e+01
3.0000000000e-01 1.5026150315e+01 1.6615206590e+00 1.4875000000e+04 6.3888674019e+01 9.3404136219e+00 1.0658417816e-01 3.5120913626e+05 4.0181778917e+00 3.6744176078e-01 2.1450375550e-02 1.8262934414e-01 6.6599073340e+00 1.6601814342e+01
3.0066666667e-01 1.5021675538e+01 1.6577534468e+00 1.4875000000e+04 6.3888674019e+01 9.3348513901e+00 1.0610154831e-01 3.5136224071e+05 4.3253338080e+00 3.5683660452e-01 2.1496675597e-02 1.8262934414e-01 7.1423493324e+00 1.6583093565e+01
3.0133333333e-01 1.5016870015e+01 1.6540881857e+00 1.4875000000e+04 6.3888674019e+01 9.3288798731e+00 1.0563303543e-01 3.5151950907e+05 4.6321086977e+00 3.4626288306e-01 2.1542658805e-02 1.8262934414e-01 7.6263797941e+00 1.6564891573e+01
3.0200000000e-01 1.5011733852e+01 1.6505252311e+00 1.4875000000e+04 6.3888674019e+01 9.3224995971e+00 1.0517859824e-01 3.5168126395e+05 4.9384755363e+00 3.3571966494e-01 2.1588300646e-02 1.8262934414e-01 8.1116726436e+00 1.6547208503e+01
3.0266666667e-01 1.5006267161e+01 1.6470649320e+00 1.4875000000e+04 6.3888674019e+01 9.3157111239e+00 1.0473819671e-01 3.5184782754e+05 5.2444073356e+00 3.2520602136e-01 2.1633576527e-02 1.8262934414e-01 8.5979720664e+00 1.6530044489e+01
3.0333333333e-01 1.5000470063e+01 1.6437076309e+00 1.4875000000e+04 6.3888674019e+01 9.3085150518e+00 1.0431179205e-01 3.5201952151e+05 5.5498771453e+00 3.1472102615e-01 2.1678461803e-02 1.8262934414e-01 9.0850740774e+00 1.6513399666e+01
3.0400000000e-01 1.4994342686e+01 1.6404536636e+00 1.4875000000e+04 6.3888674019e+01 9.3009120145e+00 1.0389934669e-01 3.5219666705e+05 5.8548580562e+00 3.0426375565e-01 2.1722931781e-02 1.8262934414e-01 9.5728135590e+00 1.6497274163e+01
3.0466666667e-01 1.4987885165e+01 1.6373033586e+00 1.4875000000e+04 6.3888674019e+01 9.2929026819e+00 1.0350082430e-01 3.5237958483e+05 6.1593232019e+00 2.9383328866e-01 2.1766961734e-02 1.8262934414e-01 1.0061054978e+01 1.6481668110e+01
3.0533333333e-01 1.4981097642e+01 1.6342570373e+00 1.4875000000e+04 6.3888674019e+01 9.2844877595e+00 1.0311618978e-01 3.5256859496e+05 6.4632457616e+00 2.8342870632e-01 2.1810526909e-02 1.8262934414e-01 1.0549685629e+01 1.6466581631e+01
3.0600000000e-01 1.4973980267e+01 1.6313150129e+00 1.4875000000e+04 6.3888674019e+01 9.2756679886e+00 1.0274540923e-01 3.5276401701e+05 6.7665989622e+00 2.7304909205e-01 2.1853602534e-02 1.8262934414e-01 1.1038610632e+01 1.6452014851e+01
3.0666666667e-01 1.4966533197e+01 1.6284775910e+00 1.4875000000e+04 6.3888674019e+01 9.2664441461e+00 1.0238844999e-01 3.5296616996e+05 7.0693560807e+00 2.6269353150e-01 2.1896163834e-02 1.8262934414e-01 1.1527749194e+01 1.6437967888e+01
3.0733333333e-01 1.4958756596e+01 1.6257450685e+00 1.4875000000e+04 6.3888674019e+01 9.2568170446e+00 1.0204528063e-01 3.5317537222e+05 7.3714904467e+00 2.5236111240e-01 2.1938186039e-02 1.8262934414e-01 1.2017031762e+01 1.6424440860e+01
3.0800000000e-01 1.4950650635e+01 1.6231177341e+00 1.4875000000e+04 6.3888674019e+01 9.2467875321e+00 1.0171587090e-01 3.5339194155e+05 7.6729754448e+00 2.4205092455e-01 2.1979644395e-02 1.8262934414e-01 1.2506397841e+01 1.6411433879e+01
3.0866666667e-01 1.4942215493e+01 1.6205958673e+00 1.4875000000e+04 6.3888674019e+01 9.2363564923e+00 1.0140019180e-01 3.5361619511e+05 7.9737845164e+00 2.3176205968e-01 2.2020514175e-02 1.8262934414e-01 1.2995794301e+01 1.6398947056e+01
3.0933333333e-01 1.4933451355e+01 1.6181797385e+00 1.4875000000e+04 6.3888674019e+01 9.2255248439e+00 1.0109821550e-01 3.5384844939e+05 8.2738911629e+00 2.2149361143e-01 2.2060770694e-02 1.8262934414e-01 1.3485174042e+01 1.6386980498e+01
3.1000000000e-01 1.4924358415e+01 1.6158696087e+00 1.4875000000e+04 6.3888674019e+01 9.2142935411e+00 1.0080991541e-01 3.5408902023e+05 8.5732689473e+00 2.1124467520e-01 2.2100389319e-02 1.8262934414e-01 1.3974494952e+01 1.6375534306e+01
3.1066666667e-01 1.4914936874e+01 1.6136657293e+00 1.4875000000e+04 6.3888674019e+01 9.2026635734e+00 1.0053526614e-01 3.5433822278e+05 8.8718914969e+00 2.0101434815e-01 2.2139345483e-02 1.8262934414e-01 1.4463719058e+01 1.6364608581e+01
3.1133333333e-01 1.4905186939e+01 1.6115683417e+00 1.4875000000e+04 6.3888674019e+01 9.1906359652e+00 1.0027424348e-01 3.5459637148e+05 9.1697325055e+00 1.9080172905e-01 2.2177614697e-02 1.8262934414e-01 1.4952811860e+01 1.6354203416e+01
3.1200000000e-01 1.4895108824e+01 1.6095776769e+00 1.4875000000e+04 6.3888674019e+01 9.1782117762e+00 1.0002682445e-01 3.5486378007e+05 9.4667657358e+00 1.8060591825e-01 2.2215172563e-02 1.8262934414e-01 1.5441741775e+01 1.6344318902e+01
3.1266666667e-01 1.4884702753e+01 1.6076939559e+00 1.4875000000e+04 6.3888674019e+01 9.1653921006e+00 9.9792987237e-02 3.5514076156e+05 9.7629650215e+00 1.7042601756e-01 2.2251994792e-02 1.8262934414e-01 1.5930479699e+01 1.6334955127e+01
3.1333333333e-01 1.4873968953e+01 1.6059173886e+00 1.4875000000e+04 6.3888674019e+01 9.1521780680e+00 9.9572711256e-02 3.5542762821e+05 1.0058304270e+01 1.6026113020e-01 2.2288057213e-02 1.8262934414e-01 1.6418998633e+01 1.6326112171e+01
3.1400000000e-01 1.4862907663e+01 1.6042481743e+00 1.4875000000e+04 6.3888674019e+01 9.1385708422e+00 9.9365977098e-02 3.5572469150e+05 1.0352757464e+01 1.5011036072e-01 2.2323335787e-02 1.8262934414e-01 1.6907273384e+01 1.6317790114e+01
3.1466666667e-01 1.4851519125e+01 1.6026865013e+00 1.4875000000e+04 6.3888674019e+01 9.1245716220e+00 9.9172766551e-02 3.5603226214e+05 1.0646298665e+01 1.3997281492e-01 2.2357806629e-02 1.8262934414e-01 1.7395280314e+01 1.6309989028e+01
3.1533333333e-01 1.4839803591e+01 1.6012325463e+00 1.4875000000e+04 6.3888674019e+01 9.1101816407e+00 9.8993062594e-02 3.5635065005e+05 1.0938902015e+01 1.2984759973e-01 2.2391446013e-02 1.8262934414e-01 1.7882997125e+01 1.6302708982e+01
3.1600000000e-01 1.4827761318e+01 1.5998864748e+00 1.4875000000e+04 6.3888674019e+01 9.0954021658e+00 9.8826849396e-02 3.5668016434e+05 1.1230541737e+01 1.1973382320e-01 2.2424230395e-02 1.8262934414e-01 1.8370402686e+01 1.6295950039e+01
3.1666666667e-01 1.4815392573e+01 1.5986484406e+00 1.4875000000e+04 6.3888674019e+01 9.0802344993e+00 9.8674112317e-02 3.5702111329e+05 1.1521192140e+01 1.0963059439e-01 2.2456136423e-02 1.8262934414e-01 1.8857476883e+01 1.6289712260e+01
3.1733333333e-01 1.4802697628e+01 1.5975185856e+00 1.4875000000e+04 6.3888674019e+01 9.0646799773e+00 9.8534837899e-02 3.5737380433e+05 1.1810827621e+01 9.9537023253e-02 2.2487140957e-02 1.8262934414e-01 1.9344200491e+01 1.6283995698e+01
3.1800000000e-01 1.4789676762e+01 1.5964970401e+00 1.4875000000e+04 6.3888674019e+01 9.0487399702e+00 9.8409013875e-02 3.5773854404e+05 1.2099422664e+01 8.9452220632e-02 2.2517221081e-02 1.8262934414e-01 1.9830555067e+01 1.6278800403e+01
3.1866666667e-01 1.4776330262e+01 1.5955839218e+00 1.4875000000e+04 6.3888674019e+01 9.0324158820e+00 9.8296629160e-02 3.5811563813e+05 1.2386951848e+01 7.9375298123e-02 2.2546354122e-02 1.8262934414e-01 2.0316522859e+01 1.6274126419e+01
3.1933333333e-01 1.4762658424e+01 1.5947793366e+00 1.4875000000e+04 6.3888674019e+01 9.0157091508e+00 9.8197673854e-02 3.5850539143e+05 1.2673389843e+01 6.9305368018e-02 2.2574517661e-02 1.8262934414e-01 2.0802086727e+01 1.6269973786e+01
3.2000000000e-01 1.4748661547e+01 1.5940833778e+00 1.4875000000e+04 6.3888674019e+01 8.9986212483e+00 9.8112139239e-02 3.5890810786e+05 1.2958711416e+01 5.9241543228e-02 2.2601689558e-02 1.8262934414e-01 2.1287230072e+01 1.6266342537e+01
3.2066666667e-01 1.4734339941e+01 1.5934961264e+00 1.4875000000e+04 6.3888674019e+01 8.9811536799e+00 9.8040017781e-02 3.5932409042e+05 1.3242891433e+01 4.9182937201e-02 2.2627847958e-02 1.8262934414e-01 2.1771936780e+01 1.6263232703e+01
3.2133333333e-01 1.4719693921e+01 1.5930176510e+00 1.4875000000e+04 6.3888674019e+01 8.9633079842e+00 9.7981303126e-02 3.5975364118e+05 1.3525904860e+01 3.9128663843e-02 2.2652971315e-02 1.8262934414e-01 2.2256191171e+01 1.6260644306e+01
3.2200000000e-01 1.4704723810e+01 1.5926480073e+00 1.4875000000e+04 6.3888674019e+01 8.9450857334e+00 9.7935990101e-02 3.6019706128e+05 1.3807726766e+01 2.9077837444e-02 2.2677038404e-02 1.8262934414e-01 2.2739977953e+01 1.6258577366e+01
3.2266666667e-01 1.4689429938e+01 1.5923872386e+00 1.4875000000e+04 6.3888674019e+01 8.9264885326e+00 9.7904074716e-02 3.6065465087e+05 1.4088332324e+01 1.9029572596e-02 2.2700028341e-02 1.8262934414e-01 2.3223282185e+01 1.6257031896e+01
3.2333333333e-01 1.4673812642e+01 1.5922353755e+00 1.4875000000e+04 6.3888674019e+01 8.9075180202e+00 9.7885554158e-02 3.6112670915e+05 1.4367696816e+01 8.9829841171e-03 2.2721920595e-02 1.8262934414e-01 2.3706089240e+01 1.6256007904e+01
3.2400000000e-01 1.4657872266e+01 1.5921924356e+00 1.4875000000e+04 6.3888674019e+01 8.8881758672e+00 9.7880426797e-02 3.6161353432e+05 1.4645795632e+01 -1.0628130260e-03 2.2742695009e-02 1.8262934414e-01 2.4188384781e+01 1.6255505394e+01
3.2466666667e-01 1.4641609162e+01 1.5922584240e+00 1.4875000000e+04 6.3888674019e+01 8.8684637777e+00 9.7888692179e-02 3.6211542356e+05 1.4922604273e+01 -1.1108703798e-02 2.2762331812e-02 1.8262934414e-01 2.4670154728e+01 1.6255524364e+01
3.2533333333e-01 1.4625023687e+01 1.5924333330e+00 1.4875000000e+04 6.3888674019e+01 8.8483834879e+00 9.7910351034e-02 3.6263267305e+05 1.5198098356e+01 -2.1155573171e-02 2.2780811640e-02 1.8262934414e-01 2.5151385241e+01 1.6256064805e+01
3.2600000000e-01 1.4608116208e+01 1.5927171422e+00 1.4875000000e+04 6.3888674019e+01 8.8279367670e+00 9.7945405270e-02 3.6316557792e+05 1.5472253611e+01 -3.1204306205e-02 2.2798115546e-02 1.8262934414e-01 2.5632062695e+01 1.6257126705e+01
3.2666666667e-01 1.4590887097e+01 1.5931098182e+00 1.4875000000e+04 6.3888674019e+01 8.8071254159e+00 9.7993857974e-02 3.6371443225e+05 1.5745045887e+01 -4.1255788122e-02 2.2814225023e-02 1.8262934414e-01 2.6112173666e+01 1.6258710047e+01
3.2733333333e-01 1.4573336734e+01 1.5936113153e+00 1.4875000000e+04 6.3888674019e+01 8.7859512681e+00 9.8055713415e-02 3.6427952906e+05 1.6016451154e+01 -5.1310904387e-02 2.2829122015e-02 1.8262934414e-01 2.6591704910e+01 1.6260814806e+01
3.2800000000e-01 1.4555465505e+01 1.5942215748e+00 1.4875000000e+04 6.3888674019e+01 8.7644161889e+00 9.8130977041e-02 3.6486116027e+05 1.6286445503e+01 -6.1370540786e-02 2.2842788935e-02 1.8262934414e-01 2.7070643354e+01 1.6263440956e+01
3.2866666667e-01 1.4537273805e+01 1.5949405257e+00 1.4875000000e+04 6.3888674019e+01 8.7425220753e+00 9.8219655484e-02 3.6545961671e+05 1.6555005151e+01 -7.1435583502e-02 2.2855208677e-02 1.8262934414e-01 2.7548976082e+01 1.6266588462e+01
3.2933333333e-01 1.4518762035e+01 1.5957680842e+00 1.4875000000e+04 6.3888674019e+01 8.7202708559e+00 9.8321756555e-02 3.6607518810e+05 1.6822106438e+01 -8.1506919195e-02 2.2866364636e-02 1.8262934414e-01 2.8026690320e+01 1.6270257286e+01
3.3000000000e-01 1.4499930602e+01 1.5967041545e+00 1.4875000000e+04 6.3888674019e+01 8.6976644910e+00 9.8437289248e-02 3.6670816301e+05 1.7087725836e+01 -9.1585435079e-02 2.2876240722e-02 1.8262934414e-01 2.8503773430e+01 1.6274447384e+01
3.3066666667e-01 1.4480779921e+01 1.5977486281e+00 1.4875000000e+04 6.3888674019e+01 8.6747049720e+00 9.8566263741e-02 3.6735882889e+05 1.7351839946e+01 -1.0167201900e-01 2.2884821370e-02 1.8262934414e-01 2.8980212899e+01 1.6279158708e+01
3.3133333333e-01 1.4461310416e+01 1.5989013846e+00 1.4875000000e+04 6.3888674019e+01 8.6513943214e+00 9.8708691396e-02 3.6802747199e+05 1.7614425501e+01 -1.1176755952e-01 2.2892091562e-02 1.8262934414e-01 2.9455996333e+01 1.6284391204e+01
3.3200000000e-01 1.4441522514e+01 1.6001622913e+00 1.4875000000e+04 6.3888674019e+01 8.6277345926e+00 9.8864584760e-02 3.6871437739e+05 1.7875459371e+01 -1.2187294598e-01 2.2898036834e-02 1.8262934414e-01 2.9931111446e+01 1.6290144814e+01
3.3266666667e-01 1.4421416652e+01 1.6015312037e+00 1.4875000000e+04 6.3888674019e+01 8.6037278701e+00 9.9033957565e-02 3.6941982898e+05 1.8134918559e+01 -1.3198906859e-01 2.2902643294e-02 1.8262934414e-01 3.0405546057e+01 1.6296419475e+01
3.3333333333e-01 1.4400993273e+01 1.6030079656e+00 1.4875000000e+04 6.3888674019e+01 8.5793762684e+00 9.9216824733e-02 3.7014410943e+05 1.8392780210e+01 -1.4211681852e-01 2.2905897633e-02 1.8262934414e-01 3.0879288081e+01 1.6303215118e+01
3.3400000000e-01 1.4380252827e+01 1.6045924091e+00 1.4875000000e+04 6.3888674019e+01 8.5546819329e+00 9.9413202372e-02 3.7088750016e+05 1.8649021608e+01 -1.5225708794e-01 2.2907787138e-02 1.8262934414e-01 3.1352325528e+01 1.6310531672e+01
3.3466666667e-01 1.4359195772e+01 1.6062843549e+00 1.4875000000e+04 6.3888674019e+01 8.5296470388e+00 9.9623107783e-02 3.7165028134e+05 1.8903620181e+01 -1.6241077015e-01 2.2908299708e-02 1.8262934414e-01 3.1824646494e+01 1.6318369060e+01
3.3533333333e-01 1.4337822571e+01 1.6080836125e+00 1.4875000000e+04 6.3888674019e+01 8.5042737916e+00 9.9846559455e-02 3.7243273187e+05 1.9156553501e+01 -1.7257875962e-01 2.2907423859e-02 1.8262934414e-01 3.2296239156e+01 1.6326727199e+01
3.3600000000e-01 1.4316133695e+01 1.6099899803e+00 1.4875000000e+04 6.3888674019e+01 8.4785644265e+00 1.0008357708e-01 3.7323512936e+05 1.9407799285e+01 -1.8276195206e-01 2.2905148743e-02 1.8262934414e-01 3.2767091775e+01 1.6335606005e+01
3.3666666667e-01 1.4294129624e+01 1.6120032460e+00 1.4875000000e+04 6.3888674019e+01 8.4525212081e+00 1.0033418152e-01 3.7405775010e+05 1.9657335403e+01 -1.9296124456e-01 2.2901464153e-02 1.8262934414e-01 3.3237192683e+01 1.6345005387e+01
3.3733333333e-01 1.4271810841e+01 1.6141231865e+00 1.4875000000e+04 6.3888674019e+01 8.4261464307e+00 1.0059839487e-01 3.7490086906e+05 1.9905139870e+01 -2.0317753559e-01 2.2896360536e-02 1.8262934414e-01 3.3706530287e+01 1.6354925251e+01
3.3800000000e-01 1.4249177839e+01 1.6163495685e+00 1.4875000000e+04 6.3888674019e+01 8.3994424178e+00 1.0087624040e-01 3.7576475983e+05 2.0151190859e+01 -2.1341172515e-01 2.2889829002e-02 1.8262934414e-01 3.4175093064e+01 1.6365365499e+01
3.3866666667e-01 1.4226231116e+01 1.6186821486e+00 1.4875000000e+04 6.3888674019e+01 8.3724115217e+00 1.0116774258e-01 3.7664969467e+05 2.0395466694e+01 -2.2366471478e-01 2.2881861334e-02 1.8262934414e-01 3.4642869555e+01 1.6376326029e+01
3.3933333333e-01 1.4202971178e+01 1.6211206732e+00 1.4875000000e+04 6.3888674019e+01 8.3450561236e+00 1.0147292710e-01 3.7755594441e+05 2.0637945855e+01 -2.3393740771e-01 2.2872449996e-02 1.8262934414e-01 3.5109848368e+01 1.6387806735e+01
3.4000000000e-01 1.4179398539e+01 1.6236648795e+00 1.4875000000e+04 6.3888674019e+01 8.3173786333e+00 1.0179182083e-01 3.7848377848e+05 2.0878606984e+01 -2.4423070889e-01 2.2861588141e-02 1.8262934414e-01 3.5576018173e+01 1.6399807509e+01
3.4066666667e-01 1.4155513717e+01 1.6263144949e+00 1.4875000000e+04 6.3888674019e+01 8.2893814890e+00 1.0212445188e-01 3.7943346488e+05 2.1117428879e+01 -2.5454552509e-01 2.2849269616e-02 1.8262934414e-01 3.6041367699e+01 1.6412328238e+01
3.4133333333e-01 1.4131317239e+01 1.6290692381e+00 1.4875000000e+04 6.3888674019e+01 8.2610671570e+00 1.0247084953e-01 3.8040527012e+05 2.1354390503e+01 -2.6488276496e-01 2.2835488975e-02 1.8262934414e-01 3.6505885735e+01 1.6425368805e+01
3.4200000000e-01 1.4106809638e+01 1.6319288186e+00 1.4875000000e+04 6.3888674019e+01 8.2324381315e+00 1.0283104432e-01 3.8139945927e+05 2.1589470981e+01 -2.7524333916e-01 2.2820241477e-02 1.8262934414e-01 3.6969561125e+01 1.6438929091e+01
3.4266666667e-01 1.4081991455e+01 1.6348929376e+00 1.4875000000e+04 6.3888674019e+01 8.2034969346e+00 1.0320506797e-01 3.8241629586e+05 2.1822649604e+01 -2.8562816036e-01 2.2803523096e-02 1.8262934414e-01 3.7432382770e+01 1.6453008976e+01
3.4333333333e-01 1.4056863237e+01 1.6379612879e+00 1.4875000000e+04 6.3888674019e+01 8.1742461157e+00 1.0359295342e-01 3.8345604191e+05 2.2053905831e+01 -2.9603814341e-01 2.2785330525e-02 1.8262934414e-01 3.7894339623e+01 1.6467608332e+01
3.4400000000e-01 1.4031425537e+01 1.6411335545e+00 1.4875000000e+04 6.3888674019e+01 8.1446882516e+00 1.0399473485e-01 3.8451895788e+05 2.2283219291e+01 -3.0647420535e-01 2.2765661179e-02 1.8262934414e-01 3.8355420694e+01 1.6482727034e+01
3.4466666667e-01 1.4005678916e+01 1.6444094146e+00 1.4875000000e+04 6.3888674019e+01 8.1148259460e+00 1.0441044766e-01 3.8560530267e+05 2.2510569783e+01 -3.1693726552e-01 2.2744513197e-02 1.8262934414e-01 3.8815615038e+01 1.6498364951e+01
3.4533333333e-01 1.3979623943e+01 1.6477885379e+00 1.4875000000e+04 6.3888674019e+01 8.0846618297e+00 1.0484012846e-01 3.8671533355e+05 2.2735937279e+01 -3.2742824565e-01 2.2721885447e-02 1.8262934414e-01 3.9274911767e+01 1.6514521950e+01
3.4600000000e-01 1.3953261190e+01 1.6512705874e+00 1.4875000000e+04 6.3888674019e+01 8.0541985598e+00 1.0528381510e-01 3.8784930619e+05 2.2959301926e+01 -3.3794806991e-01 2.2697777526e-02 1.8262934414e-01 3.9733300039e+01 1.6531197897e+01
3.4666666667e-01 1.3926591240e+01 1.6548552191e+00 1.4875000000e+04 6.3888674019e+01 8.0234388199e+00 1.0574154667e-01 3.8900747458e+05 2.3180644049e+01 -3.4849766503e-01 2.2672189759e-02 1.8262934414e-01 4.0190769061e+01 1.6548392657e+01
3.4733333333e-01 1.3899614680e+01 1.6585420826e+00 1.4875000000e+04 6.3888674019e+01 7.9923853196e+00 1.0621336350e-01 3.9019009106e+05 2.3399944147e+01 -3.5907796036e-01 2.2645123203e-02 1.8262934414e-01 4.0647308090e+01 1.6566106089e+01
3.4800000000e-01 1.3872332105e+01 1.6623308213e+00 1.4875000000e+04 6.3888674019e+01 7.9610407946e+00 1.0669930715e-01 3.9139740626e+05 2.3617182903e+01 -3.6968988794e-01 2.2616579643e-02 1.8262934414e-01 4.1102906428e+01 1.6584338056e+01
3.4866666667e-01 1.3844744117e+01 1.6662210728e+00 1.4875000000e+04 6.3888674019e+01 7.9294080060e+00 1.0719942042e-01 3.9262966906e+05 2.3832341180e+01 -3.8033438262e-01 2.2586561590e-02 1.8262934414e-01 4.1557553425e+01 1.6603088416e+01
3.4933333333e-01 1.3816851322e+01 1.6702124695e+00 1.4875000000e+04 6.3888674019e+01 7.8974897404e+00 1.0771374737e-01 3.9388712661e+05 2.4045400024e+01 -3.9101238209e-01 2.2555072284e-02 1.8262934414e-01 4.2011238476e+01 1.6622357026e+01
3.5000000000e-01 1.3788654337e+01 1.6743046381e+00 1.4875000000e+04 6.3888674019e+01 7.8652888097e+00 1.0824233332e-01 3.9517002425e+05 2.4256340667e+01 -4.0172482702e-01 2.2522115684e-02 1.8262934414e-01 4.2463951025e+01 1.6642143744e+01
3.5066666667e-01 1.3760153783e+01 1.6784972009e+00 1.4875000000e+04 6.3888674019e+01 7.8328080502e+00 1.0878522482e-01 3.9647860552e+05 2.4465144526e+01 -4.1247266109e-01 2.2487696468e-02 1.8262934414e-01 4.2915680557e+01 1.6662448425e+01
3.5133333333e-01 1.3731350288e+01 1.6827897754e+00 1.4875000000e+04 6.3888674019e+01 7.8000503235e+00 1.0934246970e-01 3.9781311213e+05 2.4671793208e+01 -4.2325683112e-01 2.2451820028e-02 1.8262934414e-01 4.3366416604e+01 1.6683270926e+01
3.5200000000e-01 1.3702244488e+01 1.6871819749e+00 1.4875000000e+04 6.3888674019e+01 7.7670185151e+00 1.0991411705e-01 3.9917378389e+05 2.4876268508e+01 -4.3407828711e-01 2.2414492464e-02 1.8262934414e-01 4.3816148741e+01 1.6704611100e+01
3.5266666667e-01 1.3672837023e+01 1.6916734088e+00 1.4875000000e+04 6.3888674019e+01 7.7337155350e+00 1.1050021723e-01 4.0056085874e+05 2.5078552414e+01 -4.4493798236e-01 2.2375720577e-02 1.8262934414e-01 4.4264866589e+01 1.6726468804e+01
3.5333333333e-01 1.3643128542e+01 1.6962636829e+00 1.4875000000e+04 6.3888674019e+01 7.7001443168e+00 1.1110082187e-01 4.0197457269e+05 2.5278627107e+01 -4.5583687353e-01 2.2335511866e-02 1.8262934414e-01 4.4712559811e+01 1.6748843893e+01
3.5400000000e-01 1.3613119700e+01 1.7009523998e+00 1.4875000000e+04 6.3888674019e+01 7.6663078178e+00 1.1171598388e-01 4.0341515978e+05 2.5476474961e+01 -4.6677592073e-01 2.2293874516e-02 1.8262934414e-01 4.5159218115e+01 1.6771736221e+01
3.5466666667e-01 1.3582811159e+01 1.7057391589e+00 1.4875000000e+04 6.3888674019e+01 7.6322090188e+00 1.1234575745e-01 4.0488285208e+05 2.5672078548e+01 -4.7775608764e-01 2.2250817390e-02 1.8262934414e-01 4.5604831250e+01 1.6795145646e+01
3.5533333333e-01 1.3552203587e+01 1.7106235570e+00 1.4875000000e+04 6.3888674019e+01 7.5978509237e+00 1.1299019806e-01 4.0637787965e+05 2.5865420636e+01 -4.8877834150e-01 2.2206350024e-02 1.8262934414e-01 4.6049389010e+01 1.6819072024e+01
3.5600000000e-01 1.3521297658e+01 1.7156051888e+00 1.4875000000e+04 6.3888674019e+01 7.5632365591e+00 1.1364936247e-01 4.0790047048e+05 2.6056484195e+01 -4.9984365332e-01 2.2160482612e-02 1.8262934414e-01 4.6492881232e+01 1.6843515212e+01
3.5666666667e-01 1.3490094054e+01 1.7206836465e+00 1.4875000000e+04 6.3888674019e+01 7.5283689741e+00 1.1432330877e-01 4.0945085051e+05 2.6245252392e+01 -5.1095299786e-01 2.2113225999e-02 1.8262934414e-01 4.6935297793e+01 1.6868475070e+01
3.5733333333e-01 1.3458593463e+01 1.7258585207e+00 1.4875000000e+04 6.3888674019e+01 7.4932512405e+00 1.1501209631e-01 4.1102924358e+05 2.6431708599e+01 -5.2210735379e-01 2.2064591671e-02 1.8262934414e-01 4.7376628615e+01 1.6893951458e+01
3.5800000000e-01 1.3426796579e+01 1.7311294007e+00 1.4875000000e+04 6.3888674019e+01 7.4578864517e+00 1.1571578577e-01 4.1263587138e+05 2.6615836391e+01 -5.3330770372e-01 2.2014591739e-02 1.8262934414e-01 4.7816863662e+01 1.6919944239e+01
3.5866666667e-01 1.3394704104e+01 1.7364958744e+00 1.4875000000e+04 6.3888674019e+01 7.4222777231e+00 1.1643443915e-01 4.1427095344e+05 2.6797619547e+01 -5.4455503433e-01 2.1963238929e-02 1.8262934414e-01 4.8255992941e+01 1.6946453277e+01
3.5933333333e-01 1.3362316744e+01 1.7419575288e+00 1.4875000000e+04 6.3888674019e+01 7.3864281916e+00 1.1716811976e-01 4.1593470711e+05 2.6977042055e+01 -5.5585033642e-01 2.1910546570e-02 1.8262934414e-01 4.8694006498e+01 1.6973478437e+01
3.6000000000e-01 1.3329635215e+01 1.7475139504e+00 1.4875000000e+04 6.3888674019e+01 7.3503410151e+00 1.1791689222e-01 4.1762734749e+05 2.7154088108e+01 -5.6719460503e-01 2.1856528580e-02 1.8262934414e-01 4.9130894425e+01 1.7001019589e+01
3.6066666667e-01 1.3296660236e+01 1.7531647252e+00 1.4875000000e+04 6.3888674019e+01 7.3140193727e+00 1.1868082249e-01 4.1934908744e+05 2.7328742110e+01 -5.7858883952e-01 2.1801199449e-02 1.8262934414e-01 4.9566646853e+01 1.7029076604e+01
3.6133333333e-01 1.3263392534e+01 1.7589094392e+00 1.4875000000e+04 6.3888674019e+01 7.2774664641e+00 1.1945997788e-01 4.2110013755e+05 2.7500988676e+01 -5.9003404364e-01 2.1744574230e-02 1.8262934414e-01 5.0001253958e+01 1.7057649357e+01
3.6200000000e-01 1.3229832844e+01 1.7647476787e+00 1.4875000000e+04 6.3888674019e+01 7.2406855091e+00 1.2025442702e-01 4.2288070607e+05 2.7670812631e+01 -6.0153122562e-01 2.1686668519e-02 1.8262934414e-01 5.0434705955e+01 1.7086737723e+01
3.6266666667e-01 1.3195981904e+01 1.7706790301e+00 1.4875000000e+04 6.3888674019e+01 7.2036797481e+00 1.2106423990e-01 4.2469099892e+05 2.7838199017e+01 -6.1308139829e-01 2.1627498441e-02 1.8262934414e-01 5.0866993103e+01 1.7116341585e+01
3.6333333333e-01 1.3161840462e+01 1.7767030810e+00 1.4875000000e+04 6.3888674019e+01 7.1664524407e+00 1.2188948785e-01 4.2653121963e+05 2.8003133087e+01 -6.2468557915e-01 2.1567080636e-02 1.8262934414e-01 5.1298105703e+01 1.7146460827e+01
3.6400000000e-01 1.3127409270e+01 1.7828194194e+00 1.4875000000e+04 6.3888674019e+01 7.1290068665e+00 1.2273024358e-01 4.2840156935e+05 2.8165600313e+01 -6.3634479043e-01 2.1505432238e-02 1.8262934414e-01 5.1728034096e+01 1.7177095336e+01
3.6466666667e-01 1.3092689087e+01 1.7890276350e+00 1.4875000000e+04 6.3888674019e+01 7.0913463241e+00 1.2358658115e-01 4.3030224676e+05 2.8325586382e+01 -6.4806005923e-01 2.1442570863e-02 1.8262934414e-01 5.2156768667e+01 1.7208245005e+01
3.6533333333e-01 1.3057680679e+01 1.7953273186e+00 1.4875000000e+04 6.3888674019e+01 7.0534741310e+00 1.2445857599e-01 4.3223344810e+05 2.8483077201e+01 -6.5983241758e-01 2.1378514588e-02 1.8262934414e-01 5.2584299842e+01 1.7239909730e+01
3.6600000000e-01 1.3022384818e+01 1.8017180628e+00 1.4875000000e+04 6.3888674019e+01 7.0153936235e+00 1.2534630493e-01 4.3419536710e+05 2.8638058897e+01 -6.7166290255e-01 2.1313281936e-02 1.8262934414e-01 5.3010618089e+01 1.7272089412e+01
3.6666666667e-01 1.2986802282e+01 1.8081994621e+00 1.4875000000e+04 6.3888674019e+01 6.9771081563e+00 1.2624984616e-01 4.3618819500e+05 2.8790517816e+01 -6.8355255632e-01 2.1246891857e-02 1.8262934414e-01 5.3435713918e+01 1.7304783958e+01
3.6733333333e-01 1.2950933856e+01 1.8147711129e+00 1.4875000000e+04 6.3888674019e+01 6.9386211019e+00 1.2716927929e-01 4.3821212043e+05 2.8940440529e+01 -6.9550242629e-01 2.1179363711e-02 1.8262934414e-01 5.3859577881e+01 1.7337993277e+01
3.6800000000e-01 1.2914780330e+01 1.8214326143e+00 1.4875000000e+04 6.3888674019e+01 6.8999358507e+00 1.2810468530e-01 4.4026732949e+05 2.9087813828e+01 -7.0751356515e-01 2.1110717246e-02 1.8262934414e-01 5.4282200574e+01 1.7371717287e+01
3.6866666667e-01 1.2878342502e+01 1.8281835676e+00 1.4875000000e+04 6.3888674019e+01 6.8610558106e+00 1.2905614660e-01 4.4235400564e+05 2.9232624732e+01 -7.1958703100e-01 2.1040972584e-02 1.8262934414e-01 5.4703572631e+01 1.7405955910e+01
3.6933333333e-01 1.2841621175e+01 1.8350235769e+00 1.4875000000e+04 6.3888674019e+01 6.8219844065e+00 1.3002374701e-01 4.4447232971e+05 2.9374860483e+01 -7.3172388743e-01 2.0970150201e-02 1.8262934414e-01 5.5123684733e+01 1.7440709071e+01
3.7000000000e-01 1.2804617159e+01 1.8419522493e+00 1.4875000000e+04 6.3888674019e+01 6.7827250804e+00 1.3100757177e-01 4.4662247987e+05 2.9514508551e+01 -7.4392520362e-01 2.0898270904e-02 1.8262934414e-01 5.5542527598e+01 1.7475976706e+01
3.7066666667e-01 1.2767331270e+01 1.8489691950e+00 1.4875000000e+04 6.3888674019e+01 6.7432812907e+00 1.3200770753e-01 4.4880463158e+05 2.9651556636e+01 -7.5619205440e-01 2.0825355818e-02 1.8262934414e-01 5.5960091991e+01 1.7511758753e+01
3.7133333333e-01 1.2729764331e+01 1.8560740274e+00 1.4875000000e+04 6.3888674019e+01 6.7036565121e+00 1.3302424242e-01 4.5101895759e+05 2.9785992665e+01 -7.6852552041e-01 2.0751426364e-02 1.8262934414e-01 5.6376368717e+01 1.7548055159e+01
3.7200000000e-01 1.2691917169e+01 1.8632663634e+00 1.4875000000e+04 6.3888674019e+01 6.6638542350e+00 1.3405726598e-01 4.5326562790e+05 2.9917804793e+01 -7.8092668814e-01 2.0676504238e-02 1.8262934414e-01 5.6791348624e+01 1.7584865877e+01
3.7200000000e-01 1.2691917169e+01 1.8632663634e+00 1.4875000000e+04 6.3888674019e+01 6.6638542350e+00 1.3405726598e-01 4.5326562790e+05 2.9917804793e+01 -7.8092668814e-01 2.0676504238e-02 1.8262934414e-01 5.6791348624e+01 1.7584865877e+01
3.7326027397e-01 1.2620106366e+01 1.8770270544e+00 1.4875000000e+04 6.3888674019e+01 6.5886596093e+00 1.3604482151e-01 4.5753129862e+05 2.9748340287e+01 -7.9606278291e-01 2.0535801917e-02 1.8262934414e-01 5.6791348624e+01 1.7584865877e+01
3.7452054795e-01 1.2548296024e+01 1.8909488609e+00 1.4875000000e+04 6.3888674019e+01 6.5138921199e+00 1.3807052523e-01 4.6179916741e+05 2.9578875781e+01 -8.1119887767e-01 2.0397601872e-02 1.8262934414e-01 5.6791348624e+01 1.7584865877e+01
3.7578082192e-01 1.2476486152e+01 1.9050282504e+00 1.4875000000e+04 6.3888674019e+01 6.4395517669e+00 1.4013437712e-01 4.6606917391e+05 2.9409411275e+01 -8.2633497244e-01 2.0261839943e-02 1.8262934414e-01 5.6791348624e+01 1.7584865877e+01
3.7704109589e-01 1.2404676758e+01 1.9192617550e+00 1.4875000000e+04 6.3888674019e+01 6.3656385502e+00 1.4223637719e-01 4.7034125988e+05 2.9239946769e+01 -8.4147106720e-01 2.0128454070e-02 1.8262934414e-01 5.6791348624e+01 1.7584865877e+01
3.7830136986e-01 1.2332867851e+01 1.9336459715e+00 1.4875000000e+04 6.3888674019e+01 6.2921524700e+00 1.4437652544e-01 4.7461536918e+05 2.9070482263e+01 -8.5660716197e-01 1.9997384210e-02 1.8262934414e-01 5.6791348624e+01 1.7584865877e+01
3.7956164384e-01 1.2261059439e+01 1.9481775614e+00 1.4875000000e+04 6.3888674019e+01 6.2190935260e+00 1.4655482187e-01 4.7889144763e+05 2.8901017757e+01 -8.7174325673e-01 1.9868572260e-02 1.8262934414e-01 5.6791348624e+01 1.7584865877e+01
3.8082191781e-01 1.2189251530e+01 1.9628532517e+00 1.4875000000e+04 6.3888674019e+01 6.1464617184e+00 1.4877126648e-01 4.8316944295e+05 2.8731553251e+01 -8.8687935150e-01 1.9741961984e-02 1.8262934414e-01 5.6791348624e+01 1.7584865877e+01
3.8208219178e-01 1.2117444134e+01 1.9776698344e+00 1.4875000000e+04 6.3888674019e+01 6.0742570472e+00 1.5102585926e-01 4.8744930467e+05 2.8562088745e+01 -9.0201544627e-01 1.9617498939e-02 1.8262934414e-01 5.6791348624e+01 1.7584865877e+01
3.8334246575e-01 1.2045637259e+01 1.9926241665e+00 1.4875000000e+04 6.3888674019e+01 6.0024795124e+00 1.5331860023e-01 4.9173098406e+05 2.8392624239e+01 -9.1715154103e-01 1.9495130408e-02 1.8262934414e-01 5.6791348624e+01 1.7584865877e+01
3.8460273973e-01 1.1973830916e+01 2.0077131701e+00 1.4875000000e+04 6.3888674019e+01 5.9311291138e+00 1.5564948937e-01 4.9601443404e+05 2.8223159733e+01 -9.3228763580e-01 1.9374805334e-02 1.8262934414e-01 5.6791348624e+01 1.7584865877e+01
3.8586301370e-01 1.1902025114e+01 2.0229338315e+00 1.4875000000e+04 6.3888674019e+01 5.8602058517e+00 1.5801852670e-01 5.0029960914e+05 2.8053695227e+01 -9.4742373056e-01 1.9256474258e-02 1.8262934414e-01 5.6791348624e+01 1.7584865877e+01
3.8712328767e-01 1.1830219862e+01 2.0382832015e+00 1.4875000000e+04 6.3888674019e+01 5.7897097259e+00 1.6042571220e-01 5.0458646540e+05 2.7884230721e+01 -9.6255982533e-01 1.9140089260e-02 1.8262934414e-01 5.6791348624e+01 1.7584865877e+01
3.8838356164e-01 1.1758415171e+01 2.0537583940e+00 1.4875000000e+04 6.3888674019e+01 5.7196407365e+00 1.6287104588e-01 5.0887496035e+05 2.7714766215e+01 -9.7769592009e-01 1.9025603899e-02 1.8262934414e-01 5.6791348624e+01 1.7584865877e+01
3.8964383562e-01 1.1686611051e+01 2.0693565865e+00 1.4875000000e+04 6.3888674019e+01 5.6499988834e+00 1.6535452774e-01 5.1316505289e+05 2.7545301709e+01 -9.9283201486e-01 1.8912973161e-02 1.8262934414e-01 5.6791348624e+01 1.7584865877e+01
3.9090410959e-01 1.1614807513e+01 2.0850750183e+00 1.4875000000e+04 6.3888674019e+01 5.5807841667e+00 1.6787615778e-01 5.1745670328e+05 2.7375837203e+01 -1.0079681096e+00 1.8802153404e-02 1.8262934414e-01 5.6791348624e+01 1.7584865877e+01
3.9216438356e-01 1.1543004567e+01 2.1009109907e+00 1.4875000000e+04 6.3888674019e+01 5.5119965864e+00 1.7043593600e-01 5.2174987310e+05 2.7206372697e+01 -1.0231042044e+00 1.8693102309e-02 1.8262934414e-01 5.6791348624e+01 1.7584865877e+01
3.9342465753e-01 1.1471202225e+01 2.1168618659e+00 1.4875000000e+04 6.3888674019e+01 5.4436361424e+00 1.7303386240e-01 5.2604452513e+05 2.7036908191e+01 -1.0382402992e+00 1.8585778832e-02 1.8262934414e-01 5.6791348624e+01 1.7584865877e+01
3.9468493151e-01 1.1399400498e+01 2.1329250659e+00 1.4875000000e+04 6.3888674019e+01 5.3757028347e+00 1.7566993697e-01 5.3034062337e+05 2.6867443685e+01 -1.0533763939e+00 1.8480143158e-02 1.8262934414e-01 5.6791348624e+01 1.7584865877e+01
3.9594520548e-01 1.1327599397e+01 2.1490980720e+00 1.4875000000e+04 6.3888674019e+01 5.3081966635e+00 1.7834415973e-01 5.3463813296e+05 2.6697979179e+01 -1.0685124887e+00 1.8376156655e-02 1.8262934414e-01 5.6791348624e+01 1.7584865877e+01
3.9720547945e-01 1.1255798936e+01 2.1653784239e+00 1.4875000000e+04 6.3888674019e+01 5.2411176286e+00 1.8105653066e-01 5.3893702013e+05 2.6528514673e+01 -1.0836485834e+00 1.8273781834e-02 1.8262934414e-01 5.6791348624e+01 1.7584865877e+01
3.9846575342e-01 1.1183999125e+01 2.1817637185e+00 1.4875000000e+04 6.3888674019e+01 5.1744657300e+00 1.8380704978e-01 5.4323725217e+05 2.6359050167e+01 -1.0987846782e+00 1.8172982304e-02 1.8262934414e-01 5.6791348624e+01 1.7584865877e+01
3.9972602740e-01 1.1112199978e+01 2.1982516092e+00 1.4875000000e+04 6.3888674019e+01 5.1082409678e+00 1.8659571707e-01 5.4753879741e+05 2.6189585661e+01 -1.1139207730e+00 1.8073722739e-02 1.8262934414e-01 5.6791348624e+01 1.7584865877e+01
4.0098630137e-01 1.1040401508e+01 2.2148398047e+00 1.4875000000e+04 6.3888674019e+01 5.0424433420e+00 1.8942253254e-01 5.5184162513e+05 2.6020121155e+01 -1.1290568677e+00 1.7975968836e-02 1.8262934414e-01 5.6791348624e+01 1.7584865877e+01
4.0224657534e-01 1.0968603727e+01 2.2315260681e+00 1.4875000000e+04 6.3888674019e+01 4.9770728525e+00 1.9228749619e-01 5.5614570556e+05 2.5850656649e+01 -1.1441929625e+00 1.7879687281e-02 1.8262934414e-01 5.6791348624e+01 1.7584865877e+01
4.0350684932e-01 1.0896806650e+01 2.2483082159e+00 1.4875000000e+04 6.3888674019e+01 4.9121294994e+00 1.9519060802e-01 5.6045100985e+05 2.5681192143e+01 -1.1593290573e+00 1.7784845714e-02 1.8262934414e-01 5.6791348624e+01 1.7584865877e+01
4.0476712329e-01 1.0825010291e+01 2.2651841170e+00 1.4875000000e+04 6.3888674019e+01 4.8476132826e+00 1.9813186803e-01 5.6475751000e+05 2.5511727637e+01 -1.1744651520e+00 1.7691412697e-02 1.8262934414e-01 5.6791348624e+01 1.7584865877e+01
4.0602739726e-01 1.0753214663e+01 2.2821516916e+00 1.4875000000e+04 6.3888674019e+01 4.7835242022e+00 2.0111127621e-01 5.6906517887e+05 2.5342263131e+01 -1.1896012468e+00 1.7599357679e-02 1.8262934414e-01 5.6791348624e+01 1.7584865877e+01
4.0728767123e-01 1.0681419783e+01 2.2992089101e+00 1.4875000000e+04 6.3888674019e+01 4.7198622582e+00 2.0412883258e-01 5.7337399011e+05 2.5172798625e+01 -1.2047373416e+00 1.7508650970e-02 1.8262934414e-01 5.6791348624e+01 1.7584865877e+01
4.0854794521e-01 1.0609625664e+01 2.3163537921e+00 1.4875000000e+04 6.3888674019e+01 4.6566274505e+00 2.0718453712e-01 5.7768391816e+05 2.5003334119e+01 -1.2198734363e+00 1.7419263709e-02 1.8262934414e-01 5.6791348624e+01 1.7584865877e+01
4.0980821918e-01 1.0537832322e+01 2.3335844053e+00 1.4875000000e+04 6.3888674019e+01 4.5938197792e+00 2.1027838985e-01 5.8199493821e+05 2.4833869613e+01 -1.2350095311e+00 1.7331167835e-02 1.8262934414e-01 5.6791348624e+01 1.7584865877e+01
4.1106849315e-01 1.0466039774e+01 2.3508988649e+00 1.4875000000e+04 6.3888674019e+01 4.5314392442e+00 2.1341039075e-01 5.8630702618e+05 2.4664405107e+01 -1.2501456259e+00 1.7244336064e-02 1.8262934414e-01 5.6791348624e+01 1.7584865877e+01
4.1232876712e-01 1.0394248035e+01 2.3682953317e+00 1.4875000000e+04 6.3888674019e+01 4.4694858456e+00 2.1658053983e-01 5.9062015866e+05 2.4494940602e+01 -1.2652817206e+00 1.7158741858e-02 1.8262934414e-01 5.6791348624e+01 1.7584865877e+01
4.1358904110e-01 1.0322457123e+01 2.3857720118e+00 1.4875000000e+04 6.3888674019e+01 4.4079595834e+00 2.1978883709e-01 5.9493431295e+05 2.4325476095e+01 -1.2804178154e+00 1.7074359404e-02 1.8262934414e-01 5.6791348624e+01 1.7584865877e+01
4.1484931507e-01 1.0250667056e+01 2.4033271554e+00 1.4875000000e+04 6.3888674019e+01 4.3468604575e+00 2.2303528253e-01 5.9924946698e+05 2.4156011589e+01 -1.2955539102e+00 1.6991163588e-02 1.8262934414e-01 5.6791348624e+01 1.7584865877e+01
4.1610958904e-01 1.0178877850e+01 2.4209590555e+00 1.4875000000e+04 6.3888674019e+01 4.2861884680e+00 2.2631987615e-01 6.0356559930e+05 2.3986547083e+01 -1.3106900049e+00 1.6909129974e-02 1.8262934414e-01 5.6791348624e+01 1.7584865877e+01
4.1736986301e-01 1.0107089525e+01 2.4386660472e+00 1.4875000000e+04 6.3888674019e+01 4.2259436148e+00 2.2964261795e-01 6.0788268907e+05 2.3817082578e+01 -1.3258260997e+00 1.6828234777e-02 1.8262934414e-01 5.6791348624e+01 1.7584865877e+01
4.1863013699e-01 1.0035302098e+01 2.4564465068e+00 1.4875000000e+04 6.3888674019e+01 4.1661258980e+00 2.3300350792e-01 6.1220071604e+05 2.3647618072e+01 -1.3409621945e+00 1.6748454849e-02 1.8262934414e-01 5.6791348624e+01 1.7584865877e+01
4.1989041096e-01 9.9635155909e+00 2.4742988503e+00 1.4875000000e+04 6.3888674019e+01 4.1067353176e+00 2.3640254608e-01 6.1651966052e+05 2.3478153566e+01 -1.3560982892e+00 1.6669767652e-02 1.8262934414e-01 5.6791348624e+01 1.7584865877e+01
4.2115068493e-01 9.8917300220e+00 2.4922215331e+00 1.4875000000e+04 6.3888674019e+01 4.0477718735e+00 2.3983973241e-01 6.2083950336e+05 2.3308689060e+01 -1.3712343840e+00 1.6592151242e-02 1.8262934414e-01 5.6791348624e+01 1.7584865877e+01
4.2241095890e-01 9.8199454123e+00 2.5102130483e+00 1.4875000000e+04 6.3888674019e+01 3.9892355657e+00 2.4331506693e-01 6.2516022594e+05 2.3139224554e+01 -1.3863704787e+00 1.6515584247e-02 1.8262934414e-01 5.6791348624e+01 1.7584865877e+01
4.2367123288e-01 9.7481617830e+00 2.5282719267e+00 1.4875000000e+04 6.3888674019e+01 3.9311263944e+00 2.4682854962e-01 6.2948181014e+05 2.2969760048e+01 -1.4015065735e+00 1.6440045852e-02 1.8262934414e-01 5.6791348624e+01 1.7584865877e+01
4.2493150685e-01 9.6763791560e+00 2.5463967350e+00 1.4875000000e+04 6.3888674019e+01 3.8734443594e+00 2.5038018049e-01 6.3380423833e+05 2.2800295542e+01 -1.4166426683e+00 1.6365515781e-02 1.8262934414e-01 5.6791348624e+01 1.7584865877e+01
4.2619178082e-01 9.6045975537e+00 2.5645860752e+00 1.4875000000e+04 6.3888674019e+01 3.8161894607e+00 2.5396995954e-01 6.3812749336e+05 2.2630831036e+01 -1.4317787630e+00 1.6291974276e-02 1.8262934414e-01 5.6791348624e+01 1.7584865877e+01
4.2745205479e-01 9.5328169992e+00 2.5828385842e+00 1.4875000000e+04 6.3888674019e+01 3.7593616984e+00 2.5759788677e-01 6.4245155855e+05 2.2461366530e+01 -1.4469148578e+00 1.6219402087e-02 1.8262934414e-01 5.6791348624e+01 1.7584865877e+01
4.2871232877e-01 9.4610375165e+00 2.6011529320e+00 1.4875000000e+04 6.3888674019e+01 3.7029610725e+00 2.6126396217e-01 6.4677641765e+05 2.2291902024e+01 -1.4620509526e+00 1.6147780449e-02 1.8262934414e-01 5.6791348624e+01 1.7584865877e+01
4.2997260274e-01 9.3892591300e+00 2.6195278217e+00 1.4875000000e+04 6.3888674019e+01 3.6469875829e+00 2.6496818576e-01 6.5110205483e+05 2.2122437518e+01 -1.4771870473e+00 1.6077091075e-02 1.8262934414e-01 5.6791348624e+01 1.7584865877e+01
4.3123287671e-01 9.3174818652e+00 2.6379619882e+00 1.4875000000e+04 6.3888674019e+01 3.5914412297e+00 2.6871055753e-01 6.5542845468e+05 2.1952973012e+01 -1.4923231421e+00 1.6007316134e-02 1.8262934414e-01 5.6791348624e+01 1.7584865877e+01
4.3249315068e-01 9.2457057481e+00 2.6564541973e+00 1.4875000000e+04 6.3888674019e+01 3.5363220129e+00 2.7249107747e-01 6.5975560221e+05 2.1783508506e+01 -1.5074592369e+00 1.5938438240e-02 1.8262934414e-01 5.6791348624e+01 1.7584865877e+01
4.3375342466e-01 9.1739308056e+00 2.6750032453e+00 1.4875000000e+04 6.3888674019e+01 3.4816299324e+00 2.7630974560e-01 6.6408348280e+05 2.1614044000e+01 -1.5225953316e+00 1.5870440442e-02 1.8262934414e-01 5.6791348624e+01 1.7584865877e+01
4.3501369863e-01 9.1021570657e+00 2.6936079581e+00 1.4875000000e+04 6.3888674019e+01 3.4273649882e+00 2.8016656190e-01 6.6841208221e+05 2.1444579494e+01 -1.5377314264e+00 1.5803306203e-02 1.8262934414e-01 5.6791348624e+01 1.7584865877e+01
4.3627397260e-01 9.0303845569e+00 2.7122671901e+00 1.4875000000e+04 6.3888674019e+01 3.3735271804e+00 2.8406152638e-01 6.7274138656e+05 2.1275114988e+01 -1.5528675212e+00 1.5737019394e-02 1.8262934414e-01 5.6791348624e+01 1.7584865877e+01
4.3753424658e-01 8.9586133088e+00 2.7309798239e+00 1.4875000000e+04 6.3888674019e+01 3.3201165090e+00 2.8799463904e-01 6.7707138234e+05 2.1105650482e+01 -1.5680036159e+00 1.5671564279e-02 1.8262934414e-01 5.6791348624e+01 1.7584865877e+01
4.3879452055e-01 8.8868433520e+00 2.7497447691e+00 1.4875000000e+04 6.3888674019e+01 3.2671329740e+00 2.9196589988e-01 6.8140205635e+05 2.0936185976e+01 -1.5831397107e+00 1.5606925505e-02 1.8262934414e-01 5.6791348624e+01 1.7584865877e+01
4.4005479452e-01 8.8150747181e+00 2.7685609622e+00 1.4875000000e+04 6.3888674019e+01 3.2145765753e+00 2.9597530890e-01 6.8573339576e+05 2.0766721470e+01 -1.5982758055e+00 1.5543088088e-02 1.8262934414e-01 5.6791348624e+01 1.7584865877e+01
4.4131506849e-01 8.7433074395e+00 2.7874273652e+00 1.4875000000e+04 6.3888674019e+01 3.1624473129e+00 3.0002286609e-01 6.9006538802e+05 2.0597256964e+01 -1.6134119002e+00 1.5480037404e-02 1.8262934414e-01 5.6791348624e+01 1.7584865877e+01
4.4257534247e-01 8.6715415500e+00 2.8063429656e+00 1.4875000000e+04 6.3888674019e+01 3.1107451869e+00 3.0410857147e-01 6.9439802093e+05 2.0427792458e+01 -1.6285479950e+00 1.5417759178e-02 1.8262934414e-01 5.6791348624e+01 1.7584865877e+01
4.4383561644e-01 8.5997770843e+00 2.8253067752e+00 1.4875000000e+04 6.3888674019e+01 3.0594701973e+00 3.0823242503e-01 6.9873128257e+05 2.0258327952e+01 -1.6436840898e+00 1.5356239473e-02 1.8262934414e-01 5.6791348624e+01 1.7584865877e+01
4.4509589041e-01 8.5280140784e+00 2.8443178297e+00 1.4875000000e+04 6.3888674019e+01 3.0086223440e+00 3.1239442676e-01 7.0306516130e+05 2.0088863446e+01 -1.6588201845e+00 1.5295464684e-02 1.8262934414e-01 5.6791348624e+01 1.7584865877e+01
4.4635616438e-01 8.4562525694e+00 2.8633751882e+00 1.4875000000e+04 6.3888674019e+01 2.9582016271e+00 3.1659457667e-01 7.0739964579e+05 1.9919398940e+01 -1.6739562793e+00 1.5235421522e-02 1.8262934414e-01 5.6791348624e+01 1.7584865877e+01
4.4761643836e-01 8.3844925958e+00 2.8824779321e+00 1.4875000000e+04 6.3888674019e+01 2.9082080466e+00 3.2083287477e-01 7.1173472498e+05 1.9749934434e+01 -1.6890923740e+00 1.5176097008e-02 1.8262934414e-01 5.6791348624e+01 1.7584865877e+01
4.4887671233e-01 8.3127341973e+00 2.9016251651e+00 1.4875000000e+04 6.3888674019e+01 2.8586416024e+00 3.2510932104e-01 7.1607038805e+05 1.9580469928e+01 -1.7042284688e+00 1.5117478468e-02 1.8262934414e-01 5.6791348624e+01 1.7584865877e+01
4.5013698630e-01 8.2409774150e+00 2.9208160123e+00 1.4875000000e+04 6.3888674019e+01 2.8095022946e+00 3.2942391549e-01 7.2040662447e+05 1.9411005422e+01 -1.7193645636e+00 1.5059553517e-02 1.8262934414e-01 5.6791348624e+01 1.7584865877e+01
4.5139726027e-01 8.1692222917e+00 2.9400496197e+00 1.4875000000e+04 6.3888674019e+01 2.7607901231e+00 3.3377665811e-01 7.2474342395e+05 1.9241540916e+01 -1.7345006583e+00 1.5002310057e-02 1.8262934414e-01 5.6791348624e+01 1.7584865877e+01
4.5265753425e-01 8.0974688713e+00 2.9593251534e+00 1.4875000000e+04 6.3888674019e+01 2.7125050880e+00 3.3816754892e-01 7.2908077644e+05 1.9072076410e+01 -1.7496367531e+00 1.4945736265e-02 1.8262934414e-01 5.6791348624e+01 1.7584865877e+01
4.5391780822e-01 8.0257171996e+00 2.9786417995e+00 1.4875000000e+04 6.3888674019e+01 2.6646471892e+00 3.4259658791e-01 7.3341867213e+05 1.8902611904e+01 -1.7647728479e+00 1.4889820587e-02 1.8262934414e-01 5.6791348624e+01 1.7584865877e+01
4.5517808219e-01 7.9539673238e+00 2.9979987634e+00 1.4875000000e+04 6.3888674019e+01 2.6172164268e+00 3.4706377507e-01 7.3775710143e+05 1.8733147398e+01 -1.7799089426e+00 1.4834551731e-02 1.8262934414e-01 5.6791348624e+01 1.7584865877e+01
4.5643835616e-01 7.8822192930e+00 3.0173952691e+00 1.4875000000e+04 6.3888674019e+01 2.5702128008e+00 3.5156911042e-01 7.4209605498e+05 1.8563682892e+01 -1.7950450374e+00 1.4779918657e-02 1.8262934414e-01 5.6791348624e+01 1.7584865877e+01
4.5769863014e-01 7.8104731581e+00 3.0368305589e+00 1.4875000000e+04 6.3888674019e+01 2.5236363112e+00 3.5611259394e-01 7.4643552366e+05 1.8394218386e+01 -1.8101811322e+00 1.4725910574e-02 1.8262934414e-01 5.6791348624e+01 1.7584865877e+01
4.5895890411e-01 7.7387289718e+00 3.0563038931e+00 1.4875000000e+04 6.3888674019e+01 2.4774869578e+00 3.6069422565e-01 7.5077549851e+05 1.8224753880e+01 -1.8253172269e+00 1.4672516931e-02 1.8262934414e-01 5.6791348624e+01 1.7584865877e+01
4.6021917808e-01 7.6669867888e+00 3.0758145488e+00 1.4875000000e+04 6.3888674019e+01 2.4317647409e+00 3.6531400553e-01 7.5511597082e+05 1.8055289374e+01 -1.8404533217e+00 1.4619727410e-02 1.8262934414e-01 5.6791348624e+01 1.7584865877e+01
4.6147945205e-01 7.5952466658e+00 3.0953618205e+00 1.4875000000e+04 6.3888674019e+01 2.3864696603e+00 3.6997193359e-01 7.5945693206e+05 1.7885824868e+01 -1.8555894165e+00 1.4567531919e-02 1.8262934414e-01 5.6791348624e+01 1.7584865877e+01
4.6273972603e-01 7.5235086619e+00 3.1149450188e+00 1.4875000000e+04 6.3888674019e+01 2.3416017160e+00 3.7466800983e-01 7.6379837388e+05 1.7716360362e+01 -1.8707255112e+00 1.4515920589e-02 1.8262934414e-01 5.6791348624e+01 1.7584865877e+01
4.6400000000e-01 7.4517728381e+00 3.1345634704e+00 1.4875000000e+04 6.3888674019e+01 2.2971609082e+00 3.7940223424e-01 7.6814028815e+05 1.7546895856e+01 -1.8858616060e+00 1.4464883766e-02 1.8262934414e-01 5.6791348624e+01 1.7584865877e+01
4.6400000000e-01 7.4517728381e+00 3.1345634704e+00 1.4875000000e+04 6.3888674019e+01 2.2971609082e+00 3.7940223424e-01 7.6814028815e+05 1.7546895856e+01 -1.8858616060e+00 1.4464883766e-02 1.8262934414e-01 5.6791348624e+01 1.7584865877e+01
4.6466666667e-01 7.4139256677e+00 3.1449135599e+00 1.4875000000e+04 6.3888674019e+01 2.2738859153e+00 3.8191184090e-01 7.7043231883e+05 1.7366343739e+01 -1.8785996288e+00 1.4438263992e-02 1.8262934414e-01 5.6498126975e+01 1.7474882863e+01
4.6533333333e-01 7.3762767381e+00 3.1551894137e+00 1.4875000000e+04 6.3888674019e+01 2.2508504191e+00 3.8441163055e-01 7.7270043193e+05 1.7187643095e+01 -1.8711373725e+00 1.4412345083e-02 1.8262934414e-01 5.6206370335e+01 1.7364621247e+01
4.6600000000e-01 7.3388250557e+00 3.1653906645e+00 1.4875000000e+04 6.3888674019e+01 2.2280519635e+00 3.8690133669e-01 7.7494485648e+05 1.7010774871e+01 -1.8634756327e+00 1.4387113224e-02 1.8262934414e-01 5.5916071664e+01 1.7254087920e+01
4.6666666667e-01 7.3015696323e+00 3.1755169488e+00 1.4875000000e+04 6.3888674019e+01 2.2054881180e+00 3.8938069390e-01 7.7716581950e+05 1.6835720212e+01 -1.8556152262e+00 1.4362554964e-02 1.8262934414e-01 5.5627223955e+01 1.7143289886e+01
4.6733333333e-01 7.2645094850e+00 3.1855679073e+00 1.4875000000e+04 6.3888674019e+01 2.1831564770e+00 3.9184943785e-01 7.7936354597e+05 1.6662460453e+01 -1.8475569910e+00 1.4338657208e-02 1.8262934414e-01 5.5339820228e+01 1.7032234266e+01
4.6800000000e-01 7.2276436363e+00 3.1955431840e+00 1.4875000000e+04 6.3888674019e+01 2.1610546596e+00 3.9430730533e-01 7.8153825888e+05 1.6490977124e+01 -1.8393017862e+00 1.4315407200e-02 1.8262934414e-01 5.5053853537e+01 1.6920928307e+01
4.6866666667e-01 7.1909711141e+00 3.2054424271e+00 1.4875000000e+04 6.3888674019e+01 2.1391803096e+00 3.9675403433e-01 7.8369017925e+05 1.6321251943e+01 -1.8308504919e+00 1.4292792518e-02 1.8262934414e-01 5.4769316963e+01 1.6809379378e+01
4.6933333333e-01 7.1544909514e+00 3.2152652883e+00 1.4875000000e+04 6.3888674019e+01 2.1175310948e+00 3.9918936399e-01 7.8581952609e+05 1.6153266813e+01 -1.8222040092e+00 1.4270801058e-02 1.8262934414e-01 5.4486203621e+01 1.6697594981e+01
4.7000000000e-01 7.1182021867e+00 3.2250114230e+00 1.4875000000e+04 6.3888674019e+01 2.0961047071e+00 4.0161303467e-01 7.8792651650e+05 1.5987003827e+01 -1.8133632597e+00 1.4249421026e-02 1.8262934414e-01 5.4204506655e+01 1.6585582751e+01
4.7066666667e-01 7.0821038638e+00 3.2346804906e+00 1.4875000000e+04 6.3888674019e+01 2.0748988623e+00 4.0402478800e-01 7.9001136564e+05 1.5822445258e+01 -1.8043291861e+00 1.4228640929e-02 1.8262934414e-01 5.3924219238e+01 1.6473350461e+01
4.7133333333e-01 7.0461950315e+00 3.2442721536e+00 1.4875000000e+04 6.3888674019e+01 2.0539112996e+00 4.0642436684e-01 7.9207428673e+05 1.5659573562e+01 -1.7951027514e+00 1.4208449563e-02 1.8262934414e-01 5.3645334577e+01 1.6360906029e+01
4.7200000000e-01 7.0104747441e+00 3.2537860788e+00 1.4875000000e+04 6.3888674019e+01 2.0331397813e+00 4.0881151537e-01 7.9411549112e+05 1.5498371375e+01 -1.7856849393e+00 1.4188836005e-02 1.8262934414e-01 5.3367845907e+01 1.6248257518e+01
4.7266666667e-01 6.9749420608e+00 3.2632219359e+00 1.4875000000e+04 6.3888674019e+01 2.0125820930e+00 4.1118597911e-01 7.9613518826e+05 1.5338821511e+01 -1.7760767539e+00 1.4169789606e-02 1.8262934414e-01 5.3091746493e+01 1.6135413145e+01
4.7333333333e-01 6.9395960462e+00 3.2725793989e+00 1.4875000000e+04 6.3888674019e+01 1.9922360429e+00 4.1354750491e-01 7.9813358574e+05 1.5180906960e+01 -1.7662792194e+00 1.4151299978e-02 1.8262934414e-01 5.2817029631e+01 1.6022381284e+01
4.7400000000e-01 6.9044357701e+00 3.2818581447e+00 1.4875000000e+04 6.3888674019e+01 1.9720994620e+00 4.1589584100e-01 8.0011088932e+05 1.5024610886e+01 -1.7562933805e+00 1.4133356992e-02 1.8262934414e-01 5.2543688648e+01 1.5909170472e+01
4.7466666667e-01 6.8694603071e+00 3.2910578542e+00 1.4875000000e+04 6.3888674019e+01 1.9521702034e+00 4.1823073703e-01 8.0206730290e+05 1.4869916626e+01 -1.7461203016e+00 1.4115950763e-02 1.8262934414e-01 5.2271716901e+01 1.5795789415e+01
4.7533333333e-01 6.8346687373e+00 3.3001782116e+00 1.4875000000e+04 6.3888674019e+01 1.9324461424e+00 4.2055194407e-01 8.0400302859e+05 1.4716807688e+01 -1.7357610674e+00 1.4099071649e-02 1.8262934414e-01 5.2001107777e+01 1.5682246990e+01
4.7600000000e-01 6.8000601455e+00 3.3092189048e+00 1.4875000000e+04 6.3888674019e+01 1.9129251762e+00 4.2285921465e-01 8.0591826669e+05 1.4565267748e+01 -1.7252167823e+00 1.4082710240e-02 1.8262934414e-01 5.1731854693e+01 1.5568552257e+01
4.7666666667e-01 6.7656336220e+00 3.3181796249e+00 1.4875000000e+04 6.3888674019e+01 1.8936052235e+00 4.2515230279e-01 8.0781321572e+05 1.4415280650e+01 -1.7144885704e+00 1.4066857351e-02 1.8262934414e-01 5.1463951096e+01 1.5454714461e+01
4.7733333333e-01 6.7313882617e+00 3.3270600666e+00 1.4875000000e+04 6.3888674019e+01 1.8744842247e+00 4.2743096403e-01 8.0968807244e+05 1.4266830404e+01 -1.7035775754e+00 1.4051504016e-02 1.8262934414e-01 5.1197390465e+01 1.5340743040e+01
4.7800000000e-01 6.6973231648e+00 3.3358599280e+00 1.4875000000e+04 6.3888674019e+01 1.8555601412e+00 4.2969495544e-01 8.1154303187e+05 1.4119901183e+01 -1.6924849606e+00 1.4036641482e-02 1.8262934414e-01 5.0932166306e+01 1.5226647629e+01
4.7866666667e-01 6.6634374365e+00 3.3445789109e+00 1.4875000000e+04 6.3888674019e+01 1.8368309554e+00 4.3194403565e-01 8.1337828728e+05 1.3974477322e+01 -1.6812119085e+00 1.4022261201e-02 1.8262934414e-01 5.0668272158e+01 1.5112438073e+01
4.7933333333e-01 6.6297301869e+00 3.3532167200e+00 1.4875000000e+04 6.3888674019e+01 1.8182946706e+00 4.3417796488e-01 8.1519403025e+05 1.3830543318e+01 -1.6697596211e+00 1.4008354826e-02 1.8262934414e-01 5.0405701589e+01 1.4998124426e+01
4.8000000000e-01 6.5962005309e+00 3.3617730637e+00 1.4875000000e+04 6.3888674019e+01 1.7999493106e+00 4.3639650498e-01 8.1699045064e+05 1.3688083825e+01 -1.6581293192e+00 1.3994914203e-02 1.8262934414e-01 5.0144448196e+01 1.4883716966e+01
4.8066666667e-01 6.5628475886e+00 3.3702476538e+00 1.4875000000e+04 6.3888674019e+01 1.7817929195e+00 4.3859941941e-01 8.1876773665e+05 1.3547083656e+01 -1.6463222427e+00 1.3981931367e-02 1.8262934414e-01 4.9884505608e+01 1.4769226200e+01
4.8133333333e-01 6.5296704850e+00 3.3786402054e+00 1.4875000000e+04 6.3888674019e+01 1.7638235616e+00 4.4078647334e-01 8.2052607478e+05 1.3407527778e+01 -1.6343396505e+00 1.3969398535e-02 1.8262934414e-01 4.9625867481e+01 1.4654662870e+01
4.8200000000e-01 6.4966683498e+00 3.3869504368e+00 1.4875000000e+04 6.3888674019e+01 1.7460393212e+00 4.4295743359e-01 8.2226564992e+05 1.3269401312e+01 -1.6221828199e+00 1.3957308102e-02 1.8262934414e-01 4.9368527505e+01 1.4540037965e+01
4.8266666667e-01 6.4638403177e+00 3.3951780698e+00 1.4875000000e+04 6.3888674019e+01 1.7284383022e+00 4.4511206871e-01 8.2398664531e+05 1.3132689532e+01 -1.6098530471e+00 1.3945652636e-02 1.8262934414e-01 4.9112479396e+01 1.4425362729e+01
4.8333333333e-01 6.4311855282e+00 3.4033228295e+00 1.4875000000e+04 6.3888674019e+01 1.7110186282e+00 4.4725014901e-01 8.2568924255e+05 1.2997377864e+01 -1.5973516465e+00 1.3934424871e-02 1.8262934414e-01 4.8857716902e+01 1.4310648669e+01
4.8400000000e-01 6.3987031258e+00 3.4113844442e+00 1.4875000000e+04 6.3888674019e+01 1.6937784419e+00 4.4937144653e-01 8.2737362166e+05 1.2863451881e+01 -1.5846799510e+00 1.3923617705e-02 1.8262934414e-01 4.8604233799e+01 1.4195907565e+01
4.8466666667e-01 6.3663922596e+00 3.4193626456e+00 1.4875000000e+04 6.3888674019e+01 1.6767159055e+00 4.5147573512e-01 8.2903996108e+05 1.2730897305e+01 -1.5718393113e+00 1.3913224193e-02 1.8262934414e-01 4.8352023896e+01 1.4081151483e+01
4.8533333333e-01 6.3342520837e+00 3.4272571686e+00 1.4875000000e+04 6.3888674019e+01 1.6598291997e+00 4.5356279044e-01 8.3068843766e+05 1.2599700005e+01 -1.5588310966e+00 1.3903237544e-02 1.8262934414e-01 4.8101081028e+01 1.3966392780e+01
4.8600000000e-01 6.3022817567e+00 3.4350677512e+00 1.4875000000e+04 6.3888674019e+01 1.6431165243e+00 4.5563239000e-01 8.3231922669e+05 1.2469845992e+01 -1.5456566936e+00 1.3893651117e-02 1.8262934414e-01 4.7851399062e+01 1.3851644119e+01
4.8666666667e-01 6.2704804423e+00 3.4427941351e+00 1.4875000000e+04 6.3888674019e+01 1.6265760974e+00 4.5768431314e-01 8.3393250194e+05 1.2341321423e+01 -1.5323175069e+00 1.3884458414e-02 1.8262934414e-01 4.7602971893e+01 1.3736918481e+01
4.8733333333e-01 6.2388473087e+00 3.4504360648e+00 1.4875000000e+04 6.3888674019e+01 1.6102061557e+00 4.5971834112e-01 8.3552843564e+05 1.2214112595e+01 -1.5188149585e+00 1.3875653080e-02 1.8262934414e-01 4.7355793447e+01 1.3622229172e+01
4.8800000000e-01 6.2073815288e+00 3.4579932882e+00 1.4875000000e+04 6.3888674019e+01 1.5940049539e+00 4.6173425707e-01 8.3710719849e+05 1.2088205947e+01 -1.5051504880e+00 1.3867228898e-02 1.8262934414e-01 4.7109857680e+01 1.3507589841e+01
4.8866666667e-01 6.1760822805e+00 3.4654655564e+00 1.4875000000e+04 6.3888674019e+01 1.5779707647e+00 4.6373184609e-01 8.3866895974e+05 1.1963588055e+01 -1.4913255521e+00 1.3859179781e-02 1.8262934414e-01 4.6865158575e+01 1.3393014489e+01
4.8933333333e-01 6.1449487460e+00 3.4728526236e+00 1.4875000000e+04 6.3888674019e+01 1.5621018788e+00 4.6571089521e-01 8.4021388710e+05 1.1840245633e+01 -1.4773416248e+00 1.3851499774e-02 1.8262934414e-01 4.6621690147e+01 1.3278517483e+01
4.9000000000e-01 6.1139801124e+00 3.4801542475e+00 1.4875000000e+04 6.3888674019e+01 1.5463966042e+00 4.6767119343e-01 8.4174214686e+05 1.1718165532e+01 -1.4632001969e+00 1.3844183049e-02 1.8262934414e-01 4.6379446439e+01 1.3164113571e+01
4.9066666667e-01 6.0831755714e+00 3.4873701887e+00 1.4875000000e+04 6.3888674019e+01 1.5308532667e+00 4.6961253178e-01 8.4325390383e+05 1.1597334735e+01 -1.4489027760e+00 1.3837223898e-02 1.8262934414e-01 4.6138421525e+01 1.3049817895e+01
4.9133333333e-01 6.0525343193e+00 3.4945002110e+00 1.4875000000e+04 6.3888674019e+01 1.5154702090e+00 4.7153470328e-01 8.4474932138e+05 1.1477740362e+01 -1.4344508863e+00 1.3830616735e-02 1.8262934414e-01 4.5898609505e+01 1.2935646007e+01
4.9200000000e-01 6.0220555571e+00 3.5015440815e+00 1.4875000000e+04 6.3888674019e+01 1.5002457911e+00 4.7343750301e-01 8.4622856147e+05 1.1359369661e+01 -1.4198460687e+00 1.3824356090e-02 1.8262934414e-01 4.5660004512e+01 1.2821613884e+01
4.9266666667e-01 5.9917384902e+00 3.5085015702e+00 1.4875000000e+04 6.3888674019e+01 1.4851783900e+00 4.7532072811e-01 8.4769178464e+05 1.1242210013e+01 -1.4050898801e+00 1.3818436604e-02 1.8262934414e-01 4.5422600706e+01 1.2707737943e+01
4.9333333333e-01 5.9615823289e+00 3.5153724507e+00 1.4875000000e+04 6.3888674019e+01 1.4702663993e+00 4.7718417781e-01 8.4913915004e+05 1.1126248928e+01 -1.3901838936e+00 1.3812853031e-02 1.8262934414e-01 4.5186392278e+01 1.2594035060e+01
4.9400000000e-01 5.9315862877e+00 3.5221564993e+00 1.4875000000e+04 6.3888674019e+01 1.4555082291e+00 4.7902765344e-01 8.5057081541e+05 1.1011474042e+01 -1.3751296986e+00 1.3807600230e-02 1.8262934414e-01 4.4951373447e+01 1.2480522586e+01
4.9466666667e-01 5.9017495858e+00 3.5288534957e+00 1.4875000000e+04 6.3888674019e+01 1.4409023061e+00 4.8085095847e-01 8.5198693715e+05 1.0897873118e+01 -1.3599288998e+00 1.3802673166e-02 1.8262934414e-01 4.4717538460e+01 1.2367218363e+01
4.9533333333e-01 5.8720714471e+00 3.5354632225e+00 1.4875000000e+04 6.3888674019e+01 1.4264470731e+00 4.8265389852e-01 8.5338767030e+05 1.0785434046e+01 -1.3445831179e+00 1.3798066904e-02 1.8262934414e-01 4.4484881596e+01 1.2254140748e+01
4.9600000000e-01 5.8425510997e+00 3.5419854656e+00 1.4875000000e+04 6.3888674019e+01 1.4121409889e+00 4.8443628137e-01 8.5477316854e+05 1.0674144839e+01 -1.3290939888e+00 1.3793776610e-02 1.8262934414e-01 4.4253397161e+01 1.2141308626e+01
4.9666666667e-01 5.8131877764e+00 3.5484200141e+00 1.4875000000e+04 6.3888674019e+01 1.3979825283e+00 4.8619791699e-01 8.5614358422e+05 1.0563993630e+01 -1.3134631639e+00 1.3789797545e-02 1.8262934414e-01 4.4023079491e+01 1.2028741434e+01
4.9733333333e-01 5.7839807145e+00 3.5547666598e+00 1.4875000000e+04 6.3888674019e+01 1.3839701820e+00 4.8793861759e-01 8.5749906839e+05 1.0454968677e+01 -1.2976923097e+00 1.3786125064e-02 1.8262934414e-01 4.3793922950e+01 1.1916459179e+01
4.9800000000e-01 5.7549291555e+00 3.5610251981e+00 1.4875000000e+04 6.3888674019e+01 1.3701024559e+00 4.8965819759e-01 8.5883977080e+05 1.0347058357e+01 -1.2817831074e+00 1.3782754615e-02 1.8262934414e-01 4.3565921932e+01 1.1804482463e+01
4.9866666667e-01 5.7260323456e+00 3.5671954272e+00 1.4875000000e+04 6.3888674019e+01 1.3563778716e+00 4.9135647365e-01 8.6016583987e+05 1.0240251164e+01 -1.2657372531e+00 1.3779681733e-02 1.8262934414e-01 4.3339070859e+01 1.1692832499e+01
4.9933333333e-01 5.6972895354e+00 3.5732771484e+00 1.4875000000e+04 6.3888674019e+01 1.3427949659e+00 4.9303326473e-01 8.6147742279e+05 1.0134535713e+01 -1.2495564575e+00 1.3776902043e-02 1.8262934414e-01 4.3113364184e+01 1.1581531140e+01
5.0000000000e-01 5.6686999799e+00 3.5792701662e+00 1.4875000000e+04 6.3888674019e+01 1.3293522908e+00 4.9468839205e-01 8.6277466545e+05 1.0029900731e+01 -1.2332424457e+00 1.3774411250e-02 1.8262934414e-01 4.2888796385e+01 1.1470600898e+01
5.0066666667e-01 5.6402629383e+00 3.5851742879e+00 1.4875000000e+04 6.3888674019e+01 1.3160484129e+00 4.9632167917e-01 8.6405771250e+05 9.9263350636e+00 -1.2167969569e+00 1.3772205147e-02 1.8262934414e-01 4.2665361973e+01 1.1360064969e+01
5.0133333333e-01 5.6119776745e+00 3.5909893243e+00 1.4875000000e+04 6.3888674019e+01 1.3028819140e+00 4.9793295196e-01 8.6532670734e+05 9.8238276698e+00 -1.2002217444e+00 1.3770279604e-02 1.8262934414e-01 4.2443055485e+01 1.1249947258e+01
5.0200000000e-01 5.5838434565e+00 3.5967150890e+00 1.4875000000e+04 6.3888674019e+01 1.2898513904e+00 4.9952203863e-01 8.6658179216e+05 9.7223676207e+00 -1.1835185752e+00 1.3768630570e-02 1.8262934414e-01 4.2221871487e+01 1.1140272404e+01
5.0266666667e-01 5.5558595569e+00 3.6023513985e+00 1.4875000000e+04 6.3888674019e+01 1.2769554527e+00 5.0108876978e-01 8.6782310791e+05 9.6219440993e+00 -1.1666892302e+00 1.3767254071e-02 1.8262934414e-01 4.2001804576e+01 1.1031065805e+01
5.0333333333e-01 5.5280252524e+00 3.6078980728e+00 1.4875000000e+04 6.3888674019e+01 1.2641927263e+00 5.0263297838e-01 8.6905079436e+05 9.5225463993e+00 -1.1497355034e+00 1.3766146209e-02 1.8262934414e-01 4.1782849376e+01 1.0922353646e+01
5.0400000000e-01 5.5003398241e+00 3.6133549345e+00 1.4875000000e+04 6.3888674019e+01 1.2515618503e+00 5.0415449979e-01 8.7026499005e+05 9.4241639235e+00 -1.1326592024e+00 1.3765303155e-02 1.8262934414e-01 4.1565000538e+01 1.0814162921e+01
5.0466666667e-01 5.4728025576e+00 3.6187218095e+00 1.4875000000e+04 6.3888674019e+01 1.2390614783e+00 5.0565317181e-01 8.7146583238e+05 9.3267861833e+00 -1.1154621477e+00 1.3764721156e-02 1.8262934414e-01 4.1348252745e+01 1.0706521468e+01
5.0533333333e-01 5.4454127425e+00 3.6239985267e+00 1.4875000000e+04 6.3888674019e+01 1.2266902774e+00 5.0712883466e-01 8.7265345755e+05 9.2304027968e+00 -1.0981461726e+00 1.3764396525e-02 1.8262934414e-01 4.1132600707e+01 1.0599457990e+01
5.0600000000e-01 5.4181696728e+00 3.6291849181e+00 1.4875000000e+04 6.3888674019e+01 1.2144469287e+00 5.0858133101e-01 8.7382800061e+05 9.1350034884e+00 -1.0807131232e+00 1.3764325642e-02 1.8262934414e-01 4.0918039162e+01 1.0493002085e+01
5.0666666667e-01 5.3910726469e+00 3.6342808185e+00 1.4875000000e+04 6.3888674019e+01 1.2023301270e+00 5.1001050603e-01 8.7498959548e+05 9.0405780873e+00 -1.0631648582e+00 1.3764504956e-02 1.8262934414e-01 4.0704562877e+01 1.0387184272e+01
5.0733333333e-01 5.3641209673e+00 3.6392860659e+00 1.4875000000e+04 6.3888674019e+01 1.1903385805e+00 5.1141620733e-01 8.7613837491e+05 8.9471165266e+00 -1.0455032482e+00 1.3764930977e-02 1.8262934414e-01 4.0492166648e+01 1.0282036025e+01
5.0800000000e-01 5.3373139406e+00 3.6442005014e+00 1.4875000000e+04 6.3888674019e+01 1.1784710107e+00 5.1279828506e-01 8.7727447056e+05 8.8546088421e+00 -1.0277301764e+00 1.3765600281e-02 1.8262934414e-01 4.0280845299e+01 1.0177589792e+01
5.0866666667e-01 5.3106508781e+00 3.6490239689e+00 1.4875000000e+04 6.3888674019e+01 1.1667261523e+00 5.1415659188e-01 8.7839801294e+05 8.7630451712e+00 -1.0098475373e+00 1.3766509502e-02 1.8262934414e-01 4.0070593682e+01 1.0073879032e+01
5.0933333333e-01 5.2841310947e+00 3.6537563156e+00 1.4875000000e+04 6.3888674019e+01 1.1551027533e+00 5.1549098297e-01 8.7950913150e+05 8.6724157522e+00 -9.9185723757e-01 1.3767655337e-02 1.8262934414e-01 3.9861406679e+01 9.9709382348e+00
5.1000000000e-01 5.2577539101e+00 3.6583973914e+00 1.4875000000e+04 6.3888674019e+01 1.1435995744e+00 5.1680131607e-01 8.8060795456e+05 8.5827109228e+00 -9.7376119513e-01 1.3769034539e-02 1.8262934414e-01 3.9653279199e+01 9.8688029516e+00
5.1066666667e-01 5.2315186477e+00 3.6629470495e+00 1.4875000000e+04 6.3888674019e+01 1.1322153892e+00 5.1808745149e-01 8.8169460938e+05 8.4939211193e+00 -9.5556133922e-01 1.3770643920e-02 1.8262934414e-01 3.9446206180e+01 9.7675098207e+00
5.1133333333e-01 5.2054246354e+00 3.6674051458e+00 1.4875000000e+04 6.3888674019e+01 1.1209489840e+00 5.1934925211e-01 8.8276922213e+05 8.4060368756e+00 -9.3725961012e-01 1.3772480345e-02 1.8262934414e-01 3.9240182588e+01 9.6670965914e+00
5.1200000000e-01 5.1794712050e+00 3.6717715396e+00 1.4875000000e+04 6.3888674019e+01 1.1097991578e+00 5.2058658341e-01 8.8383191794e+05 8.3190488221e+00 -9.1885795902e-01 1.3774540736e-02 1.8262934414e-01 3.9035203417e+01 9.5676021486e+00
5.1266666667e-01 5.1536576927e+00 3.6760460929e+00 1.4875000000e+04 6.3888674019e+01 1.0987647217e+00 5.2179931347e-01 8.8488282088e+05 8.2329476848e+00 -9.0035834771e-01 1.3776822067e-02 1.8262934414e-01 3.8831263690e+01 9.4690665343e+00
5.1333333333e-01 5.1279834387e+00 3.6802286707e+00 1.4875000000e+04 6.3888674019e+01 1.0878444994e+00 5.2298731301e-01 8.8592205397e+05 8.1477242843e+00 -8.8176274847e-01 1.3779321364e-02 1.8262934414e-01 3.8628358458e+01 9.3715309679e+00
5.1400000000e-01 5.1024477874e+00 3.6843191411e+00 1.4875000000e+04 6.3888674019e+01 1.0770373266e+00 5.2415045538e-01 8.8694973922e+05 8.0633695346e+00 -8.6307314378e-01 1.3782035703e-02 1.8262934414e-01 3.8426482801e+01 9.2750378641e+00
5.1466666667e-01 5.0770500872e+00 3.6883173753e+00 1.4875000000e+04 6.3888674019e+01 1.0663420512e+00 5.2528861656e-01 8.8796599760e+05 7.9798744424e+00 -8.4429152617e-01 1.3784962211e-02 1.8262934414e-01 3.8225631825e+01 9.1796308479e+00
5.1533333333e-01 5.0517896907e+00 3.6922232473e+00 1.4875000000e+04 6.3888674019e+01 1.0557575329e+00 5.2640167523e-01 8.8897094907e+05 7.8972301061e+00 -8.2541989794e-01 1.3788098061e-02 1.8262934414e-01 3.8025800668e+01 9.0853547666e+00
5.1600000000e-01 5.0266659545e+00 3.6960366341e+00 1.4875000000e+04 6.3888674019e+01 1.0452826432e+00 5.2748951270e-01 8.8996471261e+05 7.8154277148e+00 -8.0646027104e-01 1.3791440476e-02 1.8262934414e-01 3.7826984493e+01 8.9922556983e+00
5.1666666667e-01 5.0016782395e+00 3.6997574159e+00 1.4875000000e+04 6.3888674019e+01 1.0349162655e+00 5.2855201302e-01 8.9094740618e+05 7.7344585474e+00 -7.8741466674e-01 1.3794986723e-02 1.8262934414e-01 3.7629178492e+01 8.9003809564e+00
5.1733333333e-01 4.9768259103e+00 3.7033854755e+00 1.4875000000e+04 6.3888674019e+01 1.0246572944e+00 5.2958906290e-01 8.9191914678e+05 7.6543139713e+00 -7.6828511554e-01 1.3798734115e-02 1.8262934414e-01 3.7432377886e+01 8.8097790887e+00
5.1800000000e-01 4.9521083359e+00 3.7069206991e+00 1.4875000000e+04 6.3888674019e+01 1.0145046364e+00 5.3060055179e-01 8.9288005043e+05 7.5749854424e+00 -7.4907365683e-01 1.3802680010e-02 1.8262934414e-01 3.7236577923e+01 8.7204998722e+00
5.1866666667e-01 4.9275248892e+00 3.7103629757e+00 1.4875000000e+04 6.3888674019e+01 1.0044572089e+00 5.3158637185e-01 8.9383023218e+05 7.4964645030e+00 -7.2978233878e-01 1.3806821806e-02 1.8262934414e-01 3.7041773880e+01 8.6325943017e+00
5.1933333333e-01 4.9030749472e+00 3.7137121972e+00 1.4875000000e+04 6.3888674019e+01 9.9451394081e-01 5.3254641797e-01 8.9476980613e+05 7.4187427819e+00 -7.1041321804e-01 1.3811156946e-02 1.8262934414e-01 3.6847961062e+01 8.5461145719e+00
5.2000000000e-01 4.8787578908e+00 3.7169682585e+00 1.4875000000e+04 6.3888674019e+01 9.8467377203e-01 5.3348058782e-01 8.9569888543e+05 7.3418119930e+00 -6.9096835958e-01 1.3815682913e-02 1.8262934414e-01 3.6655134802e+01 8.4611140519e+00
5.2066666667e-01 4.8545731050e+00 3.7201310577e+00 1.4875000000e+04 6.3888674019e+01 9.7493565349e-01 5.3438878179e-01 8.9661758231e+05 7.2656639344e+00 -6.7144983642e-01 1.3820397232e-02 1.8262934414e-01 3.6463290461e+01 8.3776472527e+00
5.2133333333e-01 4.8305199788e+00 3.7232004956e+00 1.4875000000e+04 6.3888674019e+01 9.6529854696e-01 5.3527090307e-01 8.9752600806e+05 7.1902904879e+00 -6.5185972946e-01 1.3825297463e-02 1.8262934414e-01 3.6272423428e+01 8.2957697856e+00
5.2200000000e-01 4.8065979053e+00 3.7261764761e+00 1.4875000000e+04 6.3888674019e+01 9.5576142501e-01 5.3612685760e-01 8.9842427304e+05 7.1156836175e+00 -6.3220012722e-01 1.3830381210e-02 1.8262934414e-01 3.6082529122e+01 8.2155383112e+00
5.2266666667e-01 4.7828062814e+00 3.7290589060e+00 1.4875000000e+04 6.3888674019e+01 9.4632327087e-01 5.3695655414e-01 8.9931248672e+05 7.0418353695e+00 -6.1247312561e-01 1.3835646110e-02 1.8262934414e-01 3.5893602986e+01 8.1370104785e+00
5.2333333333e-01 4.7591445080e+00 3.7318476953e+00 1.4875000000e+04 6.3888674019e+01 9.3698307831e-01 5.3775990423e-01 9.0019075765e+05 6.9687378704e+00 -5.9268082775e-01 1.3841089840e-02 1.8262934414e-01 3.5705640496e+01 8.0602448538e+00
5.2400000000e-01 4.7356119902e+00 3.7345427565e+00 1.4875000000e+04 6.3888674019e+01 9.2773985155e-01 5.3853682222e-01 9.0105919350e+05 6.8963833273e+00 -5.7282534372e-01 1.3846710111e-02 1.8262934414e-01 3.5518637152e+01 7.9853008371e+00
5.2466666667e-01 4.7122081368e+00 3.7371440056e+00 1.4875000000e+04 6.3888674019e+01 9.1859260513e-01 5.3928722529e-01 9.0191790106e+05 6.8247640262e+00 -5.5290879032e-01 1.3852504669e-02 1.8262934414e-01 3.5332588485e+01 7.9122385678e+00
5.2533333333e-01 4.6889323607e+00 3.7396513613e+00 1.4875000000e+04 6.3888674019e+01 9.0954036386e-01 5.4001103343e-01 9.0276698622e+05 6.7538723316e+00 -5.3293329088e-01 1.3858471297e-02 1.8262934414e-01 3.5147490053e+01 7.8411188164e+00
5.2600000000e-01 4.6657840786e+00 3.7420647451e+00 1.4875000000e+04 6.3888674019e+01 9.0058216263e-01 5.4070816949e-01 9.0360655401e+05 6.6837006855e+00 -5.1290097500e-01 1.3864607809e-02 1.8262934414e-01 3.4963337440e+01 7.7720028643e+00
5.2666666667e-01 4.6427627113e+00 3.7443840819e+00 1.4875000000e+04 6.3888674019e+01 8.9171704640e-01 5.4137855913e-01 9.0443670862e+05 6.6142416068e+00 -4.9281397835e-01 1.3870912052e-02 1.8262934414e-01 3.4780126263e+01 7.7049523695e+00
5.2733333333e-01 4.6198676834e+00 3.7466092992e+00 1.4875000000e+04 6.3888674019e+01 8.8294407004e-01 5.4202213089e-01 9.0525755336e+05 6.5454876902e+00 -4.7267444241e-01 1.3877381907e-02 1.8262934414e-01 3.4597852162e+01 7.6400292183e+00
5.2800000000e-01 4.5970984235e+00 3.7487403275e+00 1.4875000000e+04 6.3888674019e+01 8.7426229822e-01 5.4263881616e-01 9.0606919070e+05 6.4774316057e+00 -4.5248451428e-01 1.3884015285e-02 1.8262934414e-01 3.4416510809e+01 7.5772953638e+00
5.2866666667e-01 4.5744543641e+00 3.7507771005e+00 1.4875000000e+04 6.3888674019e+01 8.6567080537e-01 5.4322854918e-01 9.0687172228e+05 6.4100660977e+00 -4.3224634642e-01 1.3890810130e-02 1.8262934414e-01 3.4236097901e+01 7.5168126500e+00
5.2933333333e-01 4.5519349414e+00 3.7527195546e+00 1.4875000000e+04 6.3888674019e+01 8.5716867552e-01 5.4379126709e-01 9.0766524891e+05 6.3433839841e+00 -4.1196209644e-01 1.3897764412e-02 1.8262934414e-01 3.4056609166e+01 7.4586426224e+00
5.3000000000e-01 4.5295395959e+00 3.7545676293e+00 1.4875000000e+04 6.3888674019e+01 8.4875500224e-01 5.4432690990e-01 9.0844987058e+05 6.2773781557e+00 -3.9163392687e-01 1.3904876136e-02 1.8262934414e-01 3.3878040358e+01 7.4028463251e+00
5.3066666667e-01 4.5072677716e+00 3.7563212669e+00 1.4875000000e+04 6.3888674019e+01 8.4042888853e-01 5.4483542050e-01 9.0922568644e+05 6.2120415756e+00 -3.7126400490e-01 1.3912143331e-02 1.8262934414e-01 3.3700387261e+01 7.3494840863e+00
5.3133333333e-01 4.4851189166e+00 3.7579804130e+00 1.4875000000e+04 6.3888674019e+01 8.3218944670e-01 5.4531674468e-01 9.0999279487e+05 6.1473672780e+00 -3.5085450220e-01 1.3919564057e-02 1.8262934414e-01 3.3523645685e+01 7.2986152913e+00
5.3200000000e-01 4.4630924828e+00 3.7595450157e+00 1.4875000000e+04 6.3888674019e+01 8.2403579834e-01 5.4577083112e-01 9.1075129342e+05 6.0833483678e+00 -3.3040759463e-01 1.3927136401e-02 1.8262934414e-01 3.3347811469e+01 7.2502981452e+00
5.3266666667e-01 4.4411879260e+00 3.7610150264e+00 1.4875000000e+04 6.3888674019e+01 8.1596707417e-01 5.4619763142e-01 9.1150127886e+05 6.0199780197e+00 -3.0992546206e-01 1.3934858477e-02 1.8262934414e-01 3.3172880482e+01 7.2045894274e+00
5.3333333333e-01 4.4194047057e+00 3.7623903994e+00 1.4875000000e+04 6.3888674019e+01 8.0798241395e-01 5.4659710006e-01 9.1224284718e+05 5.9572494778e+00 -2.8941028811e-01 1.3942728427e-02 1.8262934414e-01 3.2998848619e+01 7.1615442379e+00
5.3400000000e-01 4.3977422855e+00 3.7636710918e+00 1.4875000000e+04 6.3888674019e+01 8.0008096641e-01 5.4696919447e-01 9.1297609356e+05 5.8951560543e+00 -2.6886425991e-01 1.3950744417e-02 1.8262934414e-01 3.2825711804e+01 7.1212157396e+00
5.3466666667e-01 4.3762001327e+00 3.7648570638e+00 1.4875000000e+04 6.3888674019e+01 7.9226188917e-01 5.4731387498e-01 9.1370111246e+05 5.8336911293e+00 -2.4828956789e-01 1.3958904639e-02 1.8262934414e-01 3.2653465990e+01 7.0836548967e+00
5.3533333333e-01 4.3547777185e+00 3.7659482785e+00 1.4875000000e+04 6.3888674019e+01 7.8452434861e-01 5.4763110483e-01 9.1441799752e+05 5.7728481498e+00 -2.2768840555e-01 1.3967207311e-02 1.8262934414e-01 3.2482107157e+01 7.0489102133e+00
5.3600000000e-01 4.3334745178e+00 3.7669447019e+00 1.4875000000e+04 6.3888674019e+01 7.7686751981e-01 5.4792085022e-01 9.1512684165e+05 5.7126206293e+00 -2.0706296919e-01 1.3975650673e-02 1.8262934414e-01 3.2311631313e+01 7.0170274741e+00
5.3666666667e-01 4.3122900096e+00 3.7678463031e+00 1.4875000000e+04 6.3888674019e+01 7.6929058646e-01 5.4818308024e-01 9.1582773701e+05 5.6530021466e+00 -1.8641545770e-01 1.3984232992e-02 1.8262934414e-01 3.2142034498e+01 6.9880494910e+00
5.3733333333e-01 4.2912236763e+00 3.7686530541e+00 1.4875000000e+04 6.3888674019e+01 7.6179274075e-01 5.4841776694e-01 9.1652077500e+05 5.5939863458e+00 -1.6574807233e-01 1.3992952557e-02 1.8262934414e-01 3.1973312775e+01 6.9620158567e+00
5.3800000000e-01 4.2702750046e+00 3.7693649297e+00 1.4875000000e+04 6.3888674019e+01 7.5437318333e-01 5.4862488530e-01 9.1720604628e+05 5.5355669349e+00 -1.4506301645e-01 1.4001807679e-02 1.8262934414e-01 3.1805462240e+01 6.9389627110e+00
5.3866666667e-01 4.2494434846e+00 3.7699819078e+00 1.4875000000e+04 6.3888674019e+01 7.4703112317e-01 5.4880441324e-01 9.1788364081e+05 5.4777376858e+00 -1.2436249531e-01 1.4010796693e-02 1.8262934414e-01 3.1638479014e+01 6.9189225205e+00
5.3933333333e-01 4.2287286105e+00 3.7705039693e+00 1.4875000000e+04 6.3888674019e+01 7.3976577752e-01 5.4895633163e-01 9.1855364777e+05 5.4204924330e+00 -1.0364871582e-01 1.4019917955e-02 1.8262934414e-01 3.1472359250e+01 6.9019238766e+00
5.4000000000e-01 4.2081298801e+00 3.7709310979e+00 1.4875000000e+04 6.3888674019e+01 7.3257637180e-01 5.4908062426e-01 9.1921615566e+05 5.3638250736e+00 -8.2923886276e-02 1.4029169843e-02 1.8262934414e-01 3.1307099126e+01 6.8879913127e+00
5.4066666667e-01 4.1876467951e+00 3.7712632803e+00 1.4875000000e+04 6.3888674019e+01 7.2546213953e-01 5.4917727788e-01 9.1987125226e+05 5.3077295661e+00 -6.2190216181e-02 1.4038550756e-02 1.8262934414e-01 3.1142694851e+01 6.8771451456e+00
5.4133333333e-01 4.1672788610e+00 3.7715005063e+00 1.4875000000e+04 6.3888674019e+01 7.1842232223e-01 5.4924628219e-01 9.2051902463e+05 5.2521999299e+00 -4.1449915966e-02 1.4048059115e-02 1.8262934414e-01 3.0979142662e+01 6.8694013413e+00
5.4200000000e-01 4.1470255871e+00 3.7716427684e+00 1.4875000000e+04 6.3888674019e+01 7.1145616938e-01 5.4928762984e-01 9.2115955912e+05 5.1972302449e+00 -2.0705196774e-02 1.4057693358e-02 1.8262934414e-01 3.0816438824e+01 6.8647714089e+00
5.4266666667e-01 4.1268864863e+00 3.7716900622e+00 1.4875000000e+04 6.3888674019e+01 7.0456293830e-01 5.4930131641e-01 9.2179294141e+05 5.1428146507e+00 4.1729785480e-05 1.4067451946e-02 1.8262934414e-01 3.0654579632e+01 6.8632623229e+00
5.4333333333e-01 4.1068610756e+00 3.7716423863e+00 1.4875000000e+04 6.3888674019e+01 6.9774189407e-01 5.4928734045e-01 9.2241925648e+05 5.0889473458e+00 2.0788651864e-02 1.4077333359e-02 1.8262934414e-01 3.0493561408e+01 6.8648764767e+00
5.4400000000e-01 4.0869488754e+00 3.7714997422e+00 1.4875000000e+04 6.3888674019e+01 6.9099230950e-01 5.4924570344e-01 9.2303858861e+05 5.0356225873e+00 4.1533357614e-02 1.4087336096e-02 1.8262934414e-01 3.0333380505e+01 6.8696116663e+00
5.4466666667e-01 4.0671494102e+00 3.7712621342e+00 1.4875000000e+04 6.3888674019e+01 6.8431346499e-01 5.4917640983e-01 9.2365102141e+05 4.9828346902e+00 6.2273635425e-02 1.4097458672e-02 1.8262934414e-01 3.0174033303e+01 6.8774611060e+00
5.4533333333e-01 4.0474622081e+00 3.7709295698e+00 1.4875000000e+04 6.3888674019e+01 6.7770464848e-01 5.4907946700e-01 9.2425663783e+05 4.9305780265e+00 8.3007274160e-02 1.4107699625e-02 1.8262934414e-01 3.0015516211e+01 6.8884134748e+00
5.4600000000e-01 4.0278868010e+00 3.7705020593e+00 1.4875000000e+04 6.3888674019e+01 6.7116515540e-01 5.4895488528e-01 9.2485552013e+05 4.8788470250e+00 1.0373206339e-01 1.4118057507e-02 1.8262934414e-01 2.9857825669e+01 6.9024529934e+00
5.4666666667e-01 4.0084227246e+00 3.7699796160e+00 1.4875000000e+04 6.3888674019e+01 6.6469428855e-01 5.4880267797e-01 9.2544774993e+05 4.8276361706e+00 1.2444579362e-01 1.4128530890e-02 1.8262934414e-01 2.9700958144e+01 6.9195595298e+00
5.4733333333e-01 3.9890695182e+00 3.7693622561e+00 1.4875000000e+04 6.3888674019e+01 6.5829135806e-01 5.4862286128e-01 9.2603340817e+05 4.7769400035e+00 1.4514625655e-01 1.4139118363e-02 1.8262934414e-01 2.9544910133e+01 6.9397087331e+00
5.4800000000e-01 3.9698267250e+00 3.7686499988e+00 1.4875000000e+04 6.3888674019e+01 6.5195568129e-01 5.4841545439e-01 9.2661257515e+05 4.7267531189e+00 1.6583124528e-01 1.4149818531e-02 1.8262934414e-01 2.9389678162e+01 6.9628721921e+00
5.4866666667e-01 3.9506938920e+00 3.7678428663e+00 1.4875000000e+04 6.3888674019e+01 6.4568658277e-01 5.4818047941e-01 9.2718533053e+05 4.6770701662e+00 1.8649855457e-01 1.4160630017e-02 1.8262934414e-01 2.9235258786e+01 6.9890176172e+00
5.4933333333e-01 3.9316705699e+00 3.7669408836e+00 1.4875000000e+04 6.3888674019e+01 6.3948339415e-01 5.4791796139e-01 9.2775175331e+05 4.6278858485e+00 2.0714598105e-01 1.4171551458e-02 1.8262934414e-01 2.9081648589e+01 7.0181090424e+00
5.5000000000e-01 3.9127563130e+00 3.7659440788e+00 1.4875000000e+04 6.3888674019e+01 6.3334545409e-01 5.4762792832e-01 9.2831192187e+05 4.5791949223e+00 2.2777132350e-01 1.4182581509e-02 1.8262934414e-01 2.8928844186e+01 7.0501070452e+00
5.5066666667e-01 3.8939506795e+00 3.7648524828e+00 1.4875000000e+04 6.3888674019e+01 6.2727210820e-01 5.4731041111e-01 9.2886591396e+05 4.5309921964e+00 2.4837238303e-01 1.4193718842e-02 1.8262934414e-01 2.8776842220e+01 7.0849689804e+00
5.5133333333e-01 3.8752532313e+00 3.7636661297e+00 1.4875000000e+04 6.3888674019e+01 6.2126270898e-01 5.4696544362e-01 9.2941380669e+05 4.4832725318e+00 2.6894696333e-01 1.4204962140e-02 1.8262934414e-01 2.8625639364e+01 7.1226492254e+00
5.5200000000e-01 3.8566635342e+00 3.7623850564e+00 1.4875000000e+04 6.3888674019e+01 6.1531661576e-01 5.4659306263e-01 9.2995567655e+05 4.4360308410e+00 2.8949287093e-01 1.4216310105e-02 1.8262934414e-01 2.8475232320e+01 7.1630994343e+00
5.5266666667e-01 3.8381811574e+00 3.7610093026e+00 1.4875000000e+04 6.3888674019e+01 6.0943319461e-01 5.4619330783e-01 9.3049159943e+05 4.3892620875e+00 3.1000791543e-01 1.4227761453e-02 1.8262934414e-01 2.8325617822e+01 7.2062687968e+00
5.5333333333e-01 3.8198056741e+00 3.7595389113e+00 1.4875000000e+04 6.3888674019e+01 6.0361181829e-01 5.4576622185e-01 9.3102165060e+05 4.3429612850e+00 3.3048990969e-01 1.4239314912e-02 1.8262934414e-01 2.8176792630e+01 7.2521042993e+00
5.5400000000e-01 3.8015366612e+00 3.7579739282e+00 1.4875000000e+04 6.3888674019e+01 5.9785186615e-01 5.4531185021e-01 9.3154590470e+05 4.2971234973e+00 3.5093667011e-01 1.4250969229e-02 1.8262934414e-01 2.8028753537e+01 7.3005509865e+00
5.5466666667e-01 3.7833736992e+00 3.7563144019e+00 1.4875000000e+04 6.3888674019e+01 5.9215272411e-01 5.4483024136e-01 9.3206443581e+05 4.2517438376e+00 3.7134601684e-01 1.4262723160e-02 1.8262934414e-01 2.7881497366e+01 7.3515522193e+00
5.5533333333e-01 3.7653163725e+00 3.7545603842e+00 1.4875000000e+04 6.3888674019e+01 5.8651378459e-01 5.4432144664e-01 9.3257731737e+05 4.2068174678e+00 3.9171577402e-01 1.4274575479e-02 1.8262934414e-01 2.7735020967e+01 7.4050499280e+00
5.5600000000e-01 3.7473642692e+00 3.7527119298e+00 1.4875000000e+04 6.3888674019e+01 5.8093444638e-01 5.4378552030e-01 9.3308462226e+05 4.1623395981e+00 4.1204377003e-01 1.4286524969e-02 1.8262934414e-01 2.7589321224e+01 7.4609848584e+00
5.5666666667e-01 3.7295169810e+00 3.7507690962e+00 1.4875000000e+04 6.3888674019e+01 5.7541411466e-01 5.4322251947e-01 9.3358642276e+05 4.1183054867e+00 4.3232783767e-01 1.4298570431e-02 1.8262934414e-01 2.7444395049e+01 7.5192968089e+00
5.5733333333e-01 3.7117741036e+00 3.7487319439e+00 1.4875000000e+04 6.3888674019e+01 5.6995220091e-01 5.4263250417e-01 9.3408279055e+05 4.0747104390e+00 4.5256581444e-01 1.4310710676e-02 1.8262934414e-01 2.7300239385e+01 7.5799248572e+00
5.5800000000e-01 3.6941352360e+00 3.7466005366e+00 1.4875000000e+04 6.3888674019e+01 5.6454812280e-01 5.4201553730e-01 9.3457379675e+05 4.0315498072e+00 4.7275554276e-01 1.4322944529e-02 1.8262934414e-01 2.7156851204e+01 7.6428075755e+00
5.5866666667e-01 3.6765999814e+00 3.7443749405e+00 1.4875000000e+04 6.3888674019e+01 5.5920130419e-01 5.4137168465e-01 9.3505951190e+05 3.9888189897e+00 4.9289487018e-01 1.4335270825e-02 1.8262934414e-01 2.7014227512e+01 7.7078832333e+00
5.5933333333e-01 3.6591679464e+00 3.7420552253e+00 1.4875000000e+04 6.3888674019e+01 5.5391117505e-01 5.4070101484e-01 9.3554000597e+05 3.9465134311e+00 5.1298164963e-01 1.4347688415e-02 1.8262934414e-01 2.6872365343e+01 7.7750899866e+00
5.6000000000e-01 3.6418387416e+00 3.7396414633e+00 1.4875000000e+04 6.3888674019e+01 5.4867717137e-01 5.4000359939e-01 9.3601534834e+05 3.9046286209e+00 5.3301373964e-01 1.4360196160e-02 1.8262934414e-01 2.6731261762e+01 7.8443660544e+00
5.6066666667e-01 3.6246119809e+00 3.7371337298e+00 1.4875000000e+04 6.3888674019e+01 5.4349873516e-01 5.3927951264e-01 9.3648560786e+05 3.8631600937e+00 5.5298900458e-01 1.4372792934e-02 1.8262934414e-01 2.6590913866e+01 7.9156498800e+00
5.6133333333e-01 3.6074872825e+00 3.7345321032e+00 1.4875000000e+04 6.3888674019e+01 5.3837531432e-01 5.3852883180e-01 9.3695085280e+05 3.8221034284e+00 5.7290531486e-01 1.4385477620e-02 1.8262934414e-01 2.6451318781e+01 7.9888802798e+00
5.6200000000e-01 3.5904642679e+00 3.7318366647e+00 1.4875000000e+04 6.3888674019e+01 5.3330636262e-01 5.3775163688e-01 9.3741115088e+05 3.7814542479e+00 5.9276054720e-01 1.4398249115e-02 1.8262934414e-01 2.6312473668e+01 8.0639965774e+00
5.6266666667e-01 3.5735425624e+00 3.7290474986e+00 1.4875000000e+04 6.3888674019e+01 5.2829133967e-01 5.3694801075e-01 9.3786656927e+05 3.7412082185e+00 6.1255258480e-01 1.4411106327e-02 1.8262934414e-01 2.6174375715e+01 8.1409387243e+00
5.6333333333e-01 3.5567217952e+00 3.7261646922e+00 1.4875000000e+04 6.3888674019e+01 5.2332971078e-01 5.3611803909e-01 9.3831717459e+05 3.7013610493e+00 6.3227931762e-01 1.4424048174e-02 1.8262934414e-01 2.6037022145e+01 8.2196474080e+00
5.6400000000e-01 3.5400015991e+00 3.7231883356e+00 1.4875000000e+04 6.3888674019e+01 5.1842094699e-01 5.3526181037e-01 9.3876303292e+05 3.6619084923e+00 6.5193864258e-01 1.4437073586e-02 1.8262934414e-01 2.5900410209e+01 8.3000641470e+00
5.6466666667e-01 3.5233816106e+00 3.7201185220e+00 1.4875000000e+04 6.3888674019e+01 5.1356452496e-01 5.3437941589e-01 9.3920420979e+05 3.6228463412e+00 6.7152846378e-01 1.4450181502e-02 1.8262934414e-01 2.5764537193e+01 8.3821313738e+00
5.6533333333e-01 3.5068614701e+00 3.7169553474e+00 1.4875000000e+04 6.3888674019e+01 5.0875992693e-01 5.3347094971e-01 9.3964077021e+05 3.5841704316e+00 6.9104669274e-01 1.4463370873e-02 1.8262934414e-01 2.5629400414e+01 8.4657925069e+00
5.6600000000e-01 3.4904408215e+00 3.7136989111e+00 1.4875000000e+04 6.3888674019e+01 5.0400664068e-01 5.3253650868e-01 9.4007277865e+05 3.5458766400e+00 7.1049124859e-01 1.4476640659e-02 1.8262934414e-01 2.5494997218e+01 8.5509920117e+00
5.6666666667e-01 3.4741193127e+00 3.7103493151e+00 1.4875000000e+04 6.3888674019e+01 4.9930415944e-01 5.3157619244e-01 9.4050029905e+05 3.5079608840e+00 7.2986005835e-01 1.4489989832e-02 1.8262934414e-01 2.5361324988e+01 8.6376754515e+00
5.6733333333e-01 3.4578965950e+00 3.7069066645e+00 1.4875000000e+04 6.3888674019e+01 4.9465198187e-01 5.3059010335e-01 9.4092339482e+05 3.4704191211e+00 7.4915105708e-01 1.4503417372e-02 1.8262934414e-01 2.5228381136e+01 8.7257895290e+00
5.6800000000e-01 3.4417723237e+00 3.7033710672e+00 1.4875000000e+04 6.3888674019e+01 4.9004961199e-01 5.2957834654e-01 9.4134212886e+05 3.4332473490e+00 7.6836218815e-01 1.4516922270e-02 1.8262934414e-01 2.5096163106e+01 8.8152821196e+00
5.6866666667e-01 3.4257461579e+00 3.6997426344e+00 1.4875000000e+04 6.3888674019e+01 4.8549655912e-01 5.2854102989e-01 9.4175656354e+05 3.3964416046e+00 7.8749140346e-01 1.4530503526e-02 1.8262934414e-01 2.4964668377e+01 8.9061022968e+00
5.6933333333e-01 3.4098177601e+00 3.6960214799e+00 1.4875000000e+04 6.3888674019e+01 4.8099233786e-01 5.2747826398e-01 9.4216676073e+05 3.3599979641e+00 8.0653666361e-01 1.4544160149e-02 1.8262934414e-01 2.4833894459e+01 8.9982003499e+00
5.7000000000e-01 3.3939867968e+00 3.6922077208e+00 1.4875000000e+04 6.3888674019e+01 4.7653646800e-01 5.2639016211e-01 9.4257278177e+05 3.3239125420e+00 8.2549593818e-01 1.4557891158e-02 1.8262934414e-01 2.4703838896e+01 9.0915277957e+00
5.7066666667e-01 3.3782529382e+00 3.6883014771e+00 1.4875000000e+04 6.3888674019e+01 4.7212847447e-01 5.2527684028e-01 9.4297468750e+05 3.2881814913e+00 8.4436720591e-01 1.4571695581e-02 1.8262934414e-01 2.4574499263e+01 9.1860373845e+00
5.7133333333e-01 3.3626158582e+00 3.6843028716e+00 1.4875000000e+04 6.3888674019e+01 4.6776788734e-01 5.2413841719e-01 9.4337253827e+05 3.2528010024e+00 8.6314845490e-01 1.4585572455e-02 1.8262934414e-01 2.4445873171e+01 9.2816831000e+00
5.7200000000e-01 3.3470752345e+00 3.6802120304e+00 1.4875000000e+04 6.3888674019e+01 4.6345424172e-01 5.2297501421e-01 9.4376639390e+05 3.2177673035e+00 8.8183768289e-01 1.4599520826e-02 1.8262934414e-01 2.4317958262e+01 9.3784201557e+00
5.7266666667e-01 3.3316307485e+00 3.6760290824e+00 1.4875000000e+04 6.3888674019e+01 4.5918707771e-01 5.2178675536e-01 9.4415631374e+05 3.1830766594e+00 9.0043289739e-01 1.4613539749e-02 1.8262934414e-01 2.4190752212e+01 9.4762049864e+00
5.7333333333e-01 3.3162820853e+00 3.6717541594e+00 1.4875000000e+04 6.3888674019e+01 4.5496594037e-01 5.2057376734e-01 9.4454235662e+05 3.1487253717e+00 9.1893211595e-01 1.4627628285e-02 1.8262934414e-01 2.4064252732e+01 9.5749952361e+00
5.7400000000e-01 3.3010289338e+00 3.6673873965e+00 1.4875000000e+04 6.3888674019e+01 4.5079037969e-01 5.1933617945e-01 9.4492458091e+05 3.1147097781e+00 9.3733336636e-01 1.4641785508e-02 1.8262934414e-01 2.3938457566e+01 9.6747497432e+00
5.7466666667e-01 3.2858709868e+00 3.6629289316e+00 1.4875000000e+04 6.3888674019e+01 4.4665995049e-01 5.1807412363e-01 9.4530304445e+05 3.0810262522e+00 9.5563468684e-01 1.4656010495e-02 1.8262934414e-01 2.3813364492e+01 9.7754285228e+00
5.7533333333e-01 3.2708079405e+00 3.6583789055e+00 1.4875000000e+04 6.3888674019e+01 4.4257421241e-01 5.1678773444e-01 9.4567780462e+05 3.0476712028e+00 9.7383412628e-01 1.4670302336e-02 1.8262934414e-01 2.3688971322e+01 9.8769927464e+00
5.7600000000e-01 3.2558394952e+00 3.6537374623e+00 1.4875000000e+04 6.3888674019e+01 4.3853272988e-01 5.1547714902e-01 9.4604891833e+05 3.0146410739e+00 9.9192974441e-01 1.4684660125e-02 1.8262934414e-01 2.3565275902e+01 9.9794047204e+00
5.7666666667e-01 3.2409653548e+00 3.6490047488e+00 1.4875000000e+04 6.3888674019e+01 4.3453507200e-01 5.1414250710e-01 9.4641644197e+05 2.9819323440e+00 1.0099196121e+00 1.4699082968e-02 1.8262934414e-01 2.3442276115e+01 1.0082627862e+01
5.7733333333e-01 3.2261852269e+00 3.6441809151e+00 1.4875000000e+04 6.3888674019e+01 4.3058081259e-01 5.1278395095e-01 9.4678043149e+05 2.9495415259e+00 1.0278018113e+00 1.4713569974e-02 1.8262934414e-01 2.3319969875e+01 1.0186626675e+01
5.7800000000e-01 3.2114988230e+00 3.6392661140e+00 1.4875000000e+04 6.3888674019e+01 4.2666953007e-01 5.1140162541e-01 9.4714094235e+05 2.9174651665e+00 1.0455744357e+00 1.4728120264e-02 1.8262934414e-01 2.3198355135e+01 1.0291366722e+01
5.7866666667e-01 3.1969058582e+00 3.6342605016e+00 1.4875000000e+04 6.3888674019e+01 4.2280080744e-01 5.0999567787e-01 9.4749802953e+05 2.8856998459e+00 1.0632355905e+00 1.4742732964e-02 1.8262934414e-01 2.3077429881e+01 1.0396814601e+01
5.7933333333e-01 3.1824060515e+00 3.6291642370e+00 1.4875000000e+04 6.3888674019e+01 4.1897423225e-01 5.0856625819e-01 9.4785174757e+05 2.8542421775e+00 1.0807833928e+00 1.4757407208e-02 1.8262934414e-01 2.2957192134e+01 1.0502937916e+01
5.8000000000e-01 3.1679991256e+00 3.6239774820e+00 1.4875000000e+04 6.3888674019e+01 4.1518939654e-01 5.0711351879e-01 9.4820215052e+05 2.8230888077e+00 1.0982159719e+00 1.4772142137e-02 1.8262934414e-01 2.2837639951e+01 1.0609705249e+01
5.8066666667e-01 3.1536848070e+00 3.6187004018e+00 1.4875000000e+04 6.3888674019e+01 4.1144589679e-01 5.0563761453e-01 9.4854929196e+05 2.7922364149e+00 1.1155314692e+00 1.4786936901e-02 1.8262934414e-01 2.2718771425e+01 1.0717086133e+01
5.8133333333e-01 3.1394628260e+00 3.6133331645e+00 1.4875000000e+04 6.3888674019e+01 4.0774333391e-01 5.0413870277e-01 9.4889322505e+05 2.7616817100e+00 1.1327280388e+00 1.4801790655e-02 1.8262934414e-01 2.2600584687e+01 1.0825051022e+01
5.8200000000e-01 3.1253329165e+00 3.6078759412e+00 1.4875000000e+04 6.3888674019e+01 4.0408131315e-01 5.0261694329e-01 9.4923400244e+05 2.7314214355e+00 1.1498038472e+00 1.4816702561e-02 1.8262934414e-01 2.2483077899e+01 1.0933571269e+01
5.8266666667e-01 3.1112948163e+00 3.6023289061e+00 1.4875000000e+04 6.3888674019e+01 4.0045944410e-01 5.0107249835e-01 9.4957167636e+05 2.7014523652e+00 1.1667570741e+00 1.4831671790e-02 1.8262934414e-01 2.2366249265e+01 1.1042619090e+01
5.8333333333e-01 3.0973482669e+00 3.5966922364e+00 1.4875000000e+04 6.3888674019e+01 3.9687734061e-01 4.9950553259e-01 9.4990629859e+05 2.6717713040e+00 1.1835859120e+00 1.4846697517e-02 1.8262934414e-01 2.2250097023e+01 1.1152167542e+01
5.8400000000e-01 3.0834930138e+00 3.5909661123e+00 1.4875000000e+04 6.3888674019e+01 3.9333462079e-01 4.9791621307e-01 9.5023792043e+05 2.6423750876e+00 1.2002885667e+00 1.4861778927e-02 1.8262934414e-01 2.2134619447e+01 1.1262190497e+01
5.8466666667e-01 3.0697288059e+00 3.5851507172e+00 1.4875000000e+04 6.3888674019e+01 3.8983090694e-01 4.9630470922e-01 9.5056659276e+05 2.6132605820e+00 1.2168632577e+00 1.4876915208e-02 1.8262934414e-01 2.2019814850e+01 1.1372662608e+01
5.8533333333e-01 3.0560553962e+00 3.5792462375e+00 1.4875000000e+04 6.3888674019e+01 3.8636582552e-01 4.9467119286e-01 9.5089236601e+05 2.5844246831e+00 1.2333082178e+00 1.4892105556e-02 1.8262934414e-01 2.1905681582e+01 1.1483559292e+01
5.8600000000e-01 3.0424725413e+00 3.5732528627e+00 1.4875000000e+04 6.3888674019e+01 3.8293900711e-01 4.9301583813e-01 9.5121529015e+05 2.5558643167e+00 1.2496216939e+00 1.4907349176e-02 1.8262934414e-01 2.1792218028e+01 1.1594856699e+01
5.8666666667e-01 3.0289800016e+00 3.5671707851e+00 1.4875000000e+04 6.3888674019e+01 3.7955008637e-01 4.9133882152e-01 9.5153541473e+05 2.5275764380e+00 1.2658019468e+00 1.4922645275e-02 1.8262934414e-01 2.1679422614e+01 1.1706531686e+01
5.8733333333e-01 3.0155775414e+00 3.5610002005e+00 1.4875000000e+04 6.3888674019e+01 3.7619870199e-01 4.8964032180e-01 9.5185278886e+05 2.4995580309e+00 1.2818472514e+00 1.4937993069e-02 1.8262934414e-01 2.1567293802e+01 1.1818561797e+01
5.8800000000e-01 3.0022649286e+00 3.5547413074e+00 1.4875000000e+04 6.3888674019e+01 3.7288449667e-01 4.8792052006e-01 9.5216746121e+05 2.4718061086e+00 1.2977558972e+00 1.4953391780e-02 1.8262934414e-01 2.1455830093e+01 1.1930925235e+01
5.8866666667e-01 2.9890419349e+00 3.5483943077e+00 1.4875000000e+04 6.3888674019e+01 3.6960711708e-01 4.8617959965e-01 9.5247948001e+05 2.4443177121e+00 1.3135261881e+00 1.4968840635e-02 1.8262934414e-01 2.1345030027e+01 1.2043600841e+01
5.8933333333e-01 2.9759083359e+00 3.5419594061e+00 1.4875000000e+04 6.3888674019e+01 3.6636621381e-01 4.8441774616e-01 9.5278889307e+05 2.4170899110e+00 1.3291564429e+00 1.4984338867e-02 1.8262934414e-01 2.1234892180e+01 1.2156568070e+01
5.9000000000e-01 2.9628639109e+00 3.5354368107e+00 1.4875000000e+04 6.3888674019e+01 3.6316144133e-01 4.8263514744e-01 9.5309574777e+05 2.3901198023e+00 1.3446449951e+00 1.4999885717e-02 1.8262934414e-01 2.1125415170e+01 1.2269806972e+01
5.9066666667e-01 2.9499084430e+00 3.5288267325e+00 1.4875000000e+04 6.3888674019e+01 3.5999245798e-01 4.8083199352e-01 9.5340009106e+05 2.3634045108e+00 1.3599901936e+00 1.5015480429e-02 1.8262934414e-01 2.1016597652e+01 1.2383298166e+01
5.9133333333e-01 2.9370417191e+00 3.5221293856e+00 1.4875000000e+04 6.3888674019e+01 3.5685892590e-01 4.7900847665e-01 9.5370196946e+05 2.3369411883e+00 1.3751904024e+00 1.5031122256e-02 1.8262934414e-01 2.0908438321e+01 1.2497022824e+01
5.9200000000e-01 2.9242635298e+00 3.5153449873e+00 1.4875000000e+04 6.3888674019e+01 3.5376051102e-01 4.7716479122e-01 9.5400142909e+05 2.3107270133e+00 1.3902440010e+00 1.5046810453e-02 1.8262934414e-01 2.0800935913e+01 1.2610962648e+01
5.9266666667e-01 2.9115736695e+00 3.5084737581e+00 1.4875000000e+04 6.3888674019e+01 3.5069688301e-01 4.7530113380e-01 9.5429851562e+05 2.2847591912e+00 1.4051493845e+00 1.5062544284e-02 1.8262934414e-01 2.0694089201e+01 1.2725099854e+01
5.9333333333e-01 2.8989719365e+00 3.5015159215e+00 1.4875000000e+04 6.3888674019e+01 3.4766771525e-01 4.7341770307e-01 9.5459327432e+05 2.2590349535e+00 1.4199049638e+00 1.5078323017e-02 1.8262934414e-01 2.0587897000e+01 1.2839417150e+01
5.9400000000e-01 2.8864581327e+00 3.4944717041e+00 1.4875000000e+04 6.3888674019e+01 3.4467268478e-01 4.7151469982e-01 9.5488575005e+05 2.2335515576e+00 1.4345091658e+00 1.5094145926e-02 1.8262934414e-01 2.0482358165e+01 1.2953897720e+01
5.9466666667e-01 2.8740320639e+00 3.4873413358e+00 1.4875000000e+04 6.3888674019e+01 3.4171147230e-01 4.6959232694e-01 9.5517598724e+05 2.2083062866e+00 1.4489604336e+00 1.5110012290e-02 1.8262934414e-01 2.0377471590e+01 1.3068525205e+01
5.9533333333e-01 2.8616935396e+00 3.4801250496e+00 1.4875000000e+04 6.3888674019e+01 3.3878376211e-01 4.6765078938e-01 9.5546402991e+05 2.1832964492e+00 1.4632572264e+00 1.5125921393e-02 1.8262934414e-01 2.0273236213e+01 1.3183283690e+01
5.9600000000e-01 2.8494423731e+00 3.4728230816e+00 1.4875000000e+04 6.3888674019e+01 3.3588924207e-01 4.6569029411e-01 9.5574992170e+05 2.1585193789e+00 1.4773980202e+00 1.5141872525e-02 1.8262934414e-01 2.0169651010e+01 1.3298157683e+01
5.9666666667e-01 2.8372783815e+00 3.4654356712e+00 1.4875000000e+04 6.3888674019e+01 3.3302760360e-01 4.6371105015e-01 9.5603370579e+05 2.1339724341e+00 1.4913813073e+00 1.5157864983e-02 1.8262934414e-01 2.0066715000e+01 1.3413132105e+01
5.9733333333e-01 2.8252013855e+00 3.4579630609e+00 1.4875000000e+04 6.3888674019e+01 3.3019854161e-01 4.6171326852e-01 9.5631542501e+05 2.1096529980e+00 1.5052055970e+00 1.5173898066e-02 1.8262934414e-01 1.9964427242e+01 1.3528192269e+01
5.9800000000e-01 2.8132112099e+00 3.4504054964e+00 1.4875000000e+04 6.3888674019e+01 3.2740175448e-01 4.5969716219e-01 9.5659512174e+05 2.0855584776e+00 1.5188694154e+00 1.5189971080e-02 1.8262934414e-01 1.9862786837e+01 1.3643323870e+01
5.9866666667e-01 2.8013076829e+00 3.4427632265e+00 1.4875000000e+04 6.3888674019e+01 3.2463694403e-01 4.5766294610e-01 9.5687283798e+05 2.0616863043e+00 1.5323713059e+00 1.5206083336e-02 1.8262934414e-01 1.9761792930e+01 1.3758512973e+01
5.9933333333e-01 2.7894906366e+00 3.4350365036e+00 1.4875000000e+04 6.3888674019e+01 3.2190381552e-01 4.5561083713e-01 9.5714861533e+05 2.0380339330e+00 1.5457098290e+00 1.5222234150e-02 1.8262934414e-01 1.9661444706e+01 1.3873745991e+01
6.0000000000e-01 2.7777599070e+00 3.4272255828e+00 1.4875000000e+04 6.3888674019e+01 3.1920207754e-01 4.5354105404e-01 9.5742249499e+05 2.0145988419e+00 1.5588835626e+00 1.5238422843e-02 1.8262934414e-01 1.9561741392e+01 1.3989009683e+01
6.0066666667e-01 2.7661153336e+00 3.4193307229e+00 1.4875000000e+04 6.3888674019e+01 3.1653144206e-01 4.5145381751e-01 9.5769451776e+05 1.9913785327e+00 1.5718911024e+00 1.5254648740e-02 1.8262934414e-01 1.9462682260e+01 1.4104291133e+01
6.0133333333e-01 2.7545567597e+00 3.4113521855e+00 1.4875000000e+04 6.3888674019e+01 3.1389162436e-01 4.4934935005e-01 9.5796472405e+05 1.9683705297e+00 1.5847310615e+00 1.5270911174e-02 1.8262934414e-01 1.9364266623e+01 1.4219577746e+01
6.0200000000e-01 2.7430840326e+00 3.4032902359e+00 1.4875000000e+04 6.3888674019e+01 3.1128234300e-01 4.4722787603e-01 9.5823315387e+05 1.9455723801e+00 1.5974020711e+00 1.5287209478e-02 1.8262934414e-01 1.9266493838e+01 1.4334857229e+01
6.0266666667e-01 2.7316970029e+00 3.3951451425e+00 1.4875000000e+04 6.3888674019e+01 3.0870331979e-01 4.4508962161e-01 9.5849984684e+05 1.9229816531e+00 1.6099027803e+00 1.5303542994e-02 1.8262934414e-01 1.9169363305e+01 1.4450117585e+01
6.0333333333e-01 2.7203955253e+00 3.3869171767e+00 1.4875000000e+04 6.3888674019e+01 3.0615427978e-01 4.4293481476e-01 9.5876484221e+05 1.9005959405e+00 1.6222318564e+00 1.5319911068e-02 1.8262934414e-01 1.9072874467e+01 1.4565347101e+01
6.0400000000e-01 2.7091794580e+00 3.3786066138e+00 1.4875000000e+04 6.3888674019e+01 3.0363495121e-01 4.4076368520e-01 9.5902817881e+05 1.8784128555e+00 1.6343879850e+00 1.5336313049e-02 1.8262934414e-01 1.8977026812e+01 1.4680534339e+01
6.0400000000e-01 2.7091794580e+00 3.3786066138e+00 1.4875000000e+04 6.3888674019e+01 3.0363495121e-01 4.4076368520e-01 9.5902817881e+05 1.8784128555e+00 1.6343879850e+00 1.5336313049e-02 1.8262934414e-01 1.8977026812e+01 1.4680534339e+01
