# S[m] sigma_x[mm] sigma_y[mm] N mean_P[MeV/c] beta_x[mm/mrad] beta_y[mm/mrad] beta_z[mm/mrad] alpha_x[mrad] alpha_y[mrad] alpha_z[mrad] mean_E[MeV] sigma_px[mrad] sigma_py[mrad] mean_pz[MeV/c] emitt_ emitt_y 
3.0854675542e-04 1.5570401674e+01 1.0352447303e+01 1.4822000000e+04 6.3869809591e+01 1.0456422181e+01 4.3015817397e+00 2.8828482954e-07 -8.5226271376e-01 -3.6807909060e-01 -6.8464597099e+01 1.8262934432e-01 8.9693388145e-01 1.2670635046e+00 6.3869807481e+01 1.3227398097e-01 1.4228306615e-01
6.1709374546e-04 1.5576539625e+01 1.0356669077e+01 1.4822000000e+04 6.3869833874e+01 1.0900023739e+01 4.4529047827e+00 1.2578500700e-06 -8.9752531123e-01 -3.7224288043e-01 -3.1385661547e+01 1.8262934432e-01 8.7633195379e-01 1.2801878228e+00 6.3869831794e+01 1.2698592025e-01 1.3758703208e-01
9.2564079321e-04 1.5582742459e+01 1.0360794011e+01 1.4822000000e+04 6.3869845952e+01 1.1312997178e+01 4.5763080165e+00 3.0985435406e-06 -9.4096037254e-01 -3.7352590951e-01 -1.9101441036e+01 1.8262934432e-01 8.5590025116e-01 1.2933407468e+00 6.3869843890e+01 1.2244316104e-01 1.3402419400e-01
1.2341877224e-03 1.5589010036e+01 1.0364821932e+01 1.4822000000e+04 6.3869845854e+01 1.1675306616e+01 4.6631476874e+00 6.0121392488e-06 -9.8079657281e-01 -3.7141139240e-01 -1.3111049657e+01 1.8262934432e-01 8.3566890546e-01 1.3065086170e+00 6.3869843800e+01 1.1873474779e-01 1.3168461464e-01
1.5427343595e-03 1.5595342099e+01 1.0368752828e+01 1.4822000000e+04 6.3869833704e+01 1.1965817218e+01 4.7072596430e+00 1.0168146877e-05 -1.0150908627e+00 -3.6565366619e-01 -9.6733737232e+00 1.8262934432e-01 8.1568755622e-01 1.3196635578e+00 6.3869831648e+01 1.1594267457e-01 1.3061483049e-01
1.8512805337e-03 1.5601738331e+01 1.0372586774e+01 1.4822000000e+04 6.3869809633e+01 1.2165715038e+01 4.7055820551e+00 1.5703108348e-05 -1.0420471726e+00 -3.5627429529e-01 -7.4990354937e+00 1.8262934432e-01 7.9597280531e-01 1.3328009914e+00 6.3869807566e+01 1.1412831988e-01 1.3083160184e-01
2.1598260767e-03 1.5608198405e+01 1.0376323849e+01 1.4822000000e+04 6.3869773772e+01 1.2261035481e+01 4.6589311137e+00 2.2712351566e-05 -1.0602299683e+00 -3.4360305535e-01 -6.0314349634e+00 1.8262934432e-01 7.7654081191e-01 1.3459176309e+00 6.3869771684e+01 1.1333262062e-01 1.3231495381e-01
2.4683708230e-03 1.5614721988e+01 1.0379964133e+01 1.4822000000e+04 6.3869726260e+01 1.2245293779e+01 4.5718315046e+00 3.1248663882e-05 -1.0688122765e+00 -3.2822974357e-01 -4.9928950660e+00 1.8262934432e-01 7.5741160716e-01 1.3590085008e+00 6.3869724143e+01 1.1357138522e-01 1.3500888730e-01
2.7769146134e-03 1.5621308694e+01 1.0383507774e+01 1.4822000000e+04 6.3869667320e+01 1.2120780876e+01 4.4517889900e+00 4.1327099005e-05 -1.0677117177e+00 -3.1092498340e-01 -4.2304675671e+00 1.8262934432e-01 7.3862525953e-01 1.3720550204e+00 6.3869665166e+01 1.1483327083e-01 1.3881936921e-01
3.0854572923e-03 1.5627958080e+01 1.0386955006e+01 1.4822000000e+04 6.3869597159e+01 1.1898362973e+01 4.3074106864e+00 5.2922766296e-05 -1.0576288896e+00 -2.9246592721e-01 -3.6543966437e+00 1.8262934432e-01 7.2020594491e-01 1.3850503409e+00 6.3869594959e+01 1.1707778556e-01 1.4363680382e-01
3.3939987071e-03 1.5634669690e+01 1.0390306071e+01 1.4822000000e+04 6.3869515967e+01 1.1594969216e+01 4.1471275696e+00 6.5973816880e-05 -1.0398500237e+00 -2.7354740154e-01 -3.2089288537e+00 1.8262934432e-01 7.0217373492e-01 1.3979916045e+00 6.3869513714e+01 1.2024243733e-01 1.4934552191e-01
3.7025387091e-03 1.5641443062e+01 1.0393561213e+01 1.4822000000e+04 6.3869423935e+01 1.1230479094e+01 3.9783619129e+00 8.0386344139e-05 -1.0159855252e+00 -2.5473362253e-01 -2.8578235541e+00 1.8262934432e-01 6.8455027590e-01 1.4108760115e+00 6.3869421622e+01 1.2424998815e-01 1.5583022251e-01
4.0110771567e-03 1.5648277717e+01 1.0396720699e+01 1.4822000000e+04 6.3869321309e+01 1.0824893022e+01 3.8071783077e+00 9.6063154536e-05 -9.8771753020e-01 -2.3645093594e-01 -2.5760345130e+00 1.8262934432e-01 6.6736868084e-01 1.4236936867e+00 6.3869318929e+01 1.2901481750e-01 1.6297834983e-01
4.3196139141e-03 1.5655173126e+01 1.0399784861e+01 1.4822000000e+04 6.3869208351e+01 1.0396233517e+01 3.6381147908e+00 1.1289163141e-04 -9.5661230321e-01 -2.1898566231e-01 -2.3464240869e+00 1.8262934432e-01 6.5066128048e-01 1.4364359973e+00 6.3869205899e+01 1.3444881894e-01 1.7068610628e-01
4.6281488476e-03 1.5662128748e+01 1.0402754052e+01 1.4822000000e+04 6.3869085284e+01 9.9593032994e+00 3.4742560676e+00 1.3072449522e-04 -9.2399891459e-01 -2.0250087303e-01 -2.1572988502e+00 1.8262934432e-01 6.3445311908e-01 1.4491005353e+00 6.3869082755e+01 1.4046729014e-01 1.7886359983e-01
4.9366818279e-03 1.5669144034e+01 1.0405628625e+01 1.4822000000e+04 6.3868952330e+01 9.5254023746e+00 3.3175612761e+00 1.4940093732e-04 -8.9092480514e-01 -1.8707291602e-01 -2.0001090077e+00 1.8262934432e-01 6.1877075911e-01 1.4616849760e+00 6.3868949718e+01 1.4699194178e-01 1.8743272385e-01
5.2452127315e-03 1.5676218430e+01 1.0408408938e+01 1.4822000000e+04 6.3868809730e+01 9.1026256265e+00 3.1691444539e+00 1.6876873791e-04 -8.5816854293e-01 -1.7271857252e-01 -1.8682896448e+00 1.8262934432e-01 6.0364508744e-01 1.4741850915e+00 6.3868807031e+01 1.5395178569e-01 1.9632603913e-01
5.5537414436e-03 1.5683351353e+01 1.0411095390e+01 1.4822000000e+04 6.3868657771e+01 8.6964231140e+00 3.0295256586e+00 1.8871701312e-04 -8.2627961955e-01 -1.5941712283e-01 -1.7565144610e+00 1.8262934432e-01 5.8911373293e-01 1.4865927753e+00 6.3868654979e+01 1.6128260425e-01 2.0548483603e-01
5.8622678506e-03 1.5690542202e+01 1.0413688404e+01 1.4822000000e+04 6.3868496693e+01 8.3100066743e+00 2.8987794983e+00 2.0908765214e-04 -7.9561201113e-01 -1.4711877472e-01 -1.6612495682e+00 1.8262934432e-01 5.7520705200e-01 1.4989056269e+00 6.3868493806e+01 1.6892972908e-01 2.1485976851e-01
6.1707918436e-03 1.5697790371e+01 1.0416188408e+01 1.4822000000e+04 6.3868326737e+01 7.9449930477e+00 2.7767002339e+00 2.2971929919e-04 -7.6637455277e-01 -1.3575981383e-01 -1.5797607696e+00 1.8262934432e-01 5.6195583231e-01 1.5111217074e+00 6.3868323749e+01 1.7684628502e-01 2.2440914925e-01
6.4793133180e-03 1.5705095250e+01 1.0418595828e+01 1.4822000000e+04 6.3868148140e+01 7.6018858809e+00 2.6629107827e+00 2.5045861010e-04 -7.3867147500e-01 -1.2527065352e-01 -1.5098500456e+00 1.8262934432e-01 5.4939208366e-01 1.5232388588e+00 6.3868145050e+01 1.8499205415e-01 2.3409778224e-01
6.7878321779e-03 1.5712456217e+01 1.0420911111e+01 1.4822000000e+04 6.3867961178e+01 7.2805182195e+00 2.5569360467e+00 2.7122617720e-04 -7.1254056960e-01 -1.1558194516e-01 -1.4493923727e+00 1.8262934432e-01 5.3755342223e-01 1.5352517071e+00 6.3867957981e+01 1.9333043531e-01 2.4389649131e-01
7.0963483303e-03 1.5719872632e+01 1.0423134725e+01 1.4822000000e+04 6.3867766104e+01 6.9801584809e+00 2.4582634989e+00 2.9190955318e-04 -6.8796362738e-01 -1.0662545781e-01 -1.3969554177e+00 1.8262934432e-01 5.2647313444e-01 1.5471574972e+00 6.3867762799e+01 2.0183134162e-01 2.5377968995e-01
7.4048616859e-03 1.5727343852e+01 1.0425267146e+01 1.4822000000e+04 6.3867563163e+01 6.6997541676e+00 2.3663688662e+00 3.1238146598e-04 -6.6488789743e-01 -9.8336198193e-02 -1.3514873733e+00 1.8262934432e-01 5.1618222452e-01 1.5589546163e+00 6.3867559746e+01 2.1046978203e-01 2.6372536353e-01
7.7133721597e-03 1.5734869230e+01 1.0427308849e+01 1.4822000000e+04 6.3867352597e+01 6.4380991369e+00 2.2807359135e+00 3.3252274374e-04 -6.4324133215e-01 -9.0653750703e-02 -1.3121185869e+00 1.8262934432e-01 5.0671070975e-01 1.5706415091e+00 6.3867349066e+01 2.1922451666e-01 2.7371475136e-01
8.0218796730e-03 1.5742448114e+01 1.0429260316e+01 1.4822000000e+04 6.3867134655e+01 6.1939745200e+00 2.2008619417e+00 3.5227251423e-04 -6.2294602151e-01 -8.3522849468e-02 -1.2779408780e+00 1.8262934432e-01 4.9808965600e-01 1.5822154094e+00 6.3867131008e+01 2.2807569190e-01 2.8373306433e-01
8.3303841515e-03 1.5750079841e+01 1.0431122044e+01 1.4822000000e+04 6.3866909590e+01 5.9661541599e+00 2.1262759742e+00 3.7159273394e-04 -6.0391923703e-01 -7.6893324208e-02 -1.2481723295e+00 1.8262934432e-01 4.9034792342e-01 1.5936736444e+00 6.3866905825e+01 2.3700584235e-01 2.9376775157e-01
8.6388855248e-03 1.5757763744e+01 1.0432894538e+01 1.4822000000e+04 6.3866677643e+01 5.7533977126e+00 2.0565505864e+00 3.9039900420e-04 -5.8607301155e-01 -7.0719681345e-02 -1.2223564311e+00 1.8262934432e-01 4.8350846979e-01 1.6050148662e+00 6.3866673758e+01 2.4600147317e-01 3.0380653049e-01
8.9473837267e-03 1.5765499153e+01 1.0434578303e+01 1.4822000000e+04 6.3866439055e+01 5.5545274143e+00 1.9912907413e+00 4.0861540780e-04 -5.6932173872e-01 -6.4960852605e-02 -1.2001045261e+00 1.8262934432e-01 4.7759062694e-01 1.6162377768e+00 6.3866435049e+01 2.5505100499e-01 3.1383874667e-01
9.2558786956e-03 1.5773285397e+01 1.0436173847e+01 1.4822000000e+04 6.3866194064e+01 5.3684536447e+00 1.9301303064e+00 4.2619208291e-04 -5.5358510972e-01 -5.9579836206e-02 -1.1810336795e+00 1.8262934432e-01 4.7261023784e-01 1.6273409382e+00 6.3866189935e+01 2.6414381196e-01 3.2385574144e-01
9.5643703727e-03 1.5781121797e+01 1.0437681685e+01 1.4822000000e+04 6.3865942897e+01 5.1942009454e+00 1.8727242363e+00 4.4315048348e-04 -5.3879127391e-01 -5.4543278663e-02 -1.1646448019e+00 1.8262934432e-01 4.6858075595e-01 1.6383226010e+00 6.3865938645e+01 2.7326862401e-01 3.3385215733e-01
9.8728587049e-03 1.5789007676e+01 1.0439102338e+01 1.4822000000e+04 6.3865685790e+01 5.0308222180e+00 1.8187726861e+00 4.5945043034e-04 -5.2486823893e-01 -4.9821440290e-02 -1.1507021256e+00 1.8262934432e-01 4.6550731237e-01 1.6491816203e+00 6.3865681412e+01 2.8241759134e-01 3.4382092906e-01
1.0181343643e-02 1.5796942351e+01 1.0440436329e+01 1.4822000000e+04 6.3865422977e+01 4.8774456144e+00 1.7680036676e+00 4.7505159427e-04 -5.1174896604e-01 -4.5387596509e-02 -1.1390193310e+00 1.8262934432e-01 4.6338908738e-01 1.6599169102e+00 6.3865418473e+01 2.9158405056e-01 3.5375557882e-01
1.0489825144e-02 1.5804925139e+01 1.0441684182e+01 1.4822000000e+04 6.3865154690e+01 4.7332764455e+00 1.7201689063e+00 4.8992308888e-04 -4.9937190297e-01 -4.1217688912e-02 -1.1294270810e+00 1.8262934432e-01 4.6221953611e-01 1.6705274195e+00 6.3865150060e+01 3.0076206405e-01 3.6365049696e-01
1.0798303161e-02 1.5812955355e+01 1.0442846423e+01 1.4822000000e+04 6.3864881133e+01 4.5976198470e+00 1.6750309443e+00 5.0410199593e-04 -4.8768395021e-01 -3.7289806552e-02 -1.1216305301e+00 1.8262934432e-01 4.6198883386e-01 1.6810124822e+00 6.3864876375e+01 3.0994436448e-01 3.7350347832e-01
1.1106777656e-02 1.5821032315e+01 1.0443923580e+01 1.4822000000e+04 6.3864602519e+01 4.4698213942e+00 1.6323820464e+00 5.1759529268e-04 -4.7663407718e-01 -3.3584420583e-02 -1.1154544491e+00 1.8262934432e-01 4.6267999409e-01 1.6913713670e+00 6.3864597633e+01 3.1912555686e-01 3.8331110814e-01
1.1415248596e-02 1.5829155335e+01 1.0444916184e+01 1.4822000000e+04 6.3864319074e+01 4.3492739808e+00 1.5920382723e+00 5.3038769897e-04 -4.6617424534e-01 -3.0084038295e-02 -1.1108051272e+00 1.8262934432e-01 4.6426958180e-01 1.7016031643e+00 6.3864314060e+01 3.2830157065e-01 3.9306917875e-01
1.1723715951e-02 1.5837323728e+01 1.0445824766e+01 1.4822000000e+04 6.3864031024e+01 4.2354252838e+00 1.5538318546e+00 5.4246853894e-04 -4.5626054193e-01 -2.6772837893e-02 -1.1075993420e+00 1.8262934432e-01 4.6672928326e-01 1.7117069992e+00 6.3864025881e+01 3.3746880768e-01 4.0277391198e-01
1.2032179693e-02 1.5845536806e+01 1.0446649858e+01 1.4822000000e+04 6.3863738564e+01 4.1277859219e+00 1.5176035330e+00 5.5386316809e-04 -4.4685448540e-01 -2.3636325213e-02 -1.1056938227e+00 1.8262934432e-01 4.7002811995e-01 1.7216825673e+00 6.3863733292e+01 3.4662295070e-01 4.1242366544e-01
1.2340639792e-02 1.5853793886e+01 1.0447391990e+01 1.4822000000e+04 6.3863441869e+01 4.0259135832e+00 1.4832053632e+00 5.6461860625e-04 -4.3792143555e-01 -2.0661293496e-02 -1.1049205745e+00 1.8262934432e-01 4.7413251532e-01 1.7315300454e+00 6.3863436468e+01 3.5575960870e-01 4.2201804554e-01
1.2649096227e-02 1.5862094287e+01 1.0448051693e+01 1.4822000000e+04 6.3863141154e+01 3.9293882949e+00 1.4505118738e+00 5.7473588634e-04 -4.2942755034e-01 -1.7836055002e-02 -1.1052290816e+00 1.8262934432e-01 4.7900367345e-01 1.7412487059e+00 6.3863135623e+01 3.6487614791e-01 4.3155412680e-01
1.2957548985e-02 1.5870437324e+01 1.0448629497e+01 1.4822000000e+04 6.3862836632e+01 3.8378271317e+00 1.4194082328e+00 5.8421822161e-04 -4.2134186844e-01 -1.5149973380e-02 -1.1065750585e+00 1.8262934432e-01 4.8460062142e-01 1.7508378346e+00 6.3862830972e+01 3.7397021578e-01 4.4102920403e-01
1.3265998051e-02 1.5878822315e+01 1.0449125938e+01 1.4822000000e+04 6.3862528503e+01 3.7508838864e+00 1.3897870859e+00 5.9308073676e-04 -4.1363649697e-01 -1.2593284255e-02 -1.1088990010e+00 1.8262934432e-01 4.9088162495e-01 1.7602970217e+00 6.3862522715e+01 3.8303936499e-01 4.5044149341e-01
1.3574443403e-02 1.5887248579e+01 1.0449541545e+01 1.4822000000e+04 6.3862216904e+01 3.6682537890e+00 1.3615416658e+00 6.0138323245e-04 -4.0628757996e-01 -1.0156805279e-02 -1.1120583611e+00 1.8262934432e-01 4.9780713249e-01 1.7696272722e+00 6.3862210986e+01 3.9208006831e-01 4.5979235990e-01
1.3882885031e-02 1.5895715442e+01 1.0449876842e+01 1.4822000000e+04 6.3861902026e+01 3.5896448746e+00 1.3345830382e+00 6.0914287561e-04 -3.9927139256e-01 -7.8324596717e-03 -1.1160089149e+00 1.8262934432e-01 5.0533474909e-01 1.7788282283e+00 6.3861895980e+01 4.0109034346e-01 4.6908027659e-01
1.4191322934e-02 1.5904222229e+01 1.0450132356e+01 1.4822000000e+04 6.3861584073e+01 3.5147882265e+00 1.3088309104e+00 6.1637032533e-04 -3.9256590989e-01 -5.6129068305e-03 -1.1207256037e+00 1.8262934432e-01 5.1342192146e-01 1.7878992784e+00 6.3861577898e+01 4.1006855135e-01 4.7830331020e-01
1.4499757112e-02 1.5912768264e+01 1.0450308615e+01 1.4822000000e+04 6.3861263243e+01 3.4434376185e+00 1.2842111340e+00 6.2307829208e-04 -3.8615093729e-01 -3.4914073119e-03 -1.1261839343e+00 1.8262934432e-01 5.2202694663e-01 1.7968398558e+00 6.3861256939e+01 4.1901316523e-01 4.8745972037e-01
1.4808187552e-02 1.5921352874e+01 1.0450406146e+01 1.4822000000e+04 6.3860939658e+01 3.3753747005e+00 1.2606478968e+00 6.2931639681e-04 -3.8000921192e-01 -1.4615035695e-03 -1.1322875113e+00 1.8262934432e-01 5.3111243582e-01 1.8056511895e+00 6.3860933227e+01 4.2792179042e-01 4.9655088629e-01
1.5116614249e-02 1.5929975394e+01 1.0450425465e+01 1.4822000000e+04 6.3860613469e+01 3.3103943159e+00 1.2380750329e+00 6.3511816147e-04 -3.7412415009e-01 4.8259631609e-04 -1.1389773911e+00 1.8262934432e-01 5.4064118286e-01 1.8143337429e+00 6.3860606910e+01 4.3679267058e-01 5.0557688501e-01
1.5425037211e-02 1.5938635161e+01 1.0450367089e+01 1.4822000000e+04 6.3860284866e+01 3.2483042374e+00 1.2164353605e+00 6.4049741006e-04 -3.6847983926e-01 2.3460767615e-03 -1.1462378189e+00 1.8262934432e-01 5.5057592165e-01 1.8228870048e+00 6.3860278179e+01 4.4562460910e-01 5.1453624064e-01
1.5733456450e-02 1.5947331510e+01 1.0450231537e+01 1.4822000000e+04 6.3859954036e+01 3.1889273700e+00 1.1956758701e+00 6.4546880559e-04 -3.6306159534e-01 4.1337252149e-03 -1.1540533756e+00 1.8262934432e-01 5.6088113923e-01 1.8313104859e+00 6.3859947223e+01 4.5441650438e-01 5.2342757691e-01
1.6041871969e-02 1.5956063780e+01 1.0450019329e+01 1.4822000000e+04 6.3859621122e+01 3.1321027962e+00 1.1757440662e+00 6.5006214890e-04 -3.5785636287e-01 5.8500942149e-03 -1.1623784217e+00 1.8262934432e-01 5.7152490419e-01 1.8396047572e+00 6.3859614183e+01 4.6316696751e-01 5.3225113274e-01
1.6350283761e-02 1.5964831316e+01 1.0449730972e+01 1.4822000000e+04 6.3859286214e+01 3.0776832837e+00 1.1565882365e+00 6.5432242672e-04 -3.5285246135e-01 7.4995081620e-03 -1.1711365185e+00 1.8262934432e-01 5.8247903043e-01 1.8477714654e+00 6.3859279149e+01 4.7187443412e-01 5.4100873069e-01
1.6658691842e-02 1.5973633469e+01 1.0449366973e+01 1.4822000000e+04 6.3858949485e+01 3.0255289901e+00 1.1381666137e+00 6.5826527396e-04 -3.4803822502e-01 9.0857210283e-03 -1.1803134568e+00 1.8262934432e-01 5.9371394781e-01 1.8558102637e+00 6.3858942296e+01 4.8053798032e-01 5.4969931872e-01
1.6967096234e-02 1.5982469591e+01 1.0448927837e+01 1.4822000000e+04 6.3858611113e+01 2.9755103901e+00 1.1204405141e+00 6.6190548347e-04 -3.4340281602e-01 1.0612209131e-02 -1.1898973097e+00 1.8262934432e-01 6.0520178681e-01 1.8637207455e+00 6.3858603799e+01 4.8915675513e-01 5.5832180154e-01
1.7275496954e-02 1.5991339030e+01 1.0448414072e+01 1.4822000000e+04 6.3858271256e+01 2.9275077832e+00 1.1033729590e+00 6.6526159067e-04 -3.3893628908e-01 1.2082241151e-02 -1.1998682522e+00 1.8262934432e-01 6.1691703456e-01 1.8715028836e+00 6.3858263818e+01 4.9772990101e-01 5.6687561631e-01
1.7583893998e-02 1.6000241147e+01 1.0447826180e+01 1.4822000000e+04 6.3857929969e+01 2.8814116190e+00 1.0869240624e+00 6.6837488174e-04 -3.3463002148e-01 1.3499077434e-02 -1.2101562692e+00 1.8262934432e-01 6.2883954306e-01 1.8791588918e+00 6.3857922407e+01 5.0625631889e-01 5.7536316910e-01
1.7892287383e-02 1.6009175307e+01 1.0447164651e+01 1.4822000000e+04 6.3857587392e+01 2.8371185834e+00 1.0710616916e+00 6.7126514149e-04 -3.3047542660e-01 1.4865536704e-02 -1.2207376524e+00 1.8262934432e-01 6.4094765056e-01 1.8866889709e+00 6.3857579708e+01 5.1473523305e-01 5.8378424761e-01
1.8200677137e-02 1.6018140877e+01 1.0446429978e+01 1.4822000000e+04 6.3857243689e+01 2.7945322787e+00 1.0557571724e+00 6.7394599463e-04 -3.2646437132e-01 1.6184189015e-02 -1.2316017389e+00 1.8262934432e-01 6.5322029278e-01 1.8940928028e+00 6.3857235884e+01 5.2316597017e-01 5.9213791891e-01
1.8509063291e-02 1.6027137225e+01 1.0445622656e+01 1.4822000000e+04 6.3856899023e+01 2.7535629649e+00 1.0409835841e+00 6.7643126145e-04 -3.2258927906e-01 1.7457438390e-02 -1.2427370635e+00 1.8262934432e-01 6.6563789598e-01 1.9013701007e+00 6.3856891096e+01 5.3154789294e-01 6.0042332848e-01
1.8817445849e-02 1.6036163721e+01 1.0444743176e+01 1.4822000000e+04 6.3856553454e+01 2.7141269715e+00 1.0267114175e+00 6.7874985273e-04 -3.1884345779e-01 1.8687717805e-02 -1.2540960841e+00 1.8262934432e-01 6.7818562223e-01 1.9085227079e+00 6.3856545407e+01 5.3988039079e-01 6.0864222400e-01
1.9125824823e-02 1.6045219750e+01 1.0443792015e+01 1.4822000000e+04 6.3856207066e+01 2.6761461987e+00 1.0129143700e+00 6.8092640961e-04 -3.1522055469e-01 1.9877237480e-02 -1.2656398822e+00 1.8262934432e-01 6.9084905046e-01 1.9155518953e+00 6.3856198899e+01 5.4816289252e-01 6.1679564929e-01
1.9434200247e-02 1.6054304695e+01 1.0442769653e+01 1.4822000000e+04 6.3855860010e+01 2.6395479272e+00 9.9957069200e-01 6.8297272715e-04 -3.1171438268e-01 2.1027940790e-02 -1.2773582085e+00 1.8262934432e-01 7.0361263627e-01 1.9224573713e+00 6.3855851724e+01 5.5639482273e-01 6.2488290050e-01
1.9742572159e-02 1.6063417943e+01 1.0441676568e+01 1.4822000000e+04 6.3855512437e+01 2.6042641150e+00 9.8666000012e-01 6.8490057162e-04 -3.0831914901e-01 2.2141648049e-02 -1.2892402154e+00 1.8262934432e-01 7.1646186347e-01 1.9292388811e+00 6.3855504033e+01 5.6457564307e-01 6.3290325931e-01
2.0050940581e-02 1.6072558880e+01 1.0440513239e+01 1.4822000000e+04 6.3855164447e+01 2.5702304879e+00 9.7416137696e-01 6.8672662517e-04 -3.0502952701e-01 2.3220148756e-02 -1.3012616573e+00 1.8262934432e-01 7.2938482759e-01 1.9358972155e+00 6.3855155927e+01 5.7270496830e-01 6.4085718986e-01
2.0359305514e-02 1.6081726904e+01 1.0439280132e+01 1.4822000000e+04 6.3854816058e+01 2.5373861199e+00 9.6205242254e-01 6.8847659542e-04 -3.0184070178e-01 2.4265239250e-02 -1.3133742220e+00 1.8262934432e-01 7.4237320718e-01 1.9424347674e+00 6.3854807421e+01 5.8078259253e-01 6.4874705319e-01
2.0667666996e-02 1.6090921419e+01 1.0437977709e+01 1.4822000000e+04 6.3854467404e+01 2.5056752107e+00 9.5031631118e-01 6.9016117298e-04 -2.9874791590e-01 2.5278413743e-02 -1.3255656283e+00 1.8262934432e-01 7.5541562119e-01 1.9488514803e+00 6.3854458651e+01 5.8880804460e-01 6.5657234853e-01
2.0976025067e-02 1.6100141830e+01 1.0436606433e+01 1.4822000000e+04 6.3854118623e+01 2.4750454477e+00 9.3893740131e-01 6.9178993517e-04 -2.9574668463e-01 2.6261069327e-02 -1.3378255627e+00 1.8262934432e-01 7.6850124621e-01 1.9551471686e+00 6.3854109755e+01 5.9678085885e-01 6.6433242834e-01
2.1284379768e-02 1.6109387541e+01 1.0435166767e+01 1.4822000000e+04 6.3853769840e+01 2.4454473439e+00 9.2790051239e-01 6.9337317098e-04 -2.9283279454e-01 2.7214542020e-02 -1.3501408255e+00 1.8262934432e-01 7.8162040686e-01 1.9613219527e+00 6.3853760858e+01 6.0470067100e-01 6.7202695605e-01
2.1592731096e-02 1.6118657965e+01 1.0433659168e+01 1.4822000000e+04 6.3853421049e+01 2.4168322941e+00 9.1718762806e-01 6.9493097676e-04 -2.9000241851e-01 2.8140260738e-02 -1.3624698858e+00 1.8262934432e-01 7.9476808988e-01 1.9673784895e+00 6.3853411955e+01 6.1256765101e-01 6.7965836230e-01
2.1901079084e-02 1.6127952526e+01 1.0432084082e+01 1.4822000000e+04 6.3853072343e+01 2.3891564697e+00 9.0678466035e-01 6.9647455739e-04 -2.8725187183e-01 2.9039431870e-02 -1.3747940041e+00 1.8262934432e-01 8.0793686812e-01 1.9733173697e+00 6.3853063136e+01 6.2038151910e-01 6.8722695244e-01
2.2209423777e-02 1.6137270647e+01 1.0430441955e+01 1.4822000000e+04 6.3852723850e+01 2.3623791452e+00 8.9667937816e-01 6.9801130054e-04 -2.8457763336e-01 2.9913144965e-02 -1.3871039266e+00 1.8262934432e-01 8.2111868290e-01 1.9791384313e+00 6.3852714532e+01 6.2814187066e-01 6.9473220857e-01
2.2517765223e-02 1.6146611753e+01 1.0428733235e+01 1.4822000000e+04 6.3852375697e+01 2.3364618909e+00 8.8686020098e-01 6.9954842688e-04 -2.8197637891e-01 3.0762430166e-02 -1.3993901841e+00 1.8262934432e-01 8.3430597829e-01 1.9848415415e+00 6.3852366268e+01 6.3584832367e-01 7.0217361501e-01
2.2826103434e-02 1.6155975273e+01 1.0426958367e+01 1.4822000000e+04 6.3852027907e+01 2.3113661448e+00 8.7731368946e-01 7.0109816386e-04 -2.7944497882e-01 3.1588381687e-02 -1.4116267188e+00 1.8262934432e-01 8.4749467585e-01 1.9904286031e+00 6.3852018368e+01 6.4350114508e-01 7.0955266021e-01
2.3134438426e-02 1.6165360647e+01 1.0425117783e+01 1.4822000000e+04 6.3851680505e+01 2.2870561154e+00 8.6802719033e-01 7.0267237051e-04 -2.7698053221e-01 3.2392023718e-02 -1.4237872403e+00 1.8262934432e-01 8.6068115529e-01 1.9959013547e+00 6.3851670857e+01 6.5110045704e-01 7.1687083881e-01
2.3442770248e-02 1.6174767319e+01 1.0423211912e+01 1.4822000000e+04 6.3851333608e+01 2.2634997531e+00 8.5899106158e-01 7.0427635800e-04 -2.7458024688e-01 3.3174215256e-02 -1.4358642410e+00 1.8262934432e-01 8.7385931283e-01 2.0012596734e+00 6.3851323851e+01 6.5864590146e-01 7.2412770331e-01
2.3751098949e-02 1.6184194734e+01 1.0421241186e+01 1.4822000000e+04 6.3850987333e+01 2.2406667439e+00 8.5019613458e-01 7.0591525758e-04 -2.7224147945e-01 3.3935771857e-02 -1.4478502256e+00 1.8262934432e-01 8.8702342064e-01 2.0065034451e+00 6.3850977470e+01 6.6613713108e-01 7.3132281988e-01
2.4059424567e-02 1.6193642338e+01 1.0419206036e+01 1.4822000000e+04 6.3850641753e+01 2.2185272035e+00 8.4163281026e-01 7.0759545609e-04 -2.6996169267e-01 3.4677513486e-02 -1.4597325603e+00 1.8262934432e-01 9.0016929952e-01 2.0116334100e+00 6.3850631784e+01 6.7357417000e-01 7.3845653508e-01
2.4367747096e-02 1.6203109587e+01 1.0417106882e+01 1.4822000000e+04 6.3850296831e+01 2.1970508500e+00 8.3328977032e-01 7.0932730823e-04 -2.6773851634e-01 3.5400320351e-02 -1.4714835095e+00 1.8262934432e-01 9.1329614843e-01 2.0166523469e+00 6.3850286756e+01 6.8095766647e-01 7.4553118202e-01
2.4676066586e-02 1.6212595946e+01 1.0414944137e+01 1.4822000000e+04 6.3849952665e+01 2.1762120398e+00 8.2515914386e-01 7.1111476769e-04 -2.6556972730e-01 3.6104887223e-02 -1.4830961518e+00 1.8262934432e-01 9.2639951996e-01 2.0215604055e+00 6.3849942485e+01 6.8828734678e-01 7.5254652279e-01
2.4984383087e-02 1.6222100879e+01 1.0412718217e+01 1.4822000000e+04 6.3849609361e+01 2.1559866096e+00 8.1723360257e-01 7.1296109914e-04 -2.6345320245e-01 3.6791866221e-02 -1.4945655107e+00 1.8262934432e-01 9.3947499342e-01 2.0263575065e+00 6.3849599078e+01 6.9556289753e-01 7.5950217688e-01
2.5292696653e-02 1.6231623852e+01 1.0410429537e+01 1.4822000000e+04 6.3849267017e+01 2.1363512899e+00 8.0950598570e-01 7.1486964765e-04 -2.6138690680e-01 3.7461888066e-02 -1.5058858777e+00 1.8262934432e-01 9.5251865974e-01 2.0310437658e+00 6.3849256631e+01 7.0278412326e-01 7.6639793450e-01
2.5601007278e-02 1.6241164337e+01 1.0408078508e+01 1.4822000000e+04 6.3848925591e+01 2.1172808089e+00 8.0196698287e-01 7.1684712507e-04 -2.5936883549e-01 3.8115676680e-02 -1.5170370201e+00 1.8262934432e-01 9.6553065085e-01 2.0356218161e+00 6.3848915103e+01 7.0995189826e-01 7.7323599390e-01
2.5909314998e-02 1.6250721816e+01 1.0405665526e+01 1.4822000000e+04 6.3848585132e+01 2.0987537413e+00 7.9460939653e-01 7.1889690047e-04 -2.5739717747e-01 3.8753833586e-02 -1.5280102413e+00 1.8262934432e-01 9.7850881258e-01 2.0400924896e+00 6.3848574543e+01 7.1706625077e-01 7.8001697264e-01
2.6217619865e-02 1.6260295774e+01 1.0403190990e+01 1.4822000000e+04 6.3848245739e+01 2.0807506678e+00 7.8742729209e-01 7.2102062590e-04 -2.5547020984e-01 3.9376886946e-02 -1.5388033996e+00 1.8262934432e-01 9.9144974154e-01 2.0444557037e+00 6.3848235049e+01 7.2412689360e-01 7.8674057145e-01
2.6525921938e-02 1.6269885696e+01 1.0400655299e+01 1.4822000000e+04 6.3847907509e+01 2.0632530994e+00 7.8041500242e-01 7.2321979522e-04 -2.5358629124e-01 3.9985340808e-02 -1.5494146769e+00 1.8262934432e-01 1.0043502032e+00 2.0487113901e+00 6.3847896720e+01 7.3113354817e-01 7.9340648972e-01
2.6834221232e-02 1.6279491068e+01 1.0398058850e+01 1.4822000000e+04 6.3847570446e+01 2.0462409102e+00 7.7356568258e-01 7.2549768520e-04 -2.5174375086e-01 4.0579751435e-02 -1.5598341204e+00 1.8262934432e-01 1.0172095333e+00 2.0528611997e+00 6.3847559558e+01 7.3808684971e-01 8.0001590045e-01
2.7142517757e-02 1.6289111391e+01 1.0395402027e+01 1.4822000000e+04 6.3847234528e+01 2.0296950344e+00 7.6687238094e-01 7.2785703788e-04 -2.4994105709e-01 4.1160661942e-02 -1.5700510561e+00 1.8262934432e-01 1.0300279439e+00 2.0569071339e+00 6.3847223543e+01 7.4498741579e-01 8.0657044495e-01
2.7450811567e-02 1.6298746167e+01 1.0392685211e+01 1.4822000000e+04 6.3846899845e+01 2.0135997348e+00 7.6033024236e-01 7.3029812435e-04 -2.4817680294e-01 4.1728502742e-02 -1.5800662312e+00 1.8262934432e-01 1.0428027675e+00 2.0608491357e+00 6.3846888762e+01 7.5183498093e-01 8.1306987603e-01
2.7759102720e-02 1.6308394900e+01 1.0389908785e+01 1.4822000000e+04 6.3846566486e+01 1.9979399857e+00 7.5393465831e-01 7.3282110905e-04 -2.4644964471e-01 4.2283684483e-02 -1.5898807502e+00 1.8262934432e-01 1.0555314050e+00 2.0646871692e+00 6.3846555307e+01 7.5862929077e-01 8.1951391106e-01
2.8067391257e-02 1.6318057094e+01 1.0387073131e+01 1.4822000000e+04 6.3846234505e+01 1.9827004179e+00 7.4768075149e-01 7.3542674776e-04 -2.4475824237e-01 4.2826626018e-02 -1.5994930824e+00 1.8262934432e-01 1.0682122354e+00 2.0684218338e+00 6.3846223231e+01 7.6537049346e-01 8.2590278193e-01
2.8375677168e-02 1.6327732265e+01 1.0384178624e+01 1.4822000000e+04 6.3845903831e+01 1.9678637477e+00 7.4156210514e-01 7.3811699388e-04 -2.4310123793e-01 4.3357813267e-02 -1.6088930887e+00 1.8262934432e-01 1.0808469800e+00 2.0720558534e+00 6.3845892463e+01 7.7205977022e-01 8.3223869072e-01
2.8683960502e-02 1.6337419932e+01 1.0381225628e+01 1.4822000000e+04 6.3845574531e+01 1.9534168556e+00 7.3557450684e-01 7.4089101198e-04 -2.4147747419e-01 4.3877611095e-02 -1.6180832503e+00 1.8262934432e-01 1.0934339213e+00 2.0755894759e+00 6.3845563070e+01 7.7869698335e-01 8.3852168518e-01
2.8992241315e-02 1.6347119620e+01 1.0378214510e+01 1.4822000000e+04 6.3845246687e+01 1.9393474579e+00 7.2971417172e-01 7.4374791394e-04 -2.3988584311e-01 4.4386358150e-02 -1.6270672818e+00 1.8262934432e-01 1.1059709677e+00 2.0790226774e+00 6.3845235132e+01 7.8528189714e-01 8.4475151924e-01
2.9300519663e-02 1.6356830849e+01 1.0375145638e+01 1.4822000000e+04 6.3844920373e+01 1.9256435829e+00 7.2397748017e-01 7.4668694905e-04 -2.3832527720e-01 4.4884380206e-02 -1.6358485574e+00 1.8262934432e-01 1.1184560855e+00 2.0823556278e+00 6.3844908727e+01 7.9181436678e-01 8.5092791466e-01
2.9608795541e-02 1.6366553150e+01 1.0372019375e+01 1.4822000000e+04 6.3844595531e+01 1.9122905845e+00 7.1835922645e-01 7.4970905452e-04 -2.3679460376e-01 4.5372078008e-02 -1.6444209038e+00 1.8262934432e-01 1.1308907826e+00 2.0855907482e+00 6.3844583794e+01 7.9829558659e-01 8.5705266545e-01
2.9917068976e-02 1.6376286060e+01 1.0368836073e+01 1.4822000000e+04 6.3844272175e+01 1.8992766599e+00 7.1285532516e-01 7.5281266990e-04 -2.3529283049e-01 4.5849783052e-02 -1.6527866304e+00 1.8262934432e-01 1.1432748375e+00 2.0887290865e+00 6.3844260348e+01 8.0472583705e-01 8.6312650463e-01
3.0225340027e-02 1.6386029122e+01 1.0365596085e+01 1.4822000000e+04 6.3843950380e+01 1.8865916863e+00 7.0746265305e-01 7.5599614456e-04 -2.3381903815e-01 4.6317775282e-02 -1.6609515016e+00 1.8262934432e-01 1.1556065028e+00 2.0917706554e+00 6.3843938463e+01 8.1110490379e-01 8.6914919361e-01
3.0533608750e-02 1.6395781876e+01 1.0362299763e+01 1.4822000000e+04 6.3843630219e+01 1.8742259860e+00 7.0217821413e-01 7.5925776195e-04 -2.3237234894e-01 4.6776324714e-02 -1.6689215056e+00 1.8262934432e-01 1.1678840889e+00 2.0947154801e+00 6.3843618214e+01 8.1743256422e-01 8.7512048406e-01
3.0841875168e-02 1.6405543867e+01 1.0358947461e+01 1.4822000000e+04 6.3843311690e+01 1.8621681787e+00 6.9699827655e-01 7.6259745374e-04 -2.3095179801e-01 4.7225736595e-02 -1.6766961334e+00 1.8262934432e-01 1.1801077982e+00 2.0975649327e+00 6.3843299597e+01 8.2370952864e-01 8.8104119485e-01
3.1150139278e-02 1.6415314648e+01 1.0355539520e+01 1.4822000000e+04 6.3842994737e+01 1.8504068403e+00 6.9191865583e-01 7.6601363606e-04 -2.2955647802e-01 4.7666327476e-02 -1.6842755457e+00 1.8262934432e-01 1.1922791700e+00 2.1003211071e+00 6.3842982557e+01 8.2993674933e-01 8.8691292973e-01
3.1458401135e-02 1.6425093780e+01 1.0352076276e+01 1.4822000000e+04 6.3842679427e+01 1.8389335799e+00 6.8693671268e-01 7.6950390844e-04 -2.2818562465e-01 4.8098332363e-02 -1.6916672691e+00 1.8262934432e-01 1.2043968196e+00 2.1029840665e+00 6.3842667161e+01 8.3611403050e-01 8.9273551995e-01
3.1766660797e-02 1.6434880820e+01 1.0348558070e+01 1.4822000000e+04 6.3842365828e+01 1.8277403488e+00 6.8204992443e-01 7.7306604753e-04 -2.2683849790e-01 4.8521977319e-02 -1.6988786734e+00 1.8262934432e-01 1.2164593761e+00 2.1055538257e+00 6.3842353477e+01 8.4224117626e-01 8.9850877384e-01
3.2074918310e-02 1.6444675331e+01 1.0344985242e+01 1.4822000000e+04 6.3842053982e+01 1.8168186812e+00 6.7725558823e-01 7.7669869194e-04 -2.2551433599e-01 4.8937495842e-02 -1.7059144020e+00 1.8262934432e-01 1.2284661536e+00 2.1080308271e+00 6.3842041546e+01 8.4831833794e-01 9.0423286494e-01
3.2383173655e-02 1.6454476879e+01 1.0341358123e+01 1.4822000000e+04 6.3841743802e+01 1.8061577608e+00 6.7254980958e-01 7.8040107381e-04 -2.2421227978e-01 4.9345176298e-02 -1.7127725750e+00 1.8262934432e-01 1.2404194940e+00 2.1104175470e+00 6.3841731283e+01 8.5434694240e-01 9.0990971696e-01
3.2691426877e-02 1.6464285039e+01 1.0337677037e+01 1.4822000000e+04 6.3841435328e+01 1.7957502452e+00 6.6793014989e-01 7.8416999267e-04 -2.2293168330e-01 4.9745226800e-02 -1.7194615288e+00 1.8262934432e-01 1.2523187457e+00 2.1127144271e+00 6.3841422726e+01 8.6032697416e-01 9.1553948711e-01
3.2999678032e-02 1.6474099389e+01 1.0333942310e+01 1.4822000000e+04 6.3841128622e+01 1.7855894200e+00 6.6339450560e-01 7.8800289205e-04 -2.2167192574e-01 5.0137836965e-02 -1.7259894871e+00 1.8262934432e-01 1.2641627173e+00 2.1149215130e+00 6.3841115938e+01 8.6625825164e-01 9.2112198090e-01
3.3307927177e-02 1.6483919505e+01 1.0330154267e+01 1.4822000000e+04 6.3840823742e+01 1.7756687100e+00 6.5894082381e-01 7.9189735292e-04 -2.2043239821e-01 5.0523191463e-02 -1.7323643348e+00 1.8262934432e-01 1.2759503097e+00 2.1170388964e+00 6.3840810976e+01 8.7214065131e-01 9.2665703468e-01
3.3616174305e-02 1.6493744967e+01 1.0326313233e+01 1.4822000000e+04 6.3840520626e+01 1.7659790033e+00 6.5456599725e-01 7.9585360138e-04 -2.1921235711e-01 5.0901527730e-02 -1.7385837215e+00 1.8262934432e-01 1.2876832454e+00 2.1190686252e+00 6.3840507780e+01 8.7797543840e-01 9.3214608294e-01
3.3924419435e-02 1.6503575368e+01 1.0322419519e+01 1.4822000000e+04 6.3840219261e+01 1.7565131615e+00 6.5026746283e-01 7.9986787424e-04 -2.1801121140e-01 5.1273045766e-02 -1.7446552405e+00 1.8262934432e-01 1.2993621827e+00 2.1210118677e+00 6.3840206335e+01 8.8376306889e-01 9.3758995820e-01
3.4232662622e-02 1.6513410298e+01 1.0318473438e+01 1.4822000000e+04 6.3839919702e+01 1.7472655526e+00 6.4604344221e-01 8.0393744611e-04 -2.1682843512e-01 5.1637906086e-02 -1.7505874619e+00 1.8262934432e-01 1.3109861047e+00 2.1228686770e+00 6.3839906697e+01 8.8950337561e-01 9.4298848676e-01
3.4540903923e-02 1.6523249353e+01 1.0314475304e+01 1.4822000000e+04 6.3839622007e+01 1.7382307476e+00 6.4189221451e-01 8.0805959337e-04 -2.1566352050e-01 5.1996263972e-02 -1.7563889067e+00 1.8262934432e-01 1.3225540248e+00 2.1246391101e+00 6.3839608924e+01 8.9519619357e-01 9.4834149753e-01
3.4849143362e-02 1.6533092126e+01 1.0310425430e+01 1.4822000000e+04 6.3839326170e+01 1.7294019526e+00 6.3781160962e-01 8.1223400803e-04 -2.1451587402e-01 5.2348298093e-02 -1.7620609188e+00 1.8262934432e-01 1.3340663278e+00 2.1263242137e+00 6.3839313009e+01 9.0084217433e-01 9.5364957265e-01
3.5157380926e-02 1.6542938223e+01 1.0306324119e+01 1.4822000000e+04 6.3839032119e+01 1.7207717300e+00 6.3379891861e-01 8.1645800426e-04 -2.1338491227e-01 5.2694206211e-02 -1.7676067743e+00 1.8262934432e-01 1.3455250031e+00 2.1279260196e+00 6.3839018881e+01 9.0644244303e-01 9.5891422912e-01
3.5465616667e-02 1.6552787251e+01 1.0302171671e+01 1.4822000000e+04 6.3838739899e+01 1.7123352918e+00 6.2985259822e-01 8.2072841413e-04 -2.1227019415e-01 5.3034125602e-02 -1.7730355608e+00 1.8262934432e-01 1.3569292393e+00 2.1294446981e+00 6.3838726585e+01 9.1199686486e-01 9.6413535291e-01
3.5773850640e-02 1.6562638820e+01 1.0297968388e+01 1.4822000000e+04 6.3838449563e+01 1.7040880557e+00 6.2597119010e-01 8.2504247942e-04 -2.1117128791e-01 5.3368188297e-02 -1.7783557036e+00 1.8262934432e-01 1.3682781629e+00 2.1308803256e+00 6.3838436173e+01 9.1750528773e-01 9.6931277901e-01
3.6082082891e-02 1.6572492540e+01 1.0293714573e+01 1.4822000000e+04 6.3838161142e+01 1.6960250801e+00 6.2215314141e-01 8.2939864366e-04 -2.1008773659e-01 5.3696530833e-02 -1.7835725218e+00 1.8262934432e-01 1.3795713236e+00 2.1322332694e+00 6.3838147678e+01 9.2296784399e-01 9.7444656295e-01
3.6390313398e-02 1.6582348027e+01 1.0289410521e+01 1.4822000000e+04 6.3837874550e+01 1.6881392544e+00 6.1839597938e-01 8.3379645678e-04 -2.0901897764e-01 5.4019332717e-02 -1.7886844316e+00 1.8262934432e-01 1.3908109788e+00 2.1335057303e+00 6.3837861012e+01 9.2838595719e-01 9.7953829540e-01
3.6698542195e-02 1.6592204905e+01 1.0285056522e+01 1.4822000000e+04 6.3837589802e+01 1.6804261108e+00 6.1469812076e-01 8.3823203501e-04 -2.0796461364e-01 5.4336723598e-02 -1.7937006651e+00 1.8262934432e-01 1.4019971428e+00 2.1346982014e+00 6.3837576191e+01 9.3375972921e-01 9.8458829737e-01
3.7006769339e-02 1.6602062799e+01 1.0280652866e+01 1.4822000000e+04 6.3837306946e+01 1.6728817667e+00 6.1105831075e-01 8.4270265334e-04 -2.0692427285e-01 5.4648817148e-02 -1.7986293307e+00 1.8262934432e-01 1.4131290807e+00 2.1358107439e+00 6.3837293262e+01 9.3908902029e-01 9.8959643738e-01
3.7314994881e-02 1.6611921332e+01 1.0276199842e+01 1.4822000000e+04 6.3837026027e+01 1.6655024377e+00 6.0747532201e-01 8.4720569794e-04 -2.0589759121e-01 5.4955724633e-02 -1.8034782046e+00 1.8262934432e-01 1.4242061105e+00 2.1368434238e+00 6.3837012271e+01 9.4437371016e-01 9.9456260368e-01
3.7623218818e-02 1.6621780133e+01 1.0271697740e+01 1.4822000000e+04 6.3836746988e+01 1.6582821940e+00 6.0394723420e-01 8.5174248309e-04 -2.0488407220e-01 5.5257592958e-02 -1.8082435306e+00 1.8262934432e-01 1.4352297284e+00 2.1377978810e+00 6.3836733162e+01 9.4961498318e-01 9.9948788776e-01
3.7931441156e-02 1.6631638838e+01 1.0267146839e+01 1.4822000000e+04 6.3836469796e+01 1.6512163563e+00 6.0047231018e-01 8.5630889996e-04 -2.0388333815e-01 5.5554551084e-02 -1.8129328877e+00 1.8262934432e-01 1.4462010330e+00 2.1386753394e+00 6.3836455899e+01 9.5481341782e-01 1.0043731888e+00
3.8239661948e-02 1.6641497085e+01 1.0262547417e+01 1.4822000000e+04 6.3836194492e+01 1.6443016260e+00 5.9704947981e-01 8.6090224639e-04 -2.0289507124e-01 5.5846696698e-02 -1.8175540449e+00 1.8262934432e-01 1.4571193576e+00 2.1394758785e+00 6.3836180526e+01 9.5996888118e-01 1.0092183750e+00
3.8547881245e-02 1.6651354513e+01 1.0257899754e+01 1.4822000000e+04 6.3835921120e+01 1.6375348182e+00 5.9367771063e-01 8.6551990349e-04 -2.0191896575e-01 5.6134124591e-02 -1.8221145024e+00 1.8262934432e-01 1.4679840291e+00 2.1401995932e+00 6.3835907085e+01 9.6508123569e-01 1.0140233024e+00
3.8856099076e-02 1.6661210763e+01 1.0253204130e+01 1.4822000000e+04 6.3835649677e+01 1.6309117368e+00 5.9035569524e-01 8.7016205132e-04 -2.0095464268e-01 5.6416944490e-02 -1.8266146676e+00 1.8262934432e-01 1.4787953528e+00 2.1408472516e+00 6.3835635573e+01 9.7015101032e-01 1.0187883545e+00
3.9164315417e-02 1.6671065482e+01 1.0248460815e+01 1.4822000000e+04 6.3835380080e+01 1.6244272628e+00 5.8708158119e-01 8.7482707653e-04 -2.0000170603e-01 5.6695286971e-02 -1.8310553372e+00 1.8262934432e-01 1.4895554168e+00 2.1414207274e+00 6.3835365909e+01 9.7517937212e-01 1.0235149377e+00
3.9472530314e-02 1.6680918323e+01 1.0243670079e+01 1.4822000000e+04 6.3835112361e+01 1.6180785187e+00 5.8385437657e-01 8.7951159528e-04 -1.9905988151e-01 5.6969240131e-02 -1.8354450216e+00 1.8262934432e-01 1.5002638449e+00 2.1419201825e+00 6.3835098122e+01 9.8016623338e-01 1.0282030564e+00
3.9780743819e-02 1.6690768937e+01 1.0238832191e+01 1.4822000000e+04 6.3834846558e+01 1.6118627763e+00 5.8067318626e-01 8.8421310380e-04 -1.9812890289e-01 5.7238886219e-02 -1.8397906850e+00 1.8262934432e-01 1.5109200507e+00 2.1423457029e+00 6.3834832253e+01 9.8511146966e-01 1.0328525883e+00
4.0088955977e-02 1.6700616979e+01 1.0233947419e+01 1.4822000000e+04 6.3834582700e+01 1.6057770562e+00 5.7753708498e-01 8.8893030119e-04 -1.9720848715e-01 5.7504308935e-02 -1.8440965160e+00 1.8262934432e-01 1.5215236427e+00 2.1426975866e+00 6.3834568329e+01 9.9001516323e-01 1.0374635060e+00
4.0397166762e-02 1.6710462106e+01 1.0229016030e+01 1.4822000000e+04 6.3834320701e+01 1.5998164750e+00 5.7444445017e-01 8.9366431288e-04 -1.9629825146e-01 5.7765623994e-02 -1.8483579473e+00 1.8262934432e-01 1.5320765747e+00 2.1429777447e+00 6.3834306265e+01 9.9487864095e-01 1.0420370917e+00
4.0705376202e-02 1.6720303983e+01 1.0224038283e+01 1.4822000000e+04 6.3834060561e+01 1.5939781295e+00 5.7139422355e-01 8.9841113413e-04 -1.9539794452e-01 5.8022915575e-02 -1.8525833043e+00 1.8262934432e-01 1.5425791137e+00 2.1431867810e+00 6.3834046061e+01 9.9970208484e-01 1.0465736981e+00
4.1013584346e-02 1.6730142275e+01 1.0219014438e+01 1.4822000000e+04 6.3833802316e+01 1.5882596788e+00 5.6838562830e-01 9.0316840719e-04 -1.9450733504e-01 5.8276255289e-02 -1.8567789702e+00 1.8262934432e-01 1.5530307334e+00 2.1433247849e+00 6.3833787752e+01 1.0044853792e+00 1.0510732141e+00
4.1321791244e-02 1.6739976651e+01 1.0213944755e+01 1.4822000000e+04 6.3833546001e+01 1.5826588391e+00 5.6541788984e-01 9.0793381563e-04 -1.9362619343e-01 5.8525713589e-02 -1.8609511543e+00 1.8262934432e-01 1.5634309704e+00 2.1433918179e+00 6.3833531374e+01 1.0092284146e+00 1.0555355584e+00
4.1629996894e-02 1.6749806777e+01 1.0208829493e+01 1.4822000000e+04 6.3833291571e+01 1.5771716854e+00 5.6248979721e-01 9.1270976204e-04 -1.9275418456e-01 5.8771383705e-02 -1.8650942498e+00 1.8262934432e-01 1.5737809497e+00 2.1433891567e+00 6.3833276881e+01 1.0139321853e+00 1.0599615103e+00
4.1938201292e-02 1.6759632331e+01 1.0203668903e+01 1.4822000000e+04 6.3833038975e+01 1.5717949193e+00 5.5960011931e-01 9.1749298940e-04 -1.9189105246e-01 5.9013352848e-02 -1.8692131761e+00 1.8262934432e-01 1.5840819358e+00 2.1433180547e+00 6.3833024224e+01 1.0185973558e+00 1.0643519629e+00
4.2246404485e-02 1.6769452990e+01 1.0198463237e+01 1.4822000000e+04 6.3832788247e+01 1.5665265275e+00 5.5674817853e-01 9.2228090890e-04 -1.9103659667e-01 5.9251683662e-02 -1.8733144916e+00 1.8262934432e-01 1.5943334600e+00 2.1431786121e+00 6.3832773434e+01 1.0232238168e+00 1.0687068195e+00
4.2554606522e-02 1.6779268433e+01 1.0193212744e+01 1.4822000000e+04 6.3832539418e+01 1.5613645524e+00 5.5393331824e-01 9.2707132610e-04 -1.9019062111e-01 5.9486437158e-02 -1.8774039093e+00 1.8262934432e-01 1.6045350490e+00 2.1429709253e+00 6.3832524545e+01 1.0278114611e+00 1.0730259762e+00
4.2862807431e-02 1.6789078340e+01 1.0187917678e+01 1.4822000000e+04 6.3832292489e+01 1.5563063351e+00 5.5115473277e-01 9.3186458860e-04 -1.8935287909e-01 5.9717682541e-02 -1.8814812772e+00 1.8262934432e-01 1.6146868418e+00 2.1426955743e+00 6.3832277556e+01 1.0323606860e+00 1.0773096518e+00
4.3171007182e-02 1.6798882397e+01 1.0182578284e+01 1.4822000000e+04 6.3832047376e+01 1.5513481592e+00 5.4841114426e-01 9.3666124832e-04 -1.8852309295e-01 5.9945506758e-02 -1.8855429471e+00 1.8262934432e-01 1.6247906943e+00 2.1423543166e+00 6.3832032383e+01 1.0368726464e+00 1.0815590344e+00
4.3479205815e-02 1.6808680294e+01 1.0177194804e+01 1.4822000000e+04 6.3831804098e+01 1.5464881877e+00 5.4570189459e-01 9.4145761437e-04 -1.8770108908e-01 6.0169966924e-02 -1.8895969669e+00 1.8262934432e-01 1.6348463959e+00 2.1419474051e+00 6.3831789047e+01 1.0413473037e+00 1.0857741623e+00
4.3787403377e-02 1.6818471723e+01 1.0171767482e+01 1.4822000000e+04 6.3831562685e+01 1.5417247278e+00 5.4302640966e-01 9.4625164327e-04 -1.8688669575e-01 6.0391116645e-02 -1.8936485332e+00 1.8262934432e-01 1.6448535133e+00 2.1414749400e+00 6.3831547575e+01 1.0457845585e+00 1.0899549398e+00
4.4095599909e-02 1.6828256374e+01 1.0166296560e+01 1.4822000000e+04 6.3831323158e+01 1.5370559382e+00 5.4038410191e-01 9.5104216746e-04 -1.8607972895e-01 6.0609010369e-02 -1.8977009722e+00 1.8262934432e-01 1.6548117300e+00 2.1409371263e+00 6.3831307991e+01 1.0501844456e+00 1.0941013270e+00
4.4403795389e-02 1.6838033944e+01 1.0160782282e+01 1.4822000000e+04 6.3831085444e+01 1.5324783848e+00 5.3777387330e-01 9.5583221975e-04 -1.8527991929e-01 6.0823726572e-02 -1.9017463383e+00 1.8262934432e-01 1.6647226877e+00 2.1403355446e+00 6.3831070220e+01 1.0545481343e+00 1.0982143533e+00
4.4711989831e-02 1.6847804133e+01 1.0155224881e+01 1.4822000000e+04 6.3830849529e+01 1.5279900759e+00 5.3519496330e-01 9.6061772604e-04 -1.8448710005e-01 6.1035323360e-02 -1.9057921070e+00 1.8262934432e-01 1.6745868512e+00 2.1396708396e+00 6.3830834249e+01 1.0588758576e+00 1.1022944235e+00
4.5020183283e-02 1.6857566644e+01 1.0149624593e+01 1.4822000000e+04 6.3830615440e+01 1.5235895444e+00 5.3264686888e-01 9.6539678305e-04 -1.8370112037e-01 6.1243848021e-02 -1.9098430172e+00 1.8262934432e-01 1.6844038216e+00 2.1389431140e+00 6.3830600103e+01 1.0631675217e+00 1.1063414483e+00
4.5328375787e-02 1.6867321180e+01 1.0143981655e+01 1.4822000000e+04 6.3830383203e+01 1.5192753579e+00 5.3012909859e-01 9.7016750280e-04 -1.8292183256e-01 6.1449346787e-02 -1.9139037146e+00 1.8262934432e-01 1.6941732059e+00 2.1381524734e+00 6.3830367811e+01 1.0674230363e+00 1.1103553396e+00
4.5636567349e-02 1.6877067447e+01 1.0138296301e+01 1.4822000000e+04 6.3830152784e+01 1.5150448755e+00 5.2764087788e-01 9.7493293207e-04 -1.8214900749e-01 6.1651880409e-02 -1.9179677260e+00 1.8262934432e-01 1.7038957721e+00 2.1372999053e+00 6.3830137338e+01 1.0716431963e+00 1.1143366287e+00
4.5944757951e-02 1.6886805153e+01 1.0132568762e+01 1.4822000000e+04 6.3829924127e+01 1.5108956391e+00 5.2518130047e-01 9.7969093438e-04 -1.8138246153e-01 6.1851509981e-02 -1.9220372653e+00 1.8262934432e-01 1.7135728211e+00 2.1363866323e+00 6.3829908627e+01 1.0758287150e+00 1.1182861739e+00
4.6252947638e-02 1.6896534014e+01 1.0126799265e+01 1.4822000000e+04 6.3829697254e+01 1.5068263792e+00 5.2274991964e-01 9.8443903653e-04 -1.8062206597e-01 6.2048277346e-02 -1.9261179357e+00 1.8262934432e-01 1.7232039958e+00 2.1354127936e+00 6.3829681700e+01 1.0799794987e+00 1.1222038994e+00
4.6561136452e-02 1.6906253743e+01 1.0120988039e+01 1.4822000000e+04 6.3829472190e+01 1.5028358621e+00 5.2034630338e-01 9.8917548504e-04 -1.7986769190e-01 6.2242223753e-02 -1.9302139779e+00 1.8262934432e-01 1.7327889346e+00 2.1343784937e+00 6.3829456584e+01 1.0840954541e+00 1.1260897226e+00
4.6869324422e-02 1.6915964055e+01 1.0115135314e+01 1.4822000000e+04 6.3829248938e+01 1.4989223867e+00 5.1796992905e-01 9.9390086926e-04 -1.7911917370e-01 6.2433395037e-02 -1.9343246593e+00 1.8262934432e-01 1.7423276925e+00 2.1332841350e+00 6.3829233279e+01 1.0881768526e+00 1.1299437810e+00
4.7177511516e-02 1.6925664669e+01 1.0109241315e+01 1.4822000000e+04 6.3829027419e+01 1.4950831649e+00 5.1561987995e-01 9.9861717850e-04 -1.7837630312e-01 6.2621852210e-02 -1.9384438662e+00 1.8262934432e-01 1.7518219306e+00 2.1321312384e+00 6.3829011708e+01 1.0922247928e+00 1.1337671020e+00
4.7485697765e-02 1.6935355308e+01 1.0103306264e+01 1.4822000000e+04 6.3828807641e+01 1.4913169752e+00 5.1329568313e-01 1.0033207288e-03 -1.7763896525e-01 6.2807634765e-02 -1.9425788337e+00 1.8262934432e-01 1.7612716136e+00 2.1309200915e+00 6.3828791879e+01 1.0962392701e+00 1.1375597886e+00
4.7793883212e-02 1.6945035698e+01 1.0097330381e+01 1.4822000000e+04 6.3828589627e+01 1.4876227321e+00 5.1099695731e-01 1.0080098852e-03 -1.7690704500e-01 6.2990779129e-02 -1.9467334590e+00 1.8262934432e-01 1.7706764014e+00 2.1296508032e+00 6.3828573814e+01 1.1002202037e+00 1.1413217634e+00
4.8102067895e-02 1.6954705562e+01 1.0091313891e+01 1.4822000000e+04 6.3828373395e+01 1.4839992728e+00 5.0872331851e-01 1.0126834646e-03 -1.7618042042e-01 6.3171321933e-02 -1.9509107208e+00 1.8262934432e-01 1.7800360094e+00 2.1283235353e+00 6.3828357532e+01 1.1041675915e+00 1.1450529740e+00
4.8410251793e-02 1.6964364629e+01 1.0085257015e+01 1.4822000000e+04 6.3828158882e+01 1.4804440865e+00 5.0647400729e-01 1.0173460590e-03 -1.7545888899e-01 6.3349316329e-02 -1.9551003611e+00 1.8262934432e-01 1.7893517549e+00 2.1269395472e+00 6.3828142970e+01 1.1080824672e+00 1.1487542390e+00
4.8718434913e-02 1.6974012630e+01 1.0079159967e+01 1.4822000000e+04 6.3827946066e+01 1.4769557099e+00 5.0424844523e-01 1.0219935812e-03 -1.7474233253e-01 6.3524803485e-02 -1.9593092155e+00 1.8262934432e-01 1.7986242409e+00 2.1254994996e+00 6.3827930104e+01 1.1119651173e+00 1.1524260113e+00
4.9026617296e-02 1.6983649299e+01 1.0073022964e+01 1.4822000000e+04 6.3827734967e+01 1.4735331943e+00 5.0204629540e-01 1.0266244792e-03 -1.7403064897e-01 6.3697815921e-02 -1.9635409291e+00 1.8262934432e-01 1.8078531494e+00 2.1240035031e+00 6.3827718957e+01 1.1158154655e+00 1.1560682177e+00
4.9334798982e-02 1.6993274372e+01 1.0066846223e+01 1.4822000000e+04 6.3827525605e+01 1.4701756135e+00 4.9986722806e-01 1.0312372356e-03 -1.7332373832e-01 6.3868385512e-02 -1.9677990433e+00 1.8262934432e-01 1.8170381650e+00 2.1224516701e+00 6.3827509546e+01 1.1196334365e+00 1.1596807855e+00
4.9642979978e-02 1.7002887583e+01 1.0060629958e+01 1.4822000000e+04 6.3827317956e+01 1.4668811794e+00 4.9771073648e-01 1.0358351065e-03 -1.7262144131e-01 6.4036553103e-02 -1.9720771409e+00 1.8262934432e-01 1.8261797865e+00 2.1208447374e+00 6.3827301849e+01 1.1234196354e+00 1.1632640703e+00
4.9951160261e-02 1.7012488673e+01 1.0054374382e+01 1.4822000000e+04 6.3827111960e+01 1.4636479987e+00 4.9557613132e-01 1.0404169968e-03 -1.7192361902e-01 6.4202363405e-02 -1.9763753450e+00 1.8262934432e-01 1.8352793106e+00 2.1191838219e+00 6.3827095806e+01 1.1271747810e+00 1.1668188911e+00
5.0259339868e-02 1.7022077385e+01 1.0048079705e+01 1.4822000000e+04 6.3826907633e+01 1.4604752406e+00 4.9346309631e-01 1.0449804740e-03 -1.7123018291e-01 6.4365845950e-02 -1.9806987274e+00 1.8262934432e-01 1.8443365095e+00 2.1174690577e+00 6.3826891433e+01 1.1308988009e+00 1.1703452211e+00
5.0567518838e-02 1.7031653462e+01 1.0041746136e+01 1.4822000000e+04 6.3826704994e+01 1.4573621000e+00 4.9137134137e-01 1.0495241199e-03 -1.7054104549e-01 6.4527029378e-02 -1.9850505739e+00 1.8262934432e-01 1.8533510787e+00 2.1157005655e+00 6.3826688748e+01 1.1345916178e+00 1.1738429851e+00
5.0875697200e-02 1.7041216649e+01 1.0035373887e+01 1.4822000000e+04 6.3826504047e+01 1.4543075044e+00 4.8930053872e-01 1.0540486228e-03 -1.6985610371e-01 6.4685944988e-02 -1.9894299873e+00 1.8262934432e-01 1.8623229258e+00 2.1138786960e+00 6.3826487756e+01 1.1382533783e+00 1.1773122101e+00
5.1183874920e-02 1.7050766693e+01 1.0028963165e+01 1.4822000000e+04 6.3826304722e+01 1.4513093368e+00 4.8725003077e-01 1.0585569356e-03 -1.6917520194e-01 6.4842635757e-02 -1.9938295631e+00 1.8262934432e-01 1.8712534359e+00 2.1120047615e+00 6.3826288386e+01 1.1418850739e+00 1.1807537400e+00
5.1492052023e-02 1.7060303347e+01 1.0022514176e+01 1.4822000000e+04 6.3826107019e+01 1.4483667398e+00 4.8521946265e-01 1.0630454415e-03 -1.6849826219e-01 6.4997130083e-02 -1.9982558975e+00 1.8262934432e-01 1.8801426952e+00 2.1100790911e+00 6.3826090638e+01 1.1454867343e+00 1.1841677232e+00
5.1800228545e-02 1.7069826363e+01 1.0016027124e+01 1.4822000000e+04 6.3825910953e+01 1.4454789994e+00 4.8320857426e-01 1.0675128181e-03 -1.6782520512e-01 6.5149453691e-02 -2.0027120434e+00 1.8262934432e-01 1.8889904224e+00 2.1081018023e+00 6.3825894528e+01 1.1490582915e+00 1.1875540934e+00
5.2108404523e-02 1.7079335494e+01 1.0009502215e+01 1.4822000000e+04 6.3825716541e+01 1.4426454008e+00 4.8121712076e-01 1.0719579027e-03 -1.6715595753e-01 6.5299632272e-02 -2.0072007363e+00 1.8262934432e-01 1.8977963012e+00 2.1060730891e+00 6.3825700073e+01 1.1525996886e+00 1.1909127550e+00
5.2416579940e-02 1.7088830497e+01 1.0002939655e+01 1.4822000000e+04 6.3825523734e+01 1.4398641382e+00 4.7924459773e-01 1.0763859686e-03 -1.6649037921e-01 6.5447702556e-02 -2.0117111930e+00 1.8262934432e-01 1.9065612400e+00 2.1039940201e+00 6.3825507222e+01 1.1561117626e+00 1.1942442700e+00
5.2724754793e-02 1.7098311131e+01 9.9963396440e+00 1.4822000000e+04 6.3825332499e+01 1.4371341064e+00 4.7729056445e-01 1.0807934323e-03 -1.6582839189e-01 6.5593694434e-02 -2.0162489273e+00 1.8262934432e-01 1.9152858563e+00 2.1018653207e+00 6.3825315945e+01 1.1595948131e+00 1.1975490740e+00
5.3032929119e-02 1.7107777159e+01 9.9897023826e+00 1.4822000000e+04 6.3825142853e+01 1.4344546813e+00 4.7535479018e-01 1.0851788234e-03 -1.6516992651e-01 6.5737631166e-02 -2.0208172141e+00 1.8262934432e-01 1.9239698753e+00 2.0996871248e+00 6.3825126257e+01 1.1630487702e+00 1.2008270986e+00
5.3341102954e-02 1.7117228342e+01 9.9830280722e+00 1.4822000000e+04 6.3824954812e+01 1.4318252477e+00 4.7343704691e-01 1.0895409188e-03 -1.6451491353e-01 6.5879535598e-02 -2.0254188582e+00 1.8262934432e-01 1.9326130315e+00 2.0974595568e+00 6.3824938174e+01 1.1664735696e+00 1.2040782808e+00
5.3649276307e-02 1.7126664445e+01 9.9763169145e+00 1.4822000000e+04 6.3824768359e+01 1.4292446033e+00 4.7153700616e-01 1.0938825926e-03 -1.6386324693e-01 6.6019435958e-02 -2.0300485465e+00 1.8262934432e-01 1.9412155777e+00 2.0951832076e+00 6.3824751680e+01 1.1698696389e+00 1.2073028222e+00
5.3957449152e-02 1.7136085235e+01 9.9695691073e+00 1.4822000000e+04 6.3824583436e+01 1.4267112623e+00 4.6965414980e-01 1.0982043101e-03 -1.6321482525e-01 6.6157364624e-02 -2.0347036692e+00 1.8262934432e-01 1.9497786606e+00 2.0928591415e+00 6.3824566717e+01 1.1732376615e+00 1.2105014349e+00
5.4265621519e-02 1.7145490483e+01 9.9627848467e+00 1.4822000000e+04 6.3824400053e+01 1.4242246696e+00 4.6778824750e-01 1.1025033149e-03 -1.6256958922e-01 6.6293343316e-02 -2.0393896032e+00 1.8262934432e-01 1.9583021278e+00 2.0904875279e+00 6.3824383293e+01 1.1765775749e+00 1.2136741164e+00
5.4573793444e-02 1.7154879959e+01 9.9559643295e+00 1.4822000000e+04 6.3824218224e+01 1.4217842835e+00 4.6593910328e-01 1.1067784625e-03 -1.6192748031e-01 6.6427392298e-02 -2.0441089795e+00 1.8262934432e-01 1.9667856850e+00 2.0880685334e+00 6.3824201424e+01 1.1798893152e+00 1.2168207848e+00
5.4881964952e-02 1.7164253436e+01 9.9491077535e+00 1.4822000000e+04 6.3824037954e+01 1.4193893603e+00 4.6410649356e-01 1.1110301959e-03 -1.6128842241e-01 6.6559533258e-02 -2.0488614219e+00 1.8262934432e-01 1.9752292023e+00 2.0856024342e+00 6.3824021115e+01 1.1831730013e+00 1.2199414441e+00
5.5190136016e-02 1.7173610688e+01 9.9422153143e+00 1.4822000000e+04 6.3823859183e+01 1.4170382782e+00 4.6228993576e-01 1.1152625952e-03 -1.6065229626e-01 6.6689796199e-02 -2.0536380134e+00 1.8262934432e-01 1.9836338135e+00 2.0830903252e+00 6.3823842306e+01 1.1864295007e+00 1.2230367908e+00
5.5498306648e-02 1.7182951493e+01 9.9352872043e+00 1.4822000000e+04 6.3823681904e+01 1.4147303882e+00 4.6048915130e-01 1.1194718855e-03 -1.6001904619e-01 6.6818202277e-02 -2.0584453213e+00 1.8262934432e-01 1.9919996962e+00 2.0805325780e+00 6.3823664988e+01 1.1896588853e+00 1.2261070090e+00
5.5806476883e-02 1.7192275630e+01 9.9283236163e+00 1.4822000000e+04 6.3823506128e+01 1.4124652058e+00 4.5870395510e-01 1.1236569920e-03 -1.5938861493e-01 6.6944770403e-02 -2.0632858262e+00 1.8262934432e-01 2.0003266196e+00 2.0779293134e+00 6.3823489174e+01 1.1928611007e+00 1.2291520474e+00
5.6114646754e-02 1.7201582878e+01 9.9213247438e+00 1.4822000000e+04 6.3823331870e+01 1.4102422371e+00 4.5693416423e-01 1.1278168814e-03 -1.5876094436e-01 6.7069519269e-02 -2.0681619223e+00 1.8262934432e-01 2.0086143611e+00 2.0752806616e+00 6.3823314878e+01 1.1960361093e+00 1.2321718583e+00
5.6422816248e-02 1.7210873019e+01 9.9142907799e+00 1.4822000000e+04 6.3823159090e+01 1.4080601438e+00 4.5517942527e-01 1.1319567385e-03 -1.5813592583e-01 6.7192474991e-02 -2.0730636278e+00 1.8262934432e-01 2.0168635901e+00 2.0725874393e+00 6.3823142062e+01 1.1991846047e+00 1.2351668633e+00
5.6730985356e-02 1.7220145838e+01 9.9072219139e+00 1.4822000000e+04 6.3822987754e+01 1.4059180309e+00 4.5343938090e-01 1.1360738735e-03 -1.5751349836e-01 6.7313659927e-02 -2.0779946672e+00 1.8262934432e-01 2.0250749805e+00 2.0698503434e+00 6.3822970689e+01 1.2023069200e+00 1.2381375170e+00
5.7039154110e-02 1.7229401120e+01 9.9001183345e+00 1.4822000000e+04 6.3822817874e+01 1.4038154718e+00 4.5171386256e-01 1.1401666898e-03 -1.5689361149e-01 6.7433091243e-02 -2.0829584150e+00 1.8262934432e-01 2.0332483206e+00 2.0670695045e+00 6.3822800773e+01 1.2054030003e+00 1.2410837768e+00
5.7347322541e-02 1.7238638654e+01 9.8929802314e+00 1.4822000000e+04 6.3822649461e+01 1.4017520710e+00 4.5000271695e-01 1.1442341776e-03 -1.5627622214e-01 6.7550785855e-02 -2.0879572026e+00 1.8262934432e-01 2.0413833420e+00 2.0642450961e+00 6.3822632324e+01 1.2084727696e+00 1.2440055624e+00
5.7655490661e-02 1.7247858226e+01 9.8858077948e+00 1.4822000000e+04 6.3822482506e+01 1.3997269981e+00 4.4830571974e-01 1.1482786234e-03 -1.5566125352e-01 6.7666763996e-02 -2.0929870670e+00 1.8262934432e-01 2.0494801724e+00 2.0613775595e+00 6.3822465334e+01 1.2115165394e+00 1.2469030001e+00
5.7963658443e-02 1.7257059629e+01 9.8786012118e+00 1.4822000000e+04 6.3822316955e+01 1.3977390508e+00 4.4662247349e-01 1.1523019282e-03 -1.5504862582e-01 6.7781049329e-02 -2.0980430931e+00 1.8262934432e-01 2.0575398210e+00 2.0584678535e+00 6.3822299747e+01 1.2145349589e+00 1.2497767138e+00
5.8271825911e-02 1.7266242656e+01 9.8713606680e+00 1.4822000000e+04 6.3822152811e+01 1.3957878216e+00 4.4495280000e-01 1.1563009400e-03 -1.5443829531e-01 6.7893658039e-02 -2.1031311568e+00 1.8262934432e-01 2.0655622116e+00 2.0555161723e+00 6.3822135569e+01 1.2175280004e+00 1.2526267357e+00
5.8579993096e-02 1.7275407102e+01 9.8640863493e+00 1.4822000000e+04 6.3821990085e+01 1.3938729446e+00 4.4329655490e-01 1.1602747066e-03 -1.5383021833e-01 6.8004605789e-02 -2.1082534723e+00 1.8262934432e-01 2.0735471220e+00 2.0525226565e+00 6.3821972810e+01 1.2204956072e+00 1.2554530098e+00
5.8888160022e-02 1.7284552761e+01 9.8567784426e+00 1.4822000000e+04 6.3821828785e+01 1.3919939605e+00 4.4165359003e-01 1.1642232456e-03 -1.5322434847e-01 6.8113909212e-02 -2.1134104762e+00 1.8262934432e-01 2.0814943773e+00 2.0494875573e+00 6.3821811475e+01 1.2234378096e+00 1.2582554956e+00
5.9196326665e-02 1.7293679432e+01 9.8494371335e+00 1.4822000000e+04 6.3821668858e+01 1.3901496499e+00 4.4002356033e-01 1.1681516769e-03 -1.5262060000e-01 6.8221590659e-02 -2.1185919115e+00 1.8262934432e-01 2.0894048498e+00 2.0464118071e+00 6.3821651515e+01 1.2263553212e+00 1.2610347248e+00
5.9504493031e-02 1.7302786914e+01 9.8420626046e+00 1.4822000000e+04 6.3821510292e+01 1.3883394977e+00 4.3840623935e-01 1.1720559945e-03 -1.5201893163e-01 6.8327666352e-02 -2.1238045447e+00 1.8262934432e-01 2.0972787912e+00 2.0432958006e+00 6.3821492917e+01 1.2292482477e+00 1.2637909115e+00
5.9812659150e-02 1.7311875010e+01 9.8346550387e+00 1.4822000000e+04 6.3821353098e+01 1.3865631654e+00 4.3680149469e-01 1.1759352865e-03 -1.5141930166e-01 6.8432150542e-02 -2.1290505063e+00 1.8262934432e-01 2.1051159954e+00 2.0401396743e+00 6.3821335691e+01 1.2321165467e+00 1.2665240082e+00
6.0120825052e-02 1.7320943522e+01 9.8272146194e+00 1.4822000000e+04 6.3821197285e+01 1.3848203192e+00 4.3520919928e-01 1.1797886627e-03 -1.5082167084e-01 6.8535057204e-02 -2.1343318826e+00 1.8262934432e-01 2.1129162398e+00 2.0369435892e+00 6.3821179845e+01 1.2349601768e+00 1.2692339573e+00
6.0428990730e-02 1.7329992253e+01 9.8197415303e+00 1.4822000000e+04 6.3821042825e+01 1.3831099822e+00 4.3362910925e-01 1.1836208510e-03 -1.5022595848e-01 6.8636405177e-02 -2.1396399765e+00 1.8262934432e-01 2.1206799688e+00 2.0337081865e+00 6.3821025354e+01 1.2377796821e+00 1.2719210500e+00
6.0737156168e-02 1.7339021010e+01 9.8122359520e+00 1.4822000000e+04 6.3820889682e+01 1.3814314067e+00 4.3206093624e-01 1.1874301452e-03 -1.4963211732e-01 6.8736211519e-02 -2.1449767372e+00 1.8262934432e-01 2.1284078482e+00 2.0304341496e+00 6.3820872179e+01 1.2405754135e+00 1.2745857244e+00
6.1045321394e-02 1.7348029601e+01 9.8046980642e+00 1.4822000000e+04 6.3820737863e+01 1.3797842866e+00 4.3050455774e-01 1.1912147396e-03 -1.4904011163e-01 6.8834489057e-02 -2.1503458177e+00 1.8262934432e-01 2.1360996871e+00 2.0271216453e+00 6.3820720330e+01 1.2433473330e+00 1.2772279420e+00
6.1353486436e-02 1.7357017835e+01 9.7971280476e+00 1.4822000000e+04 6.3820587379e+01 1.3781683194e+00 4.2895985490e-01 1.1949737877e-03 -1.4844990297e-01 6.8931250742e-02 -2.1557492159e+00 1.8262934432e-01 2.1437552936e+00 2.0237708092e+00 6.3820569816e+01 1.2460954072e+00 1.2798476609e+00
6.1661651308e-02 1.7365985523e+01 9.7895260835e+00 1.4822000000e+04 6.3820438224e+01 1.3765829194e+00 4.2742667112e-01 1.1987090410e-03 -1.4786143348e-01 6.9026511427e-02 -2.1611841021e+00 1.8262934432e-01 2.1513747114e+00 2.0203819745e+00 6.3820420631e+01 1.2488198657e+00 1.2824449582e+00
6.1969815982e-02 1.7374932476e+01 9.7818923508e+00 1.4822000000e+04 6.3820290349e+01 1.3750271108e+00 4.2590470607e-01 1.2024234242e-03 -1.4727464269e-01 6.9120288838e-02 -2.1666440624e+00 1.8262934432e-01 2.1589587786e+00 2.0169560195e+00 6.3820272726e+01 1.2515213024e+00 1.2850203503e+00
6.2277980476e-02 1.7383858508e+01 9.7742270267e+00 1.4822000000e+04 6.3820143754e+01 1.3735005882e+00 4.2439381952e-01 1.2061135156e-03 -1.4668950028e-01 6.9212595359e-02 -2.1721352871e+00 1.8262934432e-01 2.1665074668e+00 2.0134931808e+00 6.3820126102e+01 1.2541997104e+00 1.2875738886e+00
6.2586144817e-02 1.7392763436e+01 9.7665302893e+00 1.4822000000e+04 6.3819998447e+01 1.3720030792e+00 4.2289390363e-01 1.2097785152e-03 -1.4610597102e-01 6.9303443043e-02 -2.1776596836e+00 1.8262934432e-01 2.1740205932e+00 2.0099935955e+00 6.3819980767e+01 1.2568550593e+00 1.2901055334e+00
6.2894309030e-02 1.7401647075e+01 9.7588023171e+00 1.4822000000e+04 6.3819854435e+01 1.3705342449e+00 4.2140484616e-01 1.2134180926e-03 -1.4552401495e-01 6.9392844213e-02 -2.1832183194e+00 1.8262934432e-01 2.1814980144e+00 2.0064574466e+00 6.3819836726e+01 1.2594873854e+00 1.2926152637e+00
6.3202473093e-02 1.7410509243e+01 9.7510432877e+00 1.4822000000e+04 6.3819711676e+01 1.3690931346e+00 4.1992640132e-01 1.2170378930e-03 -1.4494356777e-01 6.9480815193e-02 -2.1888004562e+00 1.8262934432e-01 2.1889403654e+00 2.0028855391e+00 6.3819693939e+01 1.2620972976e+00 1.2951034754e+00
6.3510637007e-02 1.7419349760e+01 9.7432533767e+00 1.4822000000e+04 6.3819570154e+01 1.3676793389e+00 4.1845839263e-01 1.2206340427e-03 -1.4436460661e-01 6.9567368330e-02 -2.1944124836e+00 1.8262934432e-01 2.1963478819e+00 1.9992783564e+00 6.3819552389e+01 1.2646849140e+00 1.2975703664e+00
6.3818800799e-02 1.7428168450e+01 9.7354327596e+00 1.4822000000e+04 6.3819429877e+01 1.3662926148e+00 4.1700072435e-01 1.2242056241e-03 -1.4378710121e-01 6.9652514759e-02 -2.2000565076e+00 1.8262934432e-01 2.2037203740e+00 1.9956360575e+00 6.3819412085e+01 1.2672502051e+00 1.3000158913e+00
6.4126964493e-02 1.7436965133e+01 9.7275816128e+00 1.4822000000e+04 6.3819290851e+01 1.3649327102e+00 4.1555329359e-01 1.2277518768e-03 -1.4321101524e-01 6.9736265562e-02 -2.2057343555e+00 1.8262934432e-01 2.2110577017e+00 1.9919587480e+00 6.3819273032e+01 1.2697931560e+00 1.3024400343e+00
6.4435128089e-02 1.7445739634e+01 9.7197001125e+00 1.4822000000e+04 6.3819153058e+01 1.3635989111e+00 4.1411592789e-01 1.2312767676e-03 -1.4263628661e-01 6.9818634770e-02 -2.2114389839e+00 1.8262934432e-01 2.2183601593e+00 1.9882469137e+00 6.3819135213e+01 1.2723141881e+00 1.3048430013e+00
6.4743291567e-02 1.7454491778e+01 9.7117884326e+00 1.4822000000e+04 6.3819016462e+01 1.3622905739e+00 4.1268839236e-01 1.2347798530e-03 -1.4206287592e-01 6.9899635650e-02 -2.2171701803e+00 1.8262934432e-01 2.2256283866e+00 1.9845011979e+00 6.3818998590e+01 1.2748136654e+00 1.3072252063e+00
6.5051454950e-02 1.7463221392e+01 9.7038467461e+00 1.4822000000e+04 6.3818881067e+01 1.3610074641e+00 4.1127058386e-01 1.2382589330e-03 -1.4149075024e-01 6.9979278517e-02 -2.2229322142e+00 1.8262934432e-01 2.2328622893e+00 1.9807217212e+00 6.3818863170e+01 1.2772915769e+00 1.3095866596e+00
6.5359618263e-02 1.7471928305e+01 9.6958752266e+00 1.4822000000e+04 6.3818746881e+01 1.3597493596e+00 4.0986241305e-01 1.2417132845e-03 -1.4091987906e-01 7.0057573659e-02 -2.2287268397e+00 1.8262934432e-01 2.2400617081e+00 1.9769086174e+00 6.3818728959e+01 1.2797479028e+00 1.3119273307e+00
6.5667781522e-02 1.7480612344e+01 9.6878740480e+00 1.4822000000e+04 6.3818613902e+01 1.3585158483e+00 4.0846376551e-01 1.2451441407e-03 -1.4035021664e-01 7.0134532394e-02 -2.2345522412e+00 1.8262934432e-01 2.2472266512e+00 1.9730621232e+00 6.3818595955e+01 1.2821828089e+00 1.3142472754e+00
6.5975944699e-02 1.7489273340e+01 9.6798433828e+00 1.4822000000e+04 6.3818482087e+01 1.3573061213e+00 4.0707440788e-01 1.2485552210e-03 -1.3978171098e-01 7.0210168433e-02 -2.2404008995e+00 1.8262934432e-01 2.2543578403e+00 1.9691829809e+00 6.3818464115e+01 1.2845968427e+00 1.3165469380e+00
6.6284107808e-02 1.7497911124e+01 9.6717834017e+00 1.4822000000e+04 6.3818351433e+01 1.3561199381e+00 4.0569422262e-01 1.2519428762e-03 -1.3921433877e-01 7.0284491599e-02 -2.2462792834e+00 1.8262934432e-01 2.2614553141e+00 1.9652714353e+00 6.3818333437e+01 1.2869900192e+00 1.3188264012e+00
6.6592270872e-02 1.7506525530e+01 9.6636942759e+00 1.4822000000e+04 6.3818221946e+01 1.3549570978e+00 4.0432312913e-01 1.2553064171e-03 -1.3864807240e-01 7.0357511490e-02 -2.2521890813e+00 1.8262934432e-01 2.2685189145e+00 1.9613276274e+00 6.3818203925e+01 1.2893623206e+00 1.3210856327e+00
6.6900433915e-02 1.7515116390e+01 9.6555761773e+00 1.4822000000e+04 6.3818093631e+01 1.3538173713e+00 4.0296104790e-01 1.2586453292e-03 -1.3808288405e-01 7.0429237875e-02 -2.2581316774e+00 1.8262934432e-01 2.2755484891e+00 1.9573517383e+00 6.3818075587e+01 1.2917137584e+00 1.3233245999e+00
6.7208596918e-02 1.7523683540e+01 9.6474292770e+00 1.4822000000e+04 6.3817966456e+01 1.3527000105e+00 4.0160779475e-01 1.2619651828e-03 -1.3751871826e-01 7.0499683451e-02 -2.2640968039e+00 1.8262934432e-01 2.2825445427e+00 1.9533443841e+00 6.3817948389e+01 1.2940448492e+00 1.3255436200e+00
6.7516759879e-02 1.7532226817e+01 9.6392537443e+00 1.4822000000e+04 6.3817840403e+01 1.3516046570e+00 4.0026320842e-01 1.2652626297e-03 -1.3695554927e-01 7.0568858315e-02 -2.2700898522e+00 1.8262934432e-01 2.2895074289e+00 1.9493059561e+00 6.3817822313e+01 1.2963557424e+00 1.3277429483e+00
6.7824922820e-02 1.7540746058e+01 9.6310497480e+00 1.4822000000e+04 6.3817715477e+01 1.3505311281e+00 3.9892720935e-01 1.2685365892e-03 -1.3639334813e-01 7.0636771651e-02 -2.2761131853e+00 1.8262934432e-01 2.2964370357e+00 1.9452365577e+00 6.3817697364e+01 1.2986464248e+00 1.3299225768e+00
6.8133085763e-02 1.7549241101e+01 9.6228174575e+00 1.4822000000e+04 6.3817591683e+01 1.3494792433e+00 3.9759972262e-01 1.2717863991e-03 -1.3583208778e-01 7.0703432402e-02 -2.2821684369e+00 1.8262934432e-01 2.3033332286e+00 1.9411363130e+00 6.3817573549e+01 1.3009168829e+00 1.3320824845e+00
6.8441248712e-02 1.7557711784e+01 9.6145570426e+00 1.4822000000e+04 6.3817469009e+01 1.3484484902e+00 3.9628063066e-01 1.2750151972e-03 -1.3527172403e-01 7.0768851283e-02 -2.2882502043e+00 1.8262934432e-01 2.3101961606e+00 1.9370056266e+00 6.3817450853e+01 1.3031674274e+00 1.3342227957e+00
6.8749411644e-02 1.7566157950e+01 9.6062686708e+00 1.4822000000e+04 6.3817347421e+01 1.3474383285e+00 3.9496974685e-01 1.2782237474e-03 -1.3471222725e-01 7.0833038896e-02 -2.2943562657e+00 1.8262934432e-01 2.3170264023e+00 1.9328451117e+00 6.3817329244e+01 1.3053984013e+00 1.3363438733e+00
6.9057574579e-02 1.7574579441e+01 9.5979525093e+00 1.4822000000e+04 6.3817226921e+01 1.3464486183e+00 3.9366699269e-01 1.2814094341e-03 -1.3415357839e-01 7.0896004024e-02 -2.3004915521e+00 1.8262934432e-01 2.3238238763e+00 1.9286549268e+00 6.3817208723e+01 1.3076097621e+00 1.3384457227e+00
6.9365737539e-02 1.7582976098e+01 9.5896087254e+00 1.4822000000e+04 6.3817107515e+01 1.3454791985e+00 3.9237230199e-01 1.2845716270e-03 -1.3359575433e-01 7.0957755055e-02 -2.3066576355e+00 1.8262934432e-01 2.3305884375e+00 1.9244352173e+00 6.3817089296e+01 1.3098014941e+00 1.3405283143e+00
6.9673900539e-02 1.7591347767e+01 9.5812374871e+00 1.4822000000e+04 6.3816989203e+01 1.3445297932e+00 3.9108559570e-01 1.2877110339e-03 -1.3303872332e-01 7.1018301195e-02 -2.3128536695e+00 1.8262934432e-01 2.3373200408e+00 1.9201861947e+00 6.3816970963e+01 1.3119736977e+00 1.3425916670e+00
6.9982063556e-02 1.7599694291e+01 9.5728389610e+00 1.4822000000e+04 6.3816871948e+01 1.3435997613e+00 3.8980669868e-01 1.2908320561e-03 -1.3248244601e-01 7.1077653549e-02 -2.3190711754e+00 1.8262934432e-01 2.3440192636e+00 1.9159085058e+00 6.3816853688e+01 1.3141268355e+00 1.3446361340e+00
7.0290226598e-02 1.7608015518e+01 9.5644133126e+00 1.4822000000e+04 6.3816755744e+01 1.3426889220e+00 3.8853551411e-01 1.2939308538e-03 -1.3192690867e-01 7.1135820175e-02 -2.3253168781e+00 1.8262934432e-01 2.3506861755e+00 1.9116024331e+00 6.3816737464e+01 1.3162609221e+00 1.3466618074e+00
7.0598389685e-02 1.7616311295e+01 9.5559607074e+00 1.4822000000e+04 6.3816640596e+01 1.3417971266e+00 3.8727198142e-01 1.2970068095e-03 -1.3137208972e-01 7.1192808954e-02 -2.3315923209e+00 1.8262934432e-01 2.3573206358e+00 1.9072681259e+00 6.3816622297e+01 1.3183759456e+00 1.3486686587e+00
7.0906552838e-02 1.7624581472e+01 9.5474813116e+00 1.4822000000e+04 6.3816526509e+01 1.3409242087e+00 3.8601603892e-01 1.3000593601e-03 -1.3081796557e-01 7.1248627833e-02 -2.3378989579e+00 1.8262934432e-01 2.3639225191e+00 1.9029057368e+00 6.3816508191e+01 1.3204719141e+00 1.3506566670e+00
7.1214716046e-02 1.7632825896e+01 9.5389752912e+00 1.4822000000e+04 6.3816413459e+01 1.3400695964e+00 3.8476755077e-01 1.3030935666e-03 -1.3026449037e-01 7.1303287099e-02 -2.3442276441e+00 1.8262934432e-01 2.3704922096e+00 1.8985157373e+00 6.3816395122e+01 1.3225492429e+00 1.3526260767e+00
7.1522879300e-02 1.7641044418e+01 9.5304428100e+00 1.4822000000e+04 6.3816301424e+01 1.3392329807e+00 3.8352638544e-01 1.3061069135e-03 -1.2971164757e-01 7.1356794515e-02 -2.3505822906e+00 1.8262934432e-01 2.3770300334e+00 1.8940985636e+00 6.3816283068e+01 1.3246080888e+00 1.3545771225e+00
7.1831042619e-02 1.7649236891e+01 9.5218840322e+00 1.4822000000e+04 6.3816190409e+01 1.3384142281e+00 3.8229248606e-01 1.3090980592e-03 -1.2915941811e-01 7.1409157528e-02 -2.3569656919e+00 1.8262934432e-01 2.3835358629e+00 1.8896543746e+00 6.3816172036e+01 1.3266484387e+00 1.3565097820e+00
7.2139206025e-02 1.7657403168e+01 9.5132991220e+00 1.4822000000e+04 6.3816080419e+01 1.3376132126e+00 3.8106580091e-01 1.3120664261e-03 -1.2860778489e-01 7.1460383582e-02 -2.3633793165e+00 1.8262934432e-01 2.3900095462e+00 1.8851833446e+00 6.3816062028e+01 1.3286702758e+00 1.3584240186e+00
7.2447369521e-02 1.7665543101e+01 9.5046882444e+00 1.4822000000e+04 6.3815971445e+01 1.3368295669e+00 3.7984624827e-01 1.3150143849e-03 -1.2805671592e-01 7.1510481205e-02 -2.3698192090e+00 1.8262934432e-01 2.3964511457e+00 1.8806858157e+00 6.3815953037e+01 1.3306738259e+00 1.3603199041e+00
7.2755533088e-02 1.7673656546e+01 9.4960515629e+00 1.4822000000e+04 6.3815863457e+01 1.3360628132e+00 3.7863367730e-01 1.3179437454e-03 -1.2750618431e-01 7.1559458735e-02 -2.3762814258e+00 1.8262934432e-01 2.4028611702e+00 1.8761623449e+00 6.3815845031e+01 1.3326594300e+00 1.3621977636e+00
7.3063696739e-02 1.7681743358e+01 9.4873892399e+00 1.4822000000e+04 6.3815756454e+01 1.3353128208e+00 3.7742802145e-01 1.3208515335e-03 -1.2695617204e-01 7.1607323090e-02 -2.3827714804e+00 1.8262934432e-01 2.4092395842e+00 1.8716131013e+00 6.3815738011e+01 1.3346270859e+00 1.3640576282e+00
7.3371860495e-02 1.7689803396e+01 9.4787014386e+00 1.4822000000e+04 6.3815650440e+01 1.3345794675e+00 3.7622923043e-01 1.3237371975e-03 -1.2640666080e-01 7.1654081282e-02 -2.3892907901e+00 1.8262934432e-01 2.4155862573e+00 1.8670382415e+00 6.3815631981e+01 1.3365767847e+00 1.3658994716e+00
7.3680024370e-02 1.7697836516e+01 9.4699883223e+00 1.4822000000e+04 6.3815545417e+01 1.3338625537e+00 3.7503724809e-01 1.3266009756e-03 -1.2585762746e-01 7.1699740676e-02 -2.3958393519e+00 1.8262934432e-01 2.4219011091e+00 1.8624379756e+00 6.3815526942e+01 1.3385085974e+00 1.3677232914e+00
7.3988188344e-02 1.7705842577e+01 9.4612500541e+00 1.4822000000e+04 6.3815441355e+01 1.3331615443e+00 3.7385194308e-01 1.3294477113e-03 -1.2530903982e-01 7.1744309701e-02 -2.4024080790e+00 1.8262934432e-01 2.4281845748e+00 1.8578128792e+00 6.3815422864e+01 1.3404229368e+00 1.3695293623e+00
7.4296352422e-02 1.7713821439e+01 9.4524867953e+00 1.4822000000e+04 6.3815338246e+01 1.3324762682e+00 3.7267322933e-01 1.3322736109e-03 -1.2476088469e-01 7.1787794899e-02 -2.4090035787e+00 1.8262934432e-01 2.4344367761e+00 1.8531632361e+00 6.3815319739e+01 1.3423198523e+00 1.3713178022e+00
7.4604516622e-02 1.7721772964e+01 9.4436987077e+00 1.4822000000e+04 6.3815236093e+01 1.3318065924e+00 3.7150105353e-01 1.3350780220e-03 -1.2421313777e-01 7.1830202667e-02 -2.4156274405e+00 1.8262934432e-01 2.4406576305e+00 1.8484891504e+00 6.3815217571e+01 1.3441993601e+00 1.3730886152e+00
7.4912680961e-02 1.7729697012e+01 9.4348859533e+00 1.4822000000e+04 6.3815134899e+01 1.3311523947e+00 3.7033536825e-01 1.3378604144e-03 -1.2366578016e-01 7.1871539571e-02 -2.4222810439e+00 1.8262934432e-01 2.4468470241e+00 1.8437907756e+00 6.3815116362e+01 1.3460614656e+00 1.3748417837e+00
7.5220845433e-02 1.7737593446e+01 9.4260486941e+00 1.4822000000e+04 6.3815034648e+01 1.3305132345e+00 3.6917607951e-01 1.3406250352e-03 -1.2311877891e-01 7.1911813718e-02 -2.4289568161e+00 1.8262934432e-01 2.4530051875e+00 1.8390685444e+00 6.3815016097e+01 1.3479065002e+00 1.3765774653e+00
7.5529010028e-02 1.7745462129e+01 9.4171870909e+00 1.4822000000e+04 6.3814935318e+01 1.3298888471e+00 3.6802307674e-01 1.3433705070e-03 -1.2257212179e-01 7.1951031641e-02 -2.4356566807e+00 1.8262934432e-01 2.4591324445e+00 1.8343228854e+00 6.3814916753e+01 1.3497346192e+00 1.3782958855e+00
7.5837174760e-02 1.7753302926e+01 9.4083013039e+00 1.4822000000e+04 6.3814836913e+01 1.3292791326e+00 3.6687631471e-01 1.3460951013e-03 -1.2202579422e-01 7.1989199661e-02 -2.4423840965e+00 1.8262934432e-01 2.4652286904e+00 1.8295539717e+00 6.3814818333e+01 1.3515458130e+00 1.3799970303e+00
7.6145339649e-02 1.7761115703e+01 9.3993914941e+00 1.4822000000e+04 6.3814739435e+01 1.3286839909e+00 3.6573575150e-01 1.3487983099e-03 -1.2147978069e-01 7.2026324089e-02 -2.4491403948e+00 1.8262934432e-01 2.4712938031e+00 1.8247619684e+00 6.3814720841e+01 1.3533400744e+00 1.3816808752e+00
7.6453504702e-02 1.7768900324e+01 9.3904578226e+00 1.4822000000e+04 6.3814642880e+01 1.3281031559e+00 3.6460132837e-01 1.3514817976e-03 -1.2093405681e-01 7.2062411909e-02 -2.4559229138e+00 1.8262934432e-01 2.4773277933e+00 1.8199471663e+00 6.3814624273e+01 1.3551175676e+00 1.3833474616e+00
7.6761669898e-02 1.7776656658e+01 9.3815004497e+00 1.4822000000e+04 6.3814547220e+01 1.3275362226e+00 3.6347292784e-01 1.3541482797e-03 -1.2038860255e-01 7.2097469959e-02 -2.4627262075e+00 1.8262934432e-01 2.4833310775e+00 1.8151100983e+00 6.3814528599e+01 1.3568786026e+00 1.3849970572e+00
7.7069835249e-02 1.7784384574e+01 9.3725195349e+00 1.4822000000e+04 6.3814452453e+01 1.3269830900e+00 3.6235049580e-01 1.3567944729e-03 -1.1984340663e-01 7.2131504107e-02 -2.4695563149e+00 1.8262934432e-01 2.4893036343e+00 1.8102509793e+00 6.3814433820e+01 1.3586231801e+00 1.3866296955e+00
7.7378000772e-02 1.7792083939e+01 9.3635152378e+00 1.4822000000e+04 6.3814358583e+01 1.3264436642e+00 3.6123399355e-01 1.3594198914e-03 -1.1929845449e-01 7.2164520377e-02 -2.4764145230e+00 1.8262934432e-01 2.4952453456e+00 1.8053699797e+00 6.3814339937e+01 1.3603512960e+00 1.3882453531e+00
7.7686166481e-02 1.7799754625e+01 9.3544877190e+00 1.4822000000e+04 6.3814265611e+01 1.3259178013e+00 3.6012337951e-01 1.3620244383e-03 -1.1875372855e-01 7.2196524981e-02 -2.4833014233e+00 1.8262934432e-01 2.5011561219e+00 1.8004673036e+00 6.3814246953e+01 1.3620629991e+00 1.3898440198e+00
7.7994332361e-02 1.7807396501e+01 9.3454371381e+00 1.4822000000e+04 6.3814173514e+01 1.3254050708e+00 3.5901855586e-01 1.3646130413e-03 -1.1820920354e-01 7.2227524842e-02 -2.4902078862e+00 1.8262934432e-01 2.5070362852e+00 1.7955434574e+00 6.3814154844e+01 1.3637586366e+00 1.3914259043e+00
7.8302498412e-02 1.7815009441e+01 9.3363636541e+00 1.4822000000e+04 6.3814082281e+01 1.3249053237e+00 3.5791944765e-01 1.3671822314e-03 -1.1766486951e-01 7.2257525517e-02 -2.4971399448e+00 1.8262934432e-01 2.5128859843e+00 1.7905987397e+00 6.3814063599e+01 1.3654382679e+00 1.3929911344e+00
7.8610664649e-02 1.7822593316e+01 9.3272674258e+00 1.4822000000e+04 6.3813991915e+01 1.3244184751e+00 3.5682601672e-01 1.3697312339e-03 -1.1712071115e-01 7.2286532861e-02 -2.5040993953e+00 1.8262934432e-01 2.5187051248e+00 1.7856333023e+00 6.3813973222e+01 1.3671018891e+00 1.3945396985e+00
7.8918831090e-02 1.7830148002e+01 9.3181486124e+00 1.4822000000e+04 6.3813902419e+01 1.3239444360e+00 3.5573822767e-01 1.3722595773e-03 -1.1657671475e-01 7.2314552607e-02 -2.5110874980e+00 1.8262934432e-01 2.5244935939e+00 1.7806473229e+00 6.3813883715e+01 1.3687495010e+00 1.3960715748e+00
7.9226997730e-02 1.7837673371e+01 9.3090073733e+00 1.4822000000e+04 6.3813813782e+01 1.3234828666e+00 3.5465601407e-01 1.3747706486e-03 -1.1603285562e-01 7.2341591379e-02 -2.5180982770e+00 1.8262934432e-01 2.5302515220e+00 1.7756411900e+00 6.3813795066e+01 1.3703813665e+00 1.3975868649e+00
7.9535164558e-02 1.7845169299e+01 9.2998438668e+00 1.4822000000e+04 6.3813725981e+01 1.3230335268e+00 3.5357928249e-01 1.3772642047e-03 -1.1548912221e-01 7.2367654877e-02 -2.5251316802e+00 1.8262934432e-01 2.5359792249e+00 1.7706153107e+00 6.3813707255e+01 1.3719976486e+00 1.3990857829e+00
7.9843331587e-02 1.7852635663e+01 9.2906582508e+00 1.4822000000e+04 6.3813639019e+01 1.3225963395e+00 3.5250799430e-01 1.3797381324e-03 -1.1494550181e-01 7.2392748642e-02 -2.5321918444e+00 1.8262934432e-01 2.5416766328e+00 1.7655698589e+00 6.3813620283e+01 1.3735983425e+00 1.4005683304e+00
8.0151498833e-02 1.7860072339e+01 9.2814506835e+00 1.4822000000e+04 6.3813552899e+01 1.3221712241e+00 3.5144211171e-01 1.3821919839e-03 -1.1440197671e-01 7.2416878163e-02 -2.5392799815e+00 1.8262934432e-01 2.5473436758e+00 1.7605049576e+00 6.3813534153e+01 1.3751834506e+00 1.4020345104e+00
8.0459666305e-02 1.7867479204e+01 9.2722213235e+00 1.4822000000e+04 6.3813467618e+01 1.3217579961e+00 3.5038158993e-01 1.3846268017e-03 -1.1385852680e-01 7.2440049417e-02 -2.5463945541e+00 1.8262934432e-01 2.5529803486e+00 1.7554208417e+00 6.3813448863e+01 1.3767530844e+00 1.4034843546e+00
8.0767833984e-02 1.7874856138e+01 9.2629703285e+00 1.4822000000e+04 6.3813383152e+01 1.3213563123e+00 3.4932633717e-01 1.3870460257e-03 -1.1331513609e-01 7.2462268179e-02 -2.5535288918e+00 1.8262934432e-01 2.5585869901e+00 1.7503180068e+00 6.3813364387e+01 1.3783075219e+00 1.4049180829e+00
8.1076001879e-02 1.7882203018e+01 9.2536978556e+00 1.4822000000e+04 6.3813299498e+01 1.3209660985e+00 3.4827630433e-01 1.3894461635e-03 -1.1277179552e-01 7.2483539570e-02 -2.5606894157e+00 1.8262934432e-01 2.5641636232e+00 1.7451966677e+00 6.3813280724e+01 1.3798467601e+00 1.4063357482e+00
8.1384170005e-02 1.7889519725e+01 9.2444040620e+00 1.4822000000e+04 6.3813216659e+01 1.3205872898e+00 3.4723145996e-01 1.3918267675e-03 -1.1222849292e-01 7.2503868956e-02 -2.5678773329e+00 1.8262934432e-01 2.5697101522e+00 1.7400569938e+00 6.3813197875e+01 1.3813707885e+00 1.4077373345e+00
8.1692338374e-02 1.7896806139e+01 9.2350891055e+00 1.4822000000e+04 6.3813134635e+01 1.3202197877e+00 3.4619177268e-01 1.3941875600e-03 -1.1168521523e-01 7.2523261725e-02 -2.5750935524e+00 1.8262934432e-01 2.5752264856e+00 1.7348991909e+00 6.3813115843e+01 1.3828796339e+00 1.4091228278e+00
8.2000506977e-02 1.7904062142e+01 9.2257531435e+00 1.4822000000e+04 6.3813053409e+01 1.3198632563e+00 3.4515717108e-01 1.3965331467e-03 -1.1114194437e-01 7.2541723807e-02 -2.5823295767e+00 1.8262934432e-01 2.5807128462e+00 1.7297237208e+00 6.3813034609e+01 1.3843735737e+00 1.4104923783e+00
8.2308675809e-02 1.7911287616e+01 9.2163963326e+00 1.4822000000e+04 6.3812972970e+01 1.3195175776e+00 3.4412759301e-01 1.3988607138e-03 -1.1059867743e-01 7.2559259918e-02 -2.5895902927e+00 1.8262934432e-01 2.5861693718e+00 1.7245309323e+00 6.3812954162e+01 1.3858526577e+00 1.4118461030e+00
8.2616844884e-02 1.7918482445e+01 9.2070188295e+00 1.4822000000e+04 6.3812893319e+01 1.3191826875e+00 3.4310300975e-01 1.4011692596e-03 -1.1005540402e-01 7.2575875178e-02 -2.5968779007e+00 1.8262934432e-01 2.5915959654e+00 1.7193210186e+00 6.3812874503e+01 1.3873168814e+00 1.4131839853e+00
8.2925014218e-02 1.7925646512e+01 9.1976207913e+00 1.4822000000e+04 6.3812814459e+01 1.3188585274e+00 3.4208339161e-01 1.4034583669e-03 -1.0951211216e-01 7.2591574746e-02 -2.6041935534e+00 1.8262934432e-01 2.5969925406e+00 1.7140941492e+00 6.3812795635e+01 1.3887662349e+00 1.4145060132e+00
8.3233183810e-02 1.7932779702e+01 9.1882023750e+00 1.4822000000e+04 6.3812736381e+01 1.3185448501e+00 3.4106868973e-01 1.4057306130e-03 -1.0896878275e-01 7.2606364300e-02 -2.6115327537e+00 1.8262934432e-01 2.6023591719e+00 1.7088506582e+00 6.3812717550e+01 1.3902009092e+00 1.4158122556e+00
8.3541353647e-02 1.7939881902e+01 9.1787637372e+00 1.4822000000e+04 6.3812659067e+01 1.3182414353e+00 3.4005882843e-01 1.4079867785e-03 -1.0842540769e-01 7.2620248546e-02 -2.6188936504e+00 1.8262934432e-01 2.6076961272e+00 1.7035909728e+00 6.3812640229e+01 1.3916210697e+00 1.4171028967e+00
8.3849523741e-02 1.7946952997e+01 9.1693050337e+00 1.4822000000e+04 6.3812582516e+01 1.3179482254e+00 3.3905377622e-01 1.4102244061e-03 -1.0788197870e-01 7.2633232294e-02 -2.6262810126e+00 1.8262934432e-01 2.6130033465e+00 1.6983153057e+00 6.3812563671e+01 1.3930267103e+00 1.4183779411e+00
8.4157694105e-02 1.7953992875e+01 9.1598264210e+00 1.4822000000e+04 6.3812506732e+01 1.3176651616e+00 3.3805350743e-01 1.4124430993e-03 -1.0733848586e-01 7.2645320471e-02 -2.6336959513e+00 1.8262934432e-01 2.6182807310e+00 1.6930238554e+00 6.3812487880e+01 1.3944178280e+00 1.4196373705e+00
8.4465864749e-02 1.7961001423e+01 9.1503280558e+00 1.4822000000e+04 6.3812431711e+01 1.3173921125e+00 3.3705799120e-01 1.4146434112e-03 -1.0679491639e-01 7.2656518252e-02 -2.6411378122e+00 1.8262934432e-01 2.6235282309e+00 1.6877168820e+00 6.3812412854e+01 1.3957944979e+00 1.4208811896e+00
8.4774035658e-02 1.7967978531e+01 9.1408100943e+00 1.4822000000e+04 6.3812357436e+01 1.3171287899e+00 3.3606715698e-01 1.4168291921e-03 -1.0625125821e-01 7.2666830704e-02 -2.6485992180e+00 1.8262934432e-01 2.6287461089e+00 1.6823948576e+00 6.3812338572e+01 1.3971569642e+00 1.4221095723e+00
8.5082206835e-02 1.7974924089e+01 9.1312726923e+00 1.4822000000e+04 6.3812283901e+01 1.3168751250e+00 3.3508096316e-01 1.4189969910e-03 -1.0570750589e-01 7.2676262206e-02 -2.6560865504e+00 1.8262934432e-01 2.6339343955e+00 1.6770580467e+00 6.3812265031e+01 1.3985052379e+00 1.4233225747e+00
8.5390378296e-02 1.7981837986e+01 9.1217160056e+00 1.4822000000e+04 6.3812211108e+01 1.3166310621e+00 3.3409938556e-01 1.4211463261e-03 -1.0516364989e-01 7.2684817526e-02 -2.6636010731e+00 1.8262934432e-01 2.6390929975e+00 1.6717066528e+00 6.3812192233e+01 1.3998393180e+00 1.4245201804e+00
8.5698550051e-02 1.7988720115e+01 9.1121401904e+00 1.4822000000e+04 6.3812139058e+01 1.3163965284e+00 3.3312239769e-01 1.4232768556e-03 -1.0461967765e-01 7.2692501399e-02 -2.6711438040e+00 1.8262934432e-01 2.6442218432e+00 1.6663408680e+00 6.3812120178e+01 1.4011592231e+00 1.4257023855e+00
8.6006722095e-02 1.7995570367e+01 9.1025454030e+00 1.4822000000e+04 6.3812067739e+01 1.3161712489e+00 3.3214994542e-01 1.4253925638e-03 -1.0407557283e-01 7.2699318973e-02 -2.6787073902e+00 1.8262934432e-01 2.6493210924e+00 1.6609610999e+00 6.3812048853e+01 1.4024651889e+00 1.4268693043e+00
8.6314894420e-02 1.8002388635e+01 9.0929317985e+00 1.4822000000e+04 6.3811997137e+01 1.3159551059e+00 3.3118197377e-01 1.4274915631e-03 -1.0353133151e-01 7.2705274309e-02 -2.6862950772e+00 1.8262934432e-01 2.6543908973e+00 1.6555676984e+00 6.3811978247e+01 1.4037572839e+00 1.4280210588e+00
8.6623067040e-02 1.8009174812e+01 9.0832995325e+00 1.4822000000e+04 6.3811927255e+01 1.3157480537e+00 3.3021845983e-01 1.4295725377e-03 -1.0298694672e-01 7.2710372030e-02 -2.6939096468e+00 1.8262934432e-01 2.6594311699e+00 1.6501608886e+00 6.3811908361e+01 1.4050355007e+00 1.4291576349e+00
8.6931239968e-02 1.8015928792e+01 9.0736487606e+00 1.4822000000e+04 6.3811858095e+01 1.3155500423e+00 3.2925938166e-01 1.4316351199e-03 -1.0244240997e-01 7.2714616746e-02 -2.7015521552e+00 1.8262934432e-01 2.6644418179e+00 1.6447408862e+00 6.3811839196e+01 1.4062998373e+00 1.4302790158e+00
8.7239413206e-02 1.8022650471e+01 9.0639796387e+00 1.4822000000e+04 6.3811789650e+01 1.3153608847e+00 3.2830470444e-01 1.4336811585e-03 -1.0189770721e-01 7.2718013391e-02 -2.7092194342e+00 1.8262934432e-01 2.6694228634e+00 1.6393080165e+00 6.3811770747e+01 1.4075504403e+00 1.4313852416e+00
8.7547586741e-02 1.8029339744e+01 9.0542923224e+00 1.4822000000e+04 6.3811721903e+01 1.3151803813e+00 3.2735436637e-01 1.4357123249e-03 -1.0135283175e-01 7.2720566122e-02 -2.7169080328e+00 1.8262934432e-01 2.6743745374e+00 1.6338627062e+00 6.3811702996e+01 1.4087874713e+00 1.4324764725e+00
8.7855760582e-02 1.8035996508e+01 9.0445869665e+00 1.4822000000e+04 6.3811654855e+01 1.3150084851e+00 3.2640834001e-01 1.4377258771e-03 -1.0080777740e-01 7.2722279235e-02 -2.7246232786e+00 1.8262934432e-01 2.6792968004e+00 1.6284051961e+00 6.3811635945e+01 1.4100109286e+00 1.4335527222e+00
8.8163934742e-02 1.8042620660e+01 9.0348637263e+00 1.4822000000e+04 6.3811588506e+01 1.3148451484e+00 3.2546660480e-01 1.4397214627e-03 -1.0026253600e-01 7.2723157213e-02 -2.7323661961e+00 1.8262934432e-01 2.6841895639e+00 1.6229357088e+00 6.3811569592e+01 1.4112208125e+00 1.4346139753e+00
8.8472109231e-02 1.8049212099e+01 9.0251227576e+00 1.4822000000e+04 6.3811522856e+01 1.3146902736e+00 3.2452913700e-01 1.4416992824e-03 -9.9717097123e-02 7.2723204655e-02 -2.7401367736e+00 1.8262934432e-01 2.6890527710e+00 1.6174545044e+00 6.3811503940e+01 1.4124171781e+00 1.4356602313e+00
8.8780284036e-02 1.8055770722e+01 9.0153642157e+00 1.4822000000e+04 6.3811457890e+01 1.3145436116e+00 3.2359588181e-01 1.4436632868e-03 -9.9171449905e-02 7.2722426013e-02 -2.7479274486e+00 1.8262934432e-01 2.6938866233e+00 1.6119620275e+00 6.3811438970e+01 1.4136002450e+00 1.4366916285e+00
8.9088459158e-02 1.8062296430e+01 9.0055882553e+00 1.4822000000e+04 6.3811393601e+01 1.3144051007e+00 3.2266680230e-01 1.4456102929e-03 -9.8625590744e-02 7.2720825177e-02 -2.7557441708e+00 1.8262934432e-01 2.6986911689e+00 1.6064585730e+00 6.3811374679e+01 1.4147700315e+00 1.4377082298e+00
8.9396634611e-02 1.8068789122e+01 8.9957950315e+00 1.4822000000e+04 6.3811329991e+01 1.3142746957e+00 3.2174187912e-01 1.4475397261e-03 -9.8079512022e-02 7.2718406517e-02 -2.7635883767e+00 1.8262934432e-01 2.7034663237e+00 1.6009443727e+00 6.3811311066e+01 1.4159265392e+00 1.4387100214e+00
8.9704810405e-02 1.8075248701e+01 8.9859846995e+00 1.4822000000e+04 6.3811267061e+01 1.3141523430e+00 3.2082109294e-01 1.4494512468e-03 -9.7533205628e-02 7.2715174390e-02 -2.7714610745e+00 1.8262934432e-01 2.7082120056e+00 1.5954196657e+00 6.3811248134e+01 1.4170697799e+00 1.4396969902e+00
9.0012986537e-02 1.8081675066e+01 8.9761574146e+00 1.4822000000e+04 6.3811204801e+01 1.3140378219e+00 3.1990440426e-01 1.4513480981e-03 -9.6986659122e-02 7.2711133407e-02 -2.7793562707e+00 1.8262934432e-01 2.7129283113e+00 1.5898848471e+00 6.3811185873e+01 1.4181999468e+00 1.4406692147e+00
9.0321162999e-02 1.8088068122e+01 8.9663133316e+00 1.4822000000e+04 6.3811143200e+01 1.3139310211e+00 3.1899176599e-01 1.4532293715e-03 -9.6439869544e-02 7.2706287191e-02 -2.7872754446e+00 1.8262934432e-01 2.7176153874e+00 1.5843402874e+00 6.3811124270e+01 1.4193171161e+00 1.4416268105e+00
9.0629339803e-02 1.8094427771e+01 8.9564526051e+00 1.4822000000e+04 6.3811082258e+01 1.3138318991e+00 3.1808315840e-01 1.4550934362e-03 -9.5892830570e-02 7.2700639951e-02 -2.7952219883e+00 1.8262934432e-01 2.7222731648e+00 1.5787862351e+00 6.3811063327e+01 1.4204212891e+00 1.4425697718e+00
9.0937516960e-02 1.8100753916e+01 8.9465753902e+00 1.4822000000e+04 6.3811021977e+01 1.3137404133e+00 3.1717856381e-01 1.4569399671e-03 -9.5345535057e-02 7.2694195935e-02 -2.8031968764e+00 1.8262934432e-01 2.7269015608e+00 1.5732229340e+00 6.3811003045e+01 1.4215124690e+00 1.4434980849e+00
9.1245694473e-02 1.8107046463e+01 8.9366818419e+00 1.4822000000e+04 6.3810962353e+01 1.3136564233e+00 3.1627795651e-01 1.4587701845e-03 -9.4797972257e-02 7.2686959575e-02 -2.8111980987e+00 1.8262934432e-01 2.7315005680e+00 1.5676507065e+00 6.3810943420e+01 1.4225907661e+00 1.4444117730e+00
9.1553872333e-02 1.8113305317e+01 8.9267721151e+00 1.4822000000e+04 6.3810903372e+01 1.3135797485e+00 3.1538128681e-01 1.4605864566e-03 -9.4250136595e-02 7.2678934640e-02 -2.8192209128e+00 1.8262934432e-01 2.7360703770e+00 1.5620699841e+00 6.3810884438e+01 1.4236563362e+00 1.4453109710e+00
9.1862050544e-02 1.8119530383e+01 8.9168463643e+00 1.4822000000e+04 6.3810845031e+01 1.3135103514e+00 3.1448853072e-01 1.4623858725e-03 -9.3702024330e-02 7.2670125047e-02 -2.8272710235e+00 1.8262934432e-01 2.7406109642e+00 1.5564810471e+00 6.3810826096e+01 1.4247091790e+00 1.4461956988e+00
9.2170229120e-02 1.8125721570e+01 8.9069047441e+00 1.4822000000e+04 6.3810787332e+01 1.3134481928e+00 3.1359967180e-01 1.4641681015e-03 -9.3153629067e-02 7.2660534961e-02 -2.8353494147e+00 1.8262934432e-01 2.7451222488e+00 1.5508841514e+00 6.3810768397e+01 1.4257492977e+00 1.4470659427e+00
9.2478408068e-02 1.8131878783e+01 8.8969474095e+00 1.4822000000e+04 6.3810730275e+01 1.3133931994e+00 3.1271469175e-01 1.4659331151e-03 -9.2604942621e-02 7.2650168597e-02 -2.8434565000e+00 1.8262934432e-01 2.7496041699e+00 1.5452795757e+00 6.3810711340e+01 1.4267767333e+00 1.4479216988e+00
9.2786587380e-02 1.8138001931e+01 8.8869745154e+00 1.4822000000e+04 6.3810673848e+01 1.3133451610e+00 3.1183354877e-01 1.4676846563e-03 -9.2055956123e-02 7.2639029993e-02 -2.8515850782e+00 1.8262934432e-01 2.7540568726e+00 1.5396677554e+00 6.3810654913e+01 1.4277916770e+00 1.4487630726e+00
9.3094767056e-02 1.8144090923e+01 8.8769862162e+00 1.4822000000e+04 6.3810618043e+01 1.3133040186e+00 3.1095621018e-01 1.4694200767e-03 -9.1506667201e-02 7.2627122671e-02 -2.8597401717e+00 1.8262934432e-01 2.7584804165e+00 1.5340490204e+00 6.3810599109e+01 1.4287941558e+00 1.4495901305e+00
9.3402947106e-02 1.8150145668e+01 8.8669826662e+00 1.4822000000e+04 6.3810562863e+01 1.3132697328e+00 3.1008266007e-01 1.4711386265e-03 -9.0957069548e-02 7.2614450693e-02 -2.8679235595e+00 1.8262934432e-01 2.7628747276e+00 1.5284236363e+00 6.3810543929e+01 1.4297841762e+00 1.4504028623e+00
9.3711127541e-02 1.8156166078e+01 8.8569640203e+00 1.4822000000e+04 6.3810508308e+01 1.3132422604e+00 3.0921288290e-01 1.4728399954e-03 -9.0407156564e-02 7.2601018108e-02 -2.8761361933e+00 1.8262934432e-01 2.7672397309e+00 1.5227918728e+00 6.3810489375e+01 1.4307617495e+00 1.4512012568e+00
9.4019308360e-02 1.8162152061e+01 8.8469304333e+00 1.4822000000e+04 6.3810454371e+01 1.3132214255e+00 3.0834684921e-01 1.4745266766e-03 -8.9856918017e-02 7.2586829099e-02 -2.8843734686e+00 1.8262934432e-01 2.7715754814e+00 1.5171541163e+00 6.3810435439e+01 1.4317270330e+00 1.4519853691e+00
9.4327489555e-02 1.8168103531e+01 8.8368820596e+00 1.4822000000e+04 6.3810401041e+01 1.3132071225e+00 3.0748451802e-01 1.4761986873e-03 -8.9306349952e-02 7.2571886936e-02 -2.8926351539e+00 1.8262934432e-01 2.7758821238e+00 1.5115107429e+00 6.3810382110e+01 1.4326801083e+00 1.4527553113e+00
9.4635671136e-02 1.8174020398e+01 8.8268190533e+00 1.4822000000e+04 6.3810348318e+01 1.3131993160e+00 3.0662587214e-01 1.4778541148e-03 -8.8755447143e-02 7.2556195509e-02 -2.9009252231e+00 1.8262934432e-01 2.7801596050e+00 1.5058620349e+00 6.3810329389e+01 1.4336209803e+00 1.4535110848e+00
9.4943853112e-02 1.8179902577e+01 8.8167415691e+00 1.4822000000e+04 6.3810296203e+01 1.3131979702e+00 3.0577089730e-01 1.4794926694e-03 -8.8204203897e-02 7.2539758790e-02 -2.9092445846e+00 1.8262934432e-01 2.7844078501e+00 1.5002082730e+00 6.3810277276e+01 1.4345496549e+00 1.4542526779e+00
9.5252035489e-02 1.8185749979e+01 8.8066497615e+00 1.4822000000e+04 6.3810244695e+01 1.3132029808e+00 3.0491957432e-01 1.4811150715e-03 -8.7652612185e-02 7.2522580849e-02 -2.9175921669e+00 1.8262934432e-01 2.7886268330e+00 1.4945497940e+00 6.3810225770e+01 1.4354662139e+00 1.4549801028e+00
9.5560218258e-02 1.8191562520e+01 8.7965437851e+00 1.4822000000e+04 6.3810193780e+01 1.3132141872e+00 3.0407186378e-01 1.4827241061e-03 -8.7100667535e-02 7.2504665189e-02 -2.9259624158e+00 1.8262934432e-01 2.7928167040e+00 1.4888870408e+00 6.3810174857e+01 1.4363708020e+00 1.4556934697e+00
9.5868401423e-02 1.8197340113e+01 8.7864237939e+00 1.4822000000e+04 6.3810143457e+01 1.3132315534e+00 3.0322774400e-01 1.4843168971e-03 -8.6548366957e-02 7.2486015392e-02 -2.9343610563e+00 1.8262934432e-01 2.7969774574e+00 1.4832203312e+00 6.3810124536e+01 1.4372634272e+00 1.4563928065e+00
9.6176584994e-02 1.8203082676e+01 8.7762899423e+00 1.4822000000e+04 6.3810093726e+01 1.3132550443e+00 3.0238720149e-01 1.4858930830e-03 -8.5995704933e-02 7.2466635362e-02 -2.9427891371e+00 1.8262934432e-01 2.8011090217e+00 1.4775499575e+00 6.3810074807e+01 1.4381440974e+00 1.4570781029e+00
9.6484768980e-02 1.8208790122e+01 8.7661423848e+00 1.4822000000e+04 6.3810044587e+01 1.3132846045e+00 3.0155022190e-01 1.4874525048e-03 -8.5442675146e-02 7.2446529032e-02 -2.9512473233e+00 1.8262934432e-01 2.8052113360e+00 1.4718762300e+00 6.3810025671e+01 1.4390128435e+00 1.4577493534e+00
9.6792953376e-02 1.8214462370e+01 8.7559812760e+00 1.4822000000e+04 6.3809996030e+01 1.3133200604e+00 3.0071677369e-01 1.4889984634e-03 -8.4889270720e-02 7.2425700159e-02 -2.9597292136e+00 1.8262934432e-01 2.8092844982e+00 1.4661995886e+00 6.3809977118e+01 1.4398698272e+00 1.4584066361e+00
9.7101138179e-02 1.8220099337e+01 8.7458067699e+00 1.4822000000e+04 6.3809948050e+01 1.3133613556e+00 2.9988682833e-01 1.4905290336e-03 -8.4335490373e-02 7.2404151992e-02 -2.9682385254e+00 1.8262934432e-01 2.8133285716e+00 1.4605204043e+00 6.3809929141e+01 1.4407150816e+00 1.4590500172e+00
9.7409323400e-02 1.8225700940e+01 8.7356190208e+00 1.4822000000e+04 6.3809900647e+01 1.3134084564e+00 2.9906037256e-01 1.4920432373e-03 -8.3781329152e-02 7.2381888358e-02 -2.9767775042e+00 1.8262934432e-01 2.8173434925e+00 1.4548389855e+00 6.3809881741e+01 1.4415486157e+00 1.4596794899e+00
9.7717509047e-02 1.8231267098e+01 8.7254181830e+00 1.4822000000e+04 6.3809853822e+01 1.3134613276e+00 2.9823739377e-01 1.4935408001e-03 -8.3226781707e-02 7.2358913074e-02 -2.9853470371e+00 1.8262934432e-01 2.8213291929e+00 1.4491556416e+00 6.3809834920e+01 1.4423704403e+00 1.4602950453e+00
9.8025695121e-02 1.8236797731e+01 8.7152044110e+00 1.4822000000e+04 6.3809807569e+01 1.3135198312e+00 2.9741786931e-01 1.4950235150e-03 -8.2671838961e-02 7.2335229946e-02 -2.9939438412e+00 1.8262934432e-01 2.8252857020e+00 1.4434707590e+00 6.3809788671e+01 1.4431806809e+00 1.4608967245e+00
9.8333881616e-02 1.8242292758e+01 8.7049778591e+00 1.4822000000e+04 6.3809761879e+01 1.3135838688e+00 2.9660176600e-01 1.4964922099e-03 -8.2116499051e-02 7.2310842090e-02 -3.0025661404e+00 1.8262934432e-01 2.8292131376e+00 1.4377847612e+00 6.3809742985e+01 1.4439794198e+00 1.4614846215e+00
9.8642068539e-02 1.8247752100e+01 8.6947386811e+00 1.4822000000e+04 6.3809716752e+01 1.3136534101e+00 2.9578906892e-01 1.4979447478e-03 -8.1560758310e-02 7.2285753152e-02 -3.0112184141e+00 1.8262934432e-01 2.8331114588e+00 1.4320979790e+00 6.3809697862e+01 1.4447666640e+00 1.4620587425e+00
9.8950255900e-02 1.8253175678e+01 8.6844870315e+00 1.4822000000e+04 6.3809672188e+01 1.3137284237e+00 2.9497976637e-01 1.4993808695e-03 -8.1004611967e-02 7.2259966903e-02 -3.0199015190e+00 1.8262934432e-01 2.8369805990e+00 1.4264107367e+00 6.3809653302e+01 1.4455424225e+00 1.4626190785e+00
9.9258443704e-02 1.8258563414e+01 8.6742230644e+00 1.4822000000e+04 6.3809628185e+01 1.3138088313e+00 2.9417384373e-01 1.5008009284e-03 -8.0448053883e-02 7.2233487149e-02 -3.0286150905e+00 1.8262934432e-01 2.8408205221e+00 1.4207233989e+00 6.3809609305e+01 1.4463067571e+00 1.4631656354e+00
9.9566631943e-02 1.8263915230e+01 8.6639469344e+00 1.4822000000e+04 6.3809584735e+01 1.3138944918e+00 2.9337127017e-01 1.5022078398e-03 -7.9891080588e-02 7.2206317225e-02 -3.0373532810e+00 1.8262934432e-01 2.8446313411e+00 1.4150364303e+00 6.3809565859e+01 1.4470597992e+00 1.4636985006e+00
9.9874820622e-02 1.8269231049e+01 8.6536587952e+00 1.4822000000e+04 6.3809541833e+01 1.3139853724e+00 2.9257202637e-01 1.5035989549e-03 -7.9333690299e-02 7.2178460468e-02 -3.0461214774e+00 1.8262934432e-01 2.8484130617e+00 1.4093501985e+00 6.3809522963e+01 1.4478015609e+00 1.4642177068e+00
1.0018300975e-01 1.8274510794e+01 8.6433588010e+00 1.4822000000e+04 6.3809499481e+01 1.3140814464e+00 2.9177610069e-01 1.5049738442e-03 -7.8775878083e-02 7.2149920587e-02 -3.0549208769e+00 1.8262934432e-01 2.8521656250e+00 1.4036650345e+00 6.3809480616e+01 1.4485320483e+00 1.4647232482e+00
1.0049119933e-01 1.8279754391e+01 8.6330471061e+00 1.4822000000e+04 6.3809457678e+01 1.3141826783e+00 2.9098348072e-01 1.5063322920e-03 -7.8217638160e-02 7.2120701279e-02 -3.0637522621e+00 1.8262934432e-01 2.8558889814e+00 1.3979812742e+00 6.3809438819e+01 1.4492512774e+00 1.4652151236e+00
1.0079938937e-01 1.8284961762e+01 8.6227238648e+00 1.4822000000e+04 6.3809416418e+01 1.3142889271e+00 2.9019414277e-01 1.5076770245e-03 -7.7658965288e-02 7.2090806113e-02 -3.0726103073e+00 1.8262934432e-01 2.8595831917e+00 1.3922993761e+00 6.3809397565e+01 1.4499593818e+00 1.4656933899e+00
1.0110757986e-01 1.8290132835e+01 8.6123892310e+00 1.4822000000e+04 6.3809375695e+01 1.3144001398e+00 2.8940806229e-01 1.5090068897e-03 -7.7099859035e-02 7.2060238146e-02 -3.0814972879e+00 1.8262934432e-01 2.8632483178e+00 1.3866197583e+00 6.3809356847e+01 1.4506563982e+00 1.4661581101e+00
1.0141577080e-01 1.8295267534e+01 8.6020433586e+00 1.4822000000e+04 6.3809335507e+01 1.3145162912e+00 2.8862522788e-01 1.5103206889e-03 -7.6540315487e-02 7.2029001047e-02 -3.0904159309e+00 1.8262934432e-01 2.8668843080e+00 1.3809427767e+00 6.3809316665e+01 1.4513423330e+00 1.4666092821e+00
1.0172396222e-01 1.8300365787e+01 8.5916864019e+00 1.4822000000e+04 6.3809295857e+01 1.3146373656e+00 2.8784562870e-01 1.5116181794e-03 -7.5980329870e-02 7.1997098610e-02 -3.0993670713e+00 1.8262934432e-01 2.8704911105e+00 1.3752687723e+00 6.3809277022e+01 1.4520171826e+00 1.4670469022e+00
1.0203215410e-01 1.8305427521e+01 8.5813185150e+00 1.4822000000e+04 6.3809256741e+01 1.3147632605e+00 2.8706924855e-01 1.5129005565e-03 -7.5419896591e-02 7.1964534502e-02 -3.1083485837e+00 1.8262934432e-01 2.8740687252e+00 1.3695981731e+00 6.3809237912e+01 1.4526810397e+00 1.4674709939e+00
1.0234034645e-01 1.8310452662e+01 8.5709398519e+00 1.4822000000e+04 6.3809218149e+01 1.3148938861e+00 2.8629606071e-01 1.5141692493e-03 -7.4859014858e-02 7.1931311758e-02 -3.1173575036e+00 1.8262934432e-01 2.8776172463e+00 1.3639314483e+00 6.3809199327e+01 1.4533339842e+00 1.4678816356e+00
1.0264853927e-01 1.8315441140e+01 8.5605505664e+00 1.4822000000e+04 6.3809180082e+01 1.3150292175e+00 2.8552605198e-01 1.5154220267e-03 -7.4297682189e-02 7.1897433826e-02 -3.1263985928e+00 1.8262934432e-01 2.8811366447e+00 1.3582689842e+00 6.3809161267e+01 1.4539760234e+00 1.4682788382e+00
1.0295673257e-01 1.8320392884e+01 8.5501508125e+00 1.4822000000e+04 6.3809142540e+01 1.3151692285e+00 2.8475921274e-01 1.5166586382e-03 -7.3735894772e-02 7.1862904331e-02 -3.1354727044e+00 1.8262934432e-01 2.8846268612e+00 1.3526111597e+00 6.3809123732e+01 1.4546071672e+00 1.4686625950e+00
1.0326492635e-01 1.8325307822e+01 8.5397407444e+00 1.4822000000e+04 6.3809105521e+01 1.3153138614e+00 2.8399553168e-01 1.5178791936e-03 -7.3173648019e-02 7.1827726889e-02 -3.1445799619e+00 1.8262934432e-01 2.8880878551e+00 1.3469583824e+00 6.3809086721e+01 1.4552274603e+00 1.4690329083e+00
1.0357312062e-01 1.8330185885e+01 8.5293205162e+00 1.4822000000e+04 6.3809069019e+01 1.3154629956e+00 2.8323498502e-01 1.5190864455e-03 -7.2610939348e-02 7.1791904731e-02 -3.1537147899e+00 1.8262934432e-01 2.8915197062e+00 1.3413111506e+00 6.3809050226e+01 1.4558370186e+00 1.4693898458e+00
1.0388131536e-01 1.8335027004e+01 8.5188902816e+00 1.4822000000e+04 6.3809033030e+01 1.3156166021e+00 2.8247755568e-01 1.5202781954e-03 -7.2047767958e-02 7.1755441015e-02 -3.1628817897e+00 1.8262934432e-01 2.8949224276e+00 1.3356698893e+00 6.3809014244e+01 1.4564358558e+00 1.4697334422e+00
1.0418951060e-01 1.8339831110e+01 8.5084501945e+00 1.4822000000e+04 6.3808997553e+01 1.3157746553e+00 2.8172323441e-01 1.5214538904e-03 -7.1484130365e-02 7.1718339327e-02 -3.1720824344e+00 1.8262934432e-01 2.8982959642e+00 1.3300349976e+00 6.3808978776e+01 1.4570239826e+00 1.4700636924e+00
1.0449770634e-01 1.8344598135e+01 8.4980004090e+00 1.4822000000e+04 6.3808962590e+01 1.3159371227e+00 2.8097201199e-01 1.5226133064e-03 -7.0920022803e-02 7.1680603235e-02 -3.1813175372e+00 1.8262934432e-01 2.9016402619e+00 1.3244068837e+00 6.3808943821e+01 1.4576014179e+00 1.4703805917e+00
1.0480590257e-01 1.8349328011e+01 8.4875410793e+00 1.4822000000e+04 6.3808928136e+01 1.3161038898e+00 2.8022387069e-01 1.5237585379e-03 -7.0355441350e-02 7.1642236169e-02 -3.1905829967e+00 1.8262934432e-01 2.9049553528e+00 1.3187860418e+00 6.3808909374e+01 1.4581682718e+00 1.4706841803e+00
1.0511409929e-01 1.8354020672e+01 8.4770723590e+00 1.4822000000e+04 6.3808894183e+01 1.3162749067e+00 2.7947878977e-01 1.5248891804e-03 -6.9790386161e-02 7.1603241075e-02 -3.1998796463e+00 1.8262934432e-01 2.9082412926e+00 1.3131729466e+00 6.3808875430e+01 1.4587245834e+00 1.4709745158e+00
1.0542229652e-01 1.8358676051e+01 8.4665944021e+00 1.4822000000e+04 6.3808860733e+01 1.3164501523e+00 2.7873675969e-01 1.5260038507e-03 -6.9224855039e-02 7.1563621463e-02 -3.2092106548e+00 1.8262934432e-01 2.9114980357e+00 1.3075680245e+00 6.3808841989e+01 1.4592703601e+00 1.4712515981e+00
1.0573049426e-01 1.8363294083e+01 8.4561073626e+00 1.4822000000e+04 6.3808827786e+01 1.3166296045e+00 2.7799777214e-01 1.5271023328e-03 -6.8658845273e-02 7.1523380889e-02 -3.2185768201e+00 1.8262934432e-01 2.9147255264e+00 1.3019717025e+00 6.3808809050e+01 1.4598056103e+00 1.4715154208e+00
1.0603869251e-01 1.8367874702e+01 8.4456113944e+00 1.4822000000e+04 6.3808795339e+01 1.3168131842e+00 2.7726181499e-01 1.5281853510e-03 -6.8092352830e-02 7.1482522845e-02 -3.2279769608e+00 1.8262934432e-01 2.9179237490e+00 1.2963844566e+00 6.3808776612e+01 1.4603304068e+00 1.4717659987e+00
1.0634689127e-01 1.8372417844e+01 8.4351066515e+00 1.4822000000e+04 6.3808763385e+01 1.3170008083e+00 2.7652886692e-01 1.5292546666e-03 -6.7525377372e-02 7.1441050305e-02 -3.2374074215e+00 1.8262934432e-01 2.9210927756e+00 1.2908068084e+00 6.3808744668e+01 1.4608448271e+00 1.4720033961e+00
1.0665509054e-01 1.8376923445e+01 8.4245932877e+00 1.4822000000e+04 6.3808731923e+01 1.3171924546e+00 2.7579891621e-01 1.5303081286e-03 -6.6957917395e-02 7.1398966573e-02 -3.2468729171e+00 1.8262934432e-01 2.9242325867e+00 1.2852392118e+00 6.3808713216e+01 1.4613488811e+00 1.4722276277e+00
1.0696329033e-01 1.8381391443e+01 8.4140714567e+00 1.4822000000e+04 6.3808700954e+01 1.3173880991e+00 2.7507195490e-01 1.5313454654e-03 -6.6389969894e-02 7.1356275165e-02 -3.2563743670e+00 1.8262934432e-01 2.9273431302e+00 1.2796821132e+00 6.3808682256e+01 1.4618425812e+00 1.4724386889e+00
1.0727149066e-01 1.8385821773e+01 8.4035413127e+00 1.4822000000e+04 6.3808670477e+01 1.3175876976e+00 2.7434797408e-01 1.5323666404e-03 -6.5821531459e-02 7.1312979573e-02 -3.2659122060e+00 1.8262934432e-01 2.9304243645e+00 1.2741359800e+00 6.3808651788e+01 1.4623259625e+00 1.4726365806e+00
1.0757969150e-01 1.8390214374e+01 8.3930030095e+00 1.4822000000e+04 6.3808640485e+01 1.3177911508e+00 2.7362695586e-01 1.5333740359e-03 -6.5252601064e-02 7.1269082968e-02 -3.2754815659e+00 1.8262934432e-01 2.9334763389e+00 1.2686013625e+00 6.3808621807e+01 1.4627991222e+00 1.4728213525e+00
1.0788789288e-01 1.8394569185e+01 8.3824567009e+00 1.4822000000e+04 6.3808610976e+01 1.3179984359e+00 2.7290888571e-01 1.5343660310e-03 -6.4683179713e-02 7.1224588430e-02 -3.2850859756e+00 1.8262934432e-01 2.9364990673e+00 1.2630787610e+00 6.3808592308e+01 1.4632620724e+00 1.4729930379e+00
1.0819609478e-01 1.8398886144e+01 8.3719025406e+00 1.4822000000e+04 6.3808581950e+01 1.3182095297e+00 2.7219375582e-01 1.5353419344e-03 -6.4113264801e-02 7.1179499441e-02 -3.2947272393e+00 1.8262934432e-01 2.9394925024e+00 1.2575686461e+00 6.3808563292e+01 1.4637148258e+00 1.4731516344e+00
1.0850429723e-01 1.8403165192e+01 8.3613406826e+00 1.4822000000e+04 6.3808553407e+01 1.3184244053e+00 2.7148155864e-01 1.5363015367e-03 -6.3542853503e-02 7.1133819473e-02 -3.3044061615e+00 1.8262934432e-01 2.9424565953e+00 1.2520714957e+00 6.3808534759e+01 1.4641573997e+00 1.4732971388e+00
1.0881250022e-01 1.8407406268e+01 8.3507712808e+00 1.4822000000e+04 6.3808525342e+01 1.3186429709e+00 2.7077228089e-01 1.5372463178e-03 -6.2971943054e-02 7.1087551842e-02 -3.3141198794e+00 1.8262934432e-01 2.9453913571e+00 1.2465878559e+00 6.3808506706e+01 1.4645898840e+00 1.4734295793e+00
1.0912070374e-01 1.8411609314e+01 8.3401944889e+00 1.4822000000e+04 6.3808497752e+01 1.3188651791e+00 2.7006590550e-01 1.5381765067e-03 -6.2400534123e-02 7.1040699447e-02 -3.3238679612e+00 1.8262934432e-01 2.9482968332e+00 1.2411182692e+00 6.3808479126e+01 1.4650123200e+00 1.4735490059e+00
1.0942890782e-01 1.8415774270e+01 8.3296104607e+00 1.4822000000e+04 6.3808470636e+01 1.3190910078e+00 2.6936242401e-01 1.5390906098e-03 -6.1828624825e-02 7.0993265678e-02 -3.3336538991e+00 1.8262934432e-01 2.9511729885e+00 1.2356632344e+00 6.3808452021e+01 1.4654247201e+00 1.4736554228e+00
1.0973711244e-01 1.8419901080e+01 8.3190193498e+00 1.4822000000e+04 6.3808443993e+01 1.3193204383e+00 2.6866182964e-01 1.5399884326e-03 -6.1256213634e-02 7.0945254006e-02 -3.3434784707e+00 1.8262934432e-01 2.9540197726e+00 1.2302232567e+00 6.3808425390e+01 1.4658270941e+00 1.4737488253e+00
1.1004531763e-01 1.8423989685e+01 8.3084213101e+00 1.4822000000e+04 6.3808417823e+01 1.3195534127e+00 2.6796411329e-01 1.5408703523e-03 -6.0683298399e-02 7.0896667820e-02 -3.3533412225e+00 1.8262934432e-01 2.9568371604e+00 1.2247988781e+00 6.3808399231e+01 1.4662194953e+00 1.4738292222e+00
1.1035352337e-01 1.8428040028e+01 8.2978164955e+00 1.4822000000e+04 6.3808392120e+01 1.3197898566e+00 2.6726925828e-01 1.5417381937e-03 -6.0109879269e-02 7.0847510069e-02 -3.3632383412e+00 1.8262934432e-01 2.9596252019e+00 1.2193906837e+00 6.3808373540e+01 1.4666019963e+00 1.4738966642e+00
1.1066172966e-01 1.8432052055e+01 8.2872050595e+00 1.4822000000e+04 6.3808366882e+01 1.3200297582e+00 2.6657725458e-01 1.5425900522e-03 -5.9535957048e-02 7.0797783982e-02 -3.3731741567e+00 1.8262934432e-01 2.9623838828e+00 1.2139992116e+00 6.3808348313e+01 1.4669745997e+00 1.4739511670e+00
1.1096993653e-01 1.8436025708e+01 8.2765871558e+00 1.4822000000e+04 6.3808342109e+01 1.3202731003e+00 2.6588809566e-01 1.5434256133e-03 -5.8961530321e-02 7.0747493017e-02 -3.3831497136e+00 1.8262934432e-01 2.9651131565e+00 1.2086249899e+00 6.3808323553e+01 1.4673373147e+00 1.4739927276e+00
1.1127814396e-01 1.8439960934e+01 8.2659629382e+00 1.4822000000e+04 6.3808317802e+01 1.3205198486e+00 2.6520177438e-01 1.5442447628e-03 -5.8386596701e-02 7.0696640581e-02 -3.3931656339e+00 1.8262934432e-01 2.9678129834e+00 1.2032685599e+00 6.3808299257e+01 1.4676901697e+00 1.4740213466e+00
1.1158635196e-01 1.8443857677e+01 8.2553325604e+00 1.4822000000e+04 6.3808293955e+01 1.3207699175e+00 2.6451827708e-01 1.5450493926e-03 -5.7811155200e-02 7.0645229764e-02 -3.4032180416e+00 1.8262934432e-01 2.9704833913e+00 1.1979305289e+00 6.3808275423e+01 1.4680332507e+00 1.4740370617e+00
1.1189456054e-01 1.8447715885e+01 8.2446961759e+00 1.4822000000e+04 6.3808270566e+01 1.3210232805e+00 2.6383759119e-01 1.5458384795e-03 -5.7235206459e-02 7.0593263564e-02 -3.4133093114e+00 1.8262934432e-01 2.9731243959e+00 1.1926114709e+00 6.3808252047e+01 1.4683665781e+00 1.4740399054e+00
1.1220276970e-01 1.8451535503e+01 8.2340539383e+00 1.4822000000e+04 6.3808247635e+01 1.3212799162e+00 2.6315971005e-01 1.5466112224e-03 -5.6658748669e-02 7.0540745385e-02 -3.4234415458e+00 1.8262934432e-01 2.9757359575e+00 1.1873119386e+00 6.3808229128e+01 1.4686901669e+00 1.4740298781e+00
1.1251097944e-01 1.8455316479e+01 8.2234060012e+00 1.4822000000e+04 6.3808225161e+01 1.3215398014e+00 2.6248462741e-01 1.5473674342e-03 -5.6081779803e-02 7.0487678636e-02 -3.4336155326e+00 1.8262934432e-01 2.9783180333e+00 1.1820324909e+00 6.3808206667e+01 1.4690040343e+00 1.4740069785e+00
1.1281918977e-01 1.8459058762e+01 8.2127525182e+00 1.4822000000e+04 6.3808203142e+01 1.3218028637e+00 2.6181233333e-01 1.5481080589e-03 -5.5504298087e-02 7.0434066548e-02 -3.4438295386e+00 1.8262934432e-01 2.9808706193e+00 1.1767737397e+00 6.3808184661e+01 1.4693082526e+00 1.4739712263e+00
1.1312740068e-01 1.8462762299e+01 8.2020936429e+00 1.4822000000e+04 6.3808181574e+01 1.3220690587e+00 2.6114281410e-01 1.5488337501e-03 -5.4926304622e-02 7.0379912014e-02 -3.4540822619e+00 1.8262934432e-01 2.9833937490e+00 1.1715363041e+00 6.3808163106e+01 1.4696028634e+00 1.4739226632e+00
1.1343561219e-01 1.8466427039e+01 8.1914295286e+00 1.4822000000e+04 6.3808160456e+01 1.3223383662e+00 2.6047606235e-01 1.5495430380e-03 -5.4347798357e-02 7.0325218343e-02 -3.4643772576e+00 1.8262934432e-01 2.9858873949e+00 1.1663207675e+00 6.3808142002e+01 1.4698878812e+00 1.4738612964e+00
1.1374382430e-01 1.8470052933e+01 8.1807603288e+00 1.4822000000e+04 6.3808139789e+01 1.3226107651e+00 2.5981207223e-01 1.5502357331e-03 -5.3768777497e-02 7.0269988940e-02 -3.4747153289e+00 1.8262934432e-01 2.9883515157e+00 1.1611277145e+00 6.3808121348e+01 1.4701633223e+00 1.4737871248e+00
1.1405203701e-01 1.8473639930e+01 8.1700861969e+00 1.4822000000e+04 6.3808119571e+01 1.3228862087e+00 2.5915083658e-01 1.5509119752e-03 -5.3189240161e-02 7.0214227111e-02 -3.4850965531e+00 1.8262934432e-01 2.9907860844e+00 1.1559577580e+00 6.3808101144e+01 1.4704292311e+00 1.4737001553e+00
1.1436025032e-01 1.8477187982e+01 8.1594072865e+00 1.4822000000e+04 6.3808099798e+01 1.3231646316e+00 2.5849234267e-01 1.5515734018e-03 -5.2609186897e-02 7.0157935796e-02 -3.4955174997e+00 1.8262934432e-01 2.9931911310e+00 1.1508115553e+00 6.3808081385e+01 1.4706856739e+00 1.4736004268e+00
1.1466846424e-01 1.8480697038e+01 8.1487237508e+00 1.4822000000e+04 6.3808080469e+01 1.3234460144e+00 2.5783658165e-01 1.5522185126e-03 -5.2028617791e-02 7.0101118141e-02 -3.5059817639e+00 1.8262934432e-01 2.9955666475e+00 1.1456897250e+00 6.3808062070e+01 1.4709326654e+00 1.4734879574e+00
1.1497667877e-01 1.8484167052e+01 8.1380357430e+00 1.4822000000e+04 6.3808061583e+01 1.3237303357e+00 2.5718354794e-01 1.5528469319e-03 -5.1447531282e-02 7.0043777534e-02 -3.5164905731e+00 1.8262934432e-01 2.9979125955e+00 1.1405928795e+00 6.3808043198e+01 1.4711702228e+00 1.4733627471e+00
1.1528489391e-01 1.8487597976e+01 8.1273434165e+00 1.4822000000e+04 6.3808043141e+01 1.3240175673e+00 2.5653323608e-01 1.5534585140e-03 -5.0865926697e-02 6.9985917344e-02 -3.5270446545e+00 1.8262934432e-01 3.0002289356e+00 1.1355216519e+00 6.3808024770e+01 1.4713983715e+00 1.4732247959e+00
1.1559310968e-01 1.8490989762e+01 8.1166469246e+00 1.4822000000e+04 6.3808025138e+01 1.3243076392e+00 2.5588563617e-01 1.5540546090e-03 -5.0283804540e-02 6.9927540631e-02 -3.5376412906e+00 1.8262934432e-01 3.0025156747e+00 1.1304767273e+00 6.3808006782e+01 1.4716171831e+00 1.4730741294e+00
1.1590132607e-01 1.8494342365e+01 8.1059464204e+00 1.4822000000e+04 6.3808007574e+01 1.3246005251e+00 2.5524073793e-01 1.5546347366e-03 -4.9701165948e-02 6.9868650382e-02 -3.5482817733e+00 1.8262934432e-01 3.0047728241e+00 1.1254587646e+00 6.3807989232e+01 1.4718266812e+00 1.4729107764e+00
1.1620954309e-01 1.8497655739e+01 8.0952420571e+00 1.4822000000e+04 6.3807990446e+01 1.3248962053e+00 2.5459853579e-01 1.5551980442e-03 -4.9118010399e-02 6.9809249954e-02 -3.5589684056e+00 1.8262934432e-01 3.0070003498e+00 1.1204684093e+00 6.3807972120e+01 1.4720268823e+00 1.4727347391e+00
1.1651776074e-01 1.8500929837e+01 8.0845339878e+00 1.4822000000e+04 6.3807973756e+01 1.3251946604e+00 2.5395902484e-01 1.5557443664e-03 -4.8534337817e-02 6.9749342723e-02 -3.5697019695e+00 1.8262934432e-01 3.0091982117e+00 1.1155063169e+00 6.3807955445e+01 1.4722178029e+00 1.4725460162e+00
1.1682597902e-01 1.8504164617e+01 8.0738223656e+00 1.4822000000e+04 6.3807957501e+01 1.3254958340e+00 2.5332219762e-01 1.5562742211e-03 -4.7950147336e-02 6.9688931859e-02 -3.5804816822e+00 1.8262934432e-01 3.0113663965e+00 1.1105731739e+00 6.3807939205e+01 1.4723995008e+00 1.4723446218e+00
1.1713419794e-01 1.8507360034e+01 8.0631073436e+00 1.4822000000e+04 6.3807941679e+01 1.3257996849e+00 2.5268804353e-01 1.5567884302e-03 -4.7365440450e-02 6.9628020281e-02 -3.5913059034e+00 1.8262934432e-01 3.0135049237e+00 1.1056696798e+00 6.3807923398e+01 1.4725720176e+00 1.4721305890e+00
1.1744241750e-01 1.8510516044e+01 8.0523890748e+00 1.4822000000e+04 6.3807926288e+01 1.3261061938e+00 2.5205655622e-01 1.5572857010e-03 -4.6780216887e-02 6.9566611252e-02 -3.6021779303e+00 1.8262934432e-01 3.0156137721e+00 1.1007965066e+00 6.3807908023e+01 1.4727353698e+00 1.4719039269e+00
1.1775063771e-01 1.8513632605e+01 8.0416677119e+00 1.4822000000e+04 6.3807911329e+01 1.3264153399e+00 2.5142773082e-01 1.5577658377e-03 -4.6194475525e-02 6.9504708144e-02 -3.6130986286e+00 1.8262934432e-01 3.0176929070e+00 1.0959543274e+00 6.3807893080e+01 1.4728895763e+00 1.4716646366e+00
1.1805885858e-01 1.8516709673e+01 8.0309434081e+00 1.4822000000e+04 6.3807896801e+01 1.3267270866e+00 2.5080156170e-01 1.5582288359e-03 -4.5608215313e-02 6.9442314226e-02 -3.6240684345e+00 1.8262934432e-01 3.0197423008e+00 1.0911438352e+00 6.3807878567e+01 1.4730346739e+00 1.4714127239e+00
1.1836708009e-01 1.8519747209e+01 8.0202163160e+00 1.4822000000e+04 6.3807882700e+01 1.3270413781e+00 2.5017803942e-01 1.5586759575e-03 -4.5021437264e-02 6.9379432437e-02 -3.6350847535e+00 1.8262934432e-01 3.0217619661e+00 1.0863657618e+00 6.3807864483e+01 1.4731707209e+00 1.4711482175e+00
1.1867530227e-01 1.8522745169e+01 8.0094865884e+00 1.4822000000e+04 6.3807869026e+01 1.3273581953e+00 2.4955715666e-01 1.5591061778e-03 -4.4434142134e-02 6.9316065912e-02 -3.6461502588e+00 1.8262934432e-01 3.0237518960e+00 1.0816208118e+00 6.3807850825e+01 1.4732977348e+00 1.4708711346e+00
1.1898352510e-01 1.8525703514e+01 7.9987543780e+00 1.4822000000e+04 6.3807855778e+01 1.3276775175e+00 2.4893890870e-01 1.5595190809e-03 -4.3846329059e-02 6.9252218011e-02 -3.6572663377e+00 1.8262934432e-01 3.0257120587e+00 1.0769096849e+00 6.3807837593e+01 1.4734157354e+00 1.4705814777e+00
1.1929174861e-01 1.8528622204e+01 7.9880198375e+00 1.4822000000e+04 6.3807842956e+01 1.3279993254e+00 2.4832329061e-01 1.5599145175e-03 -4.3257996750e-02 6.9187892066e-02 -3.6684337762e+00 1.8262934432e-01 3.0276424255e+00 1.0722330820e+00 6.3807824788e+01 1.4735247407e+00 1.4702792509e+00
1.1959997278e-01 1.8531501198e+01 7.9772831194e+00 1.4822000000e+04 6.3807830558e+01 1.3283235733e+00 2.4771029465e-01 1.5602933085e-03 -4.2669144898e-02 6.9123091106e-02 -3.6796510591e+00 1.8262934432e-01 3.0295429966e+00 1.0675917392e+00 6.3807812407e+01 1.4736247985e+00 1.4699644758e+00
1.1990819763e-01 1.8534340458e+01 7.9665443762e+00 1.4822000000e+04 6.3807818582e+01 1.3286502369e+00 2.4709991278e-01 1.5606553716e-03 -4.2079775064e-02 6.9057818145e-02 -3.6909186790e+00 1.8262934432e-01 3.0314137763e+00 1.0629863955e+00 6.3807800448e+01 1.4737159329e+00 1.4696371758e+00
1.2021642315e-01 1.8537139945e+01 7.9558037603e+00 1.4822000000e+04 6.3807807028e+01 1.3289792970e+00 2.4649214019e-01 1.5609999056e-03 -4.1489886841e-02 6.8992076508e-02 -3.7022389316e+00 1.8262934432e-01 3.0332547387e+00 1.0584177758e+00 6.3807788910e+01 1.4737981627e+00 1.4692973563e+00
1.2052464937e-01 1.8539899620e+01 7.9450614240e+00 1.4822000000e+04 6.3807795895e+01 1.3293107338e+00 2.4588697256e-01 1.5613267635e-03 -4.0899479477e-02 6.8925869553e-02 -3.7136126136e+00 1.8262934432e-01 3.0350658531e+00 1.0538866088e+00 6.3807777794e+01 1.4738715076e+00 1.4689450198e+00
1.2083287626e-01 1.8542619448e+01 7.9343175196e+00 1.4822000000e+04 6.3807785182e+01 1.3296445045e+00 2.4528440430e-01 1.5616361540e-03 -4.0308552698e-02 6.8859200413e-02 -3.7250396855e+00 1.8262934432e-01 3.0368471011e+00 1.0493936502e+00 6.3807767099e+01 1.4739360128e+00 1.4685801771e+00
1.2114110385e-01 1.8545299390e+01 7.9235721994e+00 1.4822000000e+04 6.3807774888e+01 1.3299805731e+00 2.4468442759e-01 1.5619288024e-03 -3.9717108275e-02 6.8792072041e-02 -3.7365187776e+00 1.8262934432e-01 3.0385984881e+00 1.0449396711e+00 6.3807756822e+01 1.4739917166e+00 1.4682028526e+00
1.2144933214e-01 1.8547939410e+01 7.9128256154e+00 1.4822000000e+04 6.3807765010e+01 1.3303189221e+00 2.4408703721e-01 1.5622037400e-03 -3.9125146559e-02 6.8724487690e-02 -3.7480525879e+00 1.8262934432e-01 3.0403199968e+00 1.0405254214e+00 6.3807746962e+01 1.4740386366e+00 1.4678130563e+00
1.2175756112e-01 1.8550539473e+01 7.9020779197e+00 1.4822000000e+04 6.3807755550e+01 1.3306595316e+00 2.4349222907e-01 1.5624607642e-03 -3.8532666983e-02 6.8656450718e-02 -3.7596420654e+00 1.8262934432e-01 3.0420115987e+00 1.0361516513e+00 6.3807737520e+01 1.4740767931e+00 1.4674107913e+00
1.2206579081e-01 1.8553099543e+01 7.8913292642e+00 1.4822000000e+04 6.3807746506e+01 1.3310023731e+00 2.4289999875e-01 1.5626997945e-03 -3.7939669111e-02 6.8587964377e-02 -3.7712878794e+00 1.8262934432e-01 3.0436732684e+00 1.0318191239e+00 6.3807728494e+01 1.4741062166e+00 1.4669960635e+00
1.2237402121e-01 1.8555619584e+01 7.8805798008e+00 1.4822000000e+04 6.3807737877e+01 1.3313474020e+00 2.4231033954e-01 1.5629216050e-03 -3.7346154296e-02 6.8519031610e-02 -3.7829885970e+00 1.8262934432e-01 3.0453050032e+00 1.0275286315e+00 6.3807719883e+01 1.4741269555e+00 1.4665688932e+00
1.2268225232e-01 1.8558099565e+01 7.8698296814e+00 1.4822000000e+04 6.3807729662e+01 1.3316946005e+00 2.4172324571e-01 1.5631256252e-03 -3.6752123786e-02 6.8449655578e-02 -3.7947459814e+00 1.8262934432e-01 3.0469067942e+00 1.0232809486e+00 6.3807711686e+01 1.4741390283e+00 1.4661292950e+00
1.2299048415e-01 1.8560539449e+01 7.8590790575e+00 1.4822000000e+04 6.3807721860e+01 1.3320439492e+00 2.4113871335e-01 1.5633114617e-03 -3.6157577287e-02 6.8379839630e-02 -3.8065614576e+00 1.8262934432e-01 3.0484786159e+00 1.0190768444e+00 6.3807703903e+01 1.4741424560e+00 1.4656772736e+00
1.2329871670e-01 1.8562939205e+01 7.8483280809e+00 1.4822000000e+04 6.3807714471e+01 1.3323954264e+00 2.4055673860e-01 1.5634789792e-03 -3.5562514426e-02 6.8309587093e-02 -3.8184358487e+00 1.8262934432e-01 3.0500204421e+00 1.0149170930e+00 6.3807696532e+01 1.4741372619e+00 1.4652128332e+00
1.2360694997e-01 1.8565298799e+01 7.8375769030e+00 1.4822000000e+04 6.3807707494e+01 1.3327489900e+00 2.3997731612e-01 1.5636285333e-03 -3.4966935933e-02 6.8238900973e-02 -3.8303687751e+00 1.8262934432e-01 3.0515322593e+00 1.0108024953e+00 6.3807689574e+01 1.4741234922e+00 1.4647359878e+00
1.2391518398e-01 1.8567618201e+01 7.8268256753e+00 1.4822000000e+04 6.3807700927e+01 1.3331046174e+00 2.3940044014e-01 1.5637602122e-03 -3.4370843705e-02 6.8167784339e-02 -3.8423604424e+00 1.8262934432e-01 3.0530140622e+00 1.0067338477e+00 6.3807683026e+01 1.4741011719e+00 1.4642467547e+00
1.2422341872e-01 1.8569897377e+01 7.8160745490e+00 1.4822000000e+04 6.3807694771e+01 1.3334622899e+00 2.3882610669e-01 1.5638734137e-03 -3.3774237930e-02 6.8096240513e-02 -3.8544128022e+00 1.8262934432e-01 3.0544658298e+00 1.0027119351e+00 6.3807676889e+01 1.4740703215e+00 1.4637451406e+00
1.2453165420e-01 1.8572136297e+01 7.8053236755e+00 1.4822000000e+04 6.3807689024e+01 1.3338219878e+00 2.3825431224e-01 1.5639680036e-03 -3.3177118388e-02 6.8024272855e-02 -3.8665266987e+00 1.8262934432e-01 3.0558875376e+00 9.9873754334e-01 6.3807671161e+01 1.4740309632e+00 1.4632311499e+00
1.2483989043e-01 1.8574334931e+01 7.7945732059e+00 1.4822000000e+04 6.3807683686e+01 1.3341836786e+00 2.3768505257e-01 1.5640439880e-03 -3.2579485340e-02 6.7951884490e-02 -3.8787026387e+00 1.8262934432e-01 3.0572791650e+00 9.9481147318e-01 6.3807665842e+01 1.4739831331e+00 1.4627047919e+00
1.2514812740e-01 1.8576493249e+01 7.7838232911e+00 1.4822000000e+04 6.3807678756e+01 1.3345473318e+00 2.3711832238e-01 1.5641017635e-03 -3.1981340804e-02 6.7879078405e-02 -3.8909401210e+00 1.8262934432e-01 3.0586407036e+00 9.9093453691e-01 6.3807660932e+01 1.4739268655e+00 1.4621660827e+00
1.2545636513e-01 1.8578611222e+01 7.7730740822e+00 1.4822000000e+04 6.3807674233e+01 1.3349129305e+00 2.3655411762e-01 1.5641407862e-03 -3.1382685690e-02 6.7805857883e-02 -3.9032409813e+00 1.8262934432e-01 3.0599721373e+00 9.8710753070e-01 6.3807656429e+01 1.4738621798e+00 1.4616150318e+00
1.2576460361e-01 1.8580688820e+01 7.7623257298e+00 1.4822000000e+04 6.3807670117e+01 1.3352804548e+00 2.3599243494e-01 1.5641608701e-03 -3.0783519962e-02 6.7732226285e-02 -3.9156062176e+00 1.8262934432e-01 3.0612734435e+00 9.8333124847e-01 6.3807652332e+01 1.4737890989e+00 1.4610516443e+00
1.2607284286e-01 1.8582726015e+01 7.7515783848e+00 1.4822000000e+04 6.3807666407e+01 1.3356498807e+00 2.3543327086e-01 1.5641619078e-03 -3.0183843718e-02 6.7658186873e-02 -3.9280366456e+00 1.8262934432e-01 3.0625446004e+00 9.7960648891e-01 6.3807648643e+01 1.4737076502e+00 1.4604759268e+00
1.2638108288e-01 1.8584722780e+01 7.7408321976e+00 1.4822000000e+04 6.3807663103e+01 1.3360211741e+00 2.3487662086e-01 1.5641441402e-03 -2.9583658612e-02 6.7583742590e-02 -3.9405321990e+00 1.8262934432e-01 3.0637855928e+00 9.7593406794e-01 6.3807645359e+01 1.4736178728e+00 1.4598878929e+00
1.2668932366e-01 1.8586679087e+01 7.7300873188e+00 1.4822000000e+04 6.3807660204e+01 1.3363943180e+00 2.3432248096e-01 1.5641073423e-03 -2.8982966318e-02 6.7508896663e-02 -3.9530939598e+00 1.8262934432e-01 3.0649964067e+00 9.7231478830e-01 6.3807642480e+01 1.4735197866e+00 1.4592875532e+00
1.2699756523e-01 1.8588594909e+01 7.7193438987e+00 1.4822000000e+04 6.3807657709e+01 1.3367692928e+00 2.3377084797e-01 1.5640512467e-03 -2.8381767099e-02 6.7433652451e-02 -3.9657231597e+00 1.8262934432e-01 3.0661770222e+00 9.6874944610e-01 6.3807640006e+01 1.4734134150e+00 1.4586749139e+00
1.2730580757e-01 1.8590470222e+01 7.7086020875e+00 1.4822000000e+04 6.3807655619e+01 1.3371460781e+00 2.3322171878e-01 1.5639757382e-03 -2.7780061098e-02 6.7358013298e-02 -3.9784206634e+00 1.8262934432e-01 3.0673274185e+00 9.6523883668e-01 6.3807637936e+01 1.4732987822e+00 1.4580499813e+00
1.2761405071e-01 1.8592304998e+01 7.6978620353e+00 1.4822000000e+04 6.3807653932e+01 1.3375246429e+00 2.3267508969e-01 1.5638808075e-03 -2.7177849436e-02 6.7281982202e-02 -3.9911870736e+00 1.8262934432e-01 3.0684475760e+00 9.6178376697e-01 6.3807636269e+01 1.4731759242e+00 1.4574127657e+00
1.2792229463e-01 1.8594099212e+01 7.6871238921e+00 1.4822000000e+04 6.3807652648e+01 1.3379049673e+00 2.3213095706e-01 1.5637664445e-03 -2.6575134295e-02 6.7205562301e-02 -4.0040229839e+00 1.8262934432e-01 3.0695374785e+00 9.5838503961e-01 6.3807635006e+01 1.4730448649e+00 1.4567632776e+00
1.2823053935e-01 1.8595852841e+01 7.6763878077e+00 1.4822000000e+04 6.3807651766e+01 1.3382870329e+00 2.3158931786e-01 1.5636323982e-03 -2.5971916428e-02 6.7128756950e-02 -4.0169296202e+00 1.8262934432e-01 3.0705971079e+00 9.5504344581e-01 6.3807634145e+01 1.4729056270e+00 1.4561015241e+00
1.2853878488e-01 1.8597565860e+01 7.6656539319e+00 1.4822000000e+04 6.3807651286e+01 1.3386708197e+00 2.3105016922e-01 1.5634785552e-03 -2.5368196119e-02 6.7051569522e-02 -4.0299078769e+00 1.8262934432e-01 3.0716264456e+00 9.5175977279e-01 6.3807633687e+01 1.4727582348e+00 1.4554275117e+00
1.2884703121e-01 1.8599238246e+01 7.6549224142e+00 1.4822000000e+04 6.3807651208e+01 1.3390563029e+00 2.3051350802e-01 1.5633048090e-03 -2.4763974091e-02 6.6974003161e-02 -4.0429586397e+00 1.8262934432e-01 3.0726254717e+00 9.4853480997e-01 6.3807633630e+01 1.4726027180e+00 1.4547412490e+00
1.2915527835e-01 1.8600869975e+01 7.6441934040e+00 1.4822000000e+04 6.3807651532e+01 1.3394434589e+00 2.2997933114e-01 1.5631110543e-03 -2.4159252582e-02 6.6896060884e-02 -4.0560828004e+00 1.8262934432e-01 3.0735941647e+00 9.4536934964e-01 6.3807633975e+01 1.4724391055e+00 1.4540427452e+00
1.2946352630e-01 1.8602461025e+01 7.6334670506e+00 1.4822000000e+04 6.3807652257e+01 1.3398322712e+00 2.2944763584e-01 1.5628971881e-03 -2.3554033001e-02 6.6817746043e-02 -4.0692812549e+00 1.8262934432e-01 3.0745325068e+00 9.4226416993e-01 6.3807634722e+01 1.4722674182e+00 1.4533320073e+00
1.2977177508e-01 1.8604011375e+01 7.6227435032e+00 1.4822000000e+04 6.3807653382e+01 1.3402227195e+00 2.2891841947e-01 1.5626631084e-03 -2.2948315835e-02 6.6739062019e-02 -4.0825549056e+00 1.8262934432e-01 3.0754404810e+00 9.3922004206e-01 6.3807635868e+01 1.4720876815e+00 1.4526090424e+00
1.3008002469e-01 1.8605521003e+01 7.6120229108e+00 1.4822000000e+04 6.3807654907e+01 1.3406147827e+00 2.2839167929e-01 1.5624087125e-03 -2.2342101666e-02 6.6660012107e-02 -4.0959046660e+00 1.8262934432e-01 3.0763180701e+00 9.3623773283e-01 6.3807637416e+01 1.4718999215e+00 1.4518738585e+00
1.3038827513e-01 1.8606989887e+01 7.6013054221e+00 1.4822000000e+04 6.3807656832e+01 1.3410084370e+00 2.2786741261e-01 1.5621337312e-03 -2.1735392400e-02 6.6580599249e-02 -4.1093319017e+00 1.8262934432e-01 3.0771652491e+00 9.3331801070e-01 6.3807639363e+01 1.4717041679e+00 1.4511264638e+00
1.3069652640e-01 1.8608418009e+01 7.5905911860e+00 1.4822000000e+04 6.3807659158e+01 1.3414036667e+00 2.2734561723e-01 1.5618380784e-03 -2.1128190083e-02 6.6500826768e-02 -4.1228375264e+00 1.8262934432e-01 3.0779819965e+00 9.3046163185e-01 6.3807641711e+01 1.4715004413e+00 1.4503668639e+00
1.3100477852e-01 1.8609805347e+01 7.5798803510e+00 1.4822000000e+04 6.3807661882e+01 1.3418004520e+00 2.2682629073e-01 1.5615217633e-03 -2.0520495518e-02 6.6420698057e-02 -4.1364221978e+00 1.8262934432e-01 3.0787682963e+00 9.2766934217e-01 6.3807644458e+01 1.4712887671e+00 1.4495950661e+00
1.3131303149e-01 1.8611151883e+01 7.5691730653e+00 1.4822000000e+04 6.3807665006e+01 1.3421987726e+00 2.2630943066e-01 1.5611846949e-03 -1.9912309341e-02 6.6340216496e-02 -4.1500868403e+00 1.8262934432e-01 3.0795241339e+00 9.2494187924e-01 6.3807647604e+01 1.4710691714e+00 1.4488110783e+00
1.3162128531e-01 1.8612457598e+01 7.5584694773e+00 1.4822000000e+04 6.3807668529e+01 1.3425986072e+00 2.2579503459e-01 1.5608266119e-03 -1.9303633003e-02 6.6259385087e-02 -4.1638328423e+00 1.8262934432e-01 3.0802494862e+00 9.2227997586e-01 6.3807651149e+01 1.4708416812e+00 1.4480149091e+00
1.3192953999e-01 1.8613722473e+01 7.5477697350e+00 1.4822000000e+04 6.3807672451e+01 1.3429999398e+00 2.2528310091e-01 1.5604471340e-03 -1.8694468928e-02 6.6178207046e-02 -4.1776619615e+00 1.8262934432e-01 3.0809443251e+00 9.1968435557e-01 6.3807655094e+01 1.4706063183e+00 1.4472065619e+00
1.3223779553e-01 1.8614946492e+01 7.5370739863e+00 1.4822000000e+04 6.3807676772e+01 1.3434027522e+00 2.2477362765e-01 1.5600464883e-03 -1.8084818396e-02 6.6096685795e-02 -4.1915743362e+00 1.8262934432e-01 3.0816086332e+00 9.1715572854e-01 6.3807659438e+01 1.4703631069e+00 1.4463860431e+00
1.3254605194e-01 1.8616129636e+01 7.5263823788e+00 1.4822000000e+04 6.3807681491e+01 1.3438070236e+00 2.2426661256e-01 1.5596246144e-03 -1.7474682194e-02 6.6014824740e-02 -4.2055708556e+00 1.8262934432e-01 3.0822423977e+00 9.1469479403e-01 6.3807664180e+01 1.4701120740e+00 1.4455533610e+00
1.3285430923e-01 1.8617271889e+01 7.5156950602e+00 1.4822000000e+04 6.3807686608e+01 1.3442127349e+00 2.2376205340e-01 1.5591813644e-03 -1.6864061448e-02 6.5932627061e-02 -4.2196526523e+00 1.8262934432e-01 3.0828456013e+00 9.1230224034e-01 6.3807669320e+01 1.4698532452e+00 1.4447085247e+00
1.3316256740e-01 1.8618373235e+01 7.5050121777e+00 1.4822000000e+04 6.3807692124e+01 1.3446198704e+00 2.2325994894e-01 1.5587160278e-03 -1.6252958577e-02 6.5850095800e-02 -4.2338224303e+00 1.8262934432e-01 3.0834182105e+00 9.0997874561e-01 6.3807674860e+01 1.4695866419e+00 1.4438515372e+00
1.3347082645e-01 1.8619433659e+01 7.4943338786e+00 1.4822000000e+04 6.3807698039e+01 1.3450284140e+00 2.2276029792e-01 1.5582288618e-03 -1.5641375440e-02 6.5767234419e-02 -4.2480803186e+00 1.8262934432e-01 3.0839602030e+00 9.0772497338e-01 6.3807680798e+01 1.4693122868e+00 1.4429824018e+00
1.3377908640e-01 1.8620453145e+01 7.4836603098e+00 1.4822000000e+04 6.3807704351e+01 1.3454383451e+00 2.2226309836e-01 1.5577199645e-03 -1.5029313036e-02 6.5684046340e-02 -4.2624268338e+00 1.8262934432e-01 3.0844715666e+00 9.0554157393e-01 6.3807687134e+01 1.4690302074e+00 1.4421011271e+00
1.3408734724e-01 1.8621431679e+01 7.4729916182e+00 1.4822000000e+04 6.3807711062e+01 1.3458496438e+00 2.2176834821e-01 1.5571892590e-03 -1.4416772409e-02 6.5600534906e-02 -4.2768629675e+00 1.8262934432e-01 3.0849522894e+00 9.0342918314e-01 6.3807693868e+01 1.4687404303e+00 1.4412077227e+00
1.3439560899e-01 1.8622369246e+01 7.4623279503e+00 1.4822000000e+04 6.3807718170e+01 1.3462622966e+00 2.2127604621e-01 1.5566360420e-03 -1.3803755662e-02 6.5516703064e-02 -4.2913914613e+00 1.8262934432e-01 3.0854023395e+00 9.0138842115e-01 6.3807701000e+01 1.4684429754e+00 1.4403021932e+00
1.3470387165e-01 1.8623265834e+01 7.4516694525e+00 1.4822000000e+04 6.3807725678e+01 1.3466762895e+00 2.2078619205e-01 1.5560600864e-03 -1.3190265161e-02 6.5432554256e-02 -4.3060138461e+00 1.8262934432e-01 3.0858216852e+00 8.9941989345e-01 6.3807708532e+01 1.4681378634e+00 1.4393845380e+00
1.3501213522e-01 1.8624121429e+01 7.4410162712e+00 1.4822000000e+04 6.3807733583e+01 1.3470916026e+00 2.2029878415e-01 1.5554618560e-03 -1.2576302233e-02 6.5348091939e-02 -4.3207297037e+00 1.8262934432e-01 3.0862103133e+00 8.9752419038e-01 6.3807716461e+01 1.4678251216e+00 1.4384547646e+00
1.3532039971e-01 1.8624936019e+01 7.4303685523e+00 1.4822000000e+04 6.3807741887e+01 1.3475082149e+00 2.1981382066e-01 1.5548412970e-03 -1.1961868002e-02 6.5263319541e-02 -4.3355400194e+00 1.8262934432e-01 3.0865682148e+00 8.9570188566e-01 6.3807724789e+01 1.4675047782e+00 1.4375128831e+00
1.3562866513e-01 1.8625709592e+01 7.4197264415e+00 1.4822000000e+04 6.3807750588e+01 1.3479261135e+00 2.1933130017e-01 1.5541980083e-03 -1.1346964195e-02 6.5178240091e-02 -4.3504467584e+00 1.8262934432e-01 3.0868953662e+00 8.9395353206e-01 6.3807733515e+01 1.4671768534e+00 1.4365589009e+00
1.3593693149e-01 1.8626442136e+01 7.4090900846e+00 1.4822000000e+04 6.3807759688e+01 1.3483452874e+00 2.1885122302e-01 1.5535310031e-03 -1.0731593425e-02 6.5092856880e-02 -4.3654536375e+00 1.8262934432e-01 3.0871917265e+00 8.9227966484e-01 6.3807742640e+01 1.4668413646e+00 1.4355928149e+00
1.3624519878e-01 1.8627133641e+01 7.3984596269e+00 1.4822000000e+04 6.3807769188e+01 1.3487657184e+00 2.1837358844e-01 1.5528410443e-03 -1.0115757471e-02 6.5007173438e-02 -4.3805594882e+00 1.8262934432e-01 3.0874572767e+00 8.9068080331e-01 6.3807752164e+01 1.4664983378e+00 1.4346146290e+00
1.3655346702e-01 1.8627784096e+01 7.3878352137e+00 1.4822000000e+04 6.3807779086e+01 1.3491873852e+00 2.1789839479e-01 1.5521282011e-03 -9.4994576175e-03 6.4921193220e-02 -4.3957650164e+00 1.8262934432e-01 3.0876920094e+00 8.8915744856e-01 6.3807762087e+01 1.4661478025e+00 1.4336243536e+00
1.3686173620e-01 1.8628393491e+01 7.3772169898e+00 1.4822000000e+04 6.3807789382e+01 1.3496102719e+00 2.1742564059e-01 1.5513923388e-03 -8.8826953694e-03 6.4834919467e-02 -4.4110715049e+00 1.8262934432e-01 3.0878959112e+00 8.8771007877e-01 6.3807772408e+01 1.4657897821e+00 1.4326219987e+00
1.3717000635e-01 1.8628961817e+01 7.3666050999e+00 1.4822000000e+04 6.3807800077e+01 1.3500343721e+00 2.1695532622e-01 1.5506321144e-03 -8.2654732613e-03 6.4748355237e-02 -4.4264837514e+00 1.8262934432e-01 3.0880689383e+00 8.8633914728e-01 6.3807783128e+01 1.4654242898e+00 1.4316075622e+00
1.3747827746e-01 1.8629489066e+01 7.3559996886e+00 1.4822000000e+04 6.3807811172e+01 1.3504596704e+00 2.1648745212e-01 1.5498479538e-03 -7.6477935582e-03 6.4661504141e-02 -4.4420016309e+00 1.8262934432e-01 3.0882110605e+00 8.8504509178e-01 6.3807794249e+01 1.4650513491e+00 1.4305810422e+00
1.3778654954e-01 1.8629975228e+01 7.3454009003e+00 1.4822000000e+04 6.3807822667e+01 1.3508861454e+00 2.1602201699e-01 1.5490403304e-03 -7.0296577715e-03 6.4574369664e-02 -4.4576247805e+00 1.8262934432e-01 3.0883222701e+00 8.8382833088e-01 6.3807805769e+01 1.4646709897e+00 1.4295424485e+00
1.3809482259e-01 1.8630420297e+01 7.3348088789e+00 1.4822000000e+04 6.3807834561e+01 1.3513137776e+00 2.1555901941e-01 1.5482092083e-03 -6.4110673982e-03 6.4486955217e-02 -4.4733542713e+00 1.8262934432e-01 3.0884025605e+00 8.8268926006e-01 6.3807817688e+01 1.4642832397e+00 1.4284917923e+00
1.3840309663e-01 1.8630824264e+01 7.3242237683e+00 1.4822000000e+04 6.3807846855e+01 1.3517425632e+00 2.1509845935e-01 1.5473535615e-03 -5.7920246767e-03 6.4399263759e-02 -4.4891940718e+00 1.8262934432e-01 3.0884518952e+00 8.8162824307e-01 6.3807830008e+01 1.4638881101e+00 1.4274290761e+00
1.3871137166e-01 1.8631187124e+01 7.3136457119e+00 1.4822000000e+04 6.3807859549e+01 1.3521724910e+00 2.1464033838e-01 1.5464727042e-03 -5.1725322392e-03 6.4311298867e-02 -4.5051473488e+00 1.8262934432e-01 3.0884702308e+00 8.8064562564e-01 6.3807842728e+01 1.4634856199e+00 1.4263542923e+00
1.3901964768e-01 1.8631508869e+01 7.3030748532e+00 1.4822000000e+04 6.3807872645e+01 1.3526035408e+00 2.1418465594e-01 1.5455677322e-03 -4.5525919228e-03 6.4223064096e-02 -4.5212120361e+00 1.8262934432e-01 3.0884575543e+00 8.7974173502e-01 6.3807855850e+01 1.4630757983e+00 1.4252674476e+00
1.3932792471e-01 1.8631789495e+01 7.2925113354e+00 1.4822000000e+04 6.3807886141e+01 1.3530356907e+00 2.1373141078e-01 1.5446386651e-03 -3.9322053402e-03 6.4134562942e-02 -4.5373891223e+00 1.8262934432e-01 3.0884138627e+00 8.7891687539e-01 6.3807869372e+01 1.4626586763e+00 1.4241685538e+00
1.3963620274e-01 1.8632028996e+01 7.2819553010e+00 1.4822000000e+04 6.3807900038e+01 1.3534689342e+00 2.1328060233e-01 1.5436850644e-03 -3.3113744584e-03 6.4045798484e-02 -4.5536809478e+00 1.8262934432e-01 3.0883391338e+00 8.7817131718e-01 6.3807883295e+01 1.4622342685e+00 1.4230576187e+00
1.3994448179e-01 1.8632227367e+01 7.2714068927e+00 1.4822000000e+04 6.3807914337e+01 1.3539032670e+00 2.1283223274e-01 1.5427051614e-03 -2.6901020133e-03 6.3956774076e-02 -4.5700939455e+00 1.8262934432e-01 3.0882333140e+00 8.7750530489e-01 6.3807897620e+01 1.4618025866e+00 1.4219346327e+00
1.4025276186e-01 1.8632384605e+01 7.2608662530e+00 1.4822000000e+04 6.3807929039e+01 1.3543386712e+00 2.1238630268e-01 1.5417002180e-03 -2.0683902479e-03 6.3867493403e-02 -4.5866256653e+00 1.8262934432e-01 3.0880963794e+00 8.7691906683e-01 6.3807912349e+01 1.4613636580e+00 1.4207995960e+00
1.4056104296e-01 1.8632500705e+01 7.2503335238e+00 1.4822000000e+04 6.3807944143e+01 1.3547751244e+00 2.1194281118e-01 1.5406705663e-03 -1.4462409481e-03 6.3777959993e-02 -4.6032762638e+00 1.8262934432e-01 3.0879283275e+00 8.7641280844e-01 6.3807927479e+01 1.4609175146e+00 1.4196525204e+00
1.4086932509e-01 1.8632575664e+01 7.2398088469e+00 1.4822000000e+04 6.3807959649e+01 1.3552126124e+00 2.1150175738e-01 1.5396161265e-03 -8.2365599299e-04 6.3688177167e-02 -4.6200471086e+00 1.8262934432e-01 3.0877291500e+00 8.7598670445e-01 6.3807943012e+01 1.4604641796e+00 1.4184934174e+00
1.4117760827e-01 1.8632609481e+01 7.2292923638e+00 1.4822000000e+04 6.3807975559e+01 1.3556511392e+00 2.1106314316e-01 1.5385349715e-03 -2.0063795261e-04 6.3598147996e-02 -4.6369452113e+00 1.8262934432e-01 3.0874987940e+00 8.7564089239e-01 6.3807958948e+01 1.4600036569e+00 1.4173222810e+00
1.4148589249e-01 1.8632602153e+01 7.2187842157e+00 1.4822000000e+04 6.3807991873e+01 1.3560906901e+00 2.1062697075e-01 1.5374274012e-03 4.2281054631e-04 6.3507876273e-02 -4.6539711018e+00 1.8262934432e-01 3.0872372193e+00 8.7537549545e-01 6.3807975290e+01 1.4595359700e+00 1.4161391029e+00
1.4179417778e-01 1.8632553678e+01 7.2082845438e+00 1.4822000000e+04 6.3808008593e+01 1.3565312434e+00 2.1019323970e-01 1.5362944884e-03 1.0466874839e-03 6.3417365578e-02 -4.6711228221e+00 1.8262934432e-01 3.0869444204e+00 8.7519061553e-01 6.3807992037e+01 1.4590611510e+00 1.4149438930e+00
1.4210246412e-01 1.8632464055e+01 7.1977934886e+00 1.4822000000e+04 6.3808025716e+01 1.3569727788e+00 2.0976194920e-01 1.5351362610e-03 1.6709909018e-03 6.3326619410e-02 -4.6884015103e+00 1.8262934432e-01 3.0866203969e+00 8.7508632721e-01 6.3808009187e+01 1.4585792301e+00 1.4137366644e+00
1.4241075154e-01 1.8632333285e+01 7.1873111904e+00 1.4822000000e+04 6.3808043244e+01 1.3574153015e+00 2.0933310025e-01 1.5339515052e-03 2.2957184877e-03 6.3235640752e-02 -4.7058121313e+00 1.8262934432e-01 3.0862651098e+00 8.7506266234e-01 6.3808026742e+01 1.4580902101e+00 1.4125174186e+00
1.4271904003e-01 1.8632161366e+01 7.1768377895e+00 1.4822000000e+04 6.3808061179e+01 1.3578588046e+00 2.0890669637e-01 1.5327387713e-03 2.9208674076e-03 6.3144433320e-02 -4.7233606514e+00 1.8262934432e-01 3.0858785019e+00 8.7511963370e-01 6.3808044705e+01 1.4575941069e+00 1.4112861407e+00
1.4302732961e-01 1.8631948299e+01 7.1663734257e+00 1.4822000000e+04 6.3808079522e+01 1.3583032675e+00 2.0848273823e-01 1.5314999021e-03 3.5464353293e-03 6.3053000819e-02 -4.7410428812e+00 1.8262934432e-01 3.0854605584e+00 8.7525723688e-01 6.3808063076e+01 1.4570909517e+00 1.4100428349e+00
1.4333562028e-01 1.8631694086e+01 7.1559182384e+00 1.4822000000e+04 6.3808098271e+01 1.3587486672e+00 2.0806122517e-01 1.5302350817e-03 4.1724201443e-03 6.2961346827e-02 -4.7588595834e+00 1.8262934432e-01 3.0850112818e+00 8.7547544276e-01 6.3808081853e+01 1.4565807780e+00 1.4087875149e+00
1.4364391205e-01 1.8631398728e+01 7.1454723669e+00 1.4822000000e+04 6.3808117427e+01 1.3591950015e+00 2.0764215741e-01 1.5289439239e-03 4.7988196642e-03 6.2869474500e-02 -4.7768132871e+00 1.8262934432e-01 3.0845306531e+00 8.7577418239e-01 6.3808101037e+01 1.4560635971e+00 1.4075201896e+00
1.4395220493e-01 1.8631062227e+01 7.1350359501e+00 1.4822000000e+04 6.3808136993e+01 1.3596422752e+00 2.0722553882e-01 1.5276237843e-03 5.4256311237e-03 6.2777387243e-02 -4.7949137970e+00 1.8262934432e-01 3.0840186058e+00 8.7615335551e-01 6.3808120630e+01 1.4555394128e+00 1.4062408434e+00
1.4426049892e-01 1.8630684586e+01 7.1246091265e+00 1.4822000000e+04 6.3808156969e+01 1.3600904701e+00 2.0681137174e-01 1.5262762695e-03 6.0528518436e-03 6.2685088951e-02 -4.8131577762e+00 1.8262934432e-01 3.0834751085e+00 8.7661285063e-01 6.3808140634e+01 1.4550082538e+00 1.4049494711e+00
1.4456879404e-01 1.8630265807e+01 7.1141920346e+00 1.4822000000e+04 6.3808177354e+01 1.3605395629e+00 2.0639965594e-01 1.5249021798e-03 6.6804795326e-03 6.2592583245e-02 -4.8315441822e+00 1.8262934432e-01 3.0829001625e+00 8.7715253406e-01 6.3808161048e+01 1.4544701547e+00 1.4036460855e+00
1.4487709028e-01 1.8629805895e+01 7.1037848122e+00 1.4822000000e+04 6.3808198149e+01 1.3609895400e+00 2.0599039122e-01 1.5235015269e-03 7.3085119265e-03 6.2499873553e-02 -4.8500744143e+00 1.8262934432e-01 3.0822937654e+00 8.7777224030e-01 6.3808181872e+01 1.4539251394e+00 1.4023307001e+00
1.4518538766e-01 1.8629304853e+01 7.0933875970e+00 1.4822000000e+04 6.3808219356e+01 1.3614404159e+00 2.0558358076e-01 1.5220719130e-03 7.9369465135e-03 6.2406962954e-02 -4.8687576553e+00 1.8262934432e-01 3.0816558566e+00 8.7847175967e-01 6.3808203107e+01 1.4533732019e+00 1.4010033057e+00
1.4549368618e-01 1.8628762687e+01 7.0830005262e+00 1.4822000000e+04 6.3808240976e+01 1.3618921781e+00 2.0517922877e-01 1.5206131468e-03 8.5657803575e-03 6.2313855460e-02 -4.8875963889e+00 1.8262934432e-01 3.0809863834e+00 8.7925087404e-01 6.3808224756e+01 1.4528143652e+00 1.3996638866e+00
1.4580198586e-01 1.8628179401e+01 7.0726237370e+00 1.4822000000e+04 6.3808263010e+01 1.3623448038e+00 2.0477733588e-01 1.5191271453e-03 9.1950109325e-03 6.2220554784e-02 -4.9065861551e+00 1.8262934432e-01 3.0802853406e+00 8.8010934765e-01 6.3808246818e+01 1.4522486634e+00 1.3983124518e+00
1.4611028670e-01 1.8627555001e+01 7.0622573659e+00 1.4822000000e+04 6.3808285456e+01 1.3627982716e+00 2.0437790187e-01 1.5176140468e-03 9.8246358014e-03 6.2127064534e-02 -4.9257280713e+00 1.8262934432e-01 3.0795527339e+00 8.8104691957e-01 6.3808269293e+01 1.4516761295e+00 1.3969490165e+00
1.4641858871e-01 1.8626889493e+01 7.0519015492e+00 1.4822000000e+04 6.3808308316e+01 1.3632525949e+00 2.0398092870e-01 1.5160726018e-03 1.0454652632e-02 6.2033387733e-02 -4.9450277849e+00 1.8262934432e-01 3.0787885238e+00 8.8206328229e-01 6.3808292182e+01 1.4510967592e+00 1.3955735817e+00
1.4672689189e-01 1.8626182884e+01 7.0415564229e+00 1.4822000000e+04 6.3808331593e+01 1.3637077726e+00 2.0358642188e-01 1.5145003272e-03 1.1085058477e-02 6.1939528240e-02 -4.9644953419e+00 1.8262934432e-01 3.0779926382e+00 8.8315811227e-01 6.3808315488e+01 1.4505105634e+00 1.3941861253e+00
1.4703519626e-01 1.8625435182e+01 7.0312221228e+00 1.4822000000e+04 6.3808355287e+01 1.3641637838e+00 2.0319438356e-01 1.5128998547e-03 1.1715850525e-02 6.1845489965e-02 -4.9841240971e+00 1.8262934432e-01 3.0771650571e+00 8.8433107611e-01 6.3808339212e+01 1.4499175750e+00 1.3927866474e+00
1.4734350182e-01 1.8624646393e+01 7.0208987839e+00 1.4822000000e+04 6.3808379398e+01 1.3646206040e+00 2.0280481381e-01 1.5112716887e-03 1.2347026159e-02 6.1751276588e-02 -5.0039141075e+00 1.8262934432e-01 3.0763057882e+00 8.8558182000e-01 6.3808363352e+01 1.4493178305e+00 1.3913751635e+00
1.4765180858e-01 1.8623816527e+01 7.0105865413e+00 1.4822000000e+04 6.3808403926e+01 1.3650782340e+00 2.0241771353e-01 1.5096155777e-03 1.2978582967e-02 6.1656891374e-02 -5.0238679007e+00 1.8262934432e-01 3.0754148173e+00 8.8690995184e-01 6.3808387909e+01 1.4487113395e+00 1.3899516838e+00
1.4796011655e-01 1.8622945592e+01 7.0002855293e+00 1.4822000000e+04 6.3808428874e+01 1.3655366891e+00 2.0203308830e-01 1.5079280096e-03 1.3610518278e-02 6.1562337769e-02 -5.0439991169e+00 1.8262934432e-01 3.0744920653e+00 8.8831504727e-01 6.3808412887e+01 1.4480980961e+00 1.3885161875e+00
1.4826842574e-01 1.8622033598e+01 6.9899958823e+00 1.4822000000e+04 6.3808454243e+01 1.3659959514e+00 2.0165094242e-01 1.5062106440e-03 1.4242829008e-02 6.1467619931e-02 -5.0643044524e+00 1.8262934432e-01 3.0735374896e+00 8.8979668111e-01 6.3808438286e+01 1.4474781301e+00 1.3870686623e+00
1.4857673616e-01 1.8621080554e+01 6.9797177342e+00 1.4822000000e+04 6.3808480034e+01 1.3664559966e+00 2.0127127654e-01 1.5044650422e-03 1.4875512354e-02 6.1372741607e-02 -5.0847806006e+00 1.8262934432e-01 3.0725510945e+00 8.9135441225e-01 6.3808464107e+01 1.4468514783e+00 1.3856091216e+00
1.4888504780e-01 1.8620086470e+01 6.9694512183e+00 1.4822000000e+04 6.3808506244e+01 1.3669168101e+00 2.0089409114e-01 1.5026913486e-03 1.5508565641e-02 6.1277706357e-02 -5.1054289122e+00 1.8262934432e-01 3.0715328836e+00 8.9298777326e-01 6.3808490348e+01 1.4462181672e+00 1.3841375808e+00
1.4919336069e-01 1.8619051357e+01 6.9591964676e+00 1.4822000000e+04 6.3808532879e+01 1.3673784179e+00 2.0051939065e-01 1.5008868643e-03 1.6141986519e-02 6.1182517279e-02 -5.1262605143e+00 1.8262934432e-01 3.0704827907e+00 8.9469625141e-01 6.3808517012e+01 1.4455781800e+00 1.3826540286e+00
1.4950167484e-01 1.8617975228e+01 6.9489536149e+00 1.4822000000e+04 6.3808559939e+01 1.3678408103e+00 2.0014718146e-01 1.4990505110e-03 1.6775771813e-02 6.1087178623e-02 -5.1472815088e+00 1.8262934432e-01 3.0694007475e+00 8.9647933533e-01 6.3808544102e+01 1.4449315381e+00 1.3811584409e+00
1.4980999024e-01 1.8616858093e+01 6.9387227925e+00 1.4822000000e+04 6.3808587425e+01 1.3683039640e+00 1.9977746550e-01 1.4971852882e-03 1.7409918491e-02 6.0991694292e-02 -5.1684838562e+00 1.8262934432e-01 3.0682867467e+00 8.9833650491e-01 6.3808571619e+01 1.4442782776e+00 1.3796508243e+00
1.5011830692e-01 1.8615699965e+01 6.9285041323e+00 1.4822000000e+04 6.3808615336e+01 1.3687678555e+00 1.9941024327e-01 1.4952915412e-03 1.8044423614e-02 6.0896068025e-02 -5.1898683733e+00 1.8262934432e-01 3.0671408001e+00 9.0026722235e-01 6.3808599561e+01 1.4436184349e+00 1.3781311960e+00
1.5042662486e-01 1.8614500858e+01 6.9182977656e+00 1.4822000000e+04 6.3808643674e+01 1.3692325053e+00 1.9904551763e-01 1.4933681440e-03 1.8679284871e-02 6.0800302914e-02 -5.2114409893e+00 1.8262934432e-01 3.0659628694e+00 9.0227090581e-01 6.3808627929e+01 1.4429519997e+00 1.3765995579e+00
1.5073494410e-01 1.8613260784e+01 6.9081038237e+00 1.4822000000e+04 6.3808672442e+01 1.3696979206e+00 1.9868329614e-01 1.4914114003e-03 1.9314499326e-02 6.0704402955e-02 -5.2332170740e+00 1.8262934432e-01 3.0647528666e+00 9.0434696326e-01 6.3808656728e+01 1.4422789758e+00 1.3750558799e+00
1.5104326463e-01 1.8611979757e+01 6.8979224374e+00 1.4822000000e+04 6.3808701642e+01 1.3701640798e+00 1.9832358280e-01 1.4894246523e-03 1.9950063700e-02 6.0608372329e-02 -5.2551875218e+00 1.8262934432e-01 3.0635107630e+00 9.0649480462e-01 6.3808685958e+01 1.4415993979e+00 1.3735001566e+00
1.5135158647e-01 1.8610657792e+01 6.8877537369e+00 1.4822000000e+04 6.3808731271e+01 1.3706309569e+00 1.9796637851e-01 1.4874089734e-03 2.0585974855e-02 6.0512214850e-02 -5.2773507736e+00 1.8262934432e-01 3.0622365707e+00 9.0871382783e-01 6.3808715619e+01 1.4409133054e+00 1.3719324048e+00
1.5165990962e-01 1.8609294904e+01 6.8775978519e+00 1.4822000000e+04 6.3808761331e+01 1.3710985540e+00 1.9761168494e-01 1.4853643288e-03 2.1222230133e-02 6.0415933924e-02 -5.2997091122e+00 1.8262934432e-01 3.0609302815e+00 9.1100339966e-01 6.3808745710e+01 1.4402207080e+00 1.3703526365e+00
1.5196823409e-01 1.8607891109e+01 6.8674549120e+00 1.4822000000e+04 6.3808791826e+01 1.3715668988e+00 1.9725950933e-01 1.4832864593e-03 2.1858827111e-02 6.0319533029e-02 -5.3222801856e+00 1.8262934432e-01 3.0595918039e+00 9.1336285649e-01 6.3808776236e+01 1.4395215883e+00 1.3687608262e+00
1.5227655990e-01 1.8606446422e+01 6.8573250463e+00 1.4822000000e+04 6.3808822758e+01 1.3720359743e+00 1.9690985825e-01 1.4811766796e-03 2.2495762340e-02 6.0223016642e-02 -5.3450622003e+00 1.8262934432e-01 3.0582210811e+00 9.1579154719e-01 6.3808807199e+01 1.4388159766e+00 1.3671569533e+00
1.5258488706e-01 1.8604960860e+01 6.8472083835e+00 1.4822000000e+04 6.3808854126e+01 1.3725057548e+00 1.9656273351e-01 1.4790376600e-03 2.3133032497e-02 6.0126388683e-02 -5.3680480687e+00 1.8262934432e-01 3.0568181181e+00 9.1828881425e-01 6.3808838599e+01 1.4381039121e+00 1.3655410303e+00
1.5289321556e-01 1.8603434440e+01 6.8371050515e+00 1.4822000000e+04 6.3808885929e+01 1.3729762240e+00 1.9621813633e-01 1.4768697562e-03 2.3770634457e-02 6.0029652873e-02 -5.3912388419e+00 1.8262934432e-01 3.0553829254e+00 9.2085398295e-01 6.3808870433e+01 1.4373854246e+00 1.3639130749e+00
1.5320154541e-01 1.8601867180e+01 6.8270151781e+00 1.4822000000e+04 6.3808918170e+01 1.3734474194e+00 1.9587607239e-01 1.4746701903e-03 2.4408566146e-02 5.9932812344e-02 -5.4146471122e+00 1.8262934432e-01 3.0539154321e+00 9.2348633583e-01 6.3808902707e+01 1.4366604871e+00 1.3622730745e+00
1.5350987665e-01 1.8600259097e+01 6.8169388906e+00 1.4822000000e+04 6.3808950854e+01 1.3739193362e+00 1.9553655048e-01 1.4724366538e-03 2.5046824244e-02 5.9835871604e-02 -5.4382844316e+00 1.8262934432e-01 3.0524155522e+00 9.2618516745e-01 6.3808935423e+01 1.4359291170e+00 1.3606209958e+00
1.5381820927e-01 1.8598610211e+01 6.8068763161e+00 1.4822000000e+04 6.3808983981e+01 1.3743919498e+00 1.9519957419e-01 1.4701733665e-03 2.5685405215e-02 5.9738834817e-02 -5.4621381876e+00 1.8262934432e-01 3.0508832731e+00 9.2894977490e-01 6.3808968582e+01 1.4351913531e+00 1.3589568413e+00
1.5412654327e-01 1.8596920540e+01 6.7968275808e+00 1.4822000000e+04 6.3809017549e+01 1.3748652344e+00 1.9486514487e-01 1.4678810845e-03 2.6324305587e-02 5.9641705876e-02 -5.4862081310e+00 1.8262934432e-01 3.0493186124e+00 9.3177944709e-01 6.3809002182e+01 1.4344472353e+00 1.3572806302e+00
1.5443487867e-01 1.8595190105e+01 6.7867928105e+00 1.4822000000e+04 6.3809051560e+01 1.3753392167e+00 1.9453326630e-01 1.4655589785e-03 2.6963523095e-02 5.9544487987e-02 -5.5104998940e+00 1.8262934432e-01 3.0477215347e+00 9.3467343481e-01 6.3809036225e+01 1.4336967486e+00 1.3555923655e+00
1.5474321548e-01 1.8593418924e+01 6.7767721309e+00 1.4822000000e+04 6.3809086018e+01 1.3758139143e+00 1.9420394825e-01 1.4632020955e-03 2.7603054981e-02 5.9447185269e-02 -5.5350351773e+00 1.8262934432e-01 3.0460919345e+00 9.3763098428e-01 6.3809070715e+01 1.4329398875e+00 1.3538920097e+00
1.5505155372e-01 1.8591607020e+01 6.7667656669e+00 1.4822000000e+04 6.3809120926e+01 1.3762893050e+00 1.9387719695e-01 1.4608142601e-03 2.8242897512e-02 5.9349802255e-02 -5.5598029170e+00 1.8262934432e-01 3.0444297712e+00 9.4065135668e-01 6.3809105656e+01 1.4321766885e+00 1.3521795497e+00
1.5535989339e-01 1.8589754413e+01 6.7567735433e+00 1.4822000000e+04 6.3809156282e+01 1.3767653614e+00 1.9355301436e-01 1.4583974898e-03 2.8883047016e-02 5.9252342932e-02 -5.5847982893e+00 1.8262934432e-01 3.0427350600e+00 9.4373381044e-01 6.3809141044e+01 1.4314071937e+00 1.3504550028e+00
1.5566823449e-01 1.8587861125e+01 6.7467958838e+00 1.4822000000e+04 6.3809192086e+01 1.3772420849e+00 1.9323140299e-01 1.4559520699e-03 2.9523500541e-02 5.9154810884e-02 -5.6100228990e+00 1.8262934432e-01 3.0410077995e+00 9.4687758183e-01 6.3809176881e+01 1.4306314149e+00 1.3487183835e+00
1.5597657704e-01 1.8585927178e+01 6.7368328121e+00 1.4822000000e+04 6.3809228342e+01 1.3777195179e+00 1.9291237185e-01 1.4534732264e-03 3.0164256102e-02 5.9057209624e-02 -5.6354981507e+00 1.8262934432e-01 3.0392478862e+00 9.5008187882e-01 6.3809213170e+01 1.4298493215e+00 1.3469696621e+00
1.5628492106e-01 1.8583952594e+01 6.7268844515e+00 1.4822000000e+04 6.3809265055e+01 1.3781976446e+00 1.9259593011e-01 1.4509614737e-03 3.0805309939e-02 5.8959543999e-02 -5.6612257490e+00 1.8262934432e-01 3.0374552460e+00 9.5334593441e-01 6.3809249916e+01 1.4290609433e+00 1.3452088080e+00
1.5659326655e-01 1.8581937398e+01 6.7169509245e+00 1.4822000000e+04 6.3809302223e+01 1.3786764384e+00 1.9228208110e-01 1.4484209832e-03 3.1446658199e-02 5.8861818172e-02 -5.6871927011e+00 1.8262934432e-01 3.0356298816e+00 9.5666898486e-01 6.3809287117e+01 1.4282663222e+00 1.3434358316e+00
1.5690161352e-01 1.8579881613e+01 6.7070323533e+00 1.4822000000e+04 6.3809339846e+01 1.3791558800e+00 1.9197082693e-01 1.4458524651e-03 3.2088297261e-02 5.8764036054e-02 -5.7133991198e+00 1.8262934432e-01 3.0337718109e+00 9.6005025836e-01 6.3809324773e+01 1.4274654920e+00 1.3416507528e+00
1.5720996198e-01 1.8577785264e+01 6.6971288593e+00 1.4822000000e+04 6.3809377926e+01 1.3796360184e+00 1.9166217458e-01 1.4432533536e-03 3.2730225430e-02 5.8666200838e-02 -5.7398581242e+00 1.8262934432e-01 3.0318809597e+00 9.6348894398e-01 6.3809362886e+01 1.4266584158e+00 1.3398535588e+00
1.5751831195e-01 1.8575648374e+01 6.6872405638e+00 1.4822000000e+04 6.3809416469e+01 1.3801168556e+00 1.9135613552e-01 1.4406198376e-03 3.3372439382e-02 5.8568317310e-02 -5.7665886489e+00 1.8262934432e-01 3.0299572217e+00 9.6698425078e-01 6.3809401462e+01 1.4258451054e+00 1.3380442060e+00
1.5782666344e-01 1.8573470970e+01 6.6773675875e+00 1.4822000000e+04 6.3809455475e+01 1.3805983660e+00 1.9105271547e-01 1.4379574363e-03 3.4014935076e-02 5.8470389979e-02 -5.7935723953e+00 1.8262934432e-01 3.0280005752e+00 9.7053540113e-01 6.3809440502e+01 1.4250256019e+00 1.3362226911e+00
1.5813501645e-01 1.8571253077e+01 6.6675100505e+00 1.4822000000e+04 6.3809494943e+01 1.3810805211e+00 1.9075191684e-01 1.4352676359e-03 3.4657708476e-02 5.8372422932e-02 -5.8208065265e+00 1.8262934432e-01 3.0260110431e+00 9.7414161758e-01 6.3809480003e+01 1.4241999491e+00 1.3343890347e+00
1.5844337099e-01 1.8568994722e+01 6.6576680721e+00 1.4822000000e+04 6.3809534873e+01 1.3815633521e+00 1.9045374444e-01 1.4325501107e-03 3.5300757356e-02 5.8274419531e-02 -5.8482954101e+00 1.8262934432e-01 3.0239885947e+00 9.7780209091e-01 6.3809519968e+01 1.4233681292e+00 1.3325432418e+00
1.5875172708e-01 1.8566695932e+01 6.6478417716e+00 1.4822000000e+04 6.3809575273e+01 1.3820468898e+00 1.9015821043e-01 1.4297987827e-03 3.5944079360e-02 5.8176384016e-02 -5.8760675248e+00 1.8262934432e-01 3.0219331054e+00 9.8151601012e-01 6.3809560402e+01 1.4225301248e+00 1.3306852674e+00
1.5906008474e-01 1.8564356733e+01 6.6380312676e+00 1.4822000000e+04 6.3809616145e+01 1.3825311118e+00 1.8986532377e-01 1.4270175954e-03 3.6587670321e-02 5.8078321359e-02 -5.9041108985e+00 1.8262934432e-01 3.0198445188e+00 9.8528259056e-01 6.3809601307e+01 1.4216859738e+00 1.3288150886e+00
1.5936844397e-01 1.8561977155e+01 6.6282366781e+00 1.4822000000e+04 6.3809657486e+01 1.3830159888e+00 1.8957508781e-01 1.4242100262e-03 3.7231526010e-02 5.7980235778e-02 -5.9324146500e+00 1.8262934432e-01 3.0177228514e+00 9.8910105234e-01 6.3809642683e+01 1.4208357213e+00 1.3269327224e+00
1.5967680477e-01 1.8559557225e+01 6.6184581204e+00 1.4822000000e+04 6.3809699297e+01 1.3835015205e+00 1.8928750607e-01 1.4213768368e-03 3.7875643121e-02 5.7882131081e-02 -5.9609787920e+00 1.8262934432e-01 3.0155681096e+00 9.9297060139e-01 6.3809684528e+01 1.4199793826e+00 1.3250381860e+00
1.5998516717e-01 1.8557096973e+01 6.6086957115e+00 1.4822000000e+04 6.3809741582e+01 1.3839877651e+00 1.8900258943e-01 1.4185131139e-03 3.8520020316e-02 5.7784010821e-02 -5.9898274112e+00 1.8262934432e-01 3.0133801782e+00 9.9689041580e-01 6.3809726848e+01 1.4191169127e+00 1.3231314461e+00
1.6029353117e-01 1.8554596428e+01 6.5989495678e+00 1.4822000000e+04 6.3809784348e+01 1.3844747100e+00 1.8872035016e-01 1.4156181508e-03 3.9164653612e-02 5.7685880278e-02 -6.0189679162e+00 1.8262934432e-01 3.0111589620e+00 1.0008597080e+00 6.3809769647e+01 1.4182483397e+00 1.3212124606e+00
1.6060189680e-01 1.8552055620e+01 6.5892198053e+00 1.4822000000e+04 6.3809827592e+01 1.3849623266e+00 1.8844079357e-01 1.4126979931e-03 3.9809538609e-02 5.7587743940e-02 -6.0483786044e+00 1.8262934432e-01 3.0089044585e+00 1.0048777013e+00 6.3809812926e+01 1.4173737084e+00 1.3192812360e+00
1.6091026405e-01 1.8549474580e+01 6.5795065392e+00 1.4822000000e+04 6.3809871313e+01 1.3854505926e+00 1.8816392288e-01 1.4097539817e-03 4.0454671133e-02 5.7489605952e-02 -6.0780570780e+00 1.8262934432e-01 3.0066166926e+00 1.0089436181e+00 6.3809856682e+01 1.4164930571e+00 1.3173377946e+00
1.6121863294e-01 1.8546853338e+01 6.5698098840e+00 1.4822000000e+04 6.3809915515e+01 1.3859395679e+00 1.8788974651e-01 1.4067841364e-03 4.1100049965e-02 5.7391469608e-02 -6.1080152155e+00 1.8262934432e-01 3.0042955887e+00 1.0130566442e+00 6.3809900919e+01 1.4156063402e+00 1.3153821236e+00
1.6152700348e-01 1.8544191927e+01 6.5601299540e+00 1.4822000000e+04 6.3809960205e+01 1.3864292637e+00 1.8761827900e-01 1.4037830702e-03 4.1745671970e-02 5.7293339989e-02 -6.1382807093e+00 1.8262934432e-01 3.0019410170e+00 1.0172159894e+00 6.3809945644e+01 1.4147135612e+00 1.3134141691e+00
1.6183537570e-01 1.8541490378e+01 6.5504668629e+00 1.4822000000e+04 6.3810005382e+01 1.3869196534e+00 1.8734952875e-01 1.4007575492e-03 4.2391532598e-02 5.7195222054e-02 -6.1688284794e+00 1.8262934432e-01 2.9995529428e+00 1.0214208853e+00 6.3809990856e+01 1.4138147636e+00 1.3114339190e+00
1.6214374959e-01 1.8538748724e+01 6.5408207237e+00 1.4822000000e+04 6.3810051046e+01 1.3874107058e+00 1.8708349956e-01 1.3977102985e-03 4.3037627216e-02 5.7097120136e-02 -6.1996500743e+00 1.8262934432e-01 2.9971313931e+00 1.0256705695e+00 6.3810036555e+01 1.4129099952e+00 1.3094413953e+00
1.6245212516e-01 1.8535966999e+01 6.5311916487e+00 1.4822000000e+04 6.3810097198e+01 1.3879024545e+00 1.8682019746e-01 1.3946417651e-03 4.3683953600e-02 5.6999037815e-02 -6.2307467910e+00 1.8262934432e-01 2.9946763434e+00 1.0299642529e+00 6.3810082742e+01 1.4119992378e+00 1.3074366054e+00
1.6276050244e-01 1.8533145235e+01 6.5215797496e+00 1.4822000000e+04 6.3810143844e+01 1.3883949468e+00 1.8655963731e-01 1.3915451322e-03 4.4330510076e-02 5.6900979449e-02 -6.2621530174e+00 1.8262934432e-01 2.9921876488e+00 1.0343011439e+00 6.3810129423e+01 1.4110824588e+00 1.3054194966e+00
1.6306888144e-01 1.8530283468e+01 6.5119851380e+00 1.4822000000e+04 6.3810190987e+01 1.3888881603e+00 1.8630183136e-01 1.3884240379e-03 4.4977292072e-02 5.6802950550e-02 -6.2938571716e+00 1.8262934432e-01 2.9896652328e+00 1.0386804856e+00 6.3810176602e+01 1.4101596975e+00 1.3033900345e+00
1.6337726216e-01 1.8527381732e+01 6.5024079246e+00 1.4822000000e+04 6.3810238627e+01 1.3893820639e+00 1.8604678486e-01 1.3852840281e-03 4.5624294780e-02 5.6704955646e-02 -6.3258379804e+00 1.8262934432e-01 2.9871091106e+00 1.0431015308e+00 6.3810224278e+01 1.4092310024e+00 1.3013482342e+00
1.6368564462e-01 1.8524440062e+01 6.4928482192e+00 1.4822000000e+04 6.3810286762e+01 1.3898766540e+00 1.8579450257e-01 1.3821266311e-03 4.6271514456e-02 5.6606998822e-02 -6.3580917110e+00 1.8262934432e-01 2.9845192967e+00 1.0475635242e+00 6.3810272449e+01 1.4082963933e+00 1.2992941158e+00
1.6399402883e-01 1.8521458495e+01 6.4833061313e+00 1.4822000000e+04 6.3810335399e+01 1.3903720062e+00 1.8554499753e-01 1.3789473541e-03 4.6918950638e-02 5.6509083701e-02 -6.3906424898e+00 1.8262934432e-01 2.9818956654e+00 1.0520656807e+00 6.3810321121e+01 1.4073558102e+00 1.2972276430e+00
1.6430241482e-01 1.8518437065e+01 6.4737817698e+00 1.4822000000e+04 6.3810384542e+01 1.3908681123e+00 1.8529828561e-01 1.3757440345e-03 4.7566599245e-02 5.6411216051e-02 -6.4235049927e+00 1.8262934432e-01 2.9792380960e+00 1.0566072550e+00 6.3810370300e+01 1.4064092777e+00 1.2951487609e+00
1.6461080258e-01 1.8515375811e+01 6.4642752431e+00 1.4822000000e+04 6.3810434192e+01 1.3913649423e+00 1.8505437474e-01 1.3725248700e-03 4.8214455314e-02 5.6313400803e-02 -6.4566452051e+00 1.8262934432e-01 2.9765465768e+00 1.0611875183e+00 6.3810419986e+01 1.4054568439e+00 1.2930574696e+00
1.6491919214e-01 1.8512274770e+01 6.4547866587e+00 1.4822000000e+04 6.3810484347e+01 1.3918624696e+00 1.8481326962e-01 1.3692923309e-03 4.8862514045e-02 5.6215642394e-02 -6.4900546865e+00 1.8262934432e-01 2.9738211395e+00 1.0658057449e+00 6.3810470178e+01 1.4044985523e+00 1.2909537936e+00
1.6522758349e-01 1.8509133979e+01 6.4453161234e+00 1.4822000000e+04 6.3810535010e+01 1.3923607643e+00 1.8457498034e-01 1.3660455288e-03 4.9510774777e-02 5.6117944268e-02 -6.5237406411e+00 1.8262934432e-01 2.9710617086e+00 1.0704611741e+00 6.3810520877e+01 1.4035343494e+00 1.2888377212e+00
1.6553597667e-01 1.8505953477e+01 6.4358637438e+00 1.4822000000e+04 6.3810586189e+01 1.3928598504e+00 1.8433952499e-01 1.3627777706e-03 5.0159234826e-02 5.6020311823e-02 -6.5577390925e+00 1.8262934432e-01 2.9682681280e+00 1.0751530690e+00 6.3810572093e+01 1.4025642278e+00 1.2867091869e+00
1.6584437169e-01 1.8502733303e+01 6.4264296258e+00 1.4822000000e+04 6.3810637886e+01 1.3933596999e+00 1.8410691541e-01 1.3594968609e-03 5.0807889122e-02 5.5922750603e-02 -6.5920169817e+00 1.8262934432e-01 2.9654403449e+00 1.0798807206e+00 6.3810623826e+01 1.4015882336e+00 1.2845681679e+00
1.6615276855e-01 1.8499473496e+01 6.4170138744e+00 1.4822000000e+04 6.3810690098e+01 1.3938602787e+00 1.8387715724e-01 1.3562075282e-03 5.1456732402e-02 5.5825265258e-02 -6.6265545070e+00 1.8262934432e-01 2.9625783888e+00 1.0846434292e+00 6.3810676074e+01 1.4006064187e+00 1.2824146864e+00
1.6646116726e-01 1.8496174097e+01 6.4076165939e+00 1.4822000000e+04 6.3810742826e+01 1.3943616208e+00 1.8365025804e-01 1.3529113802e-03 5.2105762365e-02 5.5727859656e-02 -6.6613463489e+00 1.8262934432e-01 2.9596822430e+00 1.0894404721e+00 6.3810728839e+01 1.3996187667e+00 1.2802487526e+00
1.6676956785e-01 1.8492835146e+01 6.3982378880e+00 1.4822000000e+04 6.3810796078e+01 1.3948637934e+00 1.8342623577e-01 1.3496016036e-03 5.2754978360e-02 5.5630538293e-02 -6.6964291709e+00 1.8262934432e-01 2.9567517407e+00 1.0942711200e+00 6.3810782128e+01 1.3986252273e+00 1.2780703064e+00
1.6707797034e-01 1.8489456684e+01 6.3888778603e+00 1.4822000000e+04 6.3810849859e+01 1.3953667747e+00 1.8320510676e-01 1.3462811513e-03 5.3404375462e-02 5.5533307327e-02 -6.7317925812e+00 1.8262934432e-01 2.9537867808e+00 1.0991346842e+00 6.3810835946e+01 1.3976258405e+00 1.2758792994e+00
1.6738637473e-01 1.8486038753e+01 6.3795366133e+00 1.4822000000e+04 6.3810904166e+01 1.3958705313e+00 1.8298687877e-01 1.3429583714e-03 5.4053948246e-02 5.5436171713e-02 -6.7673979595e+00 1.8262934432e-01 2.9507873735e+00 1.1040304886e+00 6.3810890290e+01 1.3966206582e+00 1.2736757432e+00
1.6769478103e-01 1.8482581394e+01 6.3702142486e+00 1.4822000000e+04 6.3810959000e+01 1.3963750552e+00 1.8277155823e-01 1.3396360367e-03 5.4703692428e-02 5.5339135876e-02 -6.8032333285e+00 1.8262934432e-01 2.9477535424e+00 1.1089578524e+00 6.3810945161e+01 1.3956097066e+00 1.2714596609e+00
1.6800318926e-01 1.8479084651e+01 6.3609108673e+00 1.4822000000e+04 6.3811014365e+01 1.3968804405e+00 1.8255916066e-01 1.3363109027e-03 5.5353608663e-02 5.5242203558e-02 -6.8393171512e+00 1.8262934432e-01 2.9446851514e+00 1.1139160619e+00 6.3811000563e+01 1.3945929097e+00 1.2692310137e+00
1.6831159944e-01 1.8475548567e+01 6.3516265701e+00 1.4822000000e+04 6.3811070269e+01 1.3973866860e+00 1.8234970628e-01 1.3329794182e-03 5.6003692958e-02 5.5145381084e-02 -6.8756709610e+00 1.8262934432e-01 2.9415820502e+00 1.1189044456e+00 6.3811056505e+01 1.3935702870e+00 1.2669897322e+00
1.6862001159e-01 1.8471973185e+01 6.3423614571e+00 1.4822000000e+04 6.3811126712e+01 1.3978937594e+00 1.8214320649e-01 1.3296521884e-03 5.6653939749e-02 5.5048673972e-02 -6.9122430678e+00 1.8262934432e-01 2.9384442130e+00 1.1239223515e+00 6.3811112985e+01 1.3925418898e+00 1.2647358078e+00
1.6892842570e-01 1.8468358550e+01 6.3331156273e+00 1.4822000000e+04 6.3811183692e+01 1.3984016294e+00 1.8193966795e-01 1.3263335834e-03 5.7304343535e-02 5.4952087026e-02 -6.9490120778e+00 1.8262934432e-01 2.9352716776e+00 1.1289691335e+00 6.3811170003e+01 1.3915077680e+00 1.2624692668e+00
1.6923684180e-01 1.8464704706e+01 6.3238891789e+00 1.4822000000e+04 6.3811241212e+01 1.3989103754e+00 1.8173910280e-01 1.3230245026e-03 5.7954904257e-02 5.4855623923e-02 -6.9859740499e+00 1.8262934432e-01 2.9320643704e+00 1.1340441104e+00 6.3811227561e+01 1.3904678614e+00 1.2601900990e+00
1.6954525991e-01 1.8461011699e+01 6.3146822099e+00 1.4822000000e+04 6.3811299281e+01 1.3994200377e+00 1.8154153333e-01 1.3197177391e-03 5.8605620024e-02 5.4759290405e-02 -7.0231688362e+00 1.8262934432e-01 2.9288221052e+00 1.1391466219e+00 6.3811285667e+01 1.3894221484e+00 1.2578982266e+00
1.6985368005e-01 1.8457279575e+01 6.3054948176e+00 1.4822000000e+04 6.3811357901e+01 1.3999305868e+00 1.8134697577e-01 1.3164218710e-03 5.9256485241e-02 5.4663092762e-02 -7.0605532399e+00 1.8262934432e-01 2.9255448062e+00 1.1442760401e+00 6.3811344325e+01 1.3883706781e+00 1.2555936135e+00
1.7016210222e-01 1.8453508379e+01 6.2963270985e+00 1.4822000000e+04 6.3811417070e+01 1.4004419855e+00 1.8115543829e-01 1.3131446452e-03 5.9907493966e-02 5.4567036067e-02 -7.0980862836e+00 1.8262934432e-01 2.9222325029e+00 1.1494317472e+00 6.3811403533e+01 1.3873135068e+00 1.2532762806e+00
1.7047052643e-01 1.8449698160e+01 6.2871791479e+00 1.4822000000e+04 6.3811476789e+01 1.4009542659e+00 1.8096693043e-01 1.3098894339e-03 6.0558643695e-02 5.4471124568e-02 -7.1357491724e+00 1.8262934432e-01 2.9188851875e+00 1.1546131058e+00 6.3811463290e+01 1.3862506221e+00 1.2509462416e+00
1.7077895271e-01 1.8445848964e+01 6.2780510609e+00 1.4822000000e+04 6.3811537066e+01 1.4014675186e+00 1.8078147384e-01 1.3066506276e-03 6.1209935209e-02 5.4375362925e-02 -7.1735722221e+00 1.8262934432e-01 2.9155026702e+00 1.1598194657e+00 6.3811523605e+01 1.3851819535e+00 1.2486034287e+00
1.7108738108e-01 1.8441960840e+01 6.2689429321e+00 1.4822000000e+04 6.3811597906e+01 1.4019817236e+00 1.8059908986e-01 1.3034304347e-03 6.1861363308e-02 5.4279758082e-02 -7.2115444024e+00 1.8262934432e-01 2.9120848198e+00 1.1650502205e+00 6.3811584483e+01 1.3841075407e+00 1.2462477775e+00
1.7139581155e-01 1.8438033836e+01 6.2598548550e+00 1.4822000000e+04 6.3811659309e+01 1.4024968446e+00 1.8041978972e-01 1.3002406735e-03 6.2512921895e-02 5.4184315570e-02 -7.2496000537e+00 1.8262934432e-01 2.9086316375e+00 1.1703047782e+00 6.3811645925e+01 1.3830274398e+00 1.2438792936e+00
1.7170424413e-01 1.8434068000e+01 6.2507869225e+00 1.4822000000e+04 6.3811721272e+01 1.4030128677e+00 1.8024358203e-01 1.2970861868e-03 6.3164606015e-02 5.4089040252e-02 -7.2877100518e+00 1.8262934432e-01 2.9051431557e+00 1.1755825443e+00 6.3811707926e+01 1.3819416844e+00 1.2414980029e+00
1.7201267883e-01 1.8430063384e+01 6.2417392264e+00 1.4822000000e+04 6.3811783802e+01 1.4035299065e+00 1.8007048539e-01 1.2939661629e-03 6.3816417684e-02 5.3993936050e-02 -7.3258764119e+00 1.8262934432e-01 2.9016192290e+00 1.1808828879e+00 6.3811770495e+01 1.3808501829e+00 1.2391038650e+00
1.7232111569e-01 1.8426020036e+01 6.2327118584e+00 1.4822000000e+04 6.3811846908e+01 1.4040479695e+00 1.7990052530e-01 1.2908763262e-03 6.4468353246e-02 5.3899009931e-02 -7.3641221684e+00 1.8262934432e-01 2.8980596727e+00 1.1862052190e+00 6.3811833640e+01 1.3797529466e+00 1.2366967942e+00
1.7262955471e-01 1.8421938008e+01 6.2237049095e+00 1.4822000000e+04 6.3811910589e+01 1.4045670219e+00 1.7973371771e-01 1.2878297990e-03 6.5120406499e-02 5.3804268194e-02 -7.4023709966e+00 1.8262934432e-01 2.8944644410e+00 1.1915489704e+00 6.3811897360e+01 1.3786500310e+00 1.2342767700e+00
1.7293799591e-01 1.8417817351e+01 6.2147184694e+00 1.4822000000e+04 6.3811974844e+01 1.4050870269e+00 1.7957007197e-01 1.2848339711e-03 6.5772571142e-02 5.3709716115e-02 -7.4405765523e+00 1.8262934432e-01 2.8908335764e+00 1.1969135813e+00 6.3811961654e+01 1.3775414927e+00 1.2318438199e+00
1.7324643929e-01 1.8413658116e+01 6.2057526271e+00 1.4822000000e+04 6.3812039675e+01 1.4056080717e+00 1.7940960287e-01 1.2818924725e-03 6.6424847707e-02 5.3615357715e-02 -7.4787128422e+00 1.8262934432e-01 2.8871670094e+00 1.2022984561e+00 6.3812026524e+01 1.3764272672e+00 1.2293979361e+00
1.7355488489e-01 1.8409460356e+01 6.1968074712e+00 1.4822000000e+04 6.3812105093e+01 1.4061302170e+00 1.7925233781e-01 1.2789990786e-03 6.7077235536e-02 5.3521199121e-02 -7.5168120085e+00 1.8262934432e-01 2.8834645195e+00 1.2077030148e+00 6.3812091981e+01 1.3753073152e+00 1.2269390273e+00
1.7386333273e-01 1.8405224124e+01 6.1878830897e+00 1.4822000000e+04 6.3812171100e+01 1.4066534319e+00 1.7909829858e-01 1.2761629803e-03 6.7729728507e-02 5.3427247566e-02 -7.5548166819e+00 1.8262934432e-01 2.8797260024e+00 1.2131267129e+00 6.3812158028e+01 1.3741816888e+00 1.2244670413e+00
1.7417178281e-01 1.8400949473e+01 6.1789795696e+00 1.4822000000e+04 6.3812237695e+01 1.4071776758e+00 1.7894749689e-01 1.2733960260e-03 6.8382319922e-02 5.3333508704e-02 -7.5926510441e+00 1.8262934432e-01 2.8759514836e+00 1.2185690163e+00 6.3812224662e+01 1.3730504490e+00 1.2219819959e+00
1.7448023514e-01 1.8396636457e+01 6.1700969968e+00 1.4822000000e+04 6.3812304877e+01 1.4077029763e+00 1.7879994490e-01 1.2707042549e-03 6.9035006913e-02 5.3239987280e-02 -7.6302716171e+00 1.8262934432e-01 2.8721409660e+00 1.2240293741e+00 6.3812291884e+01 1.3719135900e+00 1.2194839085e+00
1.7478868975e-01 1.8392285130e+01 6.1612354569e+00 1.4822000000e+04 6.3812372656e+01 1.4082294509e+00 1.7865566880e-01 1.2680850187e-03 6.9687792133e-02 5.3146688171e-02 -7.6676867786e+00 1.8262934432e-01 2.8682942353e+00 1.2295072149e+00 6.3812359702e+01 1.3707710191e+00 1.2169727038e+00
1.7509714667e-01 1.8387895548e+01 6.1523950346e+00 1.4822000000e+04 6.3812441037e+01 1.4087570827e+00 1.7851469619e-01 1.2655402518e-03 7.0340670235e-02 5.3053619271e-02 -7.7048787472e+00 1.8262934432e-01 2.8644111242e+00 1.2350020137e+00 6.3812428123e+01 1.3696227740e+00 1.2144482989e+00
1.7540560591e-01 1.8383467766e+01 6.1435758142e+00 1.4822000000e+04 6.3812510022e+01 1.4092858321e+00 1.7837704304e-01 1.2630856829e-03 7.0993634376e-02 5.2960786900e-02 -7.7417442655e+00 1.8262934432e-01 2.8604916191e+00 1.2405132603e+00 6.3812497147e+01 1.3684689160e+00 1.2119106902e+00
1.7571406747e-01 1.8379001841e+01 6.1347778785e+00 1.4822000000e+04 6.3812579606e+01 1.4098156779e+00 1.7824272096e-01 1.2607293672e-03 7.1646678777e-02 5.2868196477e-02 -7.7782240183e+00 1.8262934432e-01 2.8565357616e+00 1.2460404436e+00 6.3812566772e+01 1.3673094873e+00 1.2093599065e+00
1.7602253138e-01 1.8374497828e+01 6.1260013099e+00 1.4822000000e+04 6.3812649797e+01 1.4103467529e+00 1.7811175239e-01 1.2584743982e-03 7.2299807000e-02 5.2775852214e-02 -7.8142881723e+00 1.8262934432e-01 2.8525433982e+00 1.2515830127e+00 6.3812637003e+01 1.3661443815e+00 1.2067959062e+00
1.7633099766e-01 1.8369955786e+01 6.1172461900e+00 1.4822000000e+04 6.3812720603e+01 1.4108790794e+00 1.7798416940e-01 1.2563173272e-03 7.2953016090e-02 5.2683761826e-02 -7.8499487554e+00 1.8262934432e-01 2.8485143035e+00 1.2571404550e+00 6.3812707849e+01 1.3649735988e+00 1.2042185855e+00
1.7663946634e-01 1.8365375772e+01 6.1085126000e+00 1.4822000000e+04 6.3812792028e+01 1.4114126194e+00 1.7785999400e-01 1.2542735493e-03 7.3606299134e-02 5.2591932640e-02 -7.8851001757e+00 1.8262934432e-01 2.8444484057e+00 1.2627122824e+00 6.3812779314e+01 1.3637971996e+00 1.2016279088e+00
1.7694793741e-01 1.8360757843e+01 6.0998006199e+00 1.4822000000e+04 6.3812864067e+01 1.4119473301e+00 1.7773923926e-01 1.2523547747e-03 7.4259648925e-02 5.2500370558e-02 -7.9196567779e+00 1.8262934432e-01 2.8403457496e+00 1.2682980144e+00 6.3812851394e+01 1.3626152476e+00 1.1990239034e+00
1.7725641089e-01 1.8356102060e+01 6.0911103286e+00 1.4822000000e+04 6.3812936724e+01 1.4124833036e+00 1.7762192346e-01 1.2505683850e-03 7.4913066486e-02 5.2409080096e-02 -7.9535585139e+00 1.8262934432e-01 2.8362062719e+00 1.2738971350e+00 6.3812924091e+01 1.3614276770e+00 1.1964065644e+00
1.7756488682e-01 1.8351408481e+01 6.0824418046e+00 1.4822000000e+04 6.3813010008e+01 1.4130206263e+00 1.7750808036e-01 1.2489114044e-03 7.5566552937e-02 5.2318067836e-02 -7.9868117421e+00 1.8262934432e-01 2.8320297139e+00 1.2795091379e+00 6.3812997415e+01 1.3602344270e+00 1.1937757865e+00
1.7787336523e-01 1.8346677167e+01 6.0737951260e+00 1.4822000000e+04 6.3813083925e+01 1.4135592660e+00 1.7739773890e-01 1.2473935577e-03 7.6220101626e-02 5.2227342203e-02 -8.0193429980e+00 1.8262934432e-01 2.8278159356e+00 1.2851335546e+00 6.3813071373e+01 1.3590355527e+00 1.1911314979e+00
1.7818184611e-01 1.8341908178e+01 6.0651703697e+00 1.4822000000e+04 6.3813158473e+01 1.4140991776e+00 1.7729091574e-01 1.2460315676e-03 7.6873705003e-02 5.2136909648e-02 -8.0510315554e+00 1.8262934432e-01 2.8235649543e+00 1.2907699272e+00 6.3813145962e+01 1.3578311207e+00 1.1884737107e+00
1.7849032947e-01 1.8337101575e+01 6.0565676114e+00 1.4822000000e+04 6.3813233650e+01 1.4146403825e+00 1.7718762666e-01 1.2448350351e-03 7.7527359612e-02 5.2046775572e-02 -8.0818005091e+00 1.8262934432e-01 2.8192767843e+00 1.2964177827e+00 6.3813221180e+01 1.3566211342e+00 1.1858024464e+00
1.7879881534e-01 1.8332257419e+01 6.0479869264e+00 1.4822000000e+04 6.3813309466e+01 1.4151830269e+00 1.7708790350e-01 1.2438063285e-03 7.8181070431e-02 5.1956945169e-02 -8.1116198405e+00 1.8262934432e-01 2.8149511861e+00 1.3020766213e+00 6.3813297038e+01 1.3554054765e+00 1.1831176224e+00
1.7910730377e-01 1.8327375774e+01 6.0394283893e+00 1.4822000000e+04 6.3813385930e+01 1.4157270999e+00 1.7699178188e-01 1.2429481717e-03 7.8834832154e-02 5.1867427490e-02 -8.1404592549e+00 1.8262934432e-01 2.8105879494e+00 1.3077459895e+00 6.3813373542e+01 1.3541841821e+00 1.1804191342e+00
1.7941579475e-01 1.8322456700e+01 6.0308920741e+00 1.4822000000e+04 6.3813463041e+01 1.4162725572e+00 1.7689928421e-01 1.2422798673e-03 7.9488637082e-02 5.1778229926e-02 -8.1681794060e+00 1.8262934432e-01 2.8061870392e+00 1.3134254497e+00 6.3813450695e+01 1.3529573181e+00 1.1777069657e+00
1.7972428830e-01 1.8317500263e+01 6.0223780533e+00 1.4822000000e+04 6.3813540796e+01 1.4168193693e+00 1.7681042632e-01 1.2418135921e-03 8.0142478427e-02 5.1689358628e-02 -8.1946857052e+00 1.8262934432e-01 2.8017485053e+00 1.3191145646e+00 6.3813528491e+01 1.3517249367e+00 1.1749811481e+00
1.8003278443e-01 1.8312506526e+01 6.0138863987e+00 1.4822000000e+04 6.3813619202e+01 1.4173676870e+00 1.7672523564e-01 1.2415575950e-03 8.0796361412e-02 5.1600818254e-02 -8.2199092567e+00 1.8262934432e-01 2.7972721880e+00 1.3248128541e+00 6.3813606938e+01 1.3504869188e+00 1.1722416392e+00
1.8034128318e-01 1.8307475552e+01 6.0054171818e+00 1.4822000000e+04 6.3813698268e+01 1.4179175511e+00 1.7664375256e-01 1.2415115183e-03 8.1450284246e-02 5.1512617411e-02 -8.2438403877e+00 1.8262934432e-01 2.7927578146e+00 1.3305198725e+00 6.3813686046e+01 1.3492432496e+00 1.1694883151e+00
1.8064978458e-01 1.8302407408e+01 5.9969704731e+00 1.4822000000e+04 6.3813777999e+01 1.4184689196e+00 1.7656600711e-01 1.2416920027e-03 8.2104239223e-02 5.1424764779e-02 -8.2663581144e+00 1.8262934432e-01 2.7882052799e+00 1.3362352006e+00 6.3813765818e+01 1.3479939952e+00 1.1667211212e+00
1.8095828862e-01 1.8297302158e+01 5.9885463422e+00 1.4822000000e+04 6.3813858389e+01 1.4190217429e+00 1.7649201770e-01 1.2421155650e-03 8.2758218083e-02 5.1337267113e-02 -8.2873411615e+00 1.8262934432e-01 2.7836146273e+00 1.3419584265e+00 6.3813846250e+01 1.3467392272e+00 1.1639400827e+00
1.8126679532e-01 1.8292159869e+01 5.9801448575e+00 1.4822000000e+04 6.3813939442e+01 1.4195761145e+00 1.7642180729e-01 1.2427937274e-03 8.3412222124e-02 5.1250129627e-02 -8.3067017542e+00 1.8262934432e-01 2.7789858028e+00 1.3476891045e+00 6.3813927345e+01 1.3454788824e+00 1.1611451986e+00
1.8157530472e-01 1.8286980607e+01 5.9717660868e+00 1.4822000000e+04 6.3814021169e+01 1.4201321518e+00 1.7635541772e-01 1.2437292049e-03 8.4066254879e-02 5.1163359477e-02 -8.3244133805e+00 1.8262934432e-01 2.7743185041e+00 1.3534267907e+00 6.3814009114e+01 1.3442128747e+00 1.1583363482e+00
1.8188381685e-01 1.8281764440e+01 5.9634100976e+00 1.4822000000e+04 6.3814103576e+01 1.4206898216e+00 1.7629288730e-01 1.2449320079e-03 8.4720309187e-02 5.1076966595e-02 -8.3404040844e+00 1.8262934432e-01 2.7696125488e+00 1.3591710811e+00 6.3814091563e+01 1.3429412616e+00 1.1555134368e+00
1.8219233171e-01 1.8276511435e+01 5.9550769561e+00 1.4822000000e+04 6.3814186661e+01 1.4212490735e+00 1.7623423962e-01 1.2464226425e-03 8.5374376476e-02 5.0990958548e-02 -8.3545323275e+00 1.8262934432e-01 2.7648679396e+00 1.3649215825e+00 6.3814174690e+01 1.3416641170e+00 1.1526764675e+00
1.8250084930e-01 1.8271221660e+01 5.9467667275e+00 1.4822000000e+04 6.3814270422e+01 1.4218099192e+00 1.7617949551e-01 1.2482142962e-03 8.6028452418e-02 5.0905341599e-02 -8.3667067486e+00 1.8262934432e-01 2.7600847029e+00 1.3706778887e+00 6.3814258493e+01 1.3403814555e+00 1.1498254659e+00
1.8280936967e-01 1.8265895186e+01 5.9384794761e+00 1.4822000000e+04 6.3814354869e+01 1.4223725364e+00 1.7612869415e-01 1.2503156720e-03 8.6682544745e-02 5.0820121434e-02 -8.3768689150e+00 1.8262934432e-01 2.7552625740e+00 1.3764395604e+00 6.3814342983e+01 1.3390931362e+00 1.1469603423e+00
1.8311789285e-01 1.8260532080e+01 5.9302152660e+00 1.4822000000e+04 6.3814440012e+01 1.4229369224e+00 1.7608188149e-01 1.2527314251e-03 8.7336648459e-02 5.0735308518e-02 -8.3849924659e+00 1.8262934432e-01 2.7504012909e+00 1.3822062036e+00 6.3814428168e+01 1.3377991877e+00 1.1440809677e+00
1.8342641886e-01 1.8255132413e+01 5.9219741601e+00 1.4822000000e+04 6.3814525851e+01 1.4235030274e+00 1.7603908884e-01 1.2554819329e-03 8.7990754841e-02 5.0650911707e-02 -8.3909488223e+00 1.8262934432e-01 2.7455007898e+00 1.3879774417e+00 6.3814514049e+01 1.3364996846e+00 1.1411873090e+00
1.8373494769e-01 1.8249696256e+01 5.9137562203e+00 1.4822000000e+04 6.3814612382e+01 1.4240708116e+00 1.7600033803e-01 1.2585828675e-03 8.8644855840e-02 5.0566938140e-02 -8.3946433159e+00 1.8262934432e-01 2.7405611269e+00 1.3937528990e+00 6.3814600623e+01 1.3351946904e+00 1.1382793990e+00
1.8404347936e-01 1.8244223680e+01 5.9055615074e+00 1.4822000000e+04 6.3814699611e+01 1.4246404419e+00 1.7596566312e-01 1.2620472662e-03 8.9298958357e-02 5.0483393143e-02 -8.3960027680e+00 1.8262934432e-01 2.7355821388e+00 1.3995321557e+00 6.3814687894e+01 1.3338840762e+00 1.1353571957e+00
1.8435201393e-01 1.8238714757e+01 5.8973900820e+00 1.4822000000e+04 6.3814787550e+01 1.4252119826e+00 1.7593511529e-01 1.2658798481e-03 8.9953062334e-02 5.0400286429e-02 -8.3950154880e+00 1.8262934432e-01 2.7305634978e+00 1.4053148204e+00 6.3814775876e+01 1.3325678085e+00 1.1324205527e+00
1.8466055142e-01 1.8233169558e+01 5.8892420037e+00 1.4822000000e+04 6.3814876203e+01 1.4257853869e+00 1.7590873536e-01 1.2700958346e-03 9.0607159153e-02 5.0317628458e-02 -8.3916055400e+00 1.8262934432e-01 2.7255050571e+00 1.4111005309e+00 6.3814864572e+01 1.3312459598e+00 1.1294693922e+00
1.8496909182e-01 1.8227588158e+01 5.8811173311e+00 1.4822000000e+04 6.3814965566e+01 1.4263605974e+00 1.7588654936e-01 1.2747143176e-03 9.1261239293e-02 5.0235427173e-02 -8.3856753381e+00 1.8262934432e-01 2.7204068541e+00 1.4168889322e+00 6.3814953979e+01 1.3299186108e+00 1.1265037348e+00
1.8527763515e-01 1.8221970628e+01 5.8730161215e+00 1.4822000000e+04 6.3815055640e+01 1.4269377043e+00 1.7586858675e-01 1.2797493620e-03 9.1915303961e-02 5.0153688770e-02 -8.3771656708e+00 1.8262934432e-01 2.7152688462e+00 1.4226796371e+00 6.3815044096e+01 1.3285857056e+00 1.1235235838e+00
1.8558618145e-01 1.8216317044e+01 5.8649384319e+00 1.4822000000e+04 6.3815146438e+01 1.4275168610e+00 1.7585489990e-01 1.2852104828e-03 9.2569359811e-02 5.0072421174e-02 -8.3660539942e+00 1.8262934432e-01 2.7100906842e+00 1.4284722530e+00 6.3815134936e+01 1.3272471293e+00 1.1205288025e+00
1.8589473076e-01 1.8210627480e+01 5.8568843186e+00 1.4822000000e+04 6.3815237967e+01 1.4280980345e+00 1.7584553955e-01 1.2911068079e-03 9.3223399190e-02 4.9991636245e-02 -8.3523279678e+00 1.8262934432e-01 2.7048721332e+00 1.4342664280e+00 6.3815226509e+01 1.3259029415e+00 1.1175192690e+00
1.8620328308e-01 1.8204902011e+01 5.8488538369e+00 1.4822000000e+04 6.3815330225e+01 1.4286811666e+00 1.7584053909e-01 1.2974581848e-03 9.3877412268e-02 4.9911343108e-02 -8.3359111506e+00 1.8262934432e-01 2.6996131742e+00 1.4400618218e+00 6.3815318810e+01 1.3245532252e+00 1.1144949732e+00
1.8651183842e-01 1.8199140714e+01 5.8408470407e+00 1.4822000000e+04 6.3815423209e+01 1.4292662566e+00 1.7583992656e-01 1.3042790525e-03 9.4531393442e-02 4.9831549203e-02 -8.3167681618e+00 1.8262934432e-01 2.6943138467e+00 1.4458580833e+00 6.3815411838e+01 1.3231980094e+00 1.1114559449e+00
1.8682039681e-01 1.8193343663e+01 5.8328639831e+00 1.4822000000e+04 6.3815516929e+01 1.4298535145e+00 1.7584375089e-01 1.3115834419e-03 9.5185353581e-02 4.9752260962e-02 -8.2948735082e+00 1.8262934432e-01 2.6889738605e+00 1.4516548228e+00 6.3815505602e+01 1.3218371291e+00 1.1084020876e+00
1.8712895829e-01 1.8187510937e+01 5.8249047172e+00 1.4822000000e+04 6.3815611397e+01 1.4304429491e+00 1.7585207168e-01 1.3193784698e-03 9.5839288321e-02 4.9673490630e-02 -8.2702546714e+00 1.8262934432e-01 2.6835928926e+00 1.4574516939e+00 6.3815600113e+01 1.3204706048e+00 1.1053332442e+00
1.8743752289e-01 1.8181642613e+01 5.8169692948e+00 1.4822000000e+04 6.3815706613e+01 1.4310345032e+00 1.7586493253e-01 1.3276800962e-03 9.6493187678e-02 4.9595249062e-02 -8.2428902363e+00 1.8262934432e-01 2.6781708414e+00 1.4632483693e+00 6.3815695373e+01 1.3190985206e+00 1.1022493598e+00
1.8774609059e-01 1.8175738768e+01 5.8090577666e+00 1.4822000000e+04 6.3815802573e+01 1.4316281245e+00 1.7588236402e-01 1.3365040551e-03 9.7147041987e-02 4.9517544765e-02 -8.2127663713e+00 1.8262934432e-01 2.6727077669e+00 1.4690445233e+00 6.3815791376e+01 1.3177209532e+00 1.0991504668e+00
1.8805466143e-01 1.8169799482e+01 5.8011701820e+00 1.4822000000e+04 6.3815899281e+01 1.4322239926e+00 1.7590440927e-01 1.3458651593e-03 9.7800859688e-02 4.9440384081e-02 -8.1798822883e+00 1.8262934432e-01 2.6672035053e+00 1.4748397855e+00 6.3815888128e+01 1.3163377678e+00 1.0960365251e+00
1.8836323545e-01 1.8163824835e+01 5.7933065904e+00 1.4822000000e+04 6.3815996751e+01 1.4328222008e+00 1.7593113376e-01 1.3557739863e-03 9.8454643112e-02 4.9363778125e-02 -8.1442722448e+00 1.8262934432e-01 2.6616576652e+00 1.4806338082e+00 6.3815985643e+01 1.3149489082e+00 1.0929073627e+00
1.8867181268e-01 1.8157814905e+01 5.7854670404e+00 1.4822000000e+04 6.3816094989e+01 1.4334226964e+00 1.7596259298e-01 1.3662403412e-03 9.9108382550e-02 4.9287739727e-02 -8.1059830775e+00 1.8262934432e-01 2.6560700491e+00 1.4864262740e+00 6.3816083925e+01 1.3135544549e+00 1.0897628740e+00
1.8898039312e-01 1.8151769773e+01 5.7776515792e+00 1.4822000000e+04 6.3816193990e+01 1.4340254123e+00 1.7599882401e-01 1.3772804471e-03 9.9762066920e-02 4.9212278515e-02 -8.0650285626e+00 1.8262934432e-01 2.6504406818e+00 1.4922168736e+00 6.3816182970e+01 1.3121544992e+00 1.0866030712e+00
1.8928897677e-01 1.8145689521e+01 5.7698602529e+00 1.4822000000e+04 6.3816293752e+01 1.4346304294e+00 1.7603986558e-01 1.3889071721e-03 1.0041569677e-01 4.9137402074e-02 -8.0214486788e+00 1.8262934432e-01 2.6447695351e+00 1.4980052683e+00 6.3816282776e+01 1.3107489978e+00 1.0834279629e+00
1.8959756370e-01 1.8139574229e+01 5.7620931071e+00 1.4822000000e+04 6.3816394291e+01 1.4352379422e+00 1.7608578408e-01 1.4011360648e-03 1.0106928261e-01 4.9063119404e-02 -7.9752756621e+00 1.8262934432e-01 2.6390562089e+00 1.5037911058e+00 6.3816383359e+01 1.3093378043e+00 1.0802373954e+00
1.8990615393e-01 1.8133423981e+01 5.7543501868e+00 1.4822000000e+04 6.3816495614e+01 1.4358479180e+00 1.7613664704e-01 1.4139742823e-03 1.0172281628e-01 4.8989444873e-02 -7.9265984985e+00 1.8262934432e-01 2.6333004056e+00 1.5095740753e+00 6.3816484727e+01 1.3079209806e+00 1.0770312149e+00
1.9021474747e-01 1.8127238859e+01 5.7466315361e+00 1.4822000000e+04 6.3816597721e+01 1.4364602888e+00 1.7619250188e-01 1.4274343181e-03 1.0237628637e-01 4.8916389804e-02 -7.8754801655e+00 1.8262934432e-01 2.6275020755e+00 1.5153538788e+00 6.3816586879e+01 1.3064986207e+00 1.0738093933e+00
1.9052334433e-01 1.8121018947e+01 5.7389371976e+00 1.4822000000e+04 6.3816700606e+01 1.4370750368e+00 1.7625338717e-01 1.4415279180e-03 1.0302968541e-01 4.8843963275e-02 -7.8219917407e+00 1.8262934432e-01 2.6216612708e+00 1.5211302095e+00 6.3816689808e+01 1.3050707717e+00 1.0705719639e+00
1.9083194453e-01 1.8114764328e+01 5.7312672130e+00 1.4822000000e+04 6.3816804279e+01 1.4376924037e+00 1.7631936506e-01 1.4562717607e-03 1.0368302766e-01 4.8772172866e-02 -7.7661829251e+00 1.8262934432e-01 2.6157776777e+00 1.5269027177e+00 6.3816793525e+01 1.3036372467e+00 1.0673188242e+00
1.9114054814e-01 1.8108475087e+01 5.7236216241e+00 1.4822000000e+04 6.3816908753e+01 1.4383124140e+00 1.7639051363e-01 1.4716765669e-03 1.0433630975e-01 4.8701033118e-02 -7.7081435433e+00 1.8262934432e-01 2.6098509011e+00 1.5326710943e+00 6.3816898044e+01 1.3021980557e+00 1.0640497847e+00
1.9144915516e-01 1.8102151310e+01 5.7160004715e+00 1.4822000000e+04 6.3817014030e+01 1.4389350000e+00 1.7646689373e-01 1.4877484869e-03 1.0498952010e-01 4.8630557640e-02 -7.6479913459e+00 1.8262934432e-01 2.6038807915e+00 1.5384350504e+00 6.3817003366e+01 1.3007532942e+00 1.0607647633e+00
1.9175776560e-01 1.8095793082e+01 5.7084037945e+00 1.4822000000e+04 6.3817120104e+01 1.4395600939e+00 1.7654854881e-01 1.5044987460e-03 1.0564264693e-01 4.8560756879e-02 -7.5858182235e+00 1.8262934432e-01 2.5978674081e+00 1.5441943005e+00 6.3817109485e+01 1.2993030548e+00 1.0574637896e+00
1.9206637947e-01 1.8089400490e+01 5.7008316311e+00 1.4822000000e+04 6.3817226978e+01 1.4401878825e+00 1.7663553478e-01 1.5219405805e-03 1.0629569980e-01 4.8491638714e-02 -7.5217084602e+00 1.8262934432e-01 2.5918105919e+00 1.5499485141e+00 6.3817216405e+01 1.2978472026e+00 1.0541468262e+00
1.9237499683e-01 1.8082973620e+01 5.6932840195e+00 1.4822000000e+04 6.3817334668e+01 1.4408184936e+00 1.7672793650e-01 1.5400916173e-03 1.0694868413e-01 4.8423216127e-02 -7.4557302348e+00 1.8262934432e-01 2.5857098782e+00 1.5556973778e+00 6.3817324140e+01 1.2963856554e+00 1.0508136733e+00
1.9268361771e-01 1.8076512561e+01 5.6857609968e+00 1.4822000000e+04 6.3817443180e+01 1.4414518669e+00 1.7682582975e-01 1.5589549608e-03 1.0760158889e-01 4.8355505124e-02 -7.3880271636e+00 1.8262934432e-01 2.5795650085e+00 1.5614406088e+00 6.3817432697e+01 1.2949185026e+00 1.0474641919e+00
1.9299224212e-01 1.8070017401e+01 5.6782625992e+00 1.4822000000e+04 6.3817552509e+01 1.4420879222e+00 1.7692926790e-01 1.5785383121e-03 1.0825440092e-01 4.8288517783e-02 -7.3187185086e+00 1.8262934432e-01 2.5733759868e+00 1.5671779340e+00 6.3817542072e+01 1.2934458495e+00 1.0440983808e+00
1.9330087004e-01 1.8063488229e+01 5.6707888612e+00 1.4822000000e+04 6.3817662652e+01 1.4427267244e+00 1.7703830318e-01 1.5988509142e-03 1.0890711933e-01 4.8222263677e-02 -7.2479150130e+00 1.8262934432e-01 2.5671428027e+00 1.5729090536e+00 6.3817652260e+01 1.2919676714e+00 1.0407162548e+00
1.9360950154e-01 1.8056925133e+01 5.6633398172e+00 1.4822000000e+04 6.3817773624e+01 1.4433685116e+00 1.7715302115e-01 1.6199140986e-03 1.0955975906e-01 4.8156753374e-02 -7.1756744786e+00 1.8262934432e-01 2.5608650018e+00 1.5786336477e+00 6.3817763278e+01 1.2904837898e+00 1.0373176428e+00
1.9391813667e-01 1.8050328205e+01 5.6559155009e+00 1.4822000000e+04 6.3817885435e+01 1.4440132523e+00 1.7727351254e-01 1.6417356961e-03 1.1021231146e-01 4.8092004574e-02 -7.1021201987e+00 1.8262934432e-01 2.5545422123e+00 1.5843514367e+00 6.3817875134e+01 1.2889942680e+00 1.0339023536e+00
1.9422677542e-01 1.8043697534e+01 5.6485159452e+00 1.4822000000e+04 6.3817998083e+01 1.4446608646e+00 1.7739984508e-01 1.6643164798e-03 1.1086476297e-01 4.8028031729e-02 -7.0274034246e+00 1.8262934432e-01 2.5481743433e+00 1.5900621556e+00 6.3817987828e+01 1.2874992150e+00 1.0304703349e+00
1.9453541779e-01 1.8037033213e+01 5.6411411814e+00 1.4822000000e+04 6.3818111563e+01 1.4453113089e+00 1.7753207304e-01 1.6876636366e-03 1.1151710357e-01 4.7964846260e-02 -6.9516424228e+00 1.8262934432e-01 2.5417614586e+00 1.5957655328e+00 6.3818101353e+01 1.2859986992e+00 1.0270216226e+00
1.9484406383e-01 1.8030335333e+01 5.6337912400e+00 1.4822000000e+04 6.3818225882e+01 1.4459648546e+00 1.7767027713e-01 1.7117954300e-03 1.1216935071e-01 4.7902457535e-02 -6.8749082242e+00 1.8262934432e-01 2.5353032241e+00 1.6014612515e+00 6.3818215718e+01 1.2844925176e+00 1.0235561092e+00
1.9515271358e-01 1.8023603987e+01 5.6264661513e+00 1.4822000000e+04 6.3818341055e+01 1.4466215450e+00 1.7781456096e-01 1.7367304058e-03 1.1282150247e-01 4.7840883159e-02 -6.7972748552e+00 1.8262934432e-01 2.5287991605e+00 1.6071490307e+00 6.3818330938e+01 1.2829806666e+00 1.0200735682e+00
1.9546136707e-01 1.8016839268e+01 5.6191659449e+00 1.4822000000e+04 6.3818457086e+01 1.4472812989e+00 1.7796500998e-01 1.7624645791e-03 1.1347354513e-01 4.7780140567e-02 -6.7189046732e+00 1.8262934432e-01 2.5222490594e+00 1.6128286114e+00 6.3818447015e+01 1.2814632565e+00 1.0165738843e+00
1.9577002429e-01 1.8010041269e+01 5.6118906490e+00 1.4822000000e+04 6.3818573967e+01 1.4479440286e+00 1.7812168698e-01 1.7890022495e-03 1.1412546413e-01 4.7720243036e-02 -6.6399194928e+00 1.8262934432e-01 2.5156529729e+00 1.6184997393e+00 6.3818563941e+01 1.2799403988e+00 1.0130570802e+00
1.9607868525e-01 1.8003210086e+01 5.6046402904e+00 1.4822000000e+04 6.3818691699e+01 1.4486099195e+00 1.7828466647e-01 1.8163547515e-03 1.1477726927e-01 4.7661200785e-02 -6.5604099648e+00 1.8262934432e-01 2.5090107525e+00 1.6241621168e+00 6.3818681719e+01 1.2784119666e+00 1.0095231231e+00
1.9638735002e-01 1.7996345813e+01 5.5974148959e+00 1.4822000000e+04 6.3818810298e+01 1.4492791377e+00 1.7845406015e-01 1.8445500980e-03 1.1542896978e-01 4.7603029381e-02 -6.4804074410e+00 1.8262934432e-01 2.5023218527e+00 1.6298154571e+00 6.3818800365e+01 1.2768778497e+00 1.0059717828e+00
1.9669601863e-01 1.7989448546e+01 5.5902144917e+00 1.4822000000e+04 6.3818929772e+01 1.4499516133e+00 1.7862997263e-01 1.8735889847e-03 1.1608055281e-01 4.7545749197e-02 -6.4000427371e+00 1.8262934432e-01 2.4955859410e+00 1.6354595036e+00 6.3818919886e+01 1.2753381482e+00 1.0024028802e+00
1.9700469108e-01 1.7982518382e+01 5.5830391030e+00 1.4822000000e+04 6.3819050117e+01 1.4506272482e+00 1.7881248152e-01 1.9034682838e-03 1.1673200246e-01 4.7489375893e-02 -6.3194513566e+00 1.8262934432e-01 2.4888029910e+00 1.6410940111e+00 6.3819040277e+01 1.2737929851e+00 9.9881639536e-01
1.9731336737e-01 1.7975555417e+01 5.5758887531e+00 1.4822000000e+04 6.3819171325e+01 1.4513060824e+00 1.7900165932e-01 1.9341944831e-03 1.1738331527e-01 4.7433921944e-02 -6.2387279785e+00 1.8262934432e-01 2.4819730131e+00 1.6467187117e+00 6.3819161531e+01 1.2722423611e+00 9.9521234918e-01
1.9762204755e-01 1.7968559749e+01 5.5687634652e+00 1.4822000000e+04 6.3819293412e+01 1.4519883969e+00 1.7919761858e-01 1.9657962948e-03 1.1803451083e-01 4.7379400342e-02 -6.1578934056e+00 1.8262934432e-01 2.4750954985e+00 1.6523333112e+00 6.3819283665e+01 1.2706860687e+00 9.9159055319e-01
1.9793073167e-01 1.7961531476e+01 5.5616632623e+00 1.4822000000e+04 6.3819416390e+01 1.4526741613e+00 1.7940048286e-01 1.9982889752e-03 1.1868557994e-01 4.7325833298e-02 -6.0770153199e+00 1.8262934432e-01 2.4681699878e+00 1.6579375538e+00 6.3819406690e+01 1.2691241724e+00 9.8795077308e-01
1.9823941974e-01 1.7954470697e+01 5.5545881662e+00 1.4822000000e+04 6.3819540257e+01 1.4533632743e+00 1.7961034984e-01 2.0316617037e-03 1.1933650607e-01 4.7273239795e-02 -5.9962365753e+00 1.8262934432e-01 2.4611963366e+00 1.6635311997e+00 6.3819530603e+01 1.2675568005e+00 9.8429292525e-01
1.9854811174e-01 1.7947377511e+01 5.5475381974e+00 1.4822000000e+04 6.3819665004e+01 1.4540556687e+00 1.7982729776e-01 2.0659178027e-03 1.1998727564e-01 4.7221634700e-02 -5.9156465500e+00 1.8262934432e-01 2.4541746182e+00 1.6691140052e+00 6.3819655397e+01 1.2659840472e+00 9.8061704559e-01
1.9885680772e-01 1.7940252020e+01 5.5405133754e+00 1.4822000000e+04 6.3819790639e+01 1.4547516316e+00 1.8005143415e-01 2.1010780999e-03 1.2063790857e-01 4.7171030199e-02 -5.8352796157e+00 1.8262934432e-01 2.4471044847e+00 1.6746856807e+00 6.3819781079e+01 1.2644057023e+00 9.7692302394e-01
1.9916550773e-01 1.7933094323e+01 5.5335137197e+00 1.4822000000e+04 6.3819917178e+01 1.4554512286e+00 1.8028289885e-01 2.1371750094e-03 1.2128840470e-01 4.7121448128e-02 -5.7551411974e+00 1.8262934432e-01 2.4399853604e+00 1.6802459671e+00 6.3819907665e+01 1.2628217471e+00 9.7321059220e-01
1.9947421179e-01 1.7925904522e+01 5.5265392492e+00 1.4822000000e+04 6.3820044624e+01 1.4561543597e+00 1.8052181321e-01 2.1741987882e-03 1.2193874743e-01 4.7072911356e-02 -5.6753517551e+00 1.8262934432e-01 2.4328169649e+00 1.6857946274e+00 6.3820035157e+01 1.2612323103e+00 9.6947959420e-01
1.9978291990e-01 1.7918682718e+01 5.5195899812e+00 1.4822000000e+04 6.3820172968e+01 1.4568609113e+00 1.8076826969e-01 2.2121463694e-03 1.2258891841e-01 4.7025437394e-02 -5.5960029238e+00 1.8262934432e-01 2.4255993357e+00 1.6913314318e+00 6.3820163548e+01 1.2596375267e+00 9.6573004069e-01
2.0009163207e-01 1.7911429016e+01 5.5126659320e+00 1.4822000000e+04 6.3820302208e+01 1.4575710537e+00 1.8102237060e-01 2.2510287545e-03 1.2323892619e-01 4.6979040046e-02 -5.5171429483e+00 1.8262934432e-01 2.4183323425e+00 1.6968561103e+00 6.3820292836e+01 1.2580372886e+00 9.6196190530e-01
2.0040034834e-01 1.7904143518e+01 5.5057671175e+00 1.4822000000e+04 6.3820432362e+01 1.4582849938e+00 1.8128426603e-01 2.2908878397e-03 1.2388878420e-01 4.6933738670e-02 -5.4387447748e+00 1.8262934432e-01 2.4110153532e+00 1.7023683971e+00 6.3820423037e+01 1.2564314575e+00 9.5817492561e-01
2.0070906878e-01 1.7896826328e+01 5.4988935536e+00 1.4822000000e+04 6.3820563439e+01 1.4590026472e+00 1.8155410254e-01 2.3317290889e-03 1.2453847715e-01 4.6889559762e-02 -5.3608734382e+00 1.8262934432e-01 2.4036479473e+00 1.7078680552e+00 6.3820554161e+01 1.2548201475e+00 9.5436887527e-01
2.0101779337e-01 1.7889477552e+01 5.4920452548e+00 1.4822000000e+04 6.3820695432e+01 1.4597238908e+00 1.8183199461e-01 2.3735386247e-03 1.2518798524e-01 4.6846524337e-02 -5.2836311497e+00 1.8262934432e-01 2.3962300570e+00 1.7133548610e+00 6.3820686201e+01 1.2532035046e+00 9.5054370806e-01
2.0132652210e-01 1.7882097293e+01 5.4852222341e+00 1.4822000000e+04 6.3820828332e+01 1.4604487288e+00 1.8211804603e-01 2.4163217043e-03 1.2583730090e-01 4.6804649238e-02 -5.2070668799e+00 1.8262934432e-01 2.3887617159e+00 1.7188285724e+00 6.3820819149e+01 1.2515815630e+00 9.4669945073e-01
2.0163525502e-01 1.7874685659e+01 5.4784245041e+00 1.4822000000e+04 6.3820962154e+01 1.4611774779e+00 1.8241240858e-01 2.4601157419e-03 1.2648644796e-01 4.6763951281e-02 -5.1311581411e+00 1.8262934432e-01 2.3812423654e+00 1.7242889172e+00 6.3820953018e+01 1.2499540932e+00 9.4283589877e-01
2.0194399219e-01 1.7867242756e+01 5.4716520775e+00 1.4822000000e+04 6.3821096909e+01 1.4619101076e+00 1.8271525365e-01 2.5049506694e-03 1.2713541631e-01 4.6724459011e-02 -5.0559042545e+00 1.8262934432e-01 2.3736714436e+00 1.7297356572e+00 6.3821087821e+01 1.2483211621e+00 9.3895276818e-01
2.0225273362e-01 1.7859768692e+01 5.4649049660e+00 1.4822000000e+04 6.3821232598e+01 1.4626464896e+00 1.8302672406e-01 2.5508067476e-03 1.2778418528e-01 4.6686198078e-02 -4.9814038282e+00 1.8262934432e-01 2.3660487403e+00 1.7351685719e+00 6.3821223557e+01 1.2466829229e+00 9.3504993570e-01
2.0256147928e-01 1.7852263573e+01 5.4581831798e+00 1.4822000000e+04 6.3821369207e+01 1.4633865193e+00 1.8334693563e-01 2.5976836754e-03 1.2843273627e-01 4.6649188611e-02 -4.9077059610e+00 1.8262934432e-01 2.3583743343e+00 1.7405874396e+00 6.3821360214e+01 1.2450395015e+00 9.3112743371e-01
2.0287022921e-01 1.7844727510e+01 5.4514867281e+00 1.4822000000e+04 6.3821506743e+01 1.4641304866e+00 1.8367603600e-01 2.6456055858e-03 1.2908109009e-01 4.6613447301e-02 -4.8348089191e+00 1.8262934432e-01 2.3506478748e+00 1.7459919945e+00 6.3821497798e+01 1.2433906938e+00 9.2718515235e-01
2.0317898346e-01 1.7837160612e+01 5.4448156206e+00 1.4822000000e+04 6.3821645221e+01 1.4648784792e+00 1.8401421808e-01 2.6946234814e-03 1.2972924838e-01 4.6579002083e-02 -4.7626659952e+00 1.8262934432e-01 2.3428686784e+00 1.7513819948e+00 6.3821636324e+01 1.2417364664e+00 9.2322277744e-01
2.0348774207e-01 1.7829562987e+01 5.4381698660e+00 1.4822000000e+04 6.3821784646e+01 1.4656303707e+00 1.8436165701e-01 2.7447279253e-03 1.3037719043e-01 4.6545883727e-02 -4.6913420335e+00 1.8262934432e-01 2.3350363799e+00 1.7567572199e+00 6.3821775796e+01 1.2400769714e+00 9.1924010368e-01
2.0379650502e-01 1.7821934748e+01 5.4315494720e+00 1.4822000000e+04 6.3821925006e+01 1.4663860123e+00 1.8471849180e-01 2.7959072688e-03 1.3102489259e-01 4.6514116265e-02 -4.6208966412e+00 1.8262934432e-01 2.3271509927e+00 1.7621174590e+00 6.3821916205e+01 1.2384123733e+00 9.1523712303e-01
2.0410527230e-01 1.7814276006e+01 5.4249544448e+00 1.4822000000e+04 6.3822066297e+01 1.4671455400e+00 1.8508486793e-01 2.8481732856e-03 1.3167235987e-01 4.6483719134e-02 -4.5513432013e+00 1.8262934432e-01 2.3192124147e+00 1.7674624661e+00 6.3822057544e+01 1.2367425980e+00 9.1121381751e-01
2.0441404397e-01 1.7806586872e+01 5.4183847907e+00 1.4822000000e+04 6.3822208536e+01 1.4679091976e+00 1.8546099223e-01 2.9015832686e-03 1.3231960964e-01 4.6454717483e-02 -4.4826236155e+00 1.8262934432e-01 2.3112199255e+00 1.7727919934e+00 6.3822199830e+01 1.2350674830e+00 9.0716989182e-01
2.0472282009e-01 1.7798867460e+01 5.4118405159e+00 1.4822000000e+04 6.3822351730e+01 1.4686768799e+00 1.8584707409e-01 2.9561547072e-03 1.3296662304e-01 4.6427146679e-02 -4.4147488132e+00 1.8262934432e-01 2.3031730034e+00 1.7781058183e+00 6.3822343073e+01 1.2333871604e+00 9.0310506445e-01
2.0503160064e-01 1.7791117882e+01 5.4053216255e+00 1.4822000000e+04 6.3822495874e+01 1.4694484272e+00 1.8624328557e-01 3.0118631028e-03 1.3361337473e-01 4.6401035942e-02 -4.3477886817e+00 1.8262934432e-01 2.2950715266e+00 1.7834037340e+00 6.3822487265e+01 1.2317018070e+00 8.9901925391e-01
2.0534038560e-01 1.7783338253e+01 5.3988281229e+00 1.4822000000e+04 6.3822640955e+01 1.4702237926e+00 1.8664978035e-01 3.0687127421e-03 1.3425985075e-01 4.6376408913e-02 -4.2817619917e+00 1.8262934432e-01 2.2869155553e+00 1.7886855198e+00 6.3822632394e+01 1.2300115003e+00 8.9491249175e-01
2.0564917502e-01 1.7775528688e+01 5.3923600113e+00 1.4822000000e+04 6.3822786985e+01 1.4710033136e+00 1.8706676944e-01 3.1267494729e-03 1.3490607766e-01 4.6353288620e-02 -4.2166281499e+00 1.8262934432e-01 2.2787044910e+00 1.7939509238e+00 6.3822778471e+01 1.2283160022e+00 8.9078456027e-01
2.0595796895e-01 1.7767689302e+01 5.3859172942e+00 1.4822000000e+04 6.3822933976e+01 1.4717869545e+00 1.8749449620e-01 3.1860235022e-03 1.3555204364e-01 4.6331712870e-02 -4.1523475696e+00 1.8262934432e-01 2.2704376573e+00 1.7991997216e+00 6.3822925510e+01 1.2266153847e+00 8.8663511910e-01
2.0626676740e-01 1.7759820211e+01 5.3794999742e+00 1.4822000000e+04 6.3823081926e+01 1.4725745478e+00 1.8793317344e-01 3.2465098452e-03 1.3619772210e-01 4.6311717392e-02 -4.0889808739e+00 1.8262934432e-01 2.2621147649e+00 1.8044317073e+00 6.3823073510e+01 1.2249098335e+00 8.8246399603e-01
2.0657557034e-01 1.7751921533e+01 5.3731080525e+00 1.4822000000e+04 6.3823230822e+01 1.4733659383e+00 1.8838297765e-01 3.3082027924e-03 1.3684308722e-01 4.6293330618e-02 -4.0265552087e+00 1.8262934432e-01 2.2537358937e+00 1.8096466771e+00 6.3823222454e+01 1.2231995148e+00 8.7827121460e-01
2.0688437779e-01 1.7743993384e+01 5.3667415293e+00 1.4822000000e+04 6.3823380664e+01 1.4741613949e+00 1.8884411907e-01 3.3711295470e-03 1.3748815788e-01 4.6276576626e-02 -3.9650535975e+00 1.8262934432e-01 2.2453007068e+00 1.8148443873e+00 6.3823372344e+01 1.2214842487e+00 8.7405666932e-01
2.0719318981e-01 1.7736035883e+01 5.3604004052e+00 1.4822000000e+04 6.3823531469e+01 1.4749610211e+00 1.8931687102e-01 3.4353622208e-03 1.3813293682e-01 4.6261492563e-02 -3.9044105589e+00 1.8262934432e-01 2.2368084066e+00 1.8200246113e+00 6.3823523197e+01 1.2197639918e+00 8.6981999663e-01
2.0750200642e-01 1.7728049150e+01 5.3540846806e+00 1.4822000000e+04 6.3823683239e+01 1.4757646516e+00 1.8980149200e-01 3.5008979602e-03 1.3877739726e-01 4.6248121085e-02 -3.8446522992e+00 1.8262934432e-01 2.2282585310e+00 1.8251871405e+00 6.3823675016e+01 1.2180389270e+00 8.6556093295e-01
2.0781082761e-01 1.7720033302e+01 5.3477943545e+00 1.4822000000e+04 6.3823835963e+01 1.4765720888e+00 1.9029819620e-01 3.5677143040e-03 1.3942150810e-01 4.6236496570e-02 -3.7858206866e+00 1.8262934432e-01 2.2196510593e+00 1.8303317796e+00 6.3823827788e+01 1.2163092567e+00 8.6127944283e-01
2.0811965334e-01 1.7711988462e+01 5.3415294245e+00 1.4822000000e+04 6.3823989629e+01 1.4773834086e+00 1.9080719884e-01 3.6358238643e-03 1.4006526726e-01 4.6226647567e-02 -3.7279136679e+00 1.8262934432e-01 2.2109859314e+00 1.8354583043e+00 6.3823981503e+01 1.2145749584e+00 8.5697551859e-01
2.0842848369e-01 1.7703914751e+01 5.3352898886e+00 1.4822000000e+04 6.3824144254e+01 1.4781988775e+00 1.9132879394e-01 3.7052988123e-03 1.4070869459e-01 4.6218608524e-02 -3.6708695781e+00 1.8262934432e-01 2.2022623454e+00 1.8405664842e+00 6.3824136176e+01 1.2128358567e+00 8.5264883363e-01
2.0873731869e-01 1.7695812289e+01 5.3290757447e+00 1.4822000000e+04 6.3824299845e+01 1.4790183572e+00 1.9186328863e-01 3.7761752087e-03 1.4135176581e-01 4.6212428159e-02 -3.6146702634e+00 1.8262934432e-01 2.1934796677e+00 1.8456561079e+00 6.3824291816e+01 1.2110921086e+00 8.4829904317e-01
2.0904615834e-01 1.7687681199e+01 5.3228869900e+00 1.4822000000e+04 6.3824456394e+01 1.4798416351e+00 1.9241094770e-01 3.8484180220e-03 1.4199444744e-01 4.6208148661e-02 -3.5593647670e+00 1.8262934432e-01 2.1846377102e+00 1.8507269822e+00 6.3824448414e+01 1.2093439321e+00 8.4392601980e-01
2.0935500258e-01 1.7679521605e+01 5.3167236199e+00 1.4822000000e+04 6.3824613885e+01 1.4806685923e+00 1.9297200734e-01 3.9220294651e-03 1.4263671591e-01 4.6205804701e-02 -3.5049597016e+00 1.8262934432e-01 2.1757365647e+00 1.8557789052e+00 6.3824605953e+01 1.2075914599e+00 8.3952979746e-01
2.0966385146e-01 1.7671333631e+01 5.3105856296e+00 1.4822000000e+04 6.3824772324e+01 1.4814995592e+00 1.9354677198e-01 3.9970623575e-03 1.4327859732e-01 4.6205429703e-02 -3.4514152928e+00 1.8262934432e-01 2.1667756134e+00 1.8608116453e+00 6.3824764441e+01 1.2058344664e+00 8.3511015061e-01
2.0997270504e-01 1.7663117400e+01 5.3044730151e+00 1.4822000000e+04 6.3824931724e+01 1.4823344825e+00 1.9413559762e-01 4.0735911511e-03 1.4392007635e-01 4.6207075679e-02 -3.3986793580e+00 1.8262934432e-01 2.1577540585e+00 1.8658249906e+00 6.3824923889e+01 1.2040730363e+00 8.3066667716e-01
2.1028156331e-01 1.7654873040e+01 5.2983857714e+00 1.4822000000e+04 6.3825092082e+01 1.4831731382e+00 1.9473880965e-01 4.1515897498e-03 1.4456111771e-01 4.6210794163e-02 -3.3467874766e+00 1.8262934432e-01 2.1486715213e+00 1.8708187465e+00 6.3825084296e+01 1.2023073980e+00 8.2619914522e-01
2.1059042623e-01 1.7646600675e+01 5.2923238924e+00 1.4822000000e+04 6.3825253380e+01 1.4840153005e+00 1.9535668601e-01 4.2310442876e-03 1.4520168524e-01 4.6216627198e-02 -3.2957585757e+00 1.8262934432e-01 2.1395280783e+00 1.8757927250e+00 6.3825245643e+01 1.2005377681e+00 8.2170756199e-01
2.1089929380e-01 1.7638300432e+01 5.2862873709e+00 1.4822000000e+04 6.3825415613e+01 1.4848611816e+00 1.9598953925e-01 4.3119839340e-03 1.4584179126e-01 4.6224611377e-02 -3.2455742725e+00 1.8262934432e-01 2.1303234324e+00 1.8807467042e+00 6.3825407925e+01 1.1987640162e+00 8.1719183193e-01
2.1120816608e-01 1.7629972440e+01 5.2802762005e+00 1.4822000000e+04 6.3825578795e+01 1.4857108834e+00 1.9663776977e-01 4.3945024900e-03 1.4648143738e-01 4.6234798523e-02 -3.1961711832e+00 1.8262934432e-01 2.1210566772e+00 1.8856804734e+00 6.3825571155e+01 1.1969861007e+00 8.1265154204e-01
2.1151704308e-01 1.7621616826e+01 5.2742903747e+00 1.4822000000e+04 6.3825742929e+01 1.4865641828e+00 1.9730177062e-01 4.4786098709e-03 1.4712058784e-01 4.6247249928e-02 -3.1475535824e+00 1.8262934432e-01 2.1117272453e+00 1.8905938333e+00 6.3825735338e+01 1.1952042455e+00 8.0808636041e-01
2.1182592478e-01 1.7613233720e+01 5.2683298859e+00 1.4822000000e+04 6.3825907998e+01 1.4874208125e+00 1.9798188204e-01 4.5642708815e-03 1.4775920073e-01 4.6262017030e-02 -3.0997540659e+00 1.8262934432e-01 2.1023350738e+00 1.8954866023e+00 6.3825900456e+01 1.1934187025e+00 8.0349621335e-01
2.1213481113e-01 1.7604823250e+01 5.2623947248e+00 1.4822000000e+04 6.3826073987e+01 1.4882807531e+00 1.9867843706e-01 4.6514979438e-03 1.4839726184e-01 4.6279143710e-02 -3.0527669694e+00 1.8262934432e-01 2.0928801633e+00 1.9003585771e+00 6.3826066494e+01 1.1916295219e+00 7.9888110517e-01
2.1244370218e-01 1.7596385549e+01 5.2564848831e+00 1.4822000000e+04 6.3826240907e+01 1.4891442627e+00 1.9939187028e-01 4.7403761539e-03 1.4903478981e-01 4.6298680105e-02 -3.0065399701e+00 1.8262934432e-01 2.0833616545e+00 1.9052095469e+00 6.3826233462e+01 1.1898365377e+00 7.9424068379e-01
2.1275259796e-01 1.7587920746e+01 5.2506003525e+00 1.4822000000e+04 6.3826408763e+01 1.4900111504e+00 2.0012264749e-01 4.8309655745e-03 1.4967175180e-01 4.6320696025e-02 -2.9610434272e+00 1.8262934432e-01 2.0737787987e+00 1.9100393102e+00 6.3826401367e+01 1.1880399421e+00 7.8957453392e-01
2.1306149847e-01 1.7579428973e+01 5.2447411242e+00 1.4822000000e+04 6.3826577547e+01 1.4908811263e+00 2.0087118913e-01 4.9232218989e-03 1.5030810248e-01 4.6345254970e-02 -2.9163125510e+00 1.8262934432e-01 2.0641313336e+00 1.9148476858e+00 6.3826570200e+01 1.1862400076e+00 7.8488246999e-01
2.1337040362e-01 1.7570910365e+01 5.2389071876e+00 1.4822000000e+04 6.3826747234e+01 1.4917539710e+00 2.0163787389e-01 5.0171428951e-03 1.5094380412e-01 4.6372410370e-02 -2.8723511616e+00 1.8262934432e-01 2.0544193902e+00 1.9196344897e+00 6.3826739936e+01 1.1844369367e+00 7.8016452397e-01
2.1367931344e-01 1.7562365054e+01 5.2330985321e+00 1.4822000000e+04 6.3826917826e+01 1.4926299603e+00 2.0242316160e-01 5.1127860828e-03 1.5157887634e-01 4.6402213815e-02 -2.8291275092e+00 1.8262934432e-01 2.0446423698e+00 1.9243995132e+00 6.3826910576e+01 1.1826305492e+00 7.7542047138e-01
2.1398822797e-01 1.7553793173e+01 5.2273151483e+00 1.4822000000e+04 6.3827089332e+01 1.4935090001e+00 2.0322759291e-01 5.2102523524e-03 1.5221329693e-01 4.6434740330e-02 -2.7865908962e+00 1.8262934432e-01 2.0347993617e+00 1.9291425580e+00 6.3827082131e+01 1.1808209553e+00 7.7064984646e-01
2.1429714722e-01 1.7545194859e+01 5.2215570260e+00 1.4822000000e+04 6.3827261748e+01 1.4943907834e+00 2.0405168273e-01 5.3095196047e-03 1.5284701784e-01 4.6470067375e-02 -2.7447607482e+00 1.8262934432e-01 2.0248898933e+00 1.9338634391e+00 6.3827254596e+01 1.1790084393e+00 7.6585234597e-01
2.1460607111e-01 1.7536570247e+01 5.2158241538e+00 1.4822000000e+04 6.3827435050e+01 1.4952749860e+00 2.0489588618e-01 5.4105622566e-03 1.5347998793e-01 4.6508260416e-02 -2.7036534839e+00 1.8262934432e-01 2.0149140388e+00 1.9385619843e+00 6.3827427947e+01 1.1771932831e+00 7.6102795122e-01
2.1491499962e-01 1.7527919473e+01 5.2101165196e+00 1.4822000000e+04 6.3827609225e+01 1.4961617111e+00 2.0576069240e-01 5.5134101288e-03 1.5411220587e-01 4.6549378108e-02 -2.6632541762e+00 1.8262934432e-01 2.0048715797e+00 1.9432379952e+00 6.3827602171e+01 1.1753754377e+00 7.5617658353e-01
2.1522393278e-01 1.7519242675e+01 5.2044341122e+00 1.4822000000e+04 6.3827784284e+01 1.4970510235e+00 2.0664671342e-01 5.6181771285e-03 1.5474366748e-01 4.6593497148e-02 -2.6235099630e+00 1.8262934432e-01 1.9947615299e+00 1.9478912801e+00 6.3827777278e+01 1.1735548857e+00 7.5129778610e-01
2.1553287062e-01 1.7510539991e+01 5.1987769208e+00 1.4822000000e+04 6.3827960225e+01 1.4979426137e+00 2.0755457049e-01 5.7248921426e-03 1.5537432342e-01 4.6640709583e-02 -2.5844136253e+00 1.8262934432e-01 1.9845832201e+00 1.9525216490e+00 6.3827953268e+01 1.1717319060e+00 7.4639114956e-01
2.1584181308e-01 1.7501811558e+01 5.1931449333e+00 1.4822000000e+04 6.3828137029e+01 1.4988361126e+00 2.0848482517e-01 5.8335056341e-03 1.5600411602e-01 4.6691096352e-02 -2.5459917033e+00 1.8262934432e-01 1.9743365443e+00 1.9571289337e+00 6.3828130121e+01 1.1699068162e+00 7.4145654899e-01
2.1615076008e-01 1.7493057518e+01 5.1875381365e+00 1.4822000000e+04 6.3828314672e+01 1.4997313617e+00 2.0943802062e-01 5.9440280856e-03 1.5663301218e-01 4.6744728469e-02 -2.5082393673e+00 1.8262934432e-01 1.9640215921e+00 1.9617129535e+00 6.3828307812e+01 1.1680797627e+00 7.3649400157e-01
2.1645971166e-01 1.7484278010e+01 5.1819565179e+00 1.4822000000e+04 6.3828493157e+01 1.5006285536e+00 2.1041483165e-01 6.0565540438e-03 1.5726102190e-01 4.6801684114e-02 -2.4711167483e+00 1.8262934432e-01 1.9536374999e+00 1.9662735214e+00 6.3828486346e+01 1.1662506261e+00 7.3150314184e-01
2.1676866783e-01 1.7475473175e+01 5.1764000660e+00 1.4822000000e+04 6.3828672488e+01 1.5015274120e+00 2.1141599603e-01 6.1711713444e-03 1.5788809886e-01 4.6862068454e-02 -2.4345921945e+00 1.8262934432e-01 1.9431834206e+00 1.9708104478e+00 6.3828665725e+01 1.1644196498e+00 7.2648348031e-01
2.1707762856e-01 1.7466643155e+01 5.1708687682e+00 1.4822000000e+04 6.3828852649e+01 1.5024275351e+00 2.1244220891e-01 6.2878294310e-03 1.5851418036e-01 4.6925981848e-02 -2.3986904105e+00 1.8262934432e-01 1.9326590224e+00 1.9753235634e+00 6.3828845936e+01 1.1625871777e+00 7.2143476032e-01
2.1738659376e-01 1.7457788093e+01 5.1653626111e+00 1.4822000000e+04 6.3829033612e+01 1.5033285660e+00 2.1349410865e-01 6.4065176367e-03 1.5913920837e-01 4.6993511454e-02 -2.3634157932e+00 1.8262934432e-01 1.9220644926e+00 1.9798127038e+00 6.3829026947e+01 1.1607534992e+00 7.1635700516e-01
2.1769556341e-01 1.7448908131e+01 5.1598815809e+00 1.4822000000e+04 6.3829215367e+01 1.5042306518e+00 2.1457243031e-01 6.5272954703e-03 1.5976318614e-01 4.7064742261e-02 -2.3287451906e+00 1.8262934432e-01 1.9113993179e+00 1.9842776877e+00 6.3829208750e+01 1.1589185256e+00 7.1125000530e-01
2.1800453754e-01 1.7440003415e+01 5.1544256654e+00 1.4822000000e+04 6.3829397918e+01 1.5051336166e+00 2.1567803594e-01 6.6502897085e-03 1.6038607864e-01 4.7139789169e-02 -2.2946352189e+00 1.8262934432e-01 1.9006625142e+00 1.9887183343e+00 6.3829391349e+01 1.1570824148e+00 7.0611323609e-01
2.1831351612e-01 1.7431074089e+01 5.1489948522e+00 1.4822000000e+04 6.3829581256e+01 1.5060370320e+00 2.1681177801e-01 6.7754884292e-03 1.6100781888e-01 4.7218774762e-02 -2.2610945038e+00 1.8262934432e-01 1.8898535307e+00 1.9931344698e+00 6.3829574736e+01 1.1552455246e+00 7.0094631242e-01
2.1862249907e-01 1.7422120298e+01 5.1435891277e+00 1.4822000000e+04 6.3829765353e+01 1.5069404369e+00 2.1797443852e-01 6.9028499183e-03 1.6162833457e-01 4.7301807164e-02 -2.2281383738e+00 1.8262934432e-01 1.8789724517e+00 1.9975259392e+00 6.3829758881e+01 1.1534082193e+00 6.9574917736e-01
2.1893148632e-01 1.7413142189e+01 5.1382084778e+00 1.4822000000e+04 6.3829950183e+01 1.5078437547e+00 2.1916683201e-01 7.0324030135e-03 1.6224760038e-01 4.7388986130e-02 -2.1957558690e+00 1.8262934432e-01 1.8680192003e+00 2.0018925718e+00 6.3829943760e+01 1.1515705714e+00 6.9052177785e-01
2.1924047788e-01 1.7404139910e+01 5.1328528895e+00 1.4822000000e+04 6.3830135749e+01 1.5087469508e+00 2.2038994714e-01 7.1642772146e-03 1.6286559779e-01 4.7480433625e-02 -2.1639063608e+00 1.8262934432e-01 1.8569927827e+00 2.0062342007e+00 6.3830129374e+01 1.1497326243e+00 6.8526362832e-01
2.1954947374e-01 1.7395113609e+01 5.1275223506e+00 1.4822000000e+04 6.3830322046e+01 1.5096495864e+00 2.2164481668e-01 7.2985257953e-03 1.6348225717e-01 4.7576295884e-02 -2.1325771547e+00 1.8262934432e-01 1.8458924620e+00 2.0105506480e+00 6.3830315718e+01 1.1478947313e+00 6.7997423758e-01
2.1985847383e-01 1.7386063433e+01 5.1222168480e+00 1.4822000000e+04 6.3830509047e+01 1.5105511471e+00 2.2293241480e-01 7.4350838397e-03 1.6409749803e-01 4.7676708071e-02 -2.1017896092e+00 1.8262934432e-01 1.8347181075e+00 2.0148417616e+00 6.3830502768e+01 1.1460572965e+00 6.7465341473e-01
2.2016747804e-01 1.7376989534e+01 5.1169363676e+00 1.4822000000e+04 6.3830696718e+01 1.5114512784e+00 2.2425368452e-01 7.5739573621e-03 1.6471125948e-01 4.7781792446e-02 -2.0715406020e+00 1.8262934432e-01 1.8234699468e+00 2.0191073864e+00 6.3830690487e+01 1.1442205875e+00 6.6930118961e-01
2.2047648635e-01 1.7367892060e+01 5.1116808963e+00 1.4822000000e+04 6.3830885051e+01 1.5123500185e+00 2.2560974228e-01 7.7152448528e-03 1.6532353066e-01 4.7891680617e-02 -2.0418016042e+00 1.8262934432e-01 1.8121472155e+00 2.0233473667e+00 6.3830878868e+01 1.1423845863e+00 6.6391720547e-01
2.2078549875e-01 1.7358771164e+01 5.1064504219e+00 1.4822000000e+04 6.3831074043e+01 1.5132469558e+00 2.2700182504e-01 7.8590624827e-03 1.6593424405e-01 4.8006541649e-02 -2.0125435549e+00 1.8262934432e-01 1.8007490295e+00 2.0275615295e+00 6.3831067908e+01 1.1405496109e+00 6.5850090351e-01
2.2109451519e-01 1.7349626997e+01 5.1012449323e+00 1.4822000000e+04 6.3831263673e+01 1.5141415287e+00 2.2843114592e-01 8.0053575309e-03 1.6654331196e-01 4.8126544137e-02 -1.9837827359e+00 1.8262934432e-01 1.7892750217e+00 2.0317497210e+00 6.3831257585e+01 1.1387160976e+00 6.5305194362e-01
2.2140353554e-01 1.7340459713e+01 5.0960644142e+00 1.4822000000e+04 6.3831453902e+01 1.5150331933e+00 2.2989884901e-01 8.1541065521e-03 1.6715064786e-01 4.8251840289e-02 -1.9555243042e+00 1.8262934432e-01 1.7777254760e+00 2.0359117995e+00 6.3831447861e+01 1.1368844422e+00 6.4757033089e-01
2.2171255973e-01 1.7331269464e+01 5.0909088544e+00 1.4822000000e+04 6.3831644707e+01 1.5159218701e+00 2.3140619653e-01 8.3053670184e-03 1.6775622457e-01 4.8382580609e-02 -1.9277521435e+00 1.8262934432e-01 1.7661000810e+00 2.0400476185e+00 6.3831638714e+01 1.1350547041e+00 6.4205589167e-01
2.2202158775e-01 1.7322056405e+01 5.0857782413e+00 1.4822000000e+04 6.3831836083e+01 1.5168072328e+00 2.3295465378e-01 8.4592863574e-03 1.6835998426e-01 4.8518954978e-02 -1.9004318790e+00 1.8262934432e-01 1.7543978813e+00 2.0441570223e+00 6.3831830138e+01 1.1332271245e+00 6.3650806079e-01
2.2233061955e-01 1.7312820691e+01 5.0806725638e+00 1.4822000000e+04 6.3832028014e+01 1.5176886795e+00 2.3454571983e-01 8.6158681067e-03 1.6896183264e-01 4.8661170735e-02 -1.8735650829e+00 1.8262934432e-01 1.7426183102e+00 2.0482398519e+00 6.3832022116e+01 1.1314021573e+00 6.3092636573e-01
2.2263965501e-01 1.7303562478e+01 5.0755918100e+00 1.4822000000e+04 6.3832220462e+01 1.5185655622e+00 2.3618082433e-01 8.7750515139e-03 1.6956166793e-01 4.8809419623e-02 -1.8471652832e+00 1.8262934432e-01 1.7307615082e+00 2.0522959746e+00 6.3832214611e+01 1.1295802689e+00 6.2531069683e-01
2.2294869400e-01 1.7294281923e+01 5.0705359673e+00 1.4822000000e+04 6.3832413389e+01 1.5194375368e+00 2.3786143133e-01 8.9368614480e-03 1.7015942749e-01 4.8963883814e-02 -1.8212247364e+00 1.8262934432e-01 1.7188276476e+00 2.0563252539e+00 6.3832407585e+01 1.1277616976e+00 6.1966103788e-01
2.2325773649e-01 1.7284979184e+01 5.0655050249e+00 1.4822000000e+04 6.3832606784e+01 1.5203043735e+00 2.3958925879e-01 9.1014340544e-03 1.7075506476e-01 4.9124774753e-02 -1.7957140089e+00 1.8262934432e-01 1.7068158803e+00 2.0603275566e+00 6.3832601027e+01 1.1259466014e+00 6.1397690614e-01
2.2356678244e-01 1.7275654417e+01 5.0604989730e+00 1.4822000000e+04 6.3832800632e+01 1.5211654452e+00 2.4136614404e-01 9.2688489844e-03 1.7134848045e-01 4.9292342722e-02 -1.7706186277e+00 1.8262934432e-01 1.6947255032e+00 2.0643027229e+00 6.3832794922e+01 1.1241354333e+00 6.0825773473e-01
2.2387583173e-01 1.7266307784e+01 5.0555178014e+00 1.4822000000e+04 6.3832994900e+01 1.5220200367e+00 2.4319389269e-01 9.4390266644e-03 1.7193956225e-01 4.9466830739e-02 -1.7459547917e+00 1.8262934432e-01 1.6825564286e+00 2.0682506227e+00 6.3832989236e+01 1.1223287070e+00 6.0250325283e-01
2.2418488421e-01 1.7256939442e+01 5.0505614991e+00 1.4822000000e+04 6.3833189539e+01 1.5228675325e+00 2.4507427393e-01 9.6119650719e-03 1.7252821058e-01 4.9648466358e-02 -1.7217206927e+00 1.8262934432e-01 1.6703091173e+00 2.0721711334e+00 6.3833183922e+01 1.1205268377e+00 5.9671350144e-01
2.2449393978e-01 1.7247549555e+01 5.0456300561e+00 1.4822000000e+04 6.3833384526e+01 1.5237076952e+00 2.4700929535e-01 9.7877583709e-03 1.7311437628e-01 4.9837491691e-02 -1.6978967676e+00 1.8262934432e-01 1.6579830977e+00 2.0760641388e+00 6.3833378955e+01 1.1187299764e+00 5.9088816909e-01
2.2480299841e-01 1.7238138281e+01 5.0407234644e+00 1.4822000000e+04 6.3833579845e+01 1.5245399066e+00 2.4900119514e-01 9.9665454752e-03 1.7369795957e-01 5.0034202801e-02 -1.6744586402e+00 1.8262934432e-01 1.6455776061e+00 2.0799294921e+00 6.3833574320e+01 1.1169385494e+00 5.8502665144e-01
2.2511205999e-01 1.7228705785e+01 5.0358417158e+00 1.4822000000e+04 6.3833775465e+01 1.5253633870e+00 2.5105225168e-01 1.0148275991e-02 1.7427883821e-01 5.0238906415e-02 -1.6514158234e+00 1.8262934432e-01 1.6330923482e+00 2.0837670611e+00 6.3833769987e+01 1.1151531082e+00 5.7912851829e-01
2.2542112435e-01 1.7219252228e+01 5.0309848015e+00 1.4822000000e+04 6.3833971338e+01 1.5261773475e+00 2.5316468274e-01 1.0332909481e-02 1.7485688738e-01 5.0451891866e-02 -1.6287734041e+00 1.8262934432e-01 1.6205278057e+00 2.0875767354e+00 6.3833965905e+01 1.1133741771e+00 5.7319374600e-01
2.2573019135e-01 1.7209777775e+01 5.0261527132e+00 1.4822000000e+04 6.3834167421e+01 1.5269813656e+00 2.5534086530e-01 1.0520495775e-02 1.7543203178e-01 5.0673449987e-02 -1.6065203157e+00 1.8262934432e-01 1.6078840740e+00 2.0913584113e+00 6.3834162033e+01 1.1116020235e+00 5.6722222674e-01
2.2603926091e-01 1.7200282591e+01 5.0213454445e+00 1.4822000000e+04 6.3834363694e+01 1.5277748693e+00 2.5758351544e-01 1.0711190590e-02 1.7600417644e-01 5.0903926978e-02 -1.5846309931e+00 1.8262934432e-01 1.5951604598e+00 2.0951119683e+00 6.3834358352e+01 1.1098370220e+00 5.6121339852e-01
2.2634833295e-01 1.7190766841e+01 5.0165629897e+00 1.4822000000e+04 6.3834560129e+01 1.5285570202e+00 2.5989549621e-01 1.0905015705e-02 1.7657318944e-01 5.1143706081e-02 -1.5631026224e+00 1.8262934432e-01 1.5823565469e+00 2.0988372715e+00 6.3834554832e+01 1.1080797468e+00 5.5516670913e-01
2.2665740728e-01 1.7181230690e+01 5.0118053430e+00 1.4822000000e+04 6.3834756678e+01 1.5293269262e+00 2.6227964741e-01 1.1101889695e-02 1.7713892991e-01 5.1393159623e-02 -1.5419460823e+00 1.8262934432e-01 1.5694726642e+00 2.1025342193e+00 6.3834751426e+01 1.1063307889e+00 5.4908198349e-01
2.2696648372e-01 1.7171674307e+01 5.0070724982e+00 1.4822000000e+04 6.3834953284e+01 1.5300838874e+00 2.6473887016e-01 1.1301829755e-02 1.7770128341e-01 5.1652652059e-02 -1.5211556898e+00 1.8262934432e-01 1.5565094336e+00 2.1062027183e+00 6.3834948078e+01 1.1045905900e+00 5.4295925717e-01
2.2727556216e-01 1.7162097859e+01 5.0023644511e+00 1.4822000000e+04 6.3835149918e+01 1.5308273536e+00 2.6727646049e-01 1.1504964152e-02 1.7826015658e-01 5.1922591664e-02 -1.5007112103e+00 1.8262934432e-01 1.5434664638e+00 2.1098426790e+00 6.3835144756e+01 1.1028594921e+00 5.3679810851e-01
2.2758464249e-01 1.7152501514e+01 4.9976811989e+00 1.4822000000e+04 6.3835346550e+01 1.5315564401e+00 2.6989600698e-01 1.1711393620e-02 1.7881540920e-01 5.2203452258e-02 -1.4805987649e+00 1.8262934432e-01 1.5303433364e+00 2.1134539715e+00 6.3835341432e+01 1.1011380769e+00 5.3059792601e-01
2.2789372455e-01 1.7142885441e+01 4.9930227388e+00 1.4822000000e+04 6.3835543134e+01 1.5322701720e+00 2.7260117584e-01 1.1921027248e-02 1.7936688731e-01 5.2495715582e-02 -1.4608293742e+00 1.8262934432e-01 1.5171401999e+00 2.1170364979e+00 6.3835538060e+01 1.0994269902e+00 5.2435835382e-01
2.2820280811e-01 1.7133249812e+01 4.9883890680e+00 1.4822000000e+04 6.3835739607e+01 1.5329676135e+00 2.7539563837e-01 1.2133850360e-02 1.7991444204e-01 5.2799850545e-02 -1.4414018408e+00 1.8262934432e-01 1.5038579577e+00 2.1205901782e+00 6.3835734577e+01 1.0977268146e+00 5.1807944447e-01
2.2851189301e-01 1.7123594796e+01 4.9837801847e+00 1.4822000000e+04 6.3835935922e+01 1.5336481175e+00 2.7828343252e-01 1.2349941865e-02 1.8045796521e-01 5.3116354502e-02 -1.4223030644e+00 1.8262934432e-01 1.4904967956e+00 2.1241149456e+00 6.3835930936e+01 1.0960379425e+00 5.1176099061e-01
2.2882097911e-01 1.7113920566e+01 4.9791960893e+00 1.4822000000e+04 6.3836132045e+01 1.5343107756e+00 2.8126906198e-01 1.2569447720e-02 1.8099731153e-01 5.3445809641e-02 -1.4035141559e+00 1.8262934432e-01 1.4770564355e+00 2.1276106919e+00 6.3836127102e+01 1.0943609485e+00 5.0540240263e-01
2.2913006626e-01 1.7104227293e+01 4.9746367827e+00 1.4822000000e+04 6.3836327933e+01 1.5349545330e+00 2.8435726855e-01 1.2792324714e-02 1.8153231440e-01 5.3788838118e-02 -1.3850391987e+00 1.8262934432e-01 1.4635369412e+00 2.1310773190e+00 6.3836323032e+01 1.0926965205e+00 4.9900317354e-01
2.2943915422e-01 1.7094515152e+01 4.9701022660e+00 1.4822000000e+04 6.3836523519e+01 1.5355783096e+00 2.8755283419e-01 1.3018511028e-02 1.8206280220e-01 5.4146054907e-02 -1.3668824145e+00 1.8262934432e-01 1.4499392501e+00 2.1345147604e+00 6.3836518662e+01 1.0910453269e+00 4.9256324604e-01
2.2974824277e-01 1.7084784315e+01 4.9655925406e+00 1.4822000000e+04 6.3836718742e+01 1.5361812354e+00 2.9086082015e-01 1.3248043511e-02 1.8258863420e-01 5.4518090365e-02 -1.3490358263e+00 1.8262934432e-01 1.4362642560e+00 2.1379229643e+00 6.3836713927e+01 1.0894078927e+00 4.8608262226e-01
2.3005733173e-01 1.7075034958e+01 4.9611076103e+00 1.4822000000e+04 6.3836913556e+01 1.5367623865e+00 2.9428691160e-01 1.3481064341e-02 1.8310966155e-01 5.4905663665e-02 -1.3314816704e+00 1.8262934432e-01 1.4225120269e+00 2.1413018581e+00 6.3836908783e+01 1.0877847830e+00 4.7956083243e-01
2.3036642093e-01 1.7065267256e+01 4.9566474802e+00 1.4822000000e+04 6.3837107917e+01 1.5373206341e+00 2.9783725426e-01 1.3717610160e-02 1.8362570527e-01 5.5309576263e-02 -1.3142147916e+00 1.8262934432e-01 1.4086827170e+00 2.1446513454e+00 6.3837103186e+01 1.0861767136e+00 4.7299728972e-01
2.3067551014e-01 1.7055481385e+01 4.9522121557e+00 1.4822000000e+04 6.3837301762e+01 1.5378547999e+00 3.0151818751e-01 1.3957580713e-02 1.8413657772e-01 5.5730645585e-02 -1.2972427331e+00 1.8262934432e-01 1.3947771986e+00 2.1479713703e+00 6.3837297072e+01 1.0845844170e+00 4.6639175559e-01
2.3098459909e-01 1.7045677522e+01 4.9478016426e+00 1.4822000000e+04 6.3837495013e+01 1.5383637749e+00 3.0533626377e-01 1.4200982232e-02 1.8464210229e-01 5.6169698109e-02 -1.2805607698e+00 1.8262934432e-01 1.3807969641e+00 2.1512618948e+00 6.3837490364e+01 1.0830085559e+00 4.5974434354e-01
2.3129368754e-01 1.7035855846e+01 4.9434159484e+00 1.4822000000e+04 6.3837687614e+01 1.5388465685e+00 3.0929875005e-01 1.4447914957e-02 1.8514211948e-01 5.6627641949e-02 -1.2641556973e+00 1.8262934432e-01 1.3667427109e+00 2.1545228818e+00 6.3837683006e+01 1.0814497239e+00 4.5305479670e-01
2.3160277531e-01 1.7026016533e+01 4.9390550828e+00 1.4822000000e+04 6.3837879513e+01 1.5393019859e+00 3.1341365972e-01 1.4698483617e-02 1.8563643878e-01 5.7105510973e-02 -1.2480157262e+00 1.8262934432e-01 1.3526149033e+00 2.1577542487e+00 6.3837874945e+01 1.0799086569e+00 4.4632254701e-01
2.3191186215e-01 1.7016159763e+01 4.9347190559e+00 1.4822000000e+04 6.3838070648e+01 1.5397287606e+00 3.1768948315e-01 1.4952592293e-02 1.8612485845e-01 5.7604400323e-02 -1.2321469393e+00 1.8262934432e-01 1.3384144383e+00 2.1609559459e+00 6.3838066120e+01 1.0783861458e+00 4.3954718184e-01
2.3222094777e-01 1.7006285717e+01 4.9304078787e+00 1.4822000000e+04 6.3838260938e+01 1.5401256213e+00 3.2213498253e-01 1.5210211864e-02 1.8660717573e-01 5.8125422345e-02 -1.2165478376e+00 1.8262934432e-01 1.3241431665e+00 2.1641279522e+00 6.3838256449e+01 1.0768829414e+00 4.3272878240e-01
2.3253003187e-01 1.6996394574e+01 4.9261215632e+00 1.4822000000e+04 6.3838450307e+01 1.5404914194e+00 3.2675965393e-01 1.5471393457e-02 1.8708320720e-01 5.8669763882e-02 -1.2012096286e+00 1.8262934432e-01 1.3098026691e+00 2.1672702568e+00 6.3838445857e+01 1.0753997281e+00 4.2586734425e-01
2.3283911422e-01 1.6986486516e+01 4.9218601239e+00 1.4822000000e+04 6.3838638693e+01 1.5408249010e+00 3.3157407180e-01 1.5736262069e-02 1.8755275205e-01 5.9238771942e-02 -1.1861188873e+00 1.8262934432e-01 1.2953939781e+00 2.1703828066e+00 6.3838634282e+01 1.0739372626e+00 4.1896242959e-01
2.3314819457e-01 1.6976561725e+01 4.9176235764e+00 1.4822000000e+04 6.3838826034e+01 1.5411247197e+00 3.3658970993e-01 1.6004781714e-02 1.8801559542e-01 5.9833922294e-02 -1.1712757804e+00 1.8262934432e-01 1.2809182540e+00 2.1734655571e+00 6.3838821662e+01 1.0724963779e+00 4.1201353022e-01
2.3345727261e-01 1.6966620383e+01 4.9134119373e+00 1.4822000000e+04 6.3839012248e+01 1.5413895089e+00 3.4181859551e-01 1.6276873964e-02 1.8847151788e-01 6.0456745698e-02 -1.1566825050e+00 1.8262934432e-01 1.2663775641e+00 2.1765185044e+00 6.3839007913e+01 1.0710778844e+00 4.0502058282e-01
2.3376634799e-01 1.6956662674e+01 4.9092252240e+00 1.4822000000e+04 6.3839197243e+01 1.5416179287e+00 3.4727352736e-01 1.6552556795e-02 1.8892030657e-01 6.1108850078e-02 -1.1423328249e+00 1.8262934432e-01 1.2517744405e+00 2.1795416588e+00 6.3839192945e+01 1.0696825760e+00 3.9798378355e-01
2.3407542041e-01 1.6946688780e+01 4.9050634563e+00 1.4822000000e+04 6.3839380945e+01 1.5418086487e+00 3.5296872701e-01 1.6831928795e-02 1.8936174816e-01 6.1792029273e-02 -1.1282153443e+00 1.8262934432e-01 1.2371108016e+00 2.1825350054e+00 6.3839376684e+01 1.0683112487e+00 3.9090293403e-01
2.3438448960e-01 1.6936698888e+01 4.9009266556e+00 1.4822000000e+04 6.3839563283e+01 1.5419602541e+00 3.5891989936e-01 1.7115027693e-02 1.8979561569e-01 6.2508291945e-02 -1.1143241701e+00 1.8262934432e-01 1.2223884156e+00 2.1854985089e+00 6.3839559058e+01 1.0669647650e+00 3.8377755846e-01
2.3469355523e-01 1.6926693182e+01 4.8968148447e+00 1.4822000000e+04 6.3839744176e+01 1.5420713056e+00 3.6514389231e-01 1.7401743072e-02 1.9022167719e-01 6.3259783553e-02 -1.1006631097e+00 1.8262934432e-01 1.2076096525e+00 2.1884321810e+00 6.3839739987e+01 1.0656439940e+00 3.7660742494e-01
2.3500261693e-01 1.6916671848e+01 4.8927280475e+00 1.4822000000e+04 6.3839923525e+01 1.5421403353e+00 3.7165856961e-01 1.7692071458e-02 1.9063969828e-01 6.4048756417e-02 -1.0872274311e+00 1.8262934432e-01 1.1927778859e+00 2.1913360553e+00 6.3839919371e+01 1.0643497960e+00 3.6939280515e-01
2.3531167434e-01 1.6906635072e+01 4.8886662895e+00 1.4822000000e+04 6.3840101237e+01 1.5421658920e+00 3.7848358567e-01 1.7986062859e-02 1.9104944662e-01 6.4877680296e-02 -1.0740089028e+00 1.8262934432e-01 1.1778962650e+00 2.1942101503e+00 6.3840097118e+01 1.0630830430e+00 3.6213381174e-01
2.3562072712e-01 1.6896583041e+01 4.8846295987e+00 1.4822000000e+04 6.3840277232e+01 1.5421464996e+00 3.8564086544e-01 1.8283794809e-02 1.9145068398e-01 6.5749339382e-02 -1.0609986294e+00 1.8262934432e-01 1.1629675739e+00 2.1970544531e+00 6.3840273146e+01 1.0618446273e+00 3.5483015422e-01
2.3592977494e-01 1.6886515943e+01 4.8806180042e+00 1.4822000000e+04 6.3840451426e+01 1.5420806591e+00 3.9315446442e-01 1.8585173609e-02 1.9184316840e-01 6.6666792310e-02 -1.0481984401e+00 1.8262934432e-01 1.1479948217e+00 2.1998689872e+00 6.3840447373e+01 1.0606354695e+00 3.4748151876e-01
2.3623881741e-01 1.6876433966e+01 4.8766315372e+00 1.4822000000e+04 6.3840623716e+01 1.5419668563e+00 4.0105018007e-01 1.8890164668e-02 1.9222665526e-01 6.7633295214e-02 -1.0356055431e+00 1.8262934432e-01 1.1329821357e+00 2.2026538132e+00 6.3840619696e+01 1.0594564565e+00 3.4008812702e-01
2.3654785408e-01 1.6866337298e+01 4.8726702300e+00 1.4822000000e+04 6.3840793995e+01 1.5418035088e+00 4.0935615402e-01 1.9198779531e-02 1.9260089138e-01 6.8652384575e-02 -1.0232138319e+00 1.8262934432e-01 1.1179341470e+00 2.2054089792e+00 6.3840790007e+01 1.0583085465e+00 3.3265040094e-01
2.3685688459e-01 1.6856226130e+01 4.8687341172e+00 1.4822000000e+04 6.3840962167e+01 1.5415890777e+00 4.1810387071e-01 1.9511084213e-02 1.9296562702e-01 6.9728033255e-02 -1.0110147638e+00 1.8262934432e-01 1.1028551291e+00 2.2081345022e+00 6.3840958211e+01 1.0571926752e+00 3.2516839221e-01
2.3716590856e-01 1.6846100650e+01 4.8648232354e+00 1.4822000000e+04 6.3841128143e+01 1.5413220261e+00 4.2732849131e-01 1.9827041733e-02 1.9332061302e-01 7.0864695970e-02 -9.9900609014e-01 1.8262934432e-01 1.0877492599e+00 2.2108304194e+00 6.3841124217e+01 1.0561097953e+00 3.1764188482e-01
2.3747492558e-01 1.6835961049e+01 4.8609376230e+00 1.4822000000e+04 6.3841291818e+01 1.5410008298e+00 4.3706848818e-01 2.0146574095e-02 1.9366560069e-01 7.2067227083e-02 -9.8718720482e-01 1.8262934432e-01 1.0726215905e+00 2.2134968172e+00 6.3841287922e+01 1.0550608218e+00 3.1007102081e-01
2.3778393517e-01 1.6825807517e+01 4.8570773202e+00 1.4822000000e+04 6.3841453075e+01 1.5406238513e+00 4.4736585657e-01 2.0469678199e-02 1.9400032674e-01 7.3340903833e-02 -9.7555266608e-01 1.8262934432e-01 1.0574783406e+00 2.2161337791e+00 6.3841449208e+01 1.0540467509e+00 3.0245646284e-01
2.3809293689e-01 1.6815640246e+01 4.8532423693e+00 1.4822000000e+04 6.3841611802e+01 1.5401894741e+00 4.5826753909e-01 2.0796377190e-02 1.9432452744e-01 7.4691626887e-02 -9.6409584696e-01 1.8262934432e-01 1.0423257981e+00 2.2187413493e+00 6.3841607964e+01 1.0530685852e+00 2.9479874060e-01
2.3840193031e-01 1.6805459428e+01 4.8494328142e+00 1.4822000000e+04 6.3841767898e+01 1.5396961503e+00 4.6982658671e-01 2.1126679483e-02 1.9463794981e-01 7.6126085156e-02 -9.5281150545e-01 1.8262934432e-01 1.0271699887e+00 2.2213195846e+00 6.3841764086e+01 1.0521272952e+00 2.8709798968e-01
2.3871091501e-01 1.6795265253e+01 4.8456487016e+00 1.4822000000e+04 6.3841921256e+01 1.5391423549e+00 4.8210233733e-01 2.1460481179e-02 1.9494034386e-01 7.7651752871e-02 -9.4169975582e-01 1.8262934432e-01 1.0120174039e+00 2.2238685945e+00 6.3841917471e+01 1.0512238388e+00 2.7935440553e-01
2.3901989048e-01 1.6785057916e+01 4.8418900802e+00 1.4822000000e+04 6.3842071755e+01 1.5385265074e+00 4.9516032806e-01 2.1797776266e-02 1.9523145232e-01 7.9276853704e-02 -9.3075532151e-01 1.8262934432e-01 9.9687597970e-01 2.2263885078e+00 6.3842067995e+01 1.0503591851e+00 2.7156883898e-01
2.3932885621e-01 1.6774837607e+01 4.8381570004e+00 1.4822000000e+04 6.3842219266e+01 1.5378469269e+00 5.0907390273e-01 2.2138544374e-02 1.9551099940e-01 8.1010586355e-02 -9.1997328368e-01 1.8262934432e-01 9.8175452793e-01 2.2288793911e+00 6.3842215532e+01 1.0495344078e+00 2.6374240564e-01
2.3963781172e-01 1.6764604521e+01 4.8344495146e+00 1.4822000000e+04 6.3842363675e+01 1.5371020750e+00 5.2392658660e-01 2.2482791448e-02 1.9577873077e-01 8.2863430556e-02 -9.0934794431e-01 1.8262934432e-01 9.6666170850e-01 2.2313413255e+00 6.3842359965e+01 1.0487504984e+00 2.5587590690e-01
2.3994675654e-01 1.6754358851e+01 4.8307676779e+00 1.4822000000e+04 6.3842504870e+01 1.5362904577e+00 5.3981362174e-01 2.2830426472e-02 1.9603440045e-01 8.4847341309e-02 -8.9887806913e-01 1.8262934432e-01 9.5160630476e-01 2.2337744428e+00 6.3842501182e+01 1.0480084400e+00 2.4796994075e-01
2.4025569016e-01 1.6744100791e+01 4.8271115479e+00 1.4822000000e+04 6.3842642725e+01 1.5354106042e+00 5.5684232234e-01 2.3181423736e-02 1.9627776547e-01 8.6975751527e-02 -8.8855927376e-01 1.8262934432e-01 9.3659838968e-01 2.2361789173e+00 6.3842639059e+01 1.0473091685e+00 2.4002565710e-01
2.4056461202e-01 1.6733830533e+01 4.8234811846e+00 1.4822000000e+04 6.3842777105e+01 1.5344608673e+00 5.7513376475e-01 2.3535743388e-02 1.9650855353e-01 8.9263802429e-02 -8.7838716997e-01 1.8262934432e-01 9.2164972475e-01 2.2385548533e+00 6.3842773459e+01 1.0466537731e+00 2.3204490293e-01
2.4087352156e-01 1.6723548274e+01 4.8198766492e+00 1.4822000000e+04 6.3842907877e+01 1.5334397326e+00 5.9482677007e-01 2.3893349511e-02 1.9672651008e-01 9.1728834625e-02 -8.6835725583e-01 1.8262934432e-01 9.0677249398e-01 2.2409023457e+00 6.3842904251e+01 1.0460432766e+00 2.2402956880e-01
2.4118241828e-01 1.6713254206e+01 4.8162980057e+00 1.4822000000e+04 6.3843034919e+01 1.5323457835e+00 6.1608213823e-01 2.4254172283e-02 1.9693139961e-01 9.4390929723e-02 -8.5846664842e-01 1.8262934432e-01 8.9197886218e-01 2.2432215514e+00 6.3843031312e+01 1.0454786618e+00 2.1598128169e-01
2.4149130164e-01 1.6702948525e+01 4.8127453213e+00 1.4822000000e+04 6.3843158106e+01 1.5311776678e+00 6.3908525532e-01 2.4618150699e-02 1.9712299628e-01 9.7273202780e-02 -8.4871213604e-01 1.8262934432e-01 8.7728191478e-01 2.2455126845e+00 6.3843154516e+01 1.0449608568e+00 2.0790200584e-01
2.4180017105e-01 1.6692631425e+01 4.8092186659e+00 1.4822000000e+04 6.3843277295e+01 1.5299339139e+00 6.6404872200e-01 2.4985250293e-02 1.9730105442e-01 1.0040211315e-01 -8.3908894776e-01 1.8262934432e-01 8.6269682587e-01 2.2477759168e+00 6.3843273721e+01 1.0444908834e+00 1.9979475078e-01
2.4210902591e-01 1.6682303100e+01 4.8057181109e+00 1.4822000000e+04 6.3843392342e+01 1.5286130628e+00 6.9121868028e-01 2.5355383727e-02 1.9746532271e-01 1.0380825471e-01 -8.2959398015e-01 1.8262934432e-01 8.4824022646e-01 2.2500113382e+00 6.3843388784e+01 1.0440697937e+00 1.9166323462e-01
2.4241786564e-01 1.6671963746e+01 4.8022437296e+00 1.4822000000e+04 6.3843503112e+01 1.5272138298e+00 7.2088406990e-01 2.5728472163e-02 1.9761558366e-01 1.0752746924e-01 -8.2022392824e-01 1.8262934432e-01 8.3392886876e-01 2.2522191331e+00 6.3843499567e+01 1.0436985480e+00 1.8351126627e-01
2.4272668968e-01 1.6661613558e+01 4.7987955989e+00 1.4822000000e+04 6.3843609474e+01 1.5257349975e+00 7.5338514225e-01 2.6104411411e-02 1.9775163245e-01 1.1160190267e-01 -8.1097651706e-01 1.8262934432e-01 8.1978012809e-01 2.2543995505e+00 6.3843605941e+01 1.0433780781e+00 1.7534300526e-01
2.4303549742e-01 1.6651252729e+01 4.7953737995e+00 1.4822000000e+04 6.3843711285e+01 1.5241753617e+00 7.8912049016e-01 2.6483181319e-02 1.9787326521e-01 1.1608079375e-01 -8.0184640729e-01 1.8262934432e-01 8.0581332898e-01 2.2565528454e+00 6.3843707763e+01 1.0431092963e+00 1.6716399828e-01
2.4334428823e-01 1.6640881454e+01 4.7919784138e+00 1.4822000000e+04 6.3843808393e+01 1.5225336126e+00 8.2855776442e-01 2.6864654242e-02 1.9798024956e-01 1.2102179521e-01 -7.9283132289e-01 1.8262934432e-01 7.9205032585e-01 2.2586791145e+00 6.3843804881e+01 1.0428932384e+00 1.5898158767e-01
2.4365306146e-01 1.6630499928e+01 4.7886095252e+00 1.4822000000e+04 6.3843900651e+01 1.5208086487e+00 8.7225173940e-01 2.7248698951e-02 1.9807239198e-01 1.2649303894e-01 -7.8392893595e-01 1.8262934432e-01 7.7851364050e-01 2.2607785517e+00 6.3843897147e+01 1.0427308295e+00 1.5080438163e-01
2.4396181652e-01 1.6620108346e+01 4.7852672208e+00 1.4822000000e+04 6.3843987919e+01 1.5189994456e+00 9.2086477842e-01 2.7635174213e-02 1.9814951783e-01 1.3257560824e-01 -7.7513730589e-01 1.8262934432e-01 7.6522630074e-01 2.2628514414e+00 6.3843984422e+01 1.0426229726e+00 1.4264228383e-01
2.4427055278e-01 1.6609706901e+01 4.7819515921e+00 1.4822000000e+04 6.3844070056e+01 1.5171050667e+00 9.7518468696e-01 2.8024039474e-02 1.9821146635e-01 1.3936551710e-01 -7.6645152933e-01 1.8262934432e-01 7.5221283466e-01 2.2648981137e+00 6.3844066563e+01 1.0425705020e+00 1.3450768521e-01
2.4457926959e-01 1.6599295787e+01 4.7786627334e+00 1.4822000000e+04 6.3844146905e+01 1.5151244976e+00 1.0361408569e+00 2.8415149943e-02 1.9825805136e-01 1.4697544323e-01 -7.5786930481e-01 1.8262934432e-01 7.3950075093e-01 2.2669187276e+00 6.3844143415e+01 1.0425743515e+00 1.2641704040e-01
2.4488796627e-01 1.6588875198e+01 4.7754007394e+00 1.4822000000e+04 6.3844218313e+01 1.5130568758e+00 1.1048267794e+00 2.8808303267e-02 1.9828910875e-01 1.5553693992e-01 -7.4938963993e-01 1.8262934432e-01 7.2711918109e-01 2.2689134451e+00 6.3844214825e+01 1.0426353916e+00 1.1839138926e-01
2.4519664217e-01 1.6578445326e+01 4.7721657077e+00 1.4822000000e+04 6.3844284132e+01 1.5109014449e+00 1.1825208006e+00 2.9203301512e-02 1.9830450500e-01 1.6520226575e-01 -7.4101127007e-01 1.8262934432e-01 7.1509767796e-01 2.2708825873e+00 6.3844280643e+01 1.0427544552e+00 1.1045700491e-01
2.4550529666e-01 1.6568006366e+01 4.7689577408e+00 1.4822000000e+04 6.3844344216e+01 1.5086575324e+00 1.2706817475e+00 2.9600036952e-02 1.9830412290e-01 1.7614276279e-01 -7.3273062399e-01 1.8262934432e-01 7.0346679040e-01 2.2728265414e+00 6.3844340725e+01 1.0429323255e+00 1.0264756038e-01
2.4581392906e-01 1.6557558508e+01 4.7657769454e+00 1.4822000000e+04 6.3844398414e+01 1.5063245121e+00 1.3708850308e+00 2.9998365619e-02 1.9828784293e-01 1.8853914640e-01 -7.2454482177e-01 1.8262934432e-01 6.9225950657e-01 2.2747455915e+00 6.3844394920e+01 1.0431697827e+00 9.5008052697e-02
2.4612253870e-01 1.6547101943e+01 4.7626234283e+00 1.4822000000e+04 6.3844446569e+01 1.5039018432e+00 1.4846607773e+00 3.0398011680e-02 1.9825554172e-01 2.0255875698e-01 -7.1645397608e-01 1.8262934432e-01 6.8151130448e-01 2.2766398440e+00 6.3844443068e+01 1.0434675993e+00 8.7598960275e-02
2.4643112488e-01 1.6536636865e+01 4.7594972987e+00 1.4822000000e+04 6.3844488528e+01 1.5013891176e+00 1.6131520107e+00 3.0798698143e-02 1.9820713771e-01 2.1830900990e-01 -7.0845789588e-01 1.8262934432e-01 6.7125776208e-01 2.2785096390e+00 6.3844485019e+01 1.0438264937e+00 8.0500630979e-02
2.4673968696e-01 1.6526163463e+01 4.7563986700e+00 1.4822000000e+04 6.3844524143e+01 1.4987859649e+00 1.7564115161e+00 3.1200197269e-02 1.9814256364e-01 2.3574515315e-01 -7.0055511415e-01 1.8262934432e-01 6.6153482041e-01 2.2803554124e+00 6.3844520625e+01 1.0442471835e+00 7.3820052823e-02
2.4704822426e-01 1.6515681926e+01 4.7533276610e+00 1.4822000000e+04 6.3844553267e+01 1.4960921355e+00 1.9121020137e+00 3.1602358053e-02 1.9806176797e-01 2.5450336146e-01 -6.9274229725e-01 1.8262934432e-01 6.5237946373e-01 2.2821775870e+00 6.3844549736e+01 1.0447303153e+00 6.7699799087e-02
2.4735673609e-01 1.6505192443e+01 4.7502843925e+00 1.4822000000e+04 6.3844575745e+01 1.4933075153e+00 2.0734483959e+00 3.2004835087e-02 1.9796469035e-01 2.7364436487e-01 -6.8502024021e-01 1.8262934432e-01 6.4383092324e-01 2.2839762689e+00 6.3844572200e+01 1.0452764972e+00 6.2326375109e-02
2.4766522178e-01 1.6494695202e+01 4.7472689851e+00 1.4822000000e+04 6.3844591428e+01 1.4904321179e+00 2.2269033997e+00 3.2407256686e-02 1.9785130815e-01 2.9137266024e-01 -6.7738994233e-01 1.8262934432e-01 6.3592786620e-01 2.2857517610e+00 6.3844587865e+01 1.0458862884e+00 5.7930166404e-02
2.4797368066e-01 1.6484190391e+01 4.7442815639e+00 1.4822000000e+04 6.3844600168e+01 1.4874659490e+00 2.3512812652e+00 3.2809266410e-02 1.9772161522e-01 3.0496325314e-01 -6.6985178824e-01 1.8262934432e-01 6.2870796380e-01 2.2875045442e+00 6.3844596586e+01 1.0465602852e+00 5.4769396768e-02
2.4828211207e-01 1.6473678196e+01 4.7413222598e+00 1.4822000000e+04 6.3844601821e+01 1.4844090979e+00 2.4216938441e+00 3.3210633377e-02 1.9757562197e-01 3.1131276433e-01 -6.6240340801e-01 1.8262934432e-01 6.2220808770e-01 2.2892351489e+00 6.3844598218e+01 1.0472990387e+00 5.3087604095e-02
2.4859051533e-01 1.6463158800e+01 4.7383912072e+00 1.4822000000e+04 6.3844596241e+01 1.4812619064e+00 2.4198431656e+00 3.3610959955e-02 1.9741334800e-01 3.0827442241e-01 -6.5504564355e-01 1.8262934432e-01 6.1646540909e-01 2.2909437987e+00 6.3844592614e+01 1.0481029685e+00 5.3048237268e-02
2.4889888978e-01 1.6452632388e+01 4.7354885399e+00 1.4822000000e+04 6.3844583288e+01 1.4780248851e+00 2.3448074177e+00 3.4009780304e-02 1.9723483570e-01 2.9598278425e-01 -6.4778038034e-01 1.8262934432e-01 6.1151547658e-01 2.2926306881e+00 6.3844579634e+01 1.0489724159e+00 5.4675873627e-02
2.4920723480e-01 1.6442099143e+01 4.7326143949e+00 1.4822000000e+04 6.3844562822e+01 1.4746984930e+00 2.2138280703e+00 3.4406624534e-02 1.9704015102e-01 2.7685118087e-01 -6.4060928471e-01 1.8262934432e-01 6.0739039707e-01 2.2942963273e+00 6.3844559139e+01 1.0499077916e+00 5.7848645735e-02
2.4951554972e-01 1.6431559247e+01 4.7297689145e+00 1.4822000000e+04 6.3844534708e+01 1.4712831726e+00 2.0521439715e+00 3.4801104171e-02 1.9682936644e-01 2.5420572077e-01 -6.3353222130e-01 1.8262934432e-01 6.0411944418e-01 2.2959413170e+00 6.3844530992e+01 1.0509095368e+00 6.2347967744e-02
2.4982383391e-01 1.6421012877e+01 4.7269522469e+00 1.4822000000e+04 6.3844498809e+01 1.4677796324e+00 1.8819752844e+00 3.5192777566e-02 1.9660257834e-01 2.3088518273e-01 -6.2654981988e-01 1.8262934432e-01 6.0172943315e-01 2.2975660870e+00 6.3844495058e+01 1.0519779367e+00 6.7926061191e-02
2.5013208676e-01 1.6410460213e+01 4.7241645398e+00 1.4822000000e+04 6.3844454998e+01 1.4641889347e+00 1.7178069590e+00 3.5581089627e-02 1.9635990375e-01 2.0868414432e-01 -6.1966452229e-01 1.8262934432e-01 6.0024422338e-01 2.2991707223e+00 6.3844451209e+01 1.0531130570e+00 7.4353527517e-02
2.5044030768e-01 1.6399901432e+01 4.7214059423e+00 1.4822000000e+04 6.3844403155e+01 1.4605120561e+00 1.5669603459e+00 3.5965495299e-02 1.9610148662e-01 1.8846554851e-01 -6.1287843270e-01 1.8262934432e-01 5.9968159305e-01 2.3007557083e+00 6.3844399326e+01 1.0543150559e+00 8.1439980756e-02
2.5074849609e-01 1.6389336710e+01 4.7186766086e+00 1.4822000000e+04 6.3844343162e+01 1.4567498485e+00 1.4319667587e+00 3.6345440898e-02 1.9582746854e-01 1.7048608427e-01 -6.0619362495e-01 1.8262934432e-01 6.0005452515e-01 2.3023216922e+00 6.3844339288e+01 1.0555842022e+00 8.9037411085e-02
2.5105665138e-01 1.6378766220e+01 4.7159766990e+00 1.4822000000e+04 6.3844274895e+01 1.4529032718e+00 1.3127396014e+00 3.6720397306e-02 1.9553800544e-01 1.5468099626e-01 -5.9961138818e-01 1.8262934432e-01 6.0137196728e-01 2.3038692971e+00 6.3844270974e+01 1.0569207148e+00 9.7034562169e-02
2.5136477302e-01 1.6368190132e+01 4.7133063760e+00 1.4822000000e+04 6.3844198245e+01 1.4489738927e+00 1.2080109184e+00 3.7089741581e-02 1.9523329567e-01 1.4084785479e-01 -5.9313429123e-01 1.8262934432e-01 6.0363906373e-01 2.3053986295e+00 6.3844194274e+01 1.0583243895e+00 1.0534767841e-01
2.5167286049e-01 1.6357608617e+01 4.7106658011e+00 1.4822000000e+04 6.3844113117e+01 1.4449632462e+00 1.1161127453e+00 3.7452892222e-02 1.9491355938e-01 1.2874331454e-01 -5.8676422384e-01 1.8262934432e-01 6.0685391713e-01 2.3069100522e+00 6.3844109092e+01 1.0597950663e+00 1.1391259604e-01
2.5198091332e-01 1.6347021844e+01 4.7080551401e+00 1.4822000000e+04 6.3844019421e+01 1.4408726447e+00 1.0353422446e+00 3.7809231868e-02 1.9457901373e-01 1.1812746622e-01 -5.8050382564e-01 1.8262934432e-01 6.1100854168e-01 2.3084042335e+00 6.3844015339e+01 1.0613327653e+00 1.2268035242e-01
2.5228893101e-01 1.6336429978e+01 4.7054745646e+00 1.4822000000e+04 6.3843917061e+01 1.4367033028e+00 9.6412105069e-01 3.8158076581e-02 1.9422986753e-01 1.0878238656e-01 -5.7435646525e-01 1.8262934432e-01 6.1609130712e-01 2.3098819135e+00 6.3843912918e+01 1.0629376110e+00 1.3161437892e-01
2.5259691307e-01 1.6325833182e+01 4.7029242511e+00 1.4822000000e+04 6.3843805943e+01 1.4324570552e+00 9.0106455519e-01 3.8498758832e-02 1.9386638260e-01 1.0051945821e-01 -5.6832470915e-01 1.8262934432e-01 6.2208782181e-01 2.3113433962e+00 6.3843801737e+01 1.0646092701e+00 1.4068676885e-01
2.5290485910e-01 1.6315231618e+01 4.7004043739e+00 1.4822000000e+04 6.3843686004e+01 1.4281360189e+00 8.4499906926e-01 3.8830701266e-02 1.9348885258e-01 9.3179958917e-02 -5.6240980691e-01 1.8262934432e-01 6.2897816527e-01 2.3127888478e+00 6.3843681729e+01 1.0663471976e+00 1.4987416106e-01
2.5321276878e-01 1.6304625447e+01 4.6979151099e+00 1.4822000000e+04 6.3843557189e+01 1.4237419835e+00 7.9493593122e-01 3.9153348023e-02 1.9309756975e-01 8.6630681269e-02 -5.5661328900e-01 1.8262934432e-01 6.3673624897e-01 2.3142189114e+00 6.3843552844e+01 1.0681511025e+00 1.5915684682e-01
2.5352064177e-01 1.6294014825e+01 4.6954566414e+00 1.4822000000e+04 6.3843419447e+01 1.4192764995e+00 7.5003920351e-01 3.9465931470e-02 1.9269280056e-01 8.0759623158e-02 -5.5094002290e-01 1.8262934432e-01 6.4533338905e-01 2.3156343633e+00 6.3843415027e+01 1.0700209034e+00 1.6851917863e-01
2.5382847766e-01 1.6283399906e+01 4.6930291566e+00 1.4822000000e+04 6.3843272710e+01 1.4147414002e+00 7.0960025889e-01 3.9767693807e-02 1.9227483633e-01 7.5472465075e-02 -5.4539385732e-01 1.8262934432e-01 6.5474109365e-01 2.3170357822e+00 6.3843268211e+01 1.0719563128e+00 1.7794975793e-01
2.5413627618e-01 1.6272780843e+01 4.6906328430e+00 1.4822000000e+04 6.3843116940e+01 1.4101393115e+00 6.7302888653e-01 4.0058112356e-02 1.9184403908e-01 7.0691002761e-02 -5.3997513007e-01 1.8262934432e-01 6.6492852896e-01 2.3184231950e+00 6.3843112358e+01 1.0739564001e+00 1.8743813820e-01
2.5444403715e-01 1.6262157786e+01 4.6882678878e+00 1.4822000000e+04 6.3842952126e+01 1.4054724866e+00 6.3983284276e-01 4.0336781661e-02 1.9140076626e-01 6.6349846713e-02 -5.3468342496e-01 1.8262934432e-01 6.7585970476e-01 2.3197971322e+00 6.3842947459e+01 1.0760205132e+00 1.9697394952e-01
2.5475176046e-01 1.6251530883e+01 4.6859344832e+00 1.4822000000e+04 6.3842778273e+01 1.4007428471e+00 6.0959598824e-01 4.0603080504e-02 1.9094534445e-01 6.2393774199e-02 -5.2952236413e-01 1.8262934432e-01 6.8749642184e-01 2.3211583509e+00 6.3842773515e+01 1.0781482696e+00 2.0654771690e-01
2.5505944588e-01 1.6240900277e+01 4.6836328267e+00 1.4822000000e+04 6.3842595355e+01 1.3959521679e+00 5.8195892843e-01 4.0856103244e-02 1.9047807487e-01 5.8775376422e-02 -5.2449876209e-01 1.8262934432e-01 6.9980310349e-01 2.3225076160e+00 6.3842590504e+01 1.0803394401e+00 2.1615291499e-01
2.5536709323e-01 1.6230266111e+01 4.6813631179e+00 1.4822000000e+04 6.3842403362e+01 1.3911032915e+00 5.5661501979e-01 4.1095415286e-02 1.8999936319e-01 5.5454487869e-02 -5.1961230004e-01 1.8262934432e-01 7.1274580322e-01 2.3238450206e+00 6.3842398413e+01 1.0825928820e+00 2.2578418109e-01
2.5567470250e-01 1.6219628524e+01 4.6791255537e+00 1.4822000000e+04 6.3842202323e+01 1.3861989144e+00 5.3330639110e-01 4.1320812398e-02 1.8950961826e-01 5.2397175868e-02 -5.1486051246e-01 1.8262934432e-01 7.2628704230e-01 2.3251708743e+00 6.3842197273e+01 1.0849075352e+00 2.3543499448e-01
2.5598227379e-01 1.6208987654e+01 4.6769203343e+00 1.4822000000e+04 6.3841992295e+01 1.3812412935e+00 5.1181329813e-01 4.1532026006e-02 1.8900921966e-01 4.9574381688e-02 -5.1024346297e-01 1.8262934432e-01 7.4038687837e-01 2.3264858712e+00 6.3841987140e+01 1.0872826751e+00 2.4509825540e-01
2.5628980715e-01 1.6198343634e+01 4.6747476653e+00 1.4822000000e+04 6.3841773324e+01 1.3762323064e+00 4.9194324051e-01 4.1728167092e-02 1.8849848813e-01 4.6960768163e-02 -5.0576956801e-01 1.8262934432e-01 7.5500778968e-01 2.3277908048e+00 6.3841768060e+01 1.0897179427e+00 2.5476833619e-01
2.5659730252e-01 1.6187696596e+01 4.6726077553e+00 1.4822000000e+04 6.3841545427e+01 1.3711745698e+00 4.7352558276e-01 4.1908827390e-02 1.8797782094e-01 4.4534131557e-02 -5.0143956453e-01 1.8262934432e-01 7.7011763167e-01 2.3290860200e+00 6.3841540051e+01 1.0922123024e+00 2.6444203869e-01
2.5690476003e-01 1.6177046667e+01 4.6705008102e+00 1.4822000000e+04 6.3841308669e+01 1.3660711896e+00 4.5641476934e-01 4.2074029593e-02 1.8744766957e-01 4.2275524654e-02 -4.9724923928e-01 1.8262934432e-01 7.8568285578e-01 2.3303715668e+00 6.3841303176e+01 1.0947642544e+00 2.7411498929e-01
2.5721217996e-01 1.6166393975e+01 4.6684270368e+00 1.4822000000e+04 6.3841063152e+01 1.3609246867e+00 4.4048591886e-01 4.2223894238e-02 1.8690845073e-01 4.0168473766e-02 -4.9319501476e-01 1.8262934432e-01 8.0166709024e-01 2.3316480255e+00 6.3841057540e+01 1.0973727359e+00 2.8378157746e-01
2.5751956268e-01 1.6155738642e+01 4.6663866462e+00 1.4822000000e+04 6.3840808996e+01 1.3557371705e+00 4.2562937377e-01 4.2357958668e-02 1.8636051901e-01 3.8198513037e-02 -4.8928209072e-01 1.8262934432e-01 8.1803449860e-01 2.3329161024e+00 6.3840803260e+01 1.1000370604e+00 2.9343618490e-01
2.5782690830e-01 1.6145080789e+01 4.6643798534e+00 1.4822000000e+04 6.3840546265e+01 1.3505108090e+00 4.1174469318e-01 4.2475752423e-02 1.8580422444e-01 3.6352589194e-02 -4.8551426743e-01 1.8262934432e-01 8.3475601906e-01 2.3341763868e+00 6.3840540402e+01 1.1027564691e+00 3.0307603352e-01
2.5813421709e-01 1.6134420533e+01 4.6624068718e+00 1.4822000000e+04 6.3840275050e+01 1.3452489348e+00 3.9874378199e-01 4.2577510414e-02 1.8524004565e-01 3.4619373125e-02 -4.8188629789e-01 1.8262934432e-01 8.5180420020e-01 2.3354287950e+00 6.3840269057e+01 1.1055291212e+00 3.1269827551e-01
2.5844282085e-01 1.5901220228e+01 4.6540747352e+00 1.4822000000e+04 6.3840324375e+01 2.3210149713e+00 3.8627237142e-01 3.6214677295e-02 3.3516345338e-01 3.3274733806e-02 -5.5963051687e-01 1.8262934343e-01 8.6991351791e-01 2.3273881020e+00 6.3840313586e+01 6.2143971585e-01 3.2152826171e-01
2.5875005374e-01 1.5890172346e+01 4.6521543919e+00 1.4822000000e+04 6.3840035344e+01 2.2987033900e+00 3.7479471150e-01 3.6159078461e-02 3.3225248498e-01 3.1733651907e-02 -5.5743591935e-01 1.8262934343e-01 8.8754029244e-01 2.3286541462e+00 6.3840024438e+01 6.2659735639e-01 3.3110588044e-01
2.5905725140e-01 1.5879121934e+01 4.6502680875e+00 1.4822000000e+04 6.3839738321e+01 2.2765316523e+00 3.6400199531e-01 3.6090131629e-02 3.2935300140e-01 3.0279132433e-02 -5.5538695446e-01 1.8262934343e-01 9.0540154149e-01 2.3299137950e+00 6.3839727295e+01 6.3181766358e-01 3.4065121427e-01
2.5936441417e-01 1.5868069098e+01 4.6484160429e+00 1.4822000000e+04 6.3839433415e+01 2.2545183754e+00 3.5383691511e-01 3.6008268243e-02 3.2646786681e-01 2.8903875390e-02 -5.5347924999e-01 1.8262934343e-01 9.2347599452e-01 2.3311670569e+00 6.3839422268e+01 6.3709627332e-01 3.5016264037e-01
2.5967156015e-01 1.5852279228e+01 4.6467289029e+00 1.4822000000e+04 6.3839125106e+01 2.2776249787e+00 3.4424801389e-01 3.5443781596e-02 3.3043932921e-01 2.7601335948e-02 -5.5892507174e-01 1.8262934364e-01 9.4177087301e-01 2.3322844666e+00 6.3839113696e+01 6.2939124931e-01 3.5965921754e-01
2.5997865485e-01 1.5841213923e+01 4.6449459752e+00 1.4822000000e+04 6.3838804936e+01 2.2547586166e+00 3.3519548740e-01 3.5335883084e-02 3.2741732151e-01 2.6366128078e-02 -5.5731656161e-01 1.8262934364e-01 9.6019976223e-01 2.3335260040e+00 6.3838793402e+01 6.3488371534e-01 3.6909285919e-01
2.6028571663e-01 1.5830146491e+01 4.6431979578e+00 1.4822000000e+04 6.3838477450e+01 2.2321202630e+00 3.2663762650e-01 3.5216872734e-02 3.2442003653e-01 2.5192780702e-02 -5.5584082695e-01 1.8262934364e-01 9.7876921545e-01 2.3347622504e+00 6.3838465790e+01 6.4042377545e-01 3.7848166127e-01
2.6059274593e-01 1.5819077029e+01 4.6414850739e+00 1.4822000000e+04 6.3838142781e+01 2.2097220434e+00 3.1853656010e-01 3.5087085748e-02 3.2144945424e-01 2.4076467743e-02 -5.5449678713e-01 1.8262934364e-01 9.9746232262e-01 2.3359934374e+00 6.3838130996e+01 6.4600765821e-01 3.8782439979e-01
2.6089974339e-01 1.5808005632e+01 4.6398075432e+00 1.4822000000e+04 6.3837801113e+01 2.1875765959e+00 3.1085900121e-01 3.4947263999e-02 3.1850760249e-01 2.3012967397e-02 -5.5327652984e-01 1.8262934364e-01 1.0162611911e+00 2.3372194190e+00 6.3837789200e+01 6.5163111990e-01 3.9711887667e-01
2.6120670981e-01 1.5796932392e+01 4.6381655837e+00 1.4822000000e+04 6.3837452665e+01 2.1656922205e+00 3.0357565903e-01 3.4798273541e-02 3.1559593660e-01 2.1998428798e-02 -5.5217181738e-01 1.8262934364e-01 1.0351457640e+00 2.3384405127e+00 6.3837440623e+01 6.5729089249e-01 4.0636181225e-01
2.6151364603e-01 1.5785857400e+01 4.6365594156e+00 1.4822000000e+04 6.3837097667e+01 2.1440745508e+00 2.9665987357e-01 3.4640464646e-02 3.1271550609e-01 2.1029336308e-02 -5.5118440826e-01 1.8262934364e-01 1.0540966514e+00 2.3396570993e+00 6.3837085495e+01 6.6298430066e-01 4.1554992376e-01
2.6182055263e-01 1.5774780742e+01 4.6349892615e+00 1.4822000000e+04 6.3836736286e+01 2.1227294289e+00 2.9008600158e-01 3.4474049284e-02 3.0986738742e-01 2.0102397873e-02 -5.5031661278e-01 1.8262934364e-01 1.0730997351e+00 2.3408695507e+00 6.3836723983e+01 6.6870841566e-01 4.2468190563e-01
2.6212743030e-01 1.5763702502e+01 4.6334553420e+00 1.4822000000e+04 6.3836368704e+01 2.1016659124e+00 2.8383080733e-01 3.4299638875e-02 3.0705308599e-01 1.9214715835e-02 -5.4956273759e-01 1.8262934364e-01 1.0921419686e+00 2.3420776384e+00 6.3836356270e+01 6.7445905360e-01 4.3375642179e-01
2.6243427986e-01 1.5752622766e+01 4.6319578737e+00 1.4822000000e+04 6.3835995152e+01 2.0808891622e+00 2.7787385413e-01 3.4118058071e-02 3.0427357741e-01 1.8363638381e-02 -5.4891463229e-01 1.8262934364e-01 1.1112080056e+00 2.3432814793e+00 6.3835982586e+01 6.8023300341e-01 4.4277100585e-01
2.6274111830e-01 1.5736758406e+01 4.6306434752e+00 1.4822000000e+04 6.3835619775e+01 2.0961174582e+00 2.7219656254e-01 3.3424162674e-02 3.0706251034e-01 1.7547068371e-02 -5.5657500773e-01 1.8262934392e-01 1.1303181440e+00 2.3443591316e+00 6.3835606944e+01 6.7394179801e-01 4.5175085081e-01
2.6304791416e-01 1.5725667936e+01 4.6292194874e+00 1.4822000000e+04 6.3835234944e+01 2.0749484586e+00 2.6678128794e-01 3.3229595866e-02 3.0421387829e-01 1.6762042063e-02 -5.5617886954e-01 1.8262934392e-01 1.1493888948e+00 2.3455556039e+00 6.3835221981e+01 6.7985501334e-01 4.6063899288e-01
2.6335469977e-01 1.5709786324e+01 4.6279727316e+00 1.4822000000e+04 6.3834848529e+01 2.0896183107e+00 2.6161139493e-01 3.2507858878e-02 3.0692381203e-01 1.6007393836e-02 -5.6471270936e-01 1.8262934385e-01 1.1684815311e+00 2.3466281148e+00 6.3834835303e+01 6.7372933584e-01 4.6948955768e-01
2.6366144487e-01 1.5698685398e+01 4.6266230733e+00 1.4822000000e+04 6.3834453211e+01 2.0681175751e+00 2.5667198680e-01 3.2302784687e-02 3.0401472291e-01 1.5280115381e-02 -5.6456511048e-01 1.8262934385e-01 1.1875143378e+00 2.3478172599e+00 6.3834439853e+01 6.7976857630e-01 4.7824652392e-01
2.6396818143e-01 1.5682775252e+01 4.6254653754e+00 1.4822000000e+04 6.3834056749e+01 2.0824199956e+00 2.5194996293e-01 3.1567240906e-02 3.0667409492e-01 1.4578893405e-02 -5.7383003632e-01 1.8262934394e-01 1.2065479272e+00 2.3488824710e+00 6.3834043126e+01 6.7374229996e-01 4.8696635996e-01
2.6427487932e-01 1.5671664105e+01 4.6241909556e+00 1.4822000000e+04 6.3833651874e+01 2.0606489002e+00 2.4743217695e-01 3.1354428101e-02 3.0371354110e-01 1.3902270916e-02 -5.7392295306e-01 1.8262934394e-01 1.2254978268e+00 2.3500645280e+00 6.3833638120e+01 6.7989261532e-01 4.9558514879e-01
2.6458155467e-01 1.5660551946e+01 4.6229544952e+00 1.4822000000e+04 6.3833242505e+01 2.0392722770e+00 2.4310660436e-01 3.1137855572e-02 3.0080443271e-01 1.3248631252e-02 -5.7411257118e-01 1.8262934394e-01 1.2443944642e+00 2.3512432013e+00 6.3833228620e+01 6.8604233880e-01 5.0413371941e-01
2.6488820835e-01 1.5649438843e+01 4.6217562047e+00 1.4822000000e+04 6.3832828866e+01 2.0182890610e+00 2.3896240036e-01 3.0918013484e-02 2.9794681755e-01 1.2616637463e-02 -5.7439393259e-01 1.8262934394e-01 1.2632295517e+00 2.3524181998e+00 6.3832814849e+01 6.9218821383e-01 5.1261095096e-01
2.6519484127e-01 1.5638324862e+01 4.6205962912e+00 1.4822000000e+04 6.3832411190e+01 1.9976947876e+00 2.3498971416e-01 3.0695466631e-02 2.9514026992e-01 1.2005008676e-02 -5.7476142480e-01 1.8262934394e-01 1.2819940192e+00 2.3535895777e+00 6.3832397042e+01 6.9832804558e-01 5.2101534553e-01
2.6550145424e-01 1.5627210066e+01 4.6194749620e+00 1.4822000000e+04 6.3831989690e+01 1.9774836621e+00 2.3117918909e-01 3.0470499019e-02 2.9238415738e-01 1.1412532082e-02 -5.7521501969e-01 1.8262934394e-01 1.3006802707e+00 2.3547574505e+00 6.3831975412e+01 7.0446008924e-01 5.2934591157e-01
2.6580806200e-01 1.5611213048e+01 4.6184390445e+00 1.4822000000e+04 6.3831567917e+01 1.9882755286e+00 2.2752313251e-01 2.9694616866e-02 2.9452072011e-01 1.0841263916e-02 -5.8630702419e-01 1.8262934396e-01 1.3193048370e+00 2.3558183615e+00 6.3831553621e+01 6.9918494251e-01 5.3761246484e-01
2.6611465125e-01 1.5595284127e+01 4.6174279617e+00 1.4822000000e+04 6.3831142678e+01 1.9993550650e+00 2.2400954603e-01 2.8889717729e-02 2.9668980954e-01 1.0287062363e-02 -5.9864269778e-01 1.8262934272e-01 1.3378406324e+00 2.3568696745e+00 6.3831128135e+01 6.9389974973e-01 5.4580331835e-01
2.6642120893e-01 1.5584151317e+01 4.6164229526e+00 1.4822000000e+04 6.3830710862e+01 1.9785425221e+00 2.2063495059e-01 2.8662303611e-02 2.9382878429e-01 9.7458084128e-03 -5.9948923634e-01 1.8262934272e-01 1.3562559030e+00 2.3580278249e+00 6.3830696189e+01 7.0019595366e-01 5.5390913555e-01
2.6672774986e-01 1.5573017912e+01 4.6154573218e+00 1.4822000000e+04 6.3830276036e+01 1.9581602782e+00 2.1739086710e-01 2.8433882932e-02 2.9102568907e-01 9.2197172631e-03 -6.0041621442e-01 1.8262934272e-01 1.3745692027e+00 2.3591823033e+00 6.3830261234e+01 7.0647158370e-01 5.6193863803e-01
2.6703427470e-01 1.5561883970e+01 4.6145312693e+00 1.4822000000e+04 6.3829838367e+01 1.9381988907e+00 2.1427048747e-01 2.8204588441e-02 2.8827935339e-01 8.7079273204e-03 -6.0142460269e-01 1.8262934272e-01 1.3927766638e+00 2.3603332548e+00 6.3829823435e+01 7.1272528480e-01 5.6989184128e-01
2.6734078416e-01 1.5550749542e+01 4.6136449933e+00 1.4822000000e+04 6.3829398037e+01 1.9186518830e+00 2.1126753521e-01 2.7974615763e-02 2.8558902648e-01 8.2096739849e-03 -6.0251324057e-01 1.8262934272e-01 1.4108743782e+00 2.3614805439e+00 6.3829382977e+01 7.1895468600e-01 5.7776860825e-01
2.6764727912e-01 1.5539614684e+01 4.6127986876e+00 1.4822000000e+04 6.3828955262e+01 1.8995117618e+00 2.0837636673e-01 2.7744297640e-02 2.8295378410e-01 7.7242583503e-03 -6.0367807930e-01 1.8262934272e-01 1.4288572737e+00 2.3626239366e+00 6.3828940074e+01 7.2515781998e-01 5.8556823265e-01
2.6795376036e-01 1.5528479446e+01 4.6119925431e+00 1.4822000000e+04 6.3828510240e+01 1.8807692512e+00 2.0559162704e-01 2.7513924986e-02 2.8037244567e-01 7.2509933874e-03 -6.0491618938e-01 1.8262934272e-01 1.4467209413e+00 2.3637634119e+00 6.3828494924e+01 7.3133346257e-01 5.9329024672e-01
2.6826022854e-01 1.5517343880e+01 4.6112267502e+00 1.4822000000e+04 6.3828063132e+01 1.8624148783e+00 2.0290809833e-01 2.7283654679e-02 2.7784379960e-01 6.7892215325e-03 -6.0622704241e-01 1.8262934272e-01 1.4644626412e+00 2.3648990253e+00 6.3828047689e+01 7.3748057818e-01 6.0093480994e-01
2.6856668430e-01 1.5506208035e+01 4.6105014984e+00 1.4822000000e+04 6.3827614097e+01 1.8444409110e+00 2.0032089750e-01 2.7053626307e-02 2.7536689518e-01 6.3383407742e-03 -6.0760988402e-01 1.8262934272e-01 1.4820799005e+00 2.3660307989e+00 6.3827598528e+01 7.4359755103e-01 6.0850210848e-01
2.6887312843e-01 1.5495071957e+01 4.6098169733e+00 1.4822000000e+04 6.3827163335e+01 1.8268405281e+00 1.9782563918e-01 2.6824059438e-02 2.7294087934e-01 5.8978210147e-03 -6.0906207058e-01 1.8262934272e-01 1.4995690955e+00 2.3671584347e+00 6.3827147640e+01 7.4968246980e-01 6.1599176326e-01
2.6917956173e-01 1.5483935696e+01 4.6091733568e+00 1.4822000000e+04 6.3826711033e+01 1.8096050045e+00 1.9541818454e-01 2.6595192305e-02 2.7056462153e-01 5.4671375055e-03 -6.1058068512e-01 1.8262934272e-01 1.5169268906e+00 2.3682818463e+00 6.3826695213e+01 7.5573427212e-01 6.2340348549e-01
2.6948598479e-01 1.5472799295e+01 4.6085708291e+00 1.4822000000e+04 6.3826257345e+01 1.7927253343e+00 1.9309448068e-01 2.6367179063e-02 2.6823694712e-01 5.0457828919e-03 -6.1216429849e-01 1.8262934272e-01 1.5341514032e+00 2.3694010148e+00 6.3826241402e+01 7.6175213255e-01 6.3073754093e-01
2.6979239821e-01 1.5461662801e+01 4.6080095695e+00 1.4822000000e+04 6.3825802410e+01 1.7761932387e+00 1.9085067842e-01 2.6140151715e-02 2.6595680084e-01 4.6332810446e-03 -6.1381141965e-01 1.8262934272e-01 1.5512412922e+00 2.3705160151e+00 6.3825786343e+01 7.6773504139e-01 6.3799436370e-01
2.7009880269e-01 1.5450526256e+01 4.6074897547e+00 1.4822000000e+04 6.3825346403e+01 1.7600021973e+00 1.8868331537e-01 2.5914243586e-02 2.6372336019e-01 4.2292152966e-03 -6.1552049530e-01 1.8262934272e-01 1.5681941258e+00 2.3716266155e+00 6.3825330214e+01 7.7368133586e-01 6.4517386824e-01
2.7040519899e-01 1.5439389704e+01 4.6070115567e+00 1.4822000000e+04 6.3824889503e+01 1.7441443017e+00 1.8658915319e-01 2.5689629821e-02 2.6153558661e-01 3.8331827953e-03 -6.1728906092e-01 1.8262934272e-01 1.5850074056e+00 2.3727326549e+00 6.3824873192e+01 7.7959004200e-01 6.5227590765e-01
2.7071158769e-01 1.5428253185e+01 4.6065751455e+00 1.4822000000e+04 6.3824431855e+01 1.7286111720e+00 1.8456501028e-01 2.5466431057e-02 2.5939237108e-01 3.4447882072e-03 -6.1911563603e-01 1.8262934272e-01 1.6016798635e+00 2.3738340673e+00 6.3824415423e+01 7.8546051568e-01 6.5930080979e-01
2.7101796931e-01 1.5417116740e+01 4.6061806896e+00 1.4822000000e+04 6.3823973580e+01 1.7133947643e+00 1.8260781676e-01 2.5244778406e-02 2.5729266458e-01 3.0636550331e-03 -6.2099783177e-01 1.8262934272e-01 1.6182110248e+00 2.3749308871e+00 6.3823957027e+01 7.9129208927e-01 6.6624918975e-01
2.7132434448e-01 1.5405980410e+01 4.6058283551e+00 1.4822000000e+04 6.3823514828e+01 1.6984884642e+00 1.8071479886e-01 2.5024764665e-02 2.5523562210e-01 2.6894462201e-03 -6.2293427309e-01 1.8262934272e-01 1.6345994640e+00 2.3760230196e+00 6.3823498156e+01 7.9708355781e-01 6.7312122314e-01
2.7163071389e-01 1.5394844232e+01 4.6055183045e+00 1.4822000000e+04 6.3823055764e+01 1.6838852924e+00 1.7888339155e-01 2.4806502913e-02 2.5322032036e-01 2.3218485861e-03 -6.2492315454e-01 1.8262934272e-01 1.6508433603e+00 2.3771102517e+00 6.3823038974e+01 8.0283398425e-01 6.7991688711e-01
2.7193707812e-01 1.5383708245e+01 4.6052506969e+00 1.4822000000e+04 6.3822596526e+01 1.6695775694e+00 1.7711107439e-01 2.4590072135e-02 2.5124573128e-01 1.9605515493e-03 -6.2696331875e-01 1.8262934272e-01 1.6669418769e+00 2.3781924856e+00 6.3822579618e+01 8.0854287872e-01 6.8663653837e-01
2.7224343763e-01 1.5372572486e+01 4.6050256895e+00 1.4822000000e+04 6.3822137220e+01 1.6555578443e+00 1.7539537827e-01 2.4375575201e-02 2.4931086624e-01 1.6052566934e-03 -6.2905231889e-01 1.8262934272e-01 1.6828951324e+00 2.3792696920e+00 6.3822120196e+01 8.1420976943e-01 6.9328089647e-01
2.7254980717e-01 1.5356453563e+01 4.6048955239e+00 1.4822000000e+04 6.3821681304e+01 1.6602429987e+00 1.7373684661e-01 2.3579276979e-02 2.5045911040e-01 1.2592761108e-03 -6.4673226531e-01 1.8262934297e-01 1.6987030267e+00 2.3802533250e+00 6.3821664248e+01 8.1019976947e-01 6.9985770674e-01
2.7285615902e-01 1.5345310329e+01 4.6047557172e+00 1.4822000000e+04 6.3821222281e+01 1.6463614274e+00 1.7212783973e-01 2.3370992448e-02 2.4853835814e-01 9.1520495666e-04 -6.4905019808e-01 1.8262934297e-01 1.7143623681e+00 2.3813205891e+00 6.3821205108e+01 8.1584604387e-01 7.0635216896e-01
2.7316250787e-01 1.5334167418e+01 4.6046589592e+00 1.4822000000e+04 6.3820763592e+01 1.6327628759e+00 1.7056912605e-01 2.3164816613e-02 2.4665688884e-01 5.7636445129e-04 -6.5141513639e-01 1.8262934297e-01 1.7298741351e+00 2.3823825040e+00 6.3820746305e+01 8.2144690154e-01 7.1277221518e-01
2.7346885415e-01 1.5323024864e+01 4.6046053960e+00 1.4822000000e+04 6.3820305336e+01 1.6194399187e+00 1.6905870859e-01 2.2960800425e-02 2.4481369718e-01 2.4251681267e-04 -6.5382540108e-01 1.8262934297e-01 1.7452388010e+00 2.3834389939e+00 6.3820287934e+01 8.2700205404e-01 7.1911860017e-01
2.7377519828e-01 1.5311882701e+01 4.6045951713e+00 1.4822000000e+04 6.3819847612e+01 1.6063856151e+00 1.6759472890e-01 2.2759050024e-02 2.4300786261e-01 -8.6561435976e-05 -6.5627746778e-01 1.8262934297e-01 1.7604565917e+00 2.3844900724e+00 6.3819830097e+01 8.3251109654e-01 7.2539195205e-01
2.7408154083e-01 1.5300740959e+01 4.6046284260e+00 1.4822000000e+04 6.3819390552e+01 1.5935936761e+00 1.6617551870e-01 2.2559601491e-02 2.4123854653e-01 -4.1107484321e-04 -6.5877023774e-01 1.8262934297e-01 1.7755267550e+00 2.3855356275e+00 6.3819372924e+01 8.3797341679e-01 7.3159247338e-01
2.7438788233e-01 1.5289599671e+01 4.6047052976e+00 1.4822000000e+04 6.3818934273e+01 1.5810573627e+00 1.6479945615e-01 2.2362467767e-02 2.3950482802e-01 -7.3122054681e-04 -6.6130325166e-01 1.8262934297e-01 1.7904489885e+00 2.3865755218e+00 6.3818916534e+01 8.4338875801e-01 7.3772053141e-01
2.7469423880e-01 1.5273492579e+01 4.6049811087e+00 1.4822000000e+04 6.3818482496e+01 1.5854732595e+00 1.6346909026e-01 2.1624735256e-02 2.4058864925e-01 -1.0473194657e-03 -6.8045940172e-01 1.8262934333e-01 1.8052331303e+00 2.3875073137e+00 6.3818464558e+01 8.3927647063e-01 7.4380569197e-01
2.7500057945e-01 1.5262344083e+01 4.6051456347e+00 1.4822000000e+04 6.3818028061e+01 1.5730834377e+00 1.6217457934e-01 2.1434316136e-02 2.3887150676e-01 -1.3592946692e-03 -6.8321987372e-01 1.8262934333e-01 1.8198607745e+00 2.3885357172e+00 6.3818010015e+01 8.4465293975e-01 7.4979093650e-01
2.7530692029e-01 1.5251196118e+01 4.6053541744e+00 1.4822000000e+04 6.3817574688e+01 1.5609420866e+00 1.6091867079e-01 2.1246317873e-02 2.3718914927e-01 -1.6674428078e-03 -6.8601634672e-01 1.8262934333e-01 1.8343417160e+00 2.3895583057e+00 6.3817556534e+01 8.4998046235e-01 7.5570557780e-01
2.7561326180e-01 1.5240048712e+01 4.6056068540e+00 1.4822000000e+04 6.3817122484e+01 1.5490427538e+00 1.5970004923e-01 2.1060732368e-02 2.3554068963e-01 -1.9719255323e-03 -6.8884862898e-01 1.8262934333e-01 1.8486758144e+00 2.3905749608e+00 6.3817104223e+01 8.5525888790e-01 7.6154997490e-01
2.7591960435e-01 1.5228901893e+01 4.6059037968e+00 1.4822000000e+04 6.3816671532e+01 1.5373789733e+00 1.5851738964e-01 2.0877522790e-02 2.3392523251e-01 -2.2728970428e-03 -6.9171710754e-01 1.8262934333e-01 1.8628638154e+00 2.3915855725e+00 6.3816653166e+01 8.6048820583e-01 7.6732483529e-01
2.7622594825e-01 1.5217755690e+01 4.6062451232e+00 1.4822000000e+04 6.3816221898e+01 1.5259446747e+00 1.5736940142e-01 2.0696733922e-02 2.3234194816e-01 -2.5705043918e-03 -6.9461884929e-01 1.8262934333e-01 1.8769068806e+00 2.3925900718e+00 6.3816203427e+01 8.6566831105e-01 7.7303102190e-01
2.7653229390e-01 1.5206610129e+01 4.6066309510e+00 1.4822000000e+04 6.3815773668e+01 1.5147340909e+00 1.5625493071e-01 2.0518437255e-02 2.3079006054e-01 -2.8648861685e-03 -6.9755022765e-01 1.8262934333e-01 1.8908053149e+00 2.3935884620e+00 6.3815755094e+01 8.7079904510e-01 7.7866903060e-01
2.7683864173e-01 1.5195465235e+01 4.6070613948e+00 1.4822000000e+04 6.3815326942e+01 1.5037414569e+00 1.5517290410e-01 2.0342618507e-02 2.2926877861e-01 -3.1561777757e-03 -7.0051094846e-01 1.8262934333e-01 1.9045590935e+00 2.3945806851e+00 6.3815308264e+01 8.7588037278e-01 7.8423920539e-01
2.7714499210e-01 1.5184321036e+01 4.6075365664e+00 1.4822000000e+04 6.3814881792e+01 1.4929610103e+00 1.5412223433e-01 2.0169223294e-02 2.2777730037e-01 -3.4445060625e-03 -7.0350186522e-01 1.8262934333e-01 1.9181689914e+00 2.3955666380e+00 6.3814863013e+01 8.8091238076e-01 7.8974220719e-01
2.7745134526e-01 1.5173177556e+01 4.6080565751e+00 1.4822000000e+04 6.3814438276e+01 1.4823873450e+00 1.5310184289e-01 1.9998238697e-02 2.2631487884e-01 -3.7299908008e-03 -7.0652180690e-01 1.8262934333e-01 1.9316363417e+00 2.3965462268e+00 6.3814419395e+01 8.8589506520e-01 7.9517891450e-01
2.7775770153e-01 1.5162034819e+01 4.6086215266e+00 1.4822000000e+04 6.3813996458e+01 1.4720153558e+00 1.5211074522e-01 1.9829744232e-02 2.2488082302e-01 -4.0127451539e-03 -7.0956620160e-01 1.8262934333e-01 1.9449619718e+00 2.3975194306e+00 6.3813977478e+01 8.9082834752e-01 8.0054998627e-01
2.7806406132e-01 1.5150892851e+01 4.6092315241e+00 1.4822000000e+04 6.3813556425e+01 1.4618398429e+00 1.5114805696e-01 1.9663739591e-02 2.2347442178e-01 -4.2928824020e-03 -7.1263394415e-01 1.8262934333e-01 1.9581459858e+00 2.3984862584e+00 6.3813537346e+01 8.9571231984e-01 8.0585576800e-01
2.7837042493e-01 1.5139751674e+01 4.6098866680e+00 1.4822000000e+04 6.3813118245e+01 1.4518556455e+00 1.5021288297e-01 1.9500165620e-02 2.2209495552e-01 -4.5705100628e-03 -7.1572600667e-01 1.8262934333e-01 1.9711891421e+00 2.3994466400e+00 6.3813099068e+01 9.0054716647e-01 8.1109686313e-01
2.7867679260e-01 1.5128611312e+01 4.6105870560e+00 1.4822000000e+04 6.3812681964e+01 1.4420579265e+00 1.4930432113e-01 1.9338965856e-02 2.2074174960e-01 -4.8457262753e-03 -7.1884277707e-01 1.8262934333e-01 1.9840928245e+00 2.4004004733e+00 6.3812662690e+01 9.0533298376e-01 8.1627412556e-01
2.7898316458e-01 1.5117471787e+01 4.6113327826e+00 1.4822000000e+04 6.3812247632e+01 1.4324421995e+00 1.4842152458e-01 1.9180192672e-02 2.1941419110e-01 -5.1186237886e-03 -7.2198021078e-01 1.8262934333e-01 1.9968582614e+00 2.4013477007e+00 6.3812228262e+01 9.1006974406e-01 8.2138833633e-01
2.7928954120e-01 1.5106333121e+01 4.6121239392e+00 1.4822000000e+04 6.3811815320e+01 1.4230038581e+00 1.4756375092e-01 1.9023876185e-02 2.1811165191e-01 -5.3892952026e-03 -7.2513564866e-01 1.8262934333e-01 2.0094857814e+00 2.4022883545e+00 6.3811795855e+01 9.1475759335e-01 8.2643989265e-01
2.7959592277e-01 1.5095195337e+01 4.6129606146e+00 1.4822000000e+04 6.3811385090e+01 1.4137382103e+00 1.4673026305e-01 1.8869962361e-02 2.1683347845e-01 -5.6578343875e-03 -7.2830986910e-01 1.8262934333e-01 2.0219760723e+00 2.4032224289e+00 6.3811365530e+01 9.1939684092e-01 8.3142932397e-01
2.7990230948e-01 1.5084058455e+01 4.6138428953e+00 1.4822000000e+04 6.3810956982e+01 1.4046409085e+00 1.4592030495e-01 1.8718371864e-02 2.1557906026e-01 -5.9243231281e-03 -7.3150424269e-01 1.8262934333e-01 2.0343305035e+00 2.4041498307e+00 6.3810937328e+01 9.2398767842e-01 8.3635743927e-01
2.8020870154e-01 1.5072922496e+01 4.6147708646e+00 1.4822000000e+04 6.3810531030e+01 1.3957079758e+00 1.4513314798e-01 1.8569108671e-02 2.1434784775e-01 -6.1888378031e-03 -7.3471639697e-01 1.8262934333e-01 2.0465505397e+00 2.4050704775e+00 6.3810511284e+01 9.2853014464e-01 8.4122508074e-01
2.8051509921e-01 1.5061787480e+01 4.6157446022e+00 1.4822000000e+04 6.3810107293e+01 1.3869354537e+00 1.4436815296e-01 1.8422227149e-02 2.1313930177e-01 -6.4514527105e-03 -7.3794222140e-01 1.8262934333e-01 2.0586368444e+00 2.4059843735e+00 6.3810087455e+01 9.3302434790e-01 8.4603275178e-01
2.8082150277e-01 1.5050653428e+01 4.6167641855e+00 1.4822000000e+04 6.3809685824e+01 1.3783190378e+00 1.4362471317e-01 1.8277691126e-02 2.1195282424e-01 -6.7122496719e-03 -7.4118177063e-01 1.8262934333e-01 2.0705899994e+00 2.4068915848e+00 6.3809665895e+01 9.3747072607e-01 8.5078090012e-01
2.8112791240e-01 1.5039520359e+01 4.6178296897e+00 1.4822000000e+04 6.3809266658e+01 1.3698547877e+00 1.4290219438e-01 1.8135415605e-02 2.1078786009e-01 -6.9712994077e-03 -7.4443682772e-01 1.8262934333e-01 2.0824113171e+00 2.4077920507e+00 6.3809246639e+01 9.4186957007e-01 8.5547027555e-01
2.8143432826e-01 1.5028388291e+01 4.6189411869e+00 1.4822000000e+04 6.3808849821e+01 1.3615391417e+00 1.4219997105e-01 1.7995357561e-02 2.0964391155e-01 -7.2286650270e-03 -7.4770696962e-01 1.8262934333e-01 2.0941023608e+00 2.4086856794e+00 6.3808829713e+01 9.4622099746e-01 8.6010173029e-01
2.8174075054e-01 1.5017257245e+01 4.6200987459e+00 1.4822000000e+04 6.3808435354e+01 1.3533687247e+00 1.4151748197e-01 1.7857569439e-02 2.0852051741e-01 -7.4844064850e-03 -7.5098773103e-01 1.8262934333e-01 2.1056641541e+00 2.4095724309e+00 6.3808415157e+01 9.5052506729e-01 8.6467588930e-01
2.8204717952e-01 1.5006127237e+01 4.6213024323e+00 1.4822000000e+04 6.3808023304e+01 1.3453396834e+00 1.4085422346e-01 1.7722045309e-02 2.0741714403e-01 -7.7385919681e-03 -7.5427777555e-01 1.8262934333e-01 2.1170972152e+00 2.4104524019e+00 6.3808003021e+01 9.5478225600e-01 8.6919314661e-01
2.8235361534e-01 1.4994998287e+01 4.6225523101e+00 1.4822000000e+04 6.3807613703e+01 1.3374483750e+00 1.4020966476e-01 1.7588706513e-02 2.0633327851e-01 -7.9912858107e-03 -7.5757884236e-01 1.8262934333e-01 2.1284027532e+00 2.4113255971e+00 6.3807593333e+01 9.5899298458e-01 8.7365417420e-01
2.8266005813e-01 1.4983870411e+01 4.6238484406e+00 1.4822000000e+04 6.3807206568e+01 1.3296915825e+00 1.3958326956e-01 1.7457479758e-02 2.0526846697e-01 -8.2425407431e-03 -7.6089200020e-01 1.8262934333e-01 2.1395823438e+00 2.4121919288e+00 6.3807186112e+01 9.6315745264e-01 8.7805980286e-01
2.8296650804e-01 1.4972743627e+01 4.6251908816e+00 1.4822000000e+04 6.3806801924e+01 1.3220663735e+00 1.3897454175e-01 1.7328386882e-02 2.0422230522e-01 -8.4924059842e-03 -7.6421387799e-01 1.8262934333e-01 2.1506372926e+00 2.4130513269e+00 6.3806781383e+01 9.6727571921e-01 8.8241074959e-01
2.8327296529e-01 1.4961617951e+01 4.6265796875e+00 1.4822000000e+04 6.3806399815e+01 1.3145694666e+00 1.3838305243e-01 1.7201454635e-02 2.0319434057e-01 -8.7409351525e-03 -7.6754141892e-01 1.8262934333e-01 2.1615681885e+00 2.4139038563e+00 6.3806379190e+01 9.7134816447e-01 8.8670742046e-01
2.8357943003e-01 1.4950493401e+01 4.6280149110e+00 1.4822000000e+04 6.3806000265e+01 1.3071974235e+00 1.3780836099e-01 1.7076620955e-02 2.0218409001e-01 -8.9881881159e-03 -7.7087584467e-01 1.8262934333e-01 2.1723760710e+00 2.4147496077e+00 6.3805979558e+01 9.7537536840e-01 8.9095038444e-01
2.8388590236e-01 1.4939369993e+01 4.6294966026e+00 1.4822000000e+04 6.3805603288e+01 1.2999473106e+00 1.3725000800e-01 1.6953799707e-02 2.0119113721e-01 -9.2342104723e-03 -7.7421909185e-01 1.8262934333e-01 2.1830624795e+00 2.4155885156e+00 6.3805582498e+01 9.7935761622e-01 8.9514043223e-01
2.8419238237e-01 1.4928247742e+01 4.6310248094e+00 1.4822000000e+04 6.3805208897e+01 1.2928165140e+00 1.3670755584e-01 1.6832972610e-02 2.0021511753e-01 -9.4790430767e-03 -7.7756961004e-01 1.8262934333e-01 2.1936288838e+00 2.4164204985e+00 6.3805188026e+01 9.8329501491e-01 8.9927832686e-01
2.8449887024e-01 1.4917126663e+01 4.6325995753e+00 1.4822000000e+04 6.3804817126e+01 1.2858023464e+00 1.3618062717e-01 1.6714181165e-02 1.9925566151e-01 -9.7227270913e-03 -7.8092331409e-01 1.8262934333e-01 2.2040760767e+00 2.4172455572e+00 6.3804796173e+01 9.8718778107e-01 9.0336454577e-01
2.8480536613e-01 1.4906006774e+01 4.6342209414e+00 1.4822000000e+04 6.3804427997e+01 1.2789015921e+00 1.3566885847e-01 1.6597391336e-02 1.9831231820e-01 -9.9653157939e-03 -7.8428024602e-01 1.8262934333e-01 2.2144048926e+00 2.4180638435e+00 6.3804406965e+01 9.9103660741e-01 9.0739954957e-01
2.8511187011e-01 1.4894888087e+01 4.6358889476e+00 1.4822000000e+04 6.3804041519e+01 1.2721115250e+00 1.3517185739e-01 1.6482517810e-02 1.9738470038e-01 -1.0206851414e-02 -7.8764264135e-01 1.8262934333e-01 2.2246167962e+00 2.4188753431e+00 6.3804020407e+01 9.9484188562e-01 9.1138407060e-01
2.8541838223e-01 1.4883770618e+01 4.6376036307e+00 1.4822000000e+04 6.3803657697e+01 1.2654297800e+00 1.3468923960e-01 1.6369508356e-02 1.9647247419e-01 -1.0447368038e-02 -7.9101074651e-01 1.8262934333e-01 2.2347133218e+00 2.4196799751e+00 6.3803636507e+01 9.9860378683e-01 9.1531887985e-01
2.8572490263e-01 1.4872654382e+01 4.6393650240e+00 1.4822000000e+04 6.3803276551e+01 1.2588541259e+00 1.3422066550e-01 1.6258394330e-02 1.9557533230e-01 -1.0686898089e-02 -7.9438070717e-01 1.8262934333e-01 2.2446955130e+00 2.4204776903e+00 6.3803255284e+01 1.0023224231e+00 9.1920454457e-01
2.8603143145e-01 1.4861539392e+01 4.6411731579e+00 1.4822000000e+04 6.3802898107e+01 1.2523817309e+00 1.3376583203e-01 1.6149175355e-02 1.9469287860e-01 -1.0925484710e-02 -7.9775087034e-01 1.8262934333e-01 2.2545640560e+00 2.4212686320e+00 6.3802876763e+01 1.0059984404e+00 9.2304145364e-01
2.8633796875e-01 1.4850425663e+01 4.6430280613e+00 1.4822000000e+04 6.3802522366e+01 1.2460099777e+00 1.3332440739e-01 1.6041776882e-02 1.9382474225e-01 -1.1163169581e-02 -8.0112328882e-01 1.8262934333e-01 2.2643202838e+00 2.4220528695e+00 6.3802500946e+01 1.0096323844e+00 9.2683025533e-01
2.8664451457e-01 1.4839313207e+01 4.6449297609e+00 1.4822000000e+04 6.3802149329e+01 1.2397367019e+00 1.3289605511e-01 1.5936127398e-02 1.9297061486e-01 -1.1399981821e-02 -8.0449946648e-01 1.8262934333e-01 2.2739657331e+00 2.4228303345e+00 6.3802127834e+01 1.0132244956e+00 9.3057170385e-01
2.8695106898e-01 1.4828202038e+01 4.6468782801e+00 1.4822000000e+04 6.3801779005e+01 1.2335599697e+00 1.3248046811e-01 1.5832229706e-02 1.9213022772e-01 -1.1635947923e-02 -8.0787691641e-01 1.8262934333e-01 2.2835016462e+00 2.4236009561e+00 6.3801757436e+01 1.0167748696e+00 9.3426643373e-01
2.8725763213e-01 1.4817092170e+01 4.6488736387e+00 1.4822000000e+04 6.3801411416e+01 1.2274774651e+00 1.3207738486e-01 1.5730109391e-02 1.9130325824e-01 -1.1871099741e-02 -8.1125244443e-01 1.8262934333e-01 2.2929287048e+00 2.4243648075e+00 6.3801389772e+01 1.0202839599e+00 9.3791483069e-01
2.8756420406e-01 1.4805983616e+01 4.6509158549e+00 1.4822000000e+04 6.3801046562e+01 1.2214866331e+00 1.3168652926e-01 1.5629712844e-02 1.9048934523e-01 -1.2105478176e-02 -8.1462732178e-01 1.8262934333e-01 2.3022480382e+00 2.4251220468e+00 6.3801024846e+01 1.0237524805e+00 9.4151743234e-01
2.8787078479e-01 1.4794876386e+01 4.6530049454e+00 1.4822000000e+04 6.3800684440e+01 1.2155854622e+00 1.3130760780e-01 1.5530962483e-02 1.8968820091e-01 -1.2339109784e-02 -8.1800372638e-01 1.8262934333e-01 2.3114611473e+00 2.4258726376e+00 6.3800662652e+01 1.0271807513e+00 9.4507495858e-01
2.8817737435e-01 1.4783770495e+01 4.6551409237e+00 1.4822000000e+04 6.3800325049e+01 1.2097722111e+00 1.3094034400e-01 1.5433830249e-02 1.8889958014e-01 -1.2572016589e-02 -8.2138090631e-01 1.8262934333e-01 2.3205693886e+00 2.4266165066e+00 6.3800303189e+01 1.0305689073e+00 9.4858807713e-01
2.8848397286e-01 1.4772665954e+01 4.6573237998e+00 1.4822000000e+04 6.3799968405e+01 1.2040450591e+00 1.3058450292e-01 1.5338347030e-02 1.8812323062e-01 -1.2804221583e-02 -8.2475513660e-01 1.8262934333e-01 2.3295735734e+00 2.4273536474e+00 6.3799946474e+01 1.0339171852e+00 9.5205722543e-01
2.8879058038e-01 1.4761562775e+01 4.6595535815e+00 1.4822000000e+04 6.3799614511e+01 1.1984015982e+00 1.3023985705e-01 1.5244489121e-02 1.8735881203e-01 -1.3035761087e-02 -8.2812623341e-01 1.8262934333e-01 2.3384745940e+00 2.4280842575e+00 6.3799592510e+01 1.0372263752e+00 9.5548283006e-01
2.8909719690e-01 1.4750460970e+01 4.6618302752e+00 1.4822000000e+04 6.3799263358e+01 1.1928399020e+00 1.2990615253e-01 1.5152182700e-02 1.8660604922e-01 -1.3266662011e-02 -8.3149655301e-01 1.8262934333e-01 2.3472738770e+00 2.4288083632e+00 6.3799241287e+01 1.0404969100e+00 9.5886555558e-01
2.8940382242e-01 1.4739360550e+01 4.6641538850e+00 1.4822000000e+04 6.3798914939e+01 1.1873583744e+00 1.2958314180e-01 1.5061377000e-02 1.8586471478e-01 -1.3496942873e-02 -8.3486683088e-01 1.8262934333e-01 2.3559728242e+00 2.4295258982e+00 6.3798892800e+01 1.0437289781e+00 9.6220607565e-01
2.8971045702e-01 1.4728261527e+01 4.6665244116e+00 1.4822000000e+04 6.3798569260e+01 1.1819555282e+00 1.2927060891e-01 1.4972087982e-02 1.8513460229e-01 -1.3726621161e-02 -8.3823403471e-01 1.8262934333e-01 2.3645724212e+00 2.4302368102e+00 6.3798547053e+01 1.0469227027e+00 9.6550489305e-01
2.9001710078e-01 1.4717163911e+01 4.6689418525e+00 1.4822000000e+04 6.3798226330e+01 1.1766292938e+00 1.2896836334e-01 1.4884322219e-02 1.8441541979e-01 -1.3955724824e-02 -8.4159623381e-01 1.8262934333e-01 2.3730733892e+00 2.4309412550e+00 6.3798204056e+01 1.0500787592e+00 9.6876236576e-01
2.9032375367e-01 1.4706067714e+01 4.6714062044e+00 1.4822000000e+04 6.3797886136e+01 1.1713777495e+00 1.2867618935e-01 1.4798017883e-02 1.8370689375e-01 -1.4184282704e-02 -8.4495547708e-01 1.8262934333e-01 2.3814770182e+00 2.4316393488e+00 6.3797863795e+01 1.0531977447e+00 9.7197907437e-01
2.9063041569e-01 1.4694972946e+01 4.6739174618e+00 1.4822000000e+04 6.3797548665e+01 1.1661994122e+00 1.2839386643e-01 1.4713112762e-02 1.8300881108e-01 -1.4412311156e-02 -8.4831347459e-01 1.8262934333e-01 2.3897847100e+00 2.4323310437e+00 6.3797526258e+01 1.0562799073e+00 9.7515567902e-01
2.9093708685e-01 1.4683879618e+01 4.6764756164e+00 1.4822000000e+04 6.3797213916e+01 1.1610929856e+00 1.2812119552e-01 1.4629598715e-02 1.8232099021e-01 -1.4639824304e-02 -8.5166861029e-01 1.8262934333e-01 2.3979975905e+00 2.4330162739e+00 6.3797191444e+01 1.0593253549e+00 9.7829273077e-01
2.9124376724e-01 1.4672787739e+01 4.6790806564e+00 1.4822000000e+04 6.3796881897e+01 1.1560568442e+00 1.2785800979e-01 1.4547499283e-02 1.8164320277e-01 -1.4866841110e-02 -8.5501778001e-01 1.8262934333e-01 2.4061163469e+00 2.4336951048e+00 6.3796859360e+01 1.0623345231e+00 9.8139058226e-01
2.9155045684e-01 1.4661697321e+01 4.6817325684e+00 1.4822000000e+04 6.3796552596e+01 1.1510890638e+00 1.2760413008e-01 1.4466774236e-02 1.8097517529e-01 -1.5093390830e-02 -8.5836204865e-01 1.8262934333e-01 2.4141420622e+00 2.4343677321e+00 6.3796529995e+01 1.0653081658e+00 9.8444970738e-01
2.9185715562e-01 1.4650608373e+01 4.6844313380e+00 1.4822000000e+04 6.3796225996e+01 1.1461882360e+00 1.2735936131e-01 1.4387359229e-02 1.8031670502e-01 -1.5319489638e-02 -8.6170361023e-01 1.8262934333e-01 2.4220761073e+00 2.4350341457e+00 6.3796203331e+01 1.0682466060e+00 9.8747073603e-01
2.9216386358e-01 1.4639520905e+01 4.6871769477e+00 1.4822000000e+04 6.3795902089e+01 1.1413531780e+00 1.2712352122e-01 1.4309223890e-02 1.7966762398e-01 -1.5545149211e-02 -8.6504234588e-01 1.8262934333e-01 2.4299196873e+00 2.4356942834e+00 6.3795879361e+01 1.0711499861e+00 9.9045424222e-01
2.9247058077e-01 1.4628434926e+01 4.6899693772e+00 1.4822000000e+04 6.3795580878e+01 1.1365826526e+00 1.2689645688e-01 1.4232389609e-02 1.7902775946e-01 -1.5770382156e-02 -8.6837510726e-01 1.8262934333e-01 2.4376735738e+00 2.4363481308e+00 6.3795558089e+01 1.0740185212e+00 9.9340061751e-01
2.9277730720e-01 1.4617350447e+01 4.6928086034e+00 1.4822000000e+04 6.3795262358e+01 1.1318748548e+00 1.2667802096e-01 1.4156843900e-02 1.7839685449e-01 -1.5995213842e-02 -8.7170137997e-01 1.8262934333e-01 2.4453386192e+00 2.4369958985e+00 6.3795239506e+01 1.0768529962e+00 9.9631023617e-01
2.9308404281e-01 1.4606267476e+01 4.6956946027e+00 1.4822000000e+04 6.3794946506e+01 1.1272283892e+00 1.2646804344e-01 1.4082527199e-02 1.7777470908e-01 -1.6219662523e-02 -8.7502343112e-01 1.8262934333e-01 2.4529161244e+00 2.4376376442e+00 6.3794923594e+01 1.0796538505e+00 9.9918367536e-01
2.9339078759e-01 1.4595186022e+01 4.6986273494e+00 1.4822000000e+04 6.3794633310e+01 1.1226421572e+00 1.2626635852e-01 1.4009394783e-02 1.7716116528e-01 -1.6443738118e-02 -8.7834228836e-01 1.8262934333e-01 2.4604073248e+00 2.4382733163e+00 6.3794610337e+01 1.0824212711e+00 1.0020215122e+00
2.9369754155e-01 1.4584106095e+01 4.7016068143e+00 1.4822000000e+04 6.3794322766e+01 1.1181151539e+00 1.2607282302e-01 1.3937451847e-02 1.7655608259e-01 -1.6667449754e-02 -8.8165576703e-01 1.8262934333e-01 2.4678131152e+00 2.4389028637e+00 6.3794299734e+01 1.0851553743e+00 1.0048241857e+00
2.9400430473e-01 1.4573027703e+01 4.7046329657e+00 1.4822000000e+04 6.3794014874e+01 1.1136458734e+00 1.2588731265e-01 1.3866709879e-02 1.7595924686e-01 -1.6890815604e-02 -8.8496175920e-01 1.8262934333e-01 2.4751341861e+00 2.4395264323e+00 6.3793991782e+01 1.0878567853e+00 1.0075920144e+00
2.9431107706e-01 1.4561950856e+01 4.7077057709e+00 1.4822000000e+04 6.3793709610e+01 1.1092328753e+00 1.2570968295e-01 1.3797121242e-02 1.7537045236e-01 -1.7113856695e-02 -8.8826210742e-01 1.8262934333e-01 2.4823717067e+00 2.4401441674e+00 6.3793686460e+01 1.0905261053e+00 1.0103254954e+00
2.9461785850e-01 1.4550875561e+01 4.7108251957e+00 1.4822000000e+04 6.3793406957e+01 1.1048751213e+00 1.2553978417e-01 1.3728634896e-02 1.7478954881e-01 -1.7336582293e-02 -8.9155855010e-01 1.8262934333e-01 2.4895269114e+00 2.4407560391e+00 6.3793383750e+01 1.0931635732e+00 1.0130251938e+00
2.9492464904e-01 1.4539801828e+01 4.7139912030e+00 1.4822000000e+04 6.3793106906e+01 1.1005717250e+00 1.2537748222e-01 1.3661237225e-02 1.7421641100e-01 -1.7558999615e-02 -8.9485020528e-01 1.8262934333e-01 2.4966007935e+00 2.4413619899e+00 6.3793083641e+01 1.0957692976e+00 1.0156915825e+00
2.9523144872e-01 1.4528729664e+01 4.7172037527e+00 1.4822000000e+04 6.3792809457e+01 1.0963215487e+00 1.2522266641e-01 1.3594948242e-02 1.7365087788e-01 -1.7781119732e-02 -8.9813424419e-01 1.8262934333e-01 2.5035940026e+00 2.4419620699e+00 6.3792786135e+01 1.0983436540e+00 1.0183249772e+00
2.9553825750e-01 1.4517659079e+01 4.7204628033e+00 1.4822000000e+04 6.3792514590e+01 1.0921231289e+00 1.2507521735e-01 1.3529740784e-02 1.7309274032e-01 -1.8002964125e-02 -9.0141138667e-01 1.8262934333e-01 2.5105075136e+00 2.4425564875e+00 6.3792491212e+01 1.1008873748e+00 1.0209257790e+00
2.9584507529e-01 1.4506590079e+01 4.7237683124e+00 1.4822000000e+04 6.3792222284e+01 1.0879754557e+00 1.2493500132e-01 1.3465563729e-02 1.7254185228e-01 -1.8224543156e-02 -9.0468370080e-01 1.8262934333e-01 2.5173425334e+00 2.4431452542e+00 6.3792198850e+01 1.1034007703e+00 1.0234945248e+00
2.9615190209e-01 1.4495522673e+01 4.7271202352e+00 1.4822000000e+04 6.3791932523e+01 1.0838777084e+00 1.2480189374e-01 1.3402388332e-02 1.7199809620e-01 -1.8445862701e-02 -9.0795150142e-01 1.8262934333e-01 2.5241001102e+00 2.4437283192e+00 6.3791909034e+01 1.1058839795e+00 1.0260317031e+00
2.9645873790e-01 1.4484456869e+01 4.7305185237e+00 1.4822000000e+04 6.3791645306e+01 1.0798290401e+00 1.2467579123e-01 1.3340227734e-02 1.7146135298e-01 -1.8666929315e-02 -9.1121231133e-01 1.8262934333e-01 2.5307809501e+00 2.4443056622e+00 6.3791621762e+01 1.1083371820e+00 1.0285376589e+00
2.9676558271e-01 1.4473392675e+01 4.7339631282e+00 1.4822000000e+04 6.3791360619e+01 1.0758280988e+00 1.2455659562e-01 1.3279078566e-02 1.7093142884e-01 -1.8887760841e-02 -9.1446527909e-01 1.8262934333e-01 2.5373858225e+00 2.4448774835e+00 6.3791337021e+01 1.1107610974e+00 1.0310127117e+00
2.9707243643e-01 1.4462330099e+01 4.7374539981e+00 1.4822000000e+04 6.3791078436e+01 1.0718738486e+00 1.2444419004e-01 1.3218894657e-02 1.7040817489e-01 -1.9108370413e-02 -9.1771245472e-01 1.8262934333e-01 2.5439158697e+00 2.4454438633e+00 6.3791054785e+01 1.1131561519e+00 1.0334573483e+00
2.9737929902e-01 1.4451269147e+01 4.7409910809e+00 1.4822000000e+04 6.3790798740e+01 1.0679655166e+00 1.2433845975e-01 1.3159638582e-02 1.6989147911e-01 -1.9328763127e-02 -9.2095499569e-01 1.8262934333e-01 2.5503721589e+00 2.4460047635e+00 6.3790775037e+01 1.1155225222e+00 1.0358720574e+00
2.9768617047e-01 1.4440209827e+01 4.7445743217e+00 1.4822000000e+04 6.3790521524e+01 1.0641024123e+00 1.2423930639e-01 1.3101308759e-02 1.6938124426e-01 -1.9548943359e-02 -9.2419145633e-01 1.8262934333e-01 2.5567554842e+00 2.4465601366e+00 6.3790497768e+01 1.1178603110e+00 1.0382572186e+00
2.9799307238e-01 1.4423829293e+01 4.7483637899e+00 1.4822000000e+04 6.3790251400e+01 1.0659906262e+00 1.2415293705e-01 1.2540159508e-02 1.6997902032e-01 -1.9769972190e-02 -9.6457441139e-01 1.8262934368e-01 2.5630261340e+00 2.4470334332e+00 6.3790227576e+01 1.1133592607e+00 1.0406266846e+00
2.9829996162e-01 1.4412764599e+01 4.7520393037e+00 1.4822000000e+04 6.3789979125e+01 1.0621679008e+00 1.2406668761e-01 1.2484781257e-02 1.6947413885e-01 -1.9989763751e-02 -9.6800830147e-01 1.8262934368e-01 2.5692653555e+00 2.4475781514e+00 6.3789955249e+01 1.1156535262e+00 1.0429535681e+00
2.9860685957e-01 1.4401701544e+01 4.7557607979e+00 1.4822000000e+04 6.3789709273e+01 1.0583883224e+00 1.2398672769e-01 1.2430256956e-02 1.6897542888e-01 -2.0209375605e-02 -9.7143645701e-01 1.8262934368e-01 2.5754343313e+00 2.4481176109e+00 6.3789685348e+01 1.1179203493e+00 1.0452520729e+00
2.9891376622e-01 1.4390640136e+01 4.7595282104e+00 1.4822000000e+04 6.3789441834e+01 1.0546512528e+00 1.2391296399e-01 1.2376571417e-02 1.6848279930e-01 -2.0428811048e-02 -9.7485850854e-01 1.8262934368e-01 2.5815339233e+00 2.4486517635e+00 6.3789417859e+01 1.1201598363e+00 1.0475226018e+00
2.9922068157e-01 1.4379580383e+01 4.7633414763e+00 1.4822000000e+04 6.3789176801e+01 1.0509558744e+00 1.2384532051e-01 1.2323742295e-02 1.6799613336e-01 -2.0648076237e-02 -9.7827167335e-01 1.8262934368e-01 2.5875647231e+00 2.4491806424e+00 6.3789152777e+01 1.1223722945e+00 1.0497654328e+00
2.9952760556e-01 1.4368522291e+01 4.7672005296e+00 1.4822000000e+04 6.3788914152e+01 1.0473010415e+00 1.2378371595e-01 1.2271753022e-02 1.6751526605e-01 -2.0867187163e-02 -9.8167630960e-01 1.8262934368e-01 2.5935275785e+00 2.4497044509e+00 6.3788890079e+01 1.1245584033e+00 1.0519808986e+00
2.9983453810e-01 1.4357465866e+01 4.7711053033e+00 1.4822000000e+04 6.3788653864e+01 1.0436859916e+00 1.2372805635e-01 1.2220562705e-02 1.6704008669e-01 -2.1086150863e-02 -9.8507453228e-01 1.8262934368e-01 2.5994235290e+00 2.4502232171e+00 6.3788629742e+01 1.1267184568e+00 1.0541694486e+00
3.0014147916e-01 1.4346411117e+01 4.7750557285e+00 1.4822000000e+04 6.3788395918e+01 1.0401101265e+00 1.2367825402e-01 1.2170145593e-02 1.6657050867e-01 -2.1304969929e-02 -9.8846700728e-01 1.8262934368e-01 2.6052534736e+00 2.4507369009e+00 6.3788371749e+01 1.1288525878e+00 1.0563314952e+00
3.0044842872e-01 1.4335358048e+01 4.7790517340e+00 1.4822000000e+04 6.3788140310e+01 1.0365728431e+00 1.2363423674e-01 1.2120509927e-02 1.6610644645e-01 -2.1523647366e-02 -9.9185164467e-01 1.8262934368e-01 2.6110180430e+00 2.4512454783e+00 6.3788116093e+01 1.1309609429e+00 1.0584673392e+00
3.0075538676e-01 1.4324306668e+01 4.7830932464e+00 1.4822000000e+04 6.3787887021e+01 1.0330731079e+00 1.2359593740e-01 1.2071659285e-02 1.6564775054e-01 -2.1742195668e-02 -9.9522716009e-01 1.8262934368e-01 2.6167179112e+00 2.4517491269e+00 6.3787862757e+01 1.1330441526e+00 1.0605772499e+00
3.0106235317e-01 1.4313256982e+01 4.7871801918e+00 1.4822000000e+04 6.3787636027e+01 1.0296101150e+00 1.2356327409e-01 1.2023557636e-02 1.6519430472e-01 -2.1960624782e-02 -9.9859555829e-01 1.8262934368e-01 2.6223540568e+00 2.4522479402e+00 6.3787611716e+01 1.1351026227e+00 1.0626616295e+00
3.0136932791e-01 1.4302208996e+01 4.7913124951e+00 1.4822000000e+04 6.3787387306e+01 1.0261832934e+00 1.2353616521e-01 1.1976173889e-02 1.6474602551e-01 -2.2178937096e-02 -1.0019581751e+00 1.8262934368e-01 2.6279273914e+00 2.4527418920e+00 6.3787362950e+01 1.1371365175e+00 1.0647208888e+00
3.0167631095e-01 1.4291162718e+01 4.7954900784e+00 1.4822000000e+04 6.3787140850e+01 1.0227921458e+00 1.2351454112e-01 1.1929503325e-02 1.6430284221e-01 -2.2397134273e-02 -1.0053140369e+00 1.8262934368e-01 2.6334386084e+00 2.4532309401e+00 6.3787116448e+01 1.1391459287e+00 1.0667553533e+00
3.0198330227e-01 1.4280118153e+01 4.7997128621e+00 1.4822000000e+04 6.3786896646e+01 1.0194358640e+00 1.2349834372e-01 1.1883560401e-02 1.6386463783e-01 -2.2615223586e-02 -1.0086608342e+00 1.8262934368e-01 2.6388882654e+00 2.4537151831e+00 6.3786872199e+01 1.1411313032e+00 1.0687652633e+00
3.0229030179e-01 1.4269075308e+01 4.8039807656e+00 1.4822000000e+04 6.3786654670e+01 1.0161135799e+00 1.2348750414e-01 1.1838320291e-02 1.6343128728e-01 -2.2833217362e-02 -1.0119998507e+00 1.8262934368e-01 2.6442772332e+00 2.4541947815e+00 6.3786630178e+01 1.1430931755e+00 1.0707509570e+00
3.0259730943e-01 1.4258034189e+01 4.8082937072e+00 1.4822000000e+04 6.3786414898e+01 1.0128247348e+00 1.2348194746e-01 1.1793750484e-02 1.6300270881e-01 -2.3051118692e-02 -1.0153327885e+00 1.8262934368e-01 2.6496064185e+00 2.4546697329e+00 6.3786390362e+01 1.1450317509e+00 1.0727128326e+00
3.0290432515e-01 1.4246994802e+01 4.8126516036e+00 1.4822000000e+04 6.3786177317e+01 1.0095688740e+00 1.2348160693e-01 1.1749835665e-02 1.6257883691e-01 -2.3268928638e-02 -1.0186597038e+00 1.8262934368e-01 2.6548765612e+00 2.4551399978e+00 6.3786152738e+01 1.1469471278e+00 1.0746512310e+00
3.0321134896e-01 1.4235957152e+01 4.8170543689e+00 1.4822000000e+04 6.3785941919e+01 1.0063454250e+00 1.2348642879e-01 1.1706588212e-02 1.6215958924e-01 -2.3486650279e-02 -1.0219783552e+00 1.8262934368e-01 2.6600881881e+00 2.4556055946e+00 6.3785917296e+01 1.1488395446e+00 1.0765663952e+00
3.0351838076e-01 1.4224921247e+01 4.8215019161e+00 1.4822000000e+04 6.3785708681e+01 1.0031535097e+00 1.2349635657e-01 1.1664000133e-02 1.6174483859e-01 -2.3704295570e-02 -1.0252886621e+00 1.8262934368e-01 2.6652420230e+00 2.4560667101e+00 6.3785684014e+01 1.1507096025e+00 1.0784585980e+00
3.0382542049e-01 1.4213887092e+01 4.8259941578e+00 1.4822000000e+04 6.3785477578e+01 9.9999255577e-01 1.2351132301e-01 1.1622040098e-02 1.6133450176e-01 -2.3921869609e-02 -1.0285924728e+00 1.8262934368e-01 2.6703389476e+00 2.4565233844e+00 6.3785452869e+01 1.1525575721e+00 1.0803282108e+00
3.0413246808e-01 1.4202854693e+01 4.8305310047e+00 1.4822000000e+04 6.3785248593e+01 9.9686213125e-01 1.2353126482e-01 1.1580686252e-02 1.6092851567e-01 -2.4139373136e-02 -1.0318905899e+00 1.8262934368e-01 2.6753797262e+00 2.4569755868e+00 6.3785223842e+01 1.1543835741e+00 1.0821755797e+00
3.0443952353e-01 1.4191824056e+01 4.8351123658e+00 1.4822000000e+04 6.3785021717e+01 9.9376181369e-01 1.2355613009e-01 1.1539941389e-02 1.6052682000e-01 -2.4356807083e-02 -1.0351815931e+00 1.8262934368e-01 2.6803649141e+00 2.4574232920e+00 6.3784996925e+01 1.1561877236e+00 1.0840009652e+00
3.0474658678e-01 1.4180795186e+01 4.8397381479e+00 1.4822000000e+04 6.3784796934e+01 9.9069083323e-01 1.2358587185e-01 1.1499812500e-02 1.6012930258e-01 -2.4574180078e-02 -1.0384640220e+00 1.8262934368e-01 2.6852950910e+00 2.4578666492e+00 6.3784772100e+01 1.1579705488e+00 1.0858045933e+00
3.0505365774e-01 1.4169768090e+01 4.8444082578e+00 1.4822000000e+04 6.3784574217e+01 9.8764856752e-01 1.2362043180e-01 1.1460273084e-02 1.5973587347e-01 -2.4791499963e-02 -1.0417395209e+00 1.8262934368e-01 2.6901710837e+00 2.4583057585e+00 6.3784549343e+01 1.1597324237e+00 1.0875867919e+00
3.0536073635e-01 1.4158742772e+01 4.8491226010e+00 1.4822000000e+04 6.3784353548e+01 9.8463459826e-01 1.2365975062e-01 1.1421298400e-02 1.5934647118e-01 -2.5008767631e-02 -1.0450093479e+00 1.8262934368e-01 2.6949936640e+00 2.4587406033e+00 6.3784328632e+01 1.1614734960e+00 1.0893479039e+00
3.0566782258e-01 1.4147719239e+01 4.8538810813e+00 1.4822000000e+04 6.3784134913e+01 9.8164857039e-01 1.2370377772e-01 1.1382881293e-02 1.5896104478e-01 -2.5225983210e-02 -1.0482730462e+00 1.8262934368e-01 2.6997634309e+00 2.4591711472e+00 6.3784109958e+01 1.1631938451e+00 1.0910882067e+00
3.0597491641e-01 1.4136697497e+01 4.8586836002e+00 1.4822000000e+04 6.3783918303e+01 9.7868990179e-01 1.2375247168e-01 1.1345034150e-02 1.5857950937e-01 -2.5443150990e-02 -1.0515285533e+00 1.8262934368e-01 2.7044808713e+00 2.4595974640e+00 6.3783893308e+01 1.1648938249e+00 1.0928079078e+00
3.0628201774e-01 1.4125677551e+01 4.8635300590e+00 1.4822000000e+04 6.3783703690e+01 9.7575791530e-01 1.2380578382e-01 1.1307740857e-02 1.5820176698e-01 -2.5660280667e-02 -1.0547767139e+00 1.8262934368e-01 2.7091467187e+00 2.4600197073e+00 6.3783678656e+01 1.1665739165e+00 1.0945072808e+00
3.0658912650e-01 1.4114659405e+01 4.8684203580e+00 1.4822000000e+04 6.3783491055e+01 9.7285219407e-01 1.2386365955e-01 1.1270976271e-02 1.5782775641e-01 -2.5877374111e-02 -1.0580190275e+00 1.8262934368e-01 2.7137617377e+00 2.4604378845e+00 6.3783465982e+01 1.1682343045e+00 1.0961866555e+00
3.0689626589e-01 1.4098172344e+01 4.8735162039e+00 1.4822000000e+04 6.3783285214e+01 9.7459459880e-01 1.2393363349e-01 1.0748053023e-02 1.5839453721e-01 -2.6096788553e-02 -1.1092034917e+00 1.8262934274e-01 2.7182759210e+00 2.4607782973e+00 6.3783260101e+01 1.1634325590e+00 1.0978476126e+00
3.0720338953e-01 1.4087148896e+01 4.8784941846e+00 1.4822000000e+04 6.3783076515e+01 9.7171138326e-01 1.2400052826e-01 1.0713286595e-02 1.5802352465e-01 -2.6313808725e-02 -1.1126398342e+00 1.8262934274e-01 2.7227906484e+00 2.4611882579e+00 6.3783051364e+01 1.1650612393e+00 1.0994876143e+00
3.0751052046e-01 1.4076127250e+01 4.8835156951e+00 1.4822000000e+04 6.3782869747e+01 9.6885344305e-01 1.2407185870e-01 1.0679033804e-02 1.5765610503e-01 -2.6530802485e-02 -1.1160672453e+00 1.8262934274e-01 2.7272562543e+00 2.4615942921e+00 6.3782844559e+01 1.1666708930e+00 1.1011083401e+00
3.0781765861e-01 1.4065107414e+01 4.8885806309e+00 1.4822000000e+04 6.3782664888e+01 9.6602032967e-01 1.2414757596e-01 1.0645269982e-02 1.5729221298e-01 -2.6747773760e-02 -1.1194875376e+00 1.8262934274e-01 2.7316734800e+00 2.4619964481e+00 6.3782639662e+01 1.1682617688e+00 1.1027100938e+00
3.0812480391e-01 1.4054089391e+01 4.8936888862e+00 1.4822000000e+04 6.3782461919e+01 9.6321171696e-01 1.2422763340e-01 1.0611976596e-02 1.5693180047e-01 -2.6964722282e-02 -1.1229016892e+00 1.8262934274e-01 2.7360429714e+00 2.4623947031e+00 6.3782436657e+01 1.1698339764e+00 1.1042931648e+00
3.0843195635e-01 1.4043073188e+01 4.8988403537e+00 1.4822000000e+04 6.3782260833e+01 9.6042729692e-01 1.2431199278e-01 1.0579153791e-02 1.5657482315e-01 -2.7181647799e-02 -1.1263086551e+00 1.8262934274e-01 2.7403652121e+00 2.4627890321e+00 6.3782235534e+01 1.1713876073e+00 1.1058577773e+00
3.0873911588e-01 1.4032058809e+01 4.9040349244e+00 1.4822000000e+04 6.3782061611e+01 9.5766648599e-01 1.2440062050e-01 1.0546810663e-02 1.5622119521e-01 -2.7398556126e-02 -1.1297067002e+00 1.8262934274e-01 2.7446406954e+00 2.4631795555e+00 6.3782036277e+01 1.1729230946e+00 1.1074041211e+00
3.0904628240e-01 1.4021046260e+01 4.9092724893e+00 1.4822000000e+04 6.3781864231e+01 9.5492878591e-01 1.2449347452e-01 1.0514927471e-02 1.5587084437e-01 -2.7615453638e-02 -1.1330973021e+00 1.8262934274e-01 2.7488701146e+00 2.4635663746e+00 6.3781838861e+01 1.1744407802e+00 1.1089324612e+00
3.0935345586e-01 1.4010035546e+01 4.9145529383e+00 1.4822000000e+04 6.3781668673e+01 9.5221387690e-01 1.2459051093e-01 1.0483484137e-02 1.5552372333e-01 -2.7832340426e-02 -1.1364817798e+00 1.8262934274e-01 2.7530541190e+00 2.4639494803e+00 6.3781643268e+01 1.1759407973e+00 1.1104430828e+00
3.0966063621e-01 1.3999026672e+01 4.9198761600e+00 1.4822000000e+04 6.3781474926e+01 9.4952149369e-01 1.2469169220e-01 1.0452472895e-02 1.5517979369e-01 -2.8049215780e-02 -1.1398600114e+00 1.8262934274e-01 2.7571932227e+00 2.4643288422e+00 6.3781449486e+01 1.1774232161e+00 1.1119362212e+00
3.0996784893e-01 1.3982449436e+01 4.9253372340e+00 1.4822000000e+04 6.3781288224e+01 9.5095679137e-01 1.2480181742e-01 9.9089436404e-03 1.5569868375e-01 -2.8263795513e-02 -1.2022915633e+00 1.8262934312e-01 2.7612052297e+00 2.4646629615e+00 6.3781262716e+01 1.1728510162e+00 1.1134158588e+00
3.1027504307e-01 1.3971435602e+01 4.9307451113e+00 1.4822000000e+04 6.3781098072e+01 9.4828346864e-01 1.2491117316e-01 9.8797254383e-03 1.5535727480e-01 -2.8480650130e-02 -1.2058966016e+00 1.8262934312e-01 2.7652556207e+00 2.4650351058e+00 6.3781072529e+01 1.1743057873e+00 1.1148745221e+00
3.1058224391e-01 1.3960423611e+01 4.9361954180e+00 1.4822000000e+04 6.3780909676e+01 9.4563171115e-01 1.2502456813e-01 9.8509135998e-03 1.5501892043e-01 -2.8697504448e-02 -1.2094941919e+00 1.8262934312e-01 2.7692627890e+00 2.4654037142e+00 6.3780884099e+01 1.1757437338e+00 1.1163163732e+00
3.1088945143e-01 1.3949413467e+01 4.9416880389e+00 1.4822000000e+04 6.3780723021e+01 9.4300126154e-01 1.2514196581e-01 9.8224951240e-03 1.5468358284e-01 -2.8914357608e-02 -1.2130849813e+00 1.8262934312e-01 2.7732272702e+00 2.4657687619e+00 6.3780697410e+01 1.1771649382e+00 1.1177416537e+00
3.1119666559e-01 1.3938405176e+01 4.9472228573e+00 1.4822000000e+04 6.3780538098e+01 9.4039182043e-01 1.2526333716e-01 9.7944763090e-03 1.5435121830e-01 -2.9131209622e-02 -1.2166672530e+00 1.8262934312e-01 2.7771494652e+00 2.4661302474e+00 6.3780512453e+01 1.1785695379e+00 1.1191505455e+00
3.1150388633e-01 1.3927398742e+01 4.9527997555e+00 1.4822000000e+04 6.3780354888e+01 9.3780285121e-01 1.2538865346e-01 9.7668595053e-03 1.5402174773e-01 -2.9348067085e-02 -1.2202400630e+00 1.8262934312e-01 2.7810298871e+00 2.4664883110e+00 6.3780329209e+01 1.1799579735e+00 1.1205432319e+00
3.1181111356e-01 1.3916394172e+01 4.9584186157e+00 1.4822000000e+04 6.3780173368e+01 9.3523399675e-01 1.2551787880e-01 9.7396253073e-03 1.5369511898e-01 -2.9564933196e-02 -1.2238051810e+00 1.8262934312e-01 2.7848691557e+00 2.4668430053e+00 6.3780147656e+01 1.1813304717e+00 1.1219199595e+00
3.1211834724e-01 1.3905391469e+01 4.9640793193e+00 1.4822000000e+04 6.3779993523e+01 9.3268500712e-01 1.2565097817e-01 9.7127581140e-03 1.5337129496e-01 -2.9781807174e-02 -1.2273637283e+00 1.8262934312e-01 2.7886678152e+00 2.4671943140e+00 6.3779967778e+01 1.1826871309e+00 1.1232809701e+00
3.1242558733e-01 1.3894390639e+01 4.9697817463e+00 1.4822000000e+04 6.3779815343e+01 9.3015565420e-01 1.2578792286e-01 9.6862561487e-03 1.5305024255e-01 -2.9998688112e-02 -1.2309150204e+00 1.8262934312e-01 2.7924262831e+00 2.4675422140e+00 6.3779789566e+01 1.1840280246e+00 1.1246264553e+00
3.1273283379e-01 1.3883391686e+01 4.9755257755e+00 1.4822000000e+04 6.3779638814e+01 9.2764549735e-01 1.2592868827e-01 9.6601292167e-03 1.5273189636e-01 -3.0215579785e-02 -1.2344570984e+00 1.8262934312e-01 2.7961449765e+00 2.4678867992e+00 6.3779613004e+01 1.1853535001e+00 1.1259565751e+00
3.1304008654e-01 1.3872394617e+01 4.9813112854e+00 1.4822000000e+04 6.3779463912e+01 9.2515413385e-01 1.2607324378e-01 9.6343630551e-03 1.5241619770e-01 -3.0432487469e-02 -1.2379912298e+00 1.8262934312e-01 2.7998244749e+00 2.4682281676e+00 6.3779438071e+01 1.1866638660e+00 1.1272715430e+00
3.1334734552e-01 1.3861399435e+01 4.9871381541e+00 1.4822000000e+04 6.3779290622e+01 9.2268131555e-01 1.2622155641e-01 9.6089413386e-03 1.5210310969e-01 -3.0649410876e-02 -1.2415187869e+00 1.8262934312e-01 2.8034653226e+00 2.4685663163e+00 6.3779264749e+01 1.1879592410e+00 1.1285715950e+00
3.1365461068e-01 1.3850406146e+01 4.9930062587e+00 1.4822000000e+04 6.3779118931e+01 9.2022684069e-01 1.2637359777e-01 9.5838562216e-03 1.5179260285e-01 -3.0866348855e-02 -1.2450399418e+00 1.8262934312e-01 2.8070679581e+00 2.4689012206e+00 6.3779093026e+01 1.1892396877e+00 1.1298569301e+00
3.1396188201e-01 1.3839414755e+01 4.9989154748e+00 1.4822000000e+04 6.3778948828e+01 9.1779039553e-01 1.2652934528e-01 9.5591165675e-03 1.5148463061e-01 -3.1083302373e-02 -1.2485527792e+00 1.8262934312e-01 2.8106327409e+00 2.4692329147e+00 6.3778922893e+01 1.1905054157e+00 1.1311277013e+00
3.1426915942e-01 1.3828425266e+01 5.0048656777e+00 1.4822000000e+04 6.3778780294e+01 9.1537154521e-01 1.2668877358e-01 9.5347174925e-03 1.5117912913e-01 -3.1300277474e-02 -1.2520574170e+00 1.8262934312e-01 2.8141601850e+00 2.4695615254e+00 6.3778754327e+01 1.1917567976e+00 1.1323840878e+00
3.1457646932e-01 1.3811912022e+01 5.0108177835e+00 1.4822000000e+04 6.3778618677e+01 9.1662289149e-01 1.2685094335e-01 8.9896723858e-03 1.5165447761e-01 -3.1512019421e-02 -1.3281876431e+00 1.8262934349e-01 2.8175557180e+00 2.4698584938e+00 6.3778592730e+01 1.1872996318e+00 1.1336151219e+00
3.1488375882e-01 1.3800917863e+01 5.0168485946e+00 1.4822000000e+04 6.3778453246e+01 9.1421866419e-01 1.2701760445e-01 8.9667776817e-03 1.5135088128e-01 -3.1729023958e-02 -1.3319462720e+00 1.8262934349e-01 2.8210096848e+00 2.4701810000e+00 6.3778427269e+01 1.1885280930e+00 1.1348433190e+00
3.1519105428e-01 1.3789925609e+01 5.0229200132e+00 1.4822000000e+04 6.3778289342e+01 9.1183160943e-01 1.2718786628e-01 8.9441937443e-03 1.5104969632e-01 -3.1946049108e-02 -1.3356962666e+00 1.8262934349e-01 2.8244276494e+00 2.4705004164e+00 6.3778263336e+01 1.1897424589e+00 1.1360577126e+00
3.1549835561e-01 1.3778935264e+01 5.0290319117e+00 1.4822000000e+04 6.3778126947e+01 9.0946130944e-01 1.2736170777e-01 8.9219256278e-03 1.5075086064e-01 -3.2163099660e-02 -1.3394362600e+00 1.8262934349e-01 2.8278100410e+00 2.4708168594e+00 6.3778100911e+01 1.1909430953e+00 1.1372584539e+00
3.1580566276e-01 1.3767946834e+01 5.0351841623e+00 1.4822000000e+04 6.3777966042e+01 9.0710747580e-01 1.2753910233e-01 8.8999581962e-03 1.5045433201e-01 -3.2380178350e-02 -1.3431679556e+00 1.8262934349e-01 2.8311573770e+00 2.4711303834e+00 6.3777939977e+01 1.1921302076e+00 1.1384457424e+00
3.1611297566e-01 1.3756960322e+01 5.0413766367e+00 1.4822000000e+04 6.3777806612e+01 9.0476991418e-01 1.2772002329e-01 8.8782783862e-03 1.5016008142e-01 -3.2597284168e-02 -1.3468925948e+00 1.8262934349e-01 2.8344701146e+00 2.4714409775e+00 6.3777780519e+01 1.1933038834e+00 1.1396197794e+00
3.1642029429e-01 1.3745975735e+01 5.0476092058e+00 1.4822000000e+04 6.3777648648e+01 9.0244845288e-01 1.2790444868e-01 8.8568831403e-03 1.4986808373e-01 -3.2814415879e-02 -1.3506098354e+00 1.8262934349e-01 2.8377486125e+00 2.4717486209e+00 6.3777622527e+01 1.1944641823e+00 1.1407807284e+00
3.1672761862e-01 1.3734993077e+01 5.0538817392e+00 1.4822000000e+04 6.3777492137e+01 9.0014275974e-01 1.2809236017e-01 8.8357819415e-03 1.4957828917e-01 -3.3031575785e-02 -1.3543175665e+00 1.8262934349e-01 2.8409932215e+00 2.4720533847e+00 6.3777465988e+01 1.1956113787e+00 1.1419287242e+00
3.1703494855e-01 1.3724012352e+01 5.0601941067e+00 1.4822000000e+04 6.3777337059e+01 8.9785250698e-01 1.2828373518e-01 8.8149650305e-03 1.4929064974e-01 -3.3248768295e-02 -1.3580167869e+00 1.8262934349e-01 2.8442044264e+00 2.4723553611e+00 6.3777310881e+01 1.1967457477e+00 1.1430639395e+00
3.1734228404e-01 1.3713033567e+01 5.0665461777e+00 1.4822000000e+04 6.3777183398e+01 8.9557749932e-01 1.2847854865e-01 8.7944190259e-03 1.4900513632e-01 -3.3465992985e-02 -1.3617089302e+00 1.8262934349e-01 2.8473826823e+00 2.4726545521e+00 6.3777157193e+01 1.1978673948e+00 1.1441865685e+00
3.1764962504e-01 1.3702056724e+01 5.0729378209e+00 1.4822000000e+04 6.3777031144e+01 8.9331758063e-01 1.2867677880e-01 8.7741363741e-03 1.4872172588e-01 -3.3683248504e-02 -1.3653944266e+00 1.8262934349e-01 2.8505283621e+00 2.4729509375e+00 6.3777004911e+01 1.1989763758e+00 1.1452967795e+00
3.1795697154e-01 1.3691081830e+01 5.0793689038e+00 1.4822000000e+04 6.3776880286e+01 8.9107252015e-01 1.2887840843e-01 8.7541238708e-03 1.4844038389e-01 -3.3900534963e-02 -1.3690715216e+00 1.8262934349e-01 2.8536417722e+00 2.4732445384e+00 6.3776854027e+01 1.2000728482e+00 1.1463947033e+00
3.1826432346e-01 1.3680108889e+01 5.0858392939e+00 1.4822000000e+04 6.3776730807e+01 8.8884196900e-01 1.2908341883e-01 8.7343802998e-03 1.4816105872e-01 -3.4117857102e-02 -1.3727399205e+00 1.8262934349e-01 2.8567233422e+00 2.4735354654e+00 6.3776704520e+01 1.2011571327e+00 1.1474804860e+00
3.1857168074e-01 1.3669137906e+01 5.0923488586e+00 1.4822000000e+04 6.3776582689e+01 8.8662572123e-01 1.2929178722e-01 8.7148926237e-03 1.4788371996e-01 -3.4335215699e-02 -1.3764011444e+00 1.8262934349e-01 2.8597735191e+00 2.4738237421e+00 6.3776556376e+01 1.2022293640e+00 1.1485543084e+00
3.1887904334e-01 1.3658168886e+01 5.0988974645e+00 1.4822000000e+04 6.3776435921e+01 8.8442362509e-01 1.2950349225e-01 8.6956511004e-03 1.4760834496e-01 -3.4552609440e-02 -1.3800560728e+00 1.8262934349e-01 2.8627926841e+00 2.4741093539e+00 6.3776409582e+01 1.2032896075e+00 1.1496163398e+00
3.1918641123e-01 1.3647201834e+01 5.1054849777e+00 1.4822000000e+04 6.3776290495e+01 8.8223552059e-01 1.2971851696e-01 8.6766567347e-03 1.4733491004e-01 -3.4770037301e-02 -1.3837038543e+00 1.8262934349e-01 2.8657811349e+00 2.4743922914e+00 6.3776264129e+01 1.2043379406e+00 1.1506667147e+00
3.1949378435e-01 1.3636236754e+01 5.1121112634e+00 1.4822000000e+04 6.3776146394e+01 8.8006108823e-01 1.2993684561e-01 8.6579153552e-03 1.4706336732e-01 -3.4987502672e-02 -1.3873430421e+00 1.8262934349e-01 2.8687392299e+00 2.4746726487e+00 6.3776120002e+01 1.2053746609e+00 1.1517055584e+00
3.1980116265e-01 1.3625273651e+01 5.1187761872e+00 1.4822000000e+04 6.3776003601e+01 8.7790009583e-01 1.3015845831e-01 8.6394160516e-03 1.4679368276e-01 -3.5205007959e-02 -1.3909749389e+00 1.8262934349e-01 2.8716674017e+00 2.4749504805e+00 6.3775977184e+01 1.2063999529e+00 1.1527330323e+00
3.2010854606e-01 1.3614312531e+01 5.1254796142e+00 1.4822000000e+04 6.3775862104e+01 8.7575239305e-01 1.3038333453e-01 8.6211484042e-03 1.4652583382e-01 -3.5422552098e-02 -1.3946006462e+00 1.8262934349e-01 2.8745660339e+00 2.4752257798e+00 6.3775835662e+01 1.2074138934e+00 1.1537493037e+00
3.2041593458e-01 1.3603353397e+01 5.1322214088e+00 1.4822000000e+04 6.3775721894e+01 8.7361785097e-01 1.3061145721e-01 8.6031083993e-03 1.4625980150e-01 -3.5640133721e-02 -1.3982201612e+00 1.8262934349e-01 2.8774354331e+00 2.4754985287e+00 6.3775695426e+01 1.2084165311e+00 1.1547545115e+00
3.2072332815e-01 1.3592396256e+01 5.1390014348e+00 1.4822000000e+04 6.3775582959e+01 8.7149622330e-01 1.3084281242e-01 8.5853035008e-03 1.4599554858e-01 -3.5857754080e-02 -1.4018317119e+00 1.8262934349e-01 2.8802758941e+00 2.4757687792e+00 6.3775556466e+01 1.2094080786e+00 1.1557487702e+00
3.2103072670e-01 1.3581441111e+01 5.1458195559e+00 1.4822000000e+04 6.3775445281e+01 8.6938724586e-01 1.3107738334e-01 8.5677279511e-03 1.4573303621e-01 -3.6075416868e-02 -1.4054358347e+00 1.8262934349e-01 2.8830878230e+00 2.4760366163e+00 6.3775418763e+01 1.2103887776e+00 1.1567322193e+00
3.2133813020e-01 1.3570487968e+01 5.1526756358e+00 1.4822000000e+04 6.3775308846e+01 8.6729076545e-01 1.3131515076e-01 8.5503712985e-03 1.4547224151e-01 -3.6293121657e-02 -1.4090337529e+00 1.8262934349e-01 2.8858716002e+00 2.4763020453e+00 6.3775282304e+01 1.2113587211e+00 1.1577050187e+00
3.2164553859e-01 1.3559536832e+01 5.1595695378e+00 1.4822000000e+04 6.3775173646e+01 8.6520666177e-01 1.3155609773e-01 8.5332266811e-03 1.4521314658e-01 -3.6510867041e-02 -1.4126260046e+00 1.8262934349e-01 2.8886275417e+00 2.4765650504e+00 6.3775147079e+01 1.2123179584e+00 1.1586673102e+00
3.2195295187e-01 1.3548587706e+01 5.1665011243e+00 1.4822000000e+04 6.3775039670e+01 8.6313476708e-01 1.3180021092e-01 8.5162980927e-03 1.4495572618e-01 -3.6728652598e-02 -1.4162113502e+00 1.8262934349e-01 2.8913559084e+00 2.4768256428e+00 6.3775013080e+01 1.2132666061e+00 1.1596192059e+00
3.2226036996e-01 1.3537640597e+01 5.1734702577e+00 1.4822000000e+04 6.3774906904e+01 8.6107480556e-01 1.3204747635e-01 8.4995866372e-03 1.4469993918e-01 -3.6946482005e-02 -1.4197891983e+00 1.8262934349e-01 2.8940570593e+00 2.4770839173e+00 6.3774880289e+01 1.2142049352e+00 1.1605608254e+00
3.2256779280e-01 1.3526695510e+01 5.1804768003e+00 1.4822000000e+04 6.3774775331e+01 8.5902661221e-01 1.3229787671e-01 8.4830824441e-03 1.4444576123e-01 -3.7164355995e-02 -1.4233607850e+00 1.8262934349e-01 2.8967313679e+00 2.4773398997e+00 6.3774748693e+01 1.2151330664e+00 1.1614923159e+00
3.2287522037e-01 1.3515752448e+01 5.1875206144e+00 1.4822000000e+04 6.3774644942e+01 8.5699006895e-01 1.3255139536e-01 8.4667774856e-03 1.4419317458e-01 -3.7382273250e-02 -1.4269269324e+00 1.8262934349e-01 2.8993791555e+00 2.4775935791e+00 6.3774618280e+01 1.2160510570e+00 1.1624138192e+00
3.2318265263e-01 1.3504811416e+01 5.1946015614e+00 1.4822000000e+04 6.3774515728e+01 8.5496505730e-01 1.3280801899e-01 8.4506709594e-03 1.4394216160e-01 -3.7600232577e-02 -1.4304872094e+00 1.8262934349e-01 2.9020006774e+00 2.4778449451e+00 6.3774489044e+01 1.2169589657e+00 1.1633254502e+00
3.2349008954e-01 1.3493872421e+01 5.2017195026e+00 1.4822000000e+04 6.3774387677e+01 8.5295133303e-01 1.3306773572e-01 8.4347684749e-03 1.4369268538e-01 -3.7818236289e-02 -1.4340402265e+00 1.8262934349e-01 2.9045962318e+00 2.4780940722e+00 6.3774360969e+01 1.2178570317e+00 1.1642273135e+00
3.2379753104e-01 1.3482935467e+01 5.2088742993e+00 1.4822000000e+04 6.3774260773e+01 8.5094870703e-01 1.3333053050e-01 8.4190624820e-03 1.4344471815e-01 -3.8036286540e-02 -1.4375869114e+00 1.8262934349e-01 2.9071661823e+00 2.4783410136e+00 6.3774234042e+01 1.2187454201e+00 1.1651195400e+00
3.2410497708e-01 1.3472000557e+01 5.2160658129e+00 1.4822000000e+04 6.3774135004e+01 8.4895706120e-01 1.3359638737e-01 8.4035447175e-03 1.4319824214e-01 -3.8254382309e-02 -1.4411282200e+00 1.8262934349e-01 2.9097108503e+00 2.4785857658e+00 6.3774108251e+01 1.2196241983e+00 1.1660022686e+00
3.2441242764e-01 1.3461067699e+01 5.2232939040e+00 1.4822000000e+04 6.3774010362e+01 8.4697629687e-01 1.3386529295e-01 8.3882109048e-03 1.4295324269e-01 -3.8472522206e-02 -1.4446643574e+00 1.8262934349e-01 2.9122304973e+00 2.4788283133e+00 6.3773983586e+01 1.2204934069e+00 1.1668756170e+00
3.2471988268e-01 1.3450136896e+01 5.2305584331e+00 1.4822000000e+04 6.3773886838e+01 8.4500623131e-01 1.3413723645e-01 8.3730664246e-03 1.4270969197e-01 -3.8690706749e-02 -1.4481939271e+00 1.8262934349e-01 2.9147253703e+00 2.4790686934e+00 6.3773860040e+01 1.2213532087e+00 1.1677396822e+00
3.2502734215e-01 1.3439208153e+01 5.2378592607e+00 1.4822000000e+04 6.3773764415e+01 8.4304665034e-01 1.3441220519e-01 8.3581084461e-03 1.4246755831e-01 -3.8908939023e-02 -1.4517170822e+00 1.8262934349e-01 2.9171958109e+00 2.4793069823e+00 6.3773737595e+01 1.2222038147e+00 1.1685945783e+00
3.2533480599e-01 1.3428281476e+01 5.2451962473e+00 1.4822000000e+04 6.3773643082e+01 8.4109743197e-01 1.3469018435e-01 8.3433288249e-03 1.4222682349e-01 -3.9127218671e-02 -1.4552348516e+00 1.8262934349e-01 2.9196421371e+00 2.4795431885e+00 6.3773616240e+01 1.2230453070e+00 1.1694404365e+00
3.2564227418e-01 1.3417356868e+01 5.2525692533e+00 1.4822000000e+04 6.3773522830e+01 8.3915848209e-01 1.3497116058e-01 8.3287215805e-03 1.4198747340e-01 -3.9345544311e-02 -1.4587478028e+00 1.8262934349e-01 2.9220646163e+00 2.4797772992e+00 6.3773495967e+01 1.2238777291e+00 1.1702773761e+00
3.2594974669e-01 1.3406434336e+01 5.2599781385e+00 1.4822000000e+04 6.3773403651e+01 8.3722967764e-01 1.3525512341e-01 8.3142885963e-03 1.4174948940e-01 -3.9563915207e-02 -1.4622551256e+00 1.8262934349e-01 2.9244634707e+00 2.4800093192e+00 6.3773376766e+01 1.2247011670e+00 1.1711054931e+00
3.2625722346e-01 1.3395513885e+01 5.2674227626e+00 1.4822000000e+04 6.3773285531e+01 8.3531080054e-01 1.3554206224e-01 8.3000321953e-03 1.4151283871e-01 -3.9782334169e-02 -1.4657560631e+00 1.8262934349e-01 2.9268389998e+00 2.4802393280e+00 6.3773258625e+01 1.2255158477e+00 1.1719248861e+00
3.2656470445e-01 1.3384595518e+01 5.2749029858e+00 1.4822000000e+04 6.3773168457e+01 8.3340171660e-01 1.3583196380e-01 8.2859450421e-03 1.4127750155e-01 -4.0000801930e-02 -1.4692515838e+00 1.8262934349e-01 2.9291915175e+00 2.4804673528e+00 6.3773141530e+01 1.2263218792e+00 1.1727356751e+00
3.2687218963e-01 1.3373679242e+01 5.2824186680e+00 1.4822000000e+04 6.3773052419e+01 8.3150233271e-01 1.3612481500e-01 8.2720206200e-03 1.4104346383e-01 -4.0219317237e-02 -1.4727424245e+00 1.8262934349e-01 2.9315212942e+00 2.4806933858e+00 6.3773025471e+01 1.2271193117e+00 1.1735379788e+00
3.2717967896e-01 1.3362765061e+01 5.2899696688e+00 1.4822000000e+04 6.3772937411e+01 8.2961255963e-01 1.3642060530e-01 8.2582571053e-03 1.4081071221e-01 -4.0437878843e-02 -1.4762284457e+00 1.8262934349e-01 2.9338285484e+00 2.4809174163e+00 6.3772910443e+01 1.2279081907e+00 1.1743318952e+00
3.2748717241e-01 1.3351852980e+01 5.2975558475e+00 1.4822000000e+04 6.3772823422e+01 8.2773221075e-01 1.3671932555e-01 8.2446592735e-03 1.4057921821e-01 -4.0656488241e-02 -1.4797084187e+00 1.8262934349e-01 2.9361135278e+00 2.4811395024e+00 6.3772796432e+01 1.2286887062e+00 1.1751175119e+00
3.2779466992e-01 1.3340943004e+01 5.3051770639e+00 1.4822000000e+04 6.3772710436e+01 8.2586113055e-01 1.3702096429e-01 8.2312222255e-03 1.4034895896e-01 -4.0875147370e-02 -1.4831829311e+00 1.8262934349e-01 2.9383765395e+00 2.4813596946e+00 6.3772683427e+01 1.2294610057e+00 1.1758949357e+00
3.2810217146e-01 1.3330035139e+01 5.3128331777e+00 1.4822000000e+04 6.3772598445e+01 8.2399922509e-01 1.3732550901e-01 8.2179394303e-03 1.4011992028e-01 -4.1093855308e-02 -1.4866527992e+00 1.8262934349e-01 2.9406178528e+00 2.4815779921e+00 6.3772571415e+01 1.2302251481e+00 1.1766642815e+00
3.2840967700e-01 1.3319129389e+01 5.3205240484e+00 1.4822000000e+04 6.3772487441e+01 8.2214641739e-01 1.3763294907e-01 8.2048067684e-03 1.3989209066e-01 -4.1312610707e-02 -1.4901183397e+00 1.8262934349e-01 2.9428376906e+00 2.4817943820e+00 6.3772460392e+01 1.2309811682e+00 1.1774256493e+00
3.2871718651e-01 1.3308225760e+01 5.3282495353e+00 1.4822000000e+04 6.3772377416e+01 8.2030257170e-01 1.3794327602e-01 8.1918277658e-03 1.3966544925e-01 -4.1531413586e-02 -1.4935785164e+00 1.8262934349e-01 2.9450362600e+00 2.4820088896e+00 6.3772350347e+01 1.2317291894e+00 1.1781791217e+00
3.2902469993e-01 1.3297324256e+01 5.3360094978e+00 1.4822000000e+04 6.3772268356e+01 8.1846751379e-01 1.3825648019e-01 8.1790015536e-03 1.3943997012e-01 -4.1750266496e-02 -1.4970332021e+00 1.8262934349e-01 2.9472138484e+00 2.4822215829e+00 6.3772241267e+01 1.2324693946e+00 1.1789247920e+00
3.2933221723e-01 1.3286424882e+01 5.3438037956e+00 1.4822000000e+04 6.3772160250e+01 8.1664114508e-01 1.3857255006e-01 8.1663218642e-03 1.3921563857e-01 -4.1969169187e-02 -1.5004832382e+00 1.8262934349e-01 2.9493707227e+00 2.4824324721e+00 6.3772133141e+01 1.2332018566e+00 1.1796627681e+00
3.2963973838e-01 1.3275527645e+01 5.3516322884e+00 1.4822000000e+04 6.3772053091e+01 8.1482339094e-01 1.3889147502e-01 8.1537836350e-03 1.3899244330e-01 -4.2188120352e-02 -1.5039291721e+00 1.8262934349e-01 2.9515071092e+00 2.4826415474e+00 6.3772025963e+01 1.2339266137e+00 1.1803931503e+00
3.2994726335e-01 1.3264632548e+01 5.3594948355e+00 1.4822000000e+04 6.3771946871e+01 8.1301416014e-01 1.3921324672e-01 8.1413872579e-03 1.3877037044e-01 -4.2407119087e-02 -1.5073705324e+00 1.8262934349e-01 2.9536231970e+00 2.4828488089e+00 6.3771919724e+01 1.2346437296e+00 1.1811160211e+00
3.3025479210e-01 1.3253739597e+01 5.3673912963e+00 1.4822000000e+04 6.3771841579e+01 8.1121328027e-01 1.3953785703e-01 8.1291354723e-03 1.3854939385e-01 -4.2626167492e-02 -1.5108065120e+00 1.8262934349e-01 2.9557192360e+00 2.4830543227e+00 6.3771814413e+01 1.2353533925e+00 1.1818314620e+00
3.3056232458e-01 1.3242848797e+01 5.3753215306e+00 1.4822000000e+04 6.3771737203e+01 8.0942064087e-01 1.3986529571e-01 8.1170230079e-03 1.3832949723e-01 -4.2845266317e-02 -1.5142378261e+00 1.8262934349e-01 2.9577954912e+00 2.4832581164e+00 6.3771710018e+01 1.2360556993e+00 1.1825395712e+00
3.3086986077e-01 1.3231960154e+01 5.3832853982e+00 1.4822000000e+04 6.3771633735e+01 8.0763616759e-01 1.4019555236e-01 8.1050446161e-03 1.3811066930e-01 -4.3064414412e-02 -1.5176651189e+00 1.8262934349e-01 2.9598521903e+00 2.4834601844e+00 6.3771606531e+01 1.2367506941e+00 1.1832404479e+00
3.3117740063e-01 1.3221073672e+01 5.3912827590e+00 1.4822000000e+04 6.3771531168e+01 8.0585979203e-01 1.4052861855e-01 8.0931979891e-03 1.3789289976e-01 -4.3283610547e-02 -1.5210884417e+00 1.8262934349e-01 2.9618895202e+00 2.4836605169e+00 6.3771503946e+01 1.2374384125e+00 1.1839341758e+00
3.3148494414e-01 1.3210189356e+01 5.3993134724e+00 1.4822000000e+04 6.3771429493e+01 8.0409137166e-01 1.4086448715e-01 8.0814868322e-03 1.3767616667e-01 -4.3502855597e-02 -1.5245067778e+00 1.8262934349e-01 2.9639076864e+00 2.4838591579e+00 6.3771402253e+01 1.2381190046e+00 1.1846208284e+00
3.3179249125e-01 1.3199307212e+01 5.4073773984e+00 1.4822000000e+04 6.3771328698e+01 8.0233077772e-01 1.4120314931e-01 8.0699082581e-03 1.3746045103e-01 -4.3722151304e-02 -1.5279204266e+00 1.8262934349e-01 2.9659069496e+00 2.4840561549e+00 6.3771301440e+01 1.2387926013e+00 1.1853004935e+00
3.3210004192e-01 1.3188427246e+01 5.4154743974e+00 1.4822000000e+04 6.3771228775e+01 8.0057793448e-01 1.4154459519e-01 8.0584571321e-03 1.3724574138e-01 -4.3941496869e-02 -1.5313300733e+00 1.8262934349e-01 2.9678875360e+00 2.4842515089e+00 6.3771201498e+01 1.2394592545e+00 1.1859732663e+00
3.3240759613e-01 1.3177549462e+01 5.4236043293e+00 1.4822000000e+04 6.3771129715e+01 7.9883278098e-01 1.4188881627e-01 8.0471297080e-03 1.3703202854e-01 -4.4160891024e-02 -1.5347360817e+00 1.8262934349e-01 2.9698496351e+00 2.4844452095e+00 6.3771102421e+01 1.2401189943e+00 1.1866392313e+00
3.3271515385e-01 1.3166673865e+01 5.4317670544e+00 1.4822000000e+04 6.3771031513e+01 7.9709521601e-01 1.4223580580e-01 8.0359280063e-03 1.3681929686e-01 -4.4380333459e-02 -1.5381377325e+00 1.8262934349e-01 2.9717934209e+00 2.4846372731e+00 6.3771004201e+01 1.2407719136e+00 1.1872984591e+00
3.3302271504e-01 1.3155800461e+01 5.4399624328e+00 1.4822000000e+04 6.3770934157e+01 7.9536509758e-01 1.4258555633e-01 8.0248523598e-03 1.3660752504e-01 -4.4599826259e-02 -1.5415347157e+00 1.8262934349e-01 2.9737191355e+00 2.4848277592e+00 6.3770906827e+01 1.2414181698e+00 1.1879510265e+00
3.3333027966e-01 1.3144929255e+01 5.4481903254e+00 1.4822000000e+04 6.3770837636e+01 7.9364234501e-01 1.4293805887e-01 8.0138980345e-03 1.3639670106e-01 -4.4819369289e-02 -1.5449276952e+00 1.8262934349e-01 2.9756270040e+00 2.4850166794e+00 6.3770810289e+01 1.2420578278e+00 1.1885970225e+00
3.3363784769e-01 1.3134060253e+01 5.4564505928e+00 1.4822000000e+04 6.3770741945e+01 7.9192689841e-01 1.4329330489e-01 8.0030608237e-03 1.3618681582e-01 -4.5038961343e-02 -1.5483171728e+00 1.8262934349e-01 2.9775172182e+00 2.4852040262e+00 6.3770714580e+01 1.2426909212e+00 1.1892365316e+00
3.3394541910e-01 1.3123193459e+01 5.4647430958e+00 1.4822000000e+04 6.3770647077e+01 7.9021868922e-01 1.4365128767e-01 7.9923401655e-03 1.3597785881e-01 -4.5258601447e-02 -1.5517029250e+00 1.8262934349e-01 2.9793899389e+00 2.4853897970e+00 6.3770619695e+01 1.2433174978e+00 1.1898696242e+00
3.3425299386e-01 1.3112328879e+01 5.4730676951e+00 1.4822000000e+04 6.3770553022e+01 7.8851758138e-01 1.4401200092e-01 7.9817386701e-03 1.3576980923e-01 -4.5478291123e-02 -1.5550841864e+00 1.8262934349e-01 2.9812453740e+00 2.4855740458e+00 6.3770525623e+01 1.2439377119e+00 1.1904963682e+00
3.3456057192e-01 1.3101466519e+01 5.4814242521e+00 1.4822000000e+04 6.3770459770e+01 7.8682348293e-01 1.4437543664e-01 7.9712527465e-03 1.3556265350e-01 -4.5698031135e-02 -1.5584614376e+00 1.8262934349e-01 2.9830837492e+00 2.4857567998e+00 6.3770432354e+01 1.2445516508e+00 1.1911168445e+00
3.3486815326e-01 1.3090606383e+01 5.4898126283e+00 1.4822000000e+04 6.3770367313e+01 7.8513633383e-01 1.4474158653e-01 7.9608781881e-03 1.3535638248e-01 -4.5917820453e-02 -1.5618352321e+00 1.8262934349e-01 2.9849052565e+00 2.4859380555e+00 6.3770339881e+01 1.2451593533e+00 1.1917311360e+00
3.3517573785e-01 1.3079748478e+01 5.4982326850e+00 1.4822000000e+04 6.3770275646e+01 7.8345608076e-01 1.4511044377e-01 7.9506125597e-03 1.3515098809e-01 -4.6137657903e-02 -1.5652057344e+00 1.8262934349e-01 2.9867100553e+00 2.4861178041e+00 6.3770248197e+01 1.2457608480e+00 1.1923393140e+00
3.3548332567e-01 1.3068892807e+01 5.5066842839e+00 1.4822000000e+04 6.3770184761e+01 7.8178261482e-01 1.4548200274e-01 7.9404585004e-03 1.3494645342e-01 -4.6357543910e-02 -1.5685721516e+00 1.8262934349e-01 2.9884983164e+00 2.4862960782e+00 6.3770157296e+01 1.2463562522e+00 1.1929414406e+00
3.3579091668e-01 1.3058039378e+01 5.5151672869e+00 1.4822000000e+04 6.3770094648e+01 7.8011582889e-01 1.4585625655e-01 7.9304145473e-03 1.3474276258e-01 -4.6577480019e-02 -1.5719345622e+00 1.8262934349e-01 2.9902702618e+00 2.4864729217e+00 6.3770067166e+01 1.2469456820e+00 1.1935375881e+00
3.3609851084e-01 1.3047188196e+01 5.5236815562e+00 1.4822000000e+04 6.3770005298e+01 7.7845566124e-01 1.4623319740e-01 7.9204767097e-03 1.3453990623e-01 -4.6797465570e-02 -1.5752935265e+00 1.8262934349e-01 2.9920260823e+00 2.4866483373e+00 6.3769977800e+01 1.2475291830e+00 1.1941278357e+00
3.3640610813e-01 1.3036339265e+01 5.5322269543e+00 1.4822000000e+04 6.3769916705e+01 7.7680206288e-01 1.4661281840e-01 7.9106417065e-03 1.3433787695e-01 -4.7017499386e-02 -1.5786494136e+00 1.8262934349e-01 2.9937659388e+00 2.4868223164e+00 6.3769889192e+01 1.2481067817e+00 1.1947122548e+00
3.3671370853e-01 1.3025492591e+01 5.5408033436e+00 1.4822000000e+04 6.3769828865e+01 7.7515495796e-01 1.4699511411e-01 7.9009104426e-03 1.3413666291e-01 -4.7237580956e-02 -1.5820017610e+00 1.8262934349e-01 2.9954899782e+00 2.4869948692e+00 6.3769801335e+01 1.2486785477e+00 1.1952909058e+00
3.3702131201e-01 1.3014648180e+01 5.5494105869e+00 1.4822000000e+04 6.3769741765e+01 7.7351423080e-01 1.4738007876e-01 7.8912838483e-03 1.3393624664e-01 -4.7457711955e-02 -1.5853501685e+00 1.8262934349e-01 2.9971984038e+00 2.4871660467e+00 6.3769714220e+01 1.2492446155e+00 1.1958638525e+00
3.3732891852e-01 1.3003806037e+01 5.5580485472e+00 1.4822000000e+04 6.3769655399e+01 7.7187981450e-01 1.4776770523e-01 7.8817584605e-03 1.3373661816e-01 -4.7677892359e-02 -1.5886951307e+00 1.8262934349e-01 2.9988914072e+00 2.4873358618e+00 6.3769627839e+01 1.2498050431e+00 1.1964311681e+00
3.3763652805e-01 1.2992966168e+01 5.5667170881e+00 1.4822000000e+04 6.3769569760e+01 7.7025166051e-01 1.4815798664e-01 7.8723308308e-03 1.3353777006e-01 -4.7898121076e-02 -1.5920370922e+00 1.8262934349e-01 3.0005691507e+00 2.4875043087e+00 6.3769542184e+01 1.2503598604e+00 1.1969929241e+00
3.3794414057e-01 1.2982128578e+01 5.5754160730e+00 1.4822000000e+04 6.3769484843e+01 7.6862971652e-01 1.4855091753e-01 7.8629998455e-03 1.3333969430e-01 -4.8118397126e-02 -1.5953760016e+00 1.8262934349e-01 3.0022317716e+00 2.4876713834e+00 6.3769457252e+01 1.2509091033e+00 1.1975491807e+00
3.3825175606e-01 1.2971293274e+01 5.5841453655e+00 1.4822000000e+04 6.3769400639e+01 7.6701387539e-01 1.4894649299e-01 7.8537677038e-03 1.3314237431e-01 -4.8338721559e-02 -1.5987111893e+00 1.8262934349e-01 3.0038794424e+00 2.4878371291e+00 6.3769373033e+01 1.2514528975e+00 1.1980999945e+00
3.3855937447e-01 1.2960460259e+01 5.5929048299e+00 1.4822000000e+04 6.3769317140e+01 7.6540405983e-01 1.4934470668e-01 7.8446321128e-03 1.3294579869e-01 -4.8559095146e-02 -1.6020429360e+00 1.8262934349e-01 3.0055123567e+00 2.4880015726e+00 6.3769289518e+01 1.2519913216e+00 1.1986454327e+00
3.3886699579e-01 1.2949629541e+01 5.6016943306e+00 1.4822000000e+04 6.3769234338e+01 7.6380022088e-01 1.4974555198e-01 7.8355897346e-03 1.3274995996e-01 -4.8779516986e-02 -1.6053717062e+00 1.8262934349e-01 3.0071306765e+00 2.4881647119e+00 6.3769206701e+01 1.2525244097e+00 1.1991855646e+00
3.3917461999e-01 1.2938801124e+01 5.6105137322e+00 1.4822000000e+04 6.3769152229e+01 7.6220231634e-01 1.5014902331e-01 7.8266382196e-03 1.3255485168e-01 -4.8999985981e-02 -1.6086977235e+00 1.8262934349e-01 3.0087345379e+00 2.4883265391e+00 6.3769124578e+01 1.2530521854e+00 1.1997204507e+00
3.3948224705e-01 1.2927975014e+01 5.6193628996e+00 1.4822000000e+04 6.3769070807e+01 7.6061026284e-01 1.5055511619e-01 7.8177792682e-03 1.3236046080e-01 -4.9220502228e-02 -1.6120204046e+00 1.8262934349e-01 3.0103240833e+00 2.4884870781e+00 6.3769043140e+01 1.2535747399e+00 1.2002501438e+00
3.3978987693e-01 1.2917151218e+01 5.6282416980e+00 1.4822000000e+04 6.3768990061e+01 7.5902397107e-01 1.5096382520e-01 7.8090123509e-03 1.3216677399e-01 -4.9441067083e-02 -1.6153396756e+00 1.8262934349e-01 3.0118995017e+00 2.4886463687e+00 6.3768962380e+01 1.2540921754e+00 1.2007747041e+00
3.4009750960e-01 1.2906329740e+01 5.6371499929e+00 1.4822000000e+04 6.3768909986e+01 7.5744339011e-01 1.5137514413e-01 7.8003344313e-03 1.3197378355e-01 -4.9661680022e-02 -1.6186559767e+00 1.8262934349e-01 3.0134609550e+00 2.4888044150e+00 6.3768882290e+01 1.2546045326e+00 1.2012941971e+00
3.4040514505e-01 1.2895510586e+01 5.6460876504e+00 1.4822000000e+04 6.3768830575e+01 7.5586848012e-01 1.5178906736e-01 7.7917427174e-03 1.3178148340e-01 -4.9882339970e-02 -1.6219696558e+00 1.8262934349e-01 3.0150085802e+00 2.4889612100e+00 6.3768802865e+01 1.2551118345e+00 1.2018086835e+00
3.4071278326e-01 1.2884693762e+01 5.6550545363e+00 1.4822000000e+04 6.3768751824e+01 7.5429918388e-01 1.5220559046e-01 7.7832373234e-03 1.3158986457e-01 -5.0103046298e-02 -1.6252804505e+00 1.8262934349e-01 3.0165425013e+00 2.4891167593e+00 6.3768724100e+01 1.2556141334e+00 1.2023182152e+00
3.4102042419e-01 1.2873879274e+01 5.6640505172e+00 1.4822000000e+04 6.3768673725e+01 7.5273540720e-01 1.5262470892e-01 7.7748193648e-03 1.3139891269e-01 -5.0323800326e-02 -1.6285879423e+00 1.8262934349e-01 3.0180628890e+00 2.4892711063e+00 6.3768645986e+01 1.2561115433e+00 1.2028228448e+00
3.4132806781e-01 1.2863067127e+01 5.6730754598e+00 1.4822000000e+04 6.3768596269e+01 7.5117709400e-01 1.5304641706e-01 7.7664864236e-03 1.3120861941e-01 -5.0544602130e-02 -1.6318924684e+00 1.8262934349e-01 3.0195699075e+00 2.4894242646e+00 6.3768568517e+01 1.2566041167e+00 1.2033226336e+00
3.4163571410e-01 1.2852257328e+01 5.6821292314e+00 1.4822000000e+04 6.3768519452e+01 7.4962420456e-01 1.5347070930e-01 7.7582357014e-03 1.3101897866e-01 -5.0765450732e-02 -1.6351944135e+00 1.8262934349e-01 3.0210636947e+00 2.4895762298e+00 6.3768491685e+01 1.2570918795e+00 1.2038176416e+00
3.4194336305e-01 1.2841449881e+01 5.6912116994e+00 1.4822000000e+04 6.3768443268e+01 7.4807669837e-01 1.5389758118e-01 7.7500658294e-03 1.3082998416e-01 -5.0986345183e-02 -1.6384938350e+00 1.8262934349e-01 3.0225443675e+00 2.4897269974e+00 6.3768415488e+01 1.2575748596e+00 1.2043079205e+00
3.4225101463e-01 1.2830644793e+01 5.7003227314e+00 1.4822000000e+04 6.3768367711e+01 7.4653449113e-01 1.5432702878e-01 7.7419784741e-03 1.3064162276e-01 -5.1207286160e-02 -1.6417901884e+00 1.8262934349e-01 3.0240120691e+00 2.4898766013e+00 6.3768339917e+01 1.2580531585e+00 1.2047935177e+00
3.4255866880e-01 1.2819842070e+01 5.7094621956e+00 1.4822000000e+04 6.3768292773e+01 7.4499751749e-01 1.5475904709e-01 7.7339723074e-03 1.3045388478e-01 -5.1428274424e-02 -1.6450835936e+00 1.8262934349e-01 3.0254669664e+00 2.4900250674e+00 6.3768264966e+01 1.2585268470e+00 1.2052744892e+00
3.4286632554e-01 1.2809041717e+01 5.7186299606e+00 1.4822000000e+04 6.3768218448e+01 7.4346573712e-01 1.5519363076e-01 7.7260447155e-03 1.3026676407e-01 -5.1649309202e-02 -1.6483744298e+00 1.8262934349e-01 3.0269091967e+00 2.4901723950e+00 6.3768190627e+01 1.2589959551e+00 1.2057508930e+00
3.4317398484e-01 1.2798243741e+01 5.7278258951e+00 1.4822000000e+04 6.3768144732e+01 7.4193911610e-01 1.5563077521e-01 7.7181935541e-03 1.3008025542e-01 -5.1870389482e-02 -1.6516629420e+00 1.8262934349e-01 3.0283388763e+00 2.4903185773e+00 6.3768116897e+01 1.2594605026e+00 1.2062227807e+00
3.4348164667e-01 1.2787448147e+01 5.7370498683e+00 1.4822000000e+04 6.3768071618e+01 7.4041759056e-01 1.5607047682e-01 7.7104197623e-03 1.2989434873e-01 -5.2091515131e-02 -1.6549487290e+00 1.8262934349e-01 3.0297561240e+00 2.4904636311e+00 6.3768043771e+01 1.2599205601e+00 1.2066901975e+00
3.4378931101e-01 1.2776654940e+01 5.7463017497e+00 1.4822000000e+04 6.3767999100e+01 7.3890108586e-01 1.5651273131e-01 7.7027233543e-03 1.2970903278e-01 -5.2312687321e-02 -1.6582316276e+00 1.8262934349e-01 3.0311611009e+00 2.4906075923e+00 6.3767971240e+01 1.2603762172e+00 1.2071531931e+00
3.4409697783e-01 1.2765864128e+01 5.7555814092e+00 1.4822000000e+04 6.3767927171e+01 7.3738955955e-01 1.5695753368e-01 7.6951020986e-03 1.2952430119e-01 -5.2533905655e-02 -1.6615119624e+00 1.8262934349e-01 3.0325539452e+00 2.4907504660e+00 6.3767899297e+01 1.2608275102e+00 1.2076118224e+00
3.4440464710e-01 1.2755075716e+01 5.7648887173e+00 1.4822000000e+04 6.3767855826e+01 7.3588297894e-01 1.5740487932e-01 7.6875536606e-03 1.2934014891e-01 -5.2755169162e-02 -1.6647900475e+00 1.8262934349e-01 3.0339347739e+00 2.4908922466e+00 6.3767827940e+01 1.2612744594e+00 1.2080661370e+00
3.4471231883e-01 1.2744289710e+01 5.7742235444e+00 1.4822000000e+04 6.3767785062e+01 7.3438130047e-01 1.5785476460e-01 7.6800776484e-03 1.2915656909e-01 -5.2976477156e-02 -1.6680657660e+00 1.8262934349e-01 3.0353036920e+00 2.4910329364e+00 6.3767757163e+01 1.2617171041e+00 1.2085161812e+00
3.4501999297e-01 1.2733506116e+01 5.7835857616e+00 1.4822000000e+04 6.3767714870e+01 7.3288444754e-01 1.5830718597e-01 7.6726751017e-03 1.2897354992e-01 -5.3197830649e-02 -1.6713387309e+00 1.8262934349e-01 3.0366608424e+00 2.4911725720e+00 6.3767686958e+01 1.2621555404e+00 1.2089619991e+00
3.4532766949e-01 1.2722724939e+01 5.7929752403e+00 1.4822000000e+04 6.3767645245e+01 7.3139237270e-01 1.5876213886e-01 7.6653444369e-03 1.2879108435e-01 -5.3419229803e-02 -1.6746091417e+00 1.8262934349e-01 3.0380063669e+00 2.4913111673e+00 6.3767617320e+01 1.2625898156e+00 1.2094036418e+00
3.4563534839e-01 1.2711946187e+01 5.8023918523e+00 1.4822000000e+04 6.3767576181e+01 7.2990504318e-01 1.5921961871e-01 7.6580834047e-03 1.2860916735e-01 -5.3640673753e-02 -1.6778773235e+00 1.8262934349e-01 3.0393403828e+00 2.4914487192e+00 6.3767548243e+01 1.2630199527e+00 1.2098411600e+00
3.4594302965e-01 1.2701169864e+01 5.8118354699e+00 1.4822000000e+04 6.3767507674e+01 7.2842242714e-01 1.5967962184e-01 7.6508905725e-03 1.2842779396e-01 -5.3862161601e-02 -1.6811433974e+00 1.8262934349e-01 3.0406629901e+00 2.4915852229e+00 6.3767479724e+01 1.2634459733e+00 1.2102745980e+00
3.4625071323e-01 1.2690395978e+01 5.8213059656e+00 1.4822000000e+04 6.3767439719e+01 7.2694445827e-01 1.6014214513e-01 7.6437670851e-03 1.2824695373e-01 -5.4083693733e-02 -1.6844069457e+00 1.8262934349e-01 3.0419743077e+00 2.4917207048e+00 6.3767411757e+01 1.2638679592e+00 1.2107039957e+00
3.4655839912e-01 1.2679624534e+01 5.8308032122e+00 1.4822000000e+04 6.3767372308e+01 7.2547108106e-01 1.6060718456e-01 7.6367122624e-03 1.2806663842e-01 -5.4305270883e-02 -1.6876679766e+00 1.8262934349e-01 3.0432744797e+00 2.4918551895e+00 6.3767344334e+01 1.2642859740e+00 1.2111294000e+00
3.4686608730e-01 1.2668855538e+01 5.8403270833e+00 1.4822000000e+04 6.3767305437e+01 7.2400226201e-01 1.6107473578e-01 7.6297241106e-03 1.2788684291e-01 -5.4526892399e-02 -1.6909267848e+00 1.8262934349e-01 3.0445636231e+00 2.4919886774e+00 6.3767277451e+01 1.2647000442e+00 1.2115508597e+00
3.4717377774e-01 1.2658088997e+01 5.8498774528e+00 1.4822000000e+04 6.3767239102e+01 7.2253797345e-01 1.6154479502e-01 7.6228007429e-03 1.2770756292e-01 -5.4748557360e-02 -1.6941836129e+00 1.8262934349e-01 3.0458418374e+00 2.4921211624e+00 6.3767211103e+01 1.2651101867e+00 1.2119684187e+00
3.4748147044e-01 1.2647324916e+01 5.8594541946e+00 1.4822000000e+04 6.3767173298e+01 7.2107816638e-01 1.6201735930e-01 7.6159425335e-03 1.2752879065e-01 -5.4970265477e-02 -1.6974382059e+00 1.8262934349e-01 3.0471092224e+00 2.4922526564e+00 6.3767145287e+01 1.2655164557e+00 1.2123821157e+00
3.4778916535e-01 1.2636563302e+01 5.8690571833e+00 1.4822000000e+04 6.3767108017e+01 7.1962277834e-01 1.6249242525e-01 7.6091497409e-03 1.2735051663e-01 -5.5192017742e-02 -1.7006903663e+00 1.8262934349e-01 3.0483659145e+00 2.4923831911e+00 6.3767079995e+01 1.2659189297e+00 1.2127919920e+00
3.4809686247e-01 1.2625804161e+01 5.8786862941e+00 1.4822000000e+04 6.3767043256e+01 7.1817177363e-01 1.6296998880e-01 7.6024208132e-03 1.2717273549e-01 -5.5413813877e-02 -1.7039403086e+00 1.8262934349e-01 3.0496120333e+00 2.4925127723e+00 6.3767015222e+01 1.2663176411e+00 1.2131980940e+00
3.4840456178e-01 1.2615047499e+01 5.8883414025e+00 1.4822000000e+04 6.3766979009e+01 7.1672512519e-01 1.6345004615e-01 7.5957538256e-03 1.2699544305e-01 -5.5635653011e-02 -1.7071883080e+00 1.8262934349e-01 3.0508476787e+00 2.4926413956e+00 6.3766950963e+01 1.2667126080e+00 1.2136004654e+00
3.4871226326e-01 1.2604293322e+01 5.8980223841e+00 1.4822000000e+04 6.3766915273e+01 7.1528279951e-01 1.6393259430e-01 7.5891480873e-03 1.2681863401e-01 -5.5857534442e-02 -1.7104343487e+00 1.8262934349e-01 3.0520729399e+00 2.4927690613e+00 6.3766887216e+01 1.2671038598e+00 1.2139991442e+00
3.4901996688e-01 1.2593541638e+01 5.9077291152e+00 1.4822000000e+04 6.3766852042e+01 7.1384473438e-01 1.6441763043e-01 7.5826044293e-03 1.2664229867e-01 -5.6079458922e-02 -1.7136781039e+00 1.8262934349e-01 3.0532879360e+00 2.4928957997e+00 6.3766823973e+01 1.2674914772e+00 1.2143941673e+00
3.4932767263e-01 1.2582792451e+01 5.9174614726e+00 1.4822000000e+04 6.3766789310e+01 7.1241088933e-01 1.6490515084e-01 7.5761219049e-03 1.2646643102e-01 -5.6301426677e-02 -1.7169196599e+00 1.8262934349e-01 3.0544927908e+00 2.4930216248e+00 6.3766761229e+01 1.2678755029e+00 1.2147855778e+00
3.4963538048e-01 1.2572045768e+01 5.9272193335e+00 1.4822000000e+04 6.3766727072e+01 7.1098123712e-01 1.6539515178e-01 7.5696987363e-03 1.2629102688e-01 -5.6523436951e-02 -1.7201592827e+00 1.8262934349e-01 3.0556876041e+00 2.4931465346e+00 6.3766698980e+01 1.2682559573e+00 1.2151734185e+00
3.4994312506e-01 1.2555104810e+01 5.9370732871e+00 1.4822000000e+04 6.3766671636e+01 7.1169686746e-01 1.6589244587e-01 7.0972607602e-03 1.2666876556e-01 -5.6742612580e-02 -1.8364230775e+00 1.8262934334e-01 3.0567539289e+00 2.4932537209e+00 6.3766643619e+01 1.2635825087e+00 1.2155495346e+00
3.5025083717e-01 1.2544353599e+01 5.9468811561e+00 1.4822000000e+04 6.3766610385e+01 7.1026806679e-01 1.6638738062e-01 7.0914570775e-03 1.2649329973e-01 -5.6964690745e-02 -1.8398415669e+00 1.8262934334e-01 3.0579287861e+00 2.4933768113e+00 6.3766582357e+01 1.2639570718e+00 1.2159302962e+00
3.5055855132e-01 1.2533604896e+01 5.9567141609e+00 1.4822000000e+04 6.3766549614e+01 7.0884336982e-01 1.6688478698e-01 7.0857088888e-03 1.2631828344e-01 -5.7186811430e-02 -1.8432574313e+00 1.8262934334e-01 3.0590939116e+00 2.4934990250e+00 6.3766521575e+01 1.2643281911e+00 1.2163075995e+00
3.5086626750e-01 1.2522858707e+01 5.9665721804e+00 1.4822000000e+04 6.3766489319e+01 7.0742274811e-01 1.6738466138e-01 7.0800146368e-03 1.2614371235e-01 -5.7408974101e-02 -1.8466709446e+00 1.8262934334e-01 3.0602494063e+00 2.4936203630e+00 6.3766461269e+01 1.2646958904e+00 1.2166814854e+00
3.5117398570e-01 1.2512115039e+01 5.9764550941e+00 1.4822000000e+04 6.3766429496e+01 7.0600617855e-01 1.6788700071e-01 7.0743726382e-03 1.2596958287e-01 -5.7631177921e-02 -1.8500823899e+00 1.8262934334e-01 3.0613953551e+00 2.4937408205e+00 6.3766401435e+01 1.2650601842e+00 1.2170519916e+00
3.5148170590e-01 1.2501373899e+01 5.9863627815e+00 1.4822000000e+04 6.3766370142e+01 7.0459362291e-01 1.6839180247e-01 7.0687830809e-03 1.2579588886e-01 -5.7853422503e-02 -1.8534915605e+00 1.8262934334e-01 3.0625318422e+00 2.4938604051e+00 6.3766342070e+01 1.2654211145e+00 1.2174191514e+00
3.5178942808e-01 1.2490635291e+01 5.9962951229e+00 1.4822000000e+04 6.3766311249e+01 7.0318502842e-01 1.6889906403e-01 7.0632463311e-03 1.2562262223e-01 -5.8075708672e-02 -1.8568982296e+00 1.8262934334e-01 3.0636589832e+00 2.4939791445e+00 6.3766283168e+01 1.2657787495e+00 1.2177829992e+00
3.5209715222e-01 1.2479899224e+01 6.0062519988e+00 1.4822000000e+04 6.3766252815e+01 7.0178036439e-01 1.6940878202e-01 7.0577613160e-03 1.2544977838e-01 -5.8298036252e-02 -1.8603025560e+00 1.8262934334e-01 3.0647768819e+00 2.4940970455e+00 6.3766224722e+01 1.2661331187e+00 1.2181435741e+00
3.5240487830e-01 1.2469165704e+01 6.0162332905e+00 1.4822000000e+04 6.3766194834e+01 7.0037960795e-01 1.6992095330e-01 7.0523263734e-03 1.2527735375e-01 -5.8520404466e-02 -1.8637048395e+00 1.8262934334e-01 3.0658856241e+00 2.4942141045e+00 6.3766166732e+01 1.2664842380e+00 1.2185009133e+00
3.5271260632e-01 1.2458434736e+01 6.0262388795e+00 1.4822000000e+04 6.3766137305e+01 6.9898273266e-01 1.7043557536e-01 7.0469407842e-03 1.2510534414e-01 -5.8742812628e-02 -1.8671051157e+00 1.8262934334e-01 3.0669852855e+00 2.4943303203e+00 6.3766109192e+01 1.2668321301e+00 1.2188550497e+00
3.5302033625e-01 1.2447706328e+01 6.0362686475e+00 1.4822000000e+04 6.3766080221e+01 6.9758968756e-01 1.7095264598e-01 7.0416052822e-03 1.2493374151e-01 -5.8965261266e-02 -1.8705030603e+00 1.8262934334e-01 3.0680759659e+00 2.4944457179e+00 6.3766052097e+01 1.2671768622e+00 1.2192060141e+00
3.5332806806e-01 1.2436980486e+01 6.0463224771e+00 1.4822000000e+04 6.3766023577e+01 6.9620043751e-01 1.7147216210e-01 7.0363193074e-03 1.2476254063e-01 -5.9187750654e-02 -1.8738987015e+00 1.8262934334e-01 3.0691577731e+00 2.4945603111e+00 6.3765995444e+01 1.2675184733e+00 1.2195538431e+00
3.5363580175e-01 1.2426257216e+01 6.0564002512e+00 1.4822000000e+04 6.3765967370e+01 6.9481495940e-01 1.7199412065e-01 7.0310814108e-03 1.2459173794e-01 -5.9410280140e-02 -1.8772923027e+00 1.8262934334e-01 3.0702307928e+00 2.4946740988e+00 6.3765939227e+01 1.2678569817e+00 1.2198985728e+00
3.5394353731e-01 1.2415536526e+01 6.0665018532e+00 1.4822000000e+04 6.3765911597e+01 6.9343323240e-01 1.7251851907e-01 7.0258903134e-03 1.2442133018e-01 -5.9632848954e-02 -1.8806840617e+00 1.8262934334e-01 3.0712950984e+00 2.4947870765e+00 6.3765883444e+01 1.2681924014e+00 1.2202402357e+00
3.5425127471e-01 1.2404818422e+01 6.0766271667e+00 1.4822000000e+04 6.3765856254e+01 6.9205521503e-01 1.7304535530e-01 7.0207465569e-03 1.2425131066e-01 -5.9855457096e-02 -1.8840737004e+00 1.8262934334e-01 3.0723507729e+00 2.4948992595e+00 6.3765828090e+01 1.2685247845e+00 1.2205788610e+00
3.5455901394e-01 1.2394102910e+01 6.0867760760e+00 1.4822000000e+04 6.3765801334e+01 6.9068086649e-01 1.7357462675e-01 7.0156500462e-03 1.2408167323e-01 -6.0078105198e-02 -1.8874611271e+00 1.8262934334e-01 3.0733979228e+00 2.4950106689e+00 6.3765773161e+01 1.2688541822e+00 1.2209144815e+00
3.5486675497e-01 1.2383389998e+01 6.0969484659e+00 1.4822000000e+04 6.3765746835e+01 6.8931016274e-01 1.7410633046e-01 7.0105997159e-03 1.2391241425e-01 -6.0300792833e-02 -1.8908465161e+00 1.8262934334e-01 3.0744366358e+00 2.4951213068e+00 6.3765718652e+01 1.2691806156e+00 1.2212471320e+00
3.5517449781e-01 1.2372679692e+01 6.1071442215e+00 1.4822000000e+04 6.3765692754e+01 6.8794308452e-01 1.7464046383e-01 7.0055941366e-03 1.2374353069e-01 -6.0523519247e-02 -1.8942301235e+00 1.8262934334e-01 3.0754669850e+00 2.4952311690e+00 6.3765664561e+01 1.2695040977e+00 1.2215768449e+00
3.5548224243e-01 1.2361971998e+01 6.1173632284e+00 1.4822000000e+04 6.3765639086e+01 6.8657960226e-01 1.7517702479e-01 7.0006331854e-03 1.2357501779e-01 -6.0746283995e-02 -1.8976118478e+00 1.8262934334e-01 3.0764890413e+00 2.4953402602e+00 6.3765610884e+01 1.2698246604e+00 1.2219036486e+00
3.5578998881e-01 1.2351266923e+01 6.1276053727e+00 1.4822000000e+04 6.3765585827e+01 6.8521967190e-01 1.7571601124e-01 6.9957171795e-03 1.2340686871e-01 -6.0969087747e-02 -1.9009914899e+00 1.8262934334e-01 3.0775029023e+00 2.4954486045e+00 6.3765557615e+01 1.2701423627e+00 1.2222275719e+00
3.5609773693e-01 1.2340564475e+01 6.1378705409e+00 1.4822000000e+04 6.3765532973e+01 6.8386326716e-01 1.7625742040e-01 6.9908454922e-03 1.2323907952e-01 -6.1191930414e-02 -1.9043691111e+00 1.8262934334e-01 3.0785086594e+00 2.4955562090e+00 6.3765504751e+01 1.2704572315e+00 1.2225486482e+00
3.5640548679e-01 1.2329864660e+01 6.1481586201e+00 1.4822000000e+04 6.3765480520e+01 6.8251036885e-01 1.7680124964e-01 6.9860167918e-03 1.2307164723e-01 -6.1414811310e-02 -1.9077449597e+00 1.8262934334e-01 3.0795063859e+00 2.4956630710e+00 6.3765452289e+01 1.2707692807e+00 1.2228669093e+00
3.5671323837e-01 1.2319167484e+01 6.1584694977e+00 1.4822000000e+04 6.3765428466e+01 6.8116095611e-01 1.7734749687e-01 6.9812302773e-03 1.2290456852e-01 -6.1637729777e-02 -1.9111191239e+00 1.8262934334e-01 3.0804961467e+00 2.4957691886e+00 6.3765400226e+01 1.2710785280e+00 1.2231823833e+00
3.5702099166e-01 1.2308472955e+01 6.1688030617e+00 1.4822000000e+04 6.3765376806e+01 6.7981498773e-01 1.7789616029e-01 6.9764864429e-03 1.2273783679e-01 -6.1860686160e-02 -1.9144913558e+00 1.8262934334e-01 3.0814780251e+00 2.4958745818e+00 6.3765348557e+01 1.2713850287e+00 1.2234950963e+00
3.5732874663e-01 1.2297781080e+01 6.1791592003e+00 1.4822000000e+04 6.3765325536e+01 6.7847243342e-01 1.7844723741e-01 6.9717850052e-03 1.2257144755e-01 -6.2083680761e-02 -1.9178616267e+00 1.8262934334e-01 3.0824521152e+00 2.4959792644e+00 6.3765297277e+01 1.2716888186e+00 1.2238050792e+00
3.5763650328e-01 1.2287091865e+01 6.1895378026e+00 1.4822000000e+04 6.3765274652e+01 6.7713327366e-01 1.7900072567e-01 6.9671249035e-03 1.2240539779e-01 -6.2306713028e-02 -1.9212301247e+00 1.8262934334e-01 3.0834184914e+00 2.4960832356e+00 6.3765246385e+01 1.2719899136e+00 1.2241123630e+00
3.5794426159e-01 1.2276405317e+01 6.1999387579e+00 1.4822000000e+04 6.3765224153e+01 6.7579749139e-01 1.7955662291e-01 6.9625049890e-03 1.2223968481e-01 -6.2529782256e-02 -1.9245970466e+00 1.8262934334e-01 3.0843772165e+00 2.4961864917e+00 6.3765195876e+01 1.2722883256e+00 1.2244169754e+00
3.5825202154e-01 1.2265721443e+01 6.2103619559e+00 1.4822000000e+04 6.3765174033e+01 6.7446505397e-01 1.8011492743e-01 6.9579255040e-03 1.2207430330e-01 -6.2752888322e-02 -1.9279622101e+00 1.8262934334e-01 3.0853283601e+00 2.4962890438e+00 6.3765145747e+01 1.2725840956e+00 1.2247189415e+00
3.5855978313e-01 1.2255040251e+01 6.2208072869e+00 1.4822000000e+04 6.3765124289e+01 6.7313592655e-01 1.8067563716e-01 6.9533864248e-03 1.2190924798e-01 -6.2976031795e-02 -1.9313255197e+00 1.8262934334e-01 3.0862720138e+00 2.4963909112e+00 6.3765095995e+01 1.2728772694e+00 1.2250182888e+00
3.5886754632e-01 1.2244361746e+01 6.2312746417e+00 1.4822000000e+04 6.3765074918e+01 6.7181008865e-01 1.8123874962e-01 6.9488870917e-03 1.2174451575e-01 -6.3199212342e-02 -1.9346870605e+00 1.8262934334e-01 3.0872082542e+00 2.4964920966e+00 6.3765046614e+01 1.2731678659e+00 1.2253150471e+00
3.5917531112e-01 1.2233685937e+01 6.2417639115e+00 1.4822000000e+04 6.3765025915e+01 6.7048752410e-01 1.8180426262e-01 6.9444263142e-03 1.2158010405e-01 -6.3422429289e-02 -1.9380470561e+00 1.8262934334e-01 3.0881371444e+00 2.4965925965e+00 6.3764997603e+01 1.2734558965e+00 1.2256092440e+00
3.5948307752e-01 1.2223012830e+01 6.2522749879e+00 1.4822000000e+04 6.3764977280e+01 6.6916820987e-01 1.8237217444e-01 6.9400037742e-03 1.2141600916e-01 -6.3645682164e-02 -1.9414054798e+00 1.8262934334e-01 3.0890587444e+00 2.4966924136e+00 6.3764948959e+01 1.2737413858e+00 1.2259009042e+00
3.5979084549e-01 1.2212342433e+01 6.2628077630e+00 1.4822000000e+04 6.3764929007e+01 6.6785210923e-01 1.8294248340e-01 6.9356196929e-03 1.2125222530e-01 -6.3868971494e-02 -1.9447621718e+00 1.8262934334e-01 3.0899731366e+00 2.4967915683e+00 6.3764900677e+01 1.2740243844e+00 1.2261900518e+00
3.6009861502e-01 1.2201674751e+01 6.2733621295e+00 1.4822000000e+04 6.3764881092e+01 6.6653919952e-01 1.8351518717e-01 6.9312737454e-03 1.2108874910e-01 -6.4092297262e-02 -1.9481171266e+00 1.8262934334e-01 3.0908804014e+00 2.4968900682e+00 6.3764852753e+01 1.2743049166e+00 1.2264767153e+00
3.6040638609e-01 1.2191009793e+01 6.2839379805e+00 1.4822000000e+04 6.3764833533e+01 6.6522946455e-01 1.8409028356e-01 6.9269649039e-03 1.2092557803e-01 -6.4315658866e-02 -1.9514705364e+00 1.8262934334e-01 3.0917806022e+00 2.4969879112e+00 6.3764805186e+01 1.2745829951e+00 1.2267609218e+00
3.6071415871e-01 1.2180347566e+01 6.2945352096e+00 1.4822000000e+04 6.3764786327e+01 6.6392288761e-01 1.8466777081e-01 6.9226923626e-03 1.2076270941e-01 -6.4539055689e-02 -1.9548225182e+00 1.8262934334e-01 3.0926737946e+00 2.4970850951e+00 6.3764757972e+01 1.2748586335e+00 1.2270426956e+00
3.6102193285e-01 1.2169688077e+01 6.3051537106e+00 1.4822000000e+04 6.3764739471e+01 6.6261943547e-01 1.8524764746e-01 6.9184564110e-03 1.2060013788e-01 -6.4762487923e-02 -1.9581728923e+00 1.8262934334e-01 3.0935600484e+00 2.4971816358e+00 6.3764711108e+01 1.2751318775e+00 1.2273220591e+00
3.6132970849e-01 1.2159031332e+01 6.3157933781e+00 1.4822000000e+04 6.3764692961e+01 6.6131908187e-01 1.8582991145e-01 6.9142568990e-03 1.2043785952e-01 -6.4985955887e-02 -1.9615216074e+00 1.8262934334e-01 3.0944394456e+00 2.4972775464e+00 6.3764664589e+01 1.2754027593e+00 1.2275990381e+00
3.6163748563e-01 1.2148377340e+01 6.3264541072e+00 1.4822000000e+04 6.3764646793e+01 6.6002181026e-01 1.8641456064e-01 6.9100931107e-03 1.2027587177e-01 -6.5209459115e-02 -1.9648687770e+00 1.8262934334e-01 3.0953120510e+00 2.4973728271e+00 6.3764618413e+01 1.2756712933e+00 1.2278736593e+00
3.6194526426e-01 1.2137726107e+01 6.3371357932e+00 1.4822000000e+04 6.3764600966e+01 6.5872760647e-01 1.8700159322e-01 6.9059640429e-03 1.2011417239e-01 -6.5432996969e-02 -1.9682145858e+00 1.8262934334e-01 3.0961779189e+00 2.4974674743e+00 6.3764572577e+01 1.2759374896e+00 1.2281459467e+00
3.6225304436e-01 1.2127077640e+01 6.3478383320e+00 1.4822000000e+04 6.3764555476e+01 6.5743644478e-01 1.8759100774e-01 6.9018697215e-03 1.1995275717e-01 -6.5656569240e-02 -1.9715589264e+00 1.8262934334e-01 3.0970371079e+00 2.4975614961e+00 6.3764527079e+01 1.2762013804e+00 1.2284159218e+00
3.6256082591e-01 1.2116431948e+01 6.3585616199e+00 1.4822000000e+04 6.3764510320e+01 6.5614829544e-01 1.8818280257e-01 6.8978101139e-03 1.1979162153e-01 -6.5880176427e-02 -1.9749017198e+00 1.8262934334e-01 3.0978896961e+00 2.4976549098e+00 6.3764481915e+01 1.2764630064e+00 1.2286836076e+00
3.6286860891e-01 1.2105789037e+01 6.3693055538e+00 1.4822000000e+04 6.3764465494e+01 6.5486314087e-01 1.8877697561e-01 6.8937848723e-03 1.1963076283e-01 -6.6103818282e-02 -1.9782429781e+00 1.8262934334e-01 3.0987357514e+00 2.4977477187e+00 6.3764437081e+01 1.2767223847e+00 1.2289490297e+00
3.6317639334e-01 1.2095148914e+01 6.3800700311e+00 1.4822000000e+04 6.3764420995e+01 6.5358096739e-01 1.8937352501e-01 6.8897930310e-03 1.1947017891e-01 -6.6327494204e-02 -1.9815828879e+00 1.8262934334e-01 3.0995753282e+00 2.4978399200e+00 6.3764392574e+01 1.2769795254e+00 1.2292122120e+00
3.6348417920e-01 1.2084511588e+01 6.3908549495e+00 1.4822000000e+04 6.3764376823e+01 6.5230175692e-01 1.8997244930e-01 6.8858341637e-03 1.1930986683e-01 -6.6551203714e-02 -1.9849214731e+00 1.8262934334e-01 3.1004084776e+00 2.4979315147e+00 6.3764348393e+01 1.2772344473e+00 1.2294731756e+00
3.6379196646e-01 1.2073877065e+01 6.4016602072e+00 1.4822000000e+04 6.3764332972e+01 6.5102547890e-01 1.9057374718e-01 6.8819083818e-03 1.1914982171e-01 -6.6774947213e-02 -1.9882586167e+00 1.8262934334e-01 3.1012352691e+00 2.4980225202e+00 6.3764304535e+01 1.2774871938e+00 1.2297319410e+00
3.6409975513e-01 1.2063245352e+01 6.4124857029e+00 1.4822000000e+04 6.3764289439e+01 6.4975211369e-01 1.9117741666e-01 6.8780155466e-03 1.1899004064e-01 -6.6998724741e-02 -1.9915942723e+00 1.8262934334e-01 3.1020557735e+00 2.4981129443e+00 6.3764260994e+01 1.2777377871e+00 1.2299885324e+00
3.6440754517e-01 1.2052616458e+01 6.4233313359e+00 1.4822000000e+04 6.3764246222e+01 6.4848164752e-01 1.9178345591e-01 6.8741549017e-03 1.1883052147e-01 -6.7222535775e-02 -1.9949285768e+00 1.8262934334e-01 3.1028700461e+00 2.4982027853e+00 6.3764217770e+01 1.2779862383e+00 1.2302429733e+00
3.6471533660e-01 1.2041990390e+01 6.4341970057e+00 1.4822000000e+04 6.3764203319e+01 6.4721406685e-01 1.9239186343e-01 6.8703256857e-03 1.1867126203e-01 -6.7446379741e-02 -1.9982616578e+00 1.8262934334e-01 3.1036781346e+00 2.4982920410e+00 6.3764174859e+01 1.2782325585e+00 1.2304952846e+00
3.6502312938e-01 1.2031367155e+01 6.4450826125e+00 1.4822000000e+04 6.3764160727e+01 6.4594934489e-01 1.9300263801e-01 6.8665280257e-03 1.1851225793e-01 -6.7670256712e-02 -2.0015933930e+00 1.8262934334e-01 3.1044800976e+00 2.4983807239e+00 6.3764132259e+01 1.2784767847e+00 1.2307454853e+00
3.6533092352e-01 1.2020746760e+01 6.4559880568e+00 1.4822000000e+04 6.3764118442e+01 6.4468745887e-01 1.9361577800e-01 6.8627618060e-03 1.1835350576e-01 -6.7894167006e-02 -2.0049237339e+00 1.8262934334e-01 3.1052760065e+00 2.4984688464e+00 6.3764089967e+01 1.2787189466e+00 1.2309935974e+00
3.6563871899e-01 1.2010129214e+01 6.4669132397e+00 1.4822000000e+04 6.3764076462e+01 6.4342839461e-01 1.9423128155e-01 6.8590266072e-03 1.1819500333e-01 -6.8118110239e-02 -2.0082527243e+00 1.8262934334e-01 3.1060659182e+00 2.4985564091e+00 6.3764047979e+01 1.2789590568e+00 1.2312396439e+00
3.6594651580e-01 1.1999514524e+01 6.4778580628e+00 1.4822000000e+04 6.3764034784e+01 6.4217214024e-01 1.9484914713e-01 6.8553215725e-03 1.1803674877e-01 -6.8342085834e-02 -2.0115805301e+00 1.8262934334e-01 3.1068498798e+00 2.4986434091e+00 6.3764006293e+01 1.2791971241e+00 1.2314836454e+00
3.6625431392e-01 1.1988902697e+01 6.4888224279e+00 1.4822000000e+04 6.3763993406e+01 6.4091867547e-01 1.9546937353e-01 6.8516465816e-03 1.1787873871e-01 -6.8566093525e-02 -2.0149071002e+00 1.8262934334e-01 3.1076279407e+00 2.4987298519e+00 6.3763964908e+01 1.2794331738e+00 1.2317256206e+00
3.6656211335e-01 1.1978293741e+01 6.4998062374e+00 1.4822000000e+04 6.3763952325e+01 6.3966797488e-01 1.9609195945e-01 6.8480015568e-03 1.1772096921e-01 -6.8790133742e-02 -2.0182323806e+00 1.8262934334e-01 3.1084001677e+00 2.4988157529e+00 6.3763923820e+01 1.2796672416e+00 1.2319655887e+00
3.6686991408e-01 1.1967687664e+01 6.5108093943e+00 1.4822000000e+04 6.3763911538e+01 6.3842002329e-01 1.9671690310e-01 6.8443863655e-03 1.1756343800e-01 -6.9014206306e-02 -2.0215563322e+00 1.8262934334e-01 3.1091666208e+00 2.4989011159e+00 6.3763883025e+01 1.2798993434e+00 1.2322035719e+00
3.6717771608e-01 1.1957084473e+01 6.5218318020e+00 1.4822000000e+04 6.3763871042e+01 6.3717480907e-01 1.9734420290e-01 6.8408002511e-03 1.1740614323e-01 -6.9238310686e-02 -2.0248791017e+00 1.8262934334e-01 3.1099273475e+00 2.4989859385e+00 6.3763842521e+01 1.2801294881e+00 1.2324395908e+00
3.6748551937e-01 1.1946484177e+01 6.5328733643e+00 1.4822000000e+04 6.3763830835e+01 6.3593231789e-01 1.9797385761e-01 6.8372427410e-03 1.1724908255e-01 -6.9462446411e-02 -2.0282007443e+00 1.8262934334e-01 3.1106823914e+00 2.4990702209e+00 6.3763802308e+01 1.2803576901e+00 1.2326736636e+00
3.6779332392e-01 1.1935886782e+01 6.5439339854e+00 1.4822000000e+04 6.3763790915e+01 6.3469252437e-01 1.9860586617e-01 6.8337138551e-03 1.1709225188e-01 -6.9686613772e-02 -2.0315211801e+00 1.8262934334e-01 3.1114318111e+00 2.4991539775e+00 6.3763762381e+01 1.2805839863e+00 1.2329058076e+00
3.6810112972e-01 1.1925292297e+01 6.5550135701e+00 1.4822000000e+04 6.3763751279e+01 6.3345541140e-01 1.9924022695e-01 6.8302135317e-03 1.1693564867e-01 -6.9910812849e-02 -2.0348403509e+00 1.8262934334e-01 3.1121756690e+00 2.4992372161e+00 6.3763722737e+01 1.2808083971e+00 1.2331360437e+00
3.6840893676e-01 1.1914700730e+01 6.5661120236e+00 1.4822000000e+04 6.3763711924e+01 6.3222096721e-01 1.9987693835e-01 6.8267412638e-03 1.1677927109e-01 -7.0135043195e-02 -2.0381583360e+00 1.8262934334e-01 3.1129140136e+00 2.4993199356e+00 6.3763683375e+01 1.2810309325e+00 1.2333643921e+00
3.6871674504e-01 1.1904112088e+01 6.5772292515e+00 1.4822000000e+04 6.3763672848e+01 6.3098918069e-01 2.0051599912e-01 6.8232963618e-03 1.1662311734e-01 -7.0359304280e-02 -2.0414752624e+00 1.8262934334e-01 3.1136468860e+00 2.4994021339e+00 6.3763644292e+01 1.2812516014e+00 1.2335908707e+00
3.6902455454e-01 1.1893526379e+01 6.5883651600e+00 1.4822000000e+04 6.3763634049e+01 6.2976003024e-01 2.0115740823e-01 6.8198788305e-03 1.1646718386e-01 -7.0583596083e-02 -2.0447910540e+00 1.8262934334e-01 3.1143743358e+00 2.4994838204e+00 6.3763605486e+01 1.2814704339e+00 1.2338154962e+00
3.6933236525e-01 1.1882943611e+01 6.5995196555e+00 1.4822000000e+04 6.3763595523e+01 6.2853349610e-01 2.0180116437e-01 6.8164885319e-03 1.1631146766e-01 -7.0807918913e-02 -2.0481056805e+00 1.8262934334e-01 3.1150964245e+00 2.4995650069e+00 6.3763566953e+01 1.2816874568e+00 1.2340382870e+00
3.6964017716e-01 1.1872363792e+01 6.6106926452e+00 1.4822000000e+04 6.3763557269e+01 6.2730956605e-01 2.0244726593e-01 6.8131252833e-03 1.1615596686e-01 -7.1032272457e-02 -2.0514191263e+00 1.8262934334e-01 3.1158132028e+00 2.4996456946e+00 6.3763528692e+01 1.2819026817e+00 1.2342592630e+00
3.6994799027e-01 1.1861786929e+01 6.6218840366e+00 1.4822000000e+04 6.3763519284e+01 6.2608823006e-01 2.0309571161e-01 6.8097883717e-03 1.1600067986e-01 -7.1256656195e-02 -2.0547315340e+00 1.8262934334e-01 3.1165247117e+00 2.4997258807e+00 6.3763490700e+01 1.2821161160e+00 1.2344784420e+00
3.7025580456e-01 1.1851213032e+01 6.6330937375e+00 1.4822000000e+04 6.3763481567e+01 6.2486947205e-01 2.0374650038e-01 6.8064775861e-03 1.1584560400e-01 -7.1481069828e-02 -2.0580428926e+00 1.8262934334e-01 3.1172309929e+00 2.4998055691e+00 6.3763452976e+01 1.2823277797e+00 1.2346958403e+00
3.7056362002e-01 1.1840642107e+01 6.6443216563e+00 1.4822000000e+04 6.3763444114e+01 6.2365327035e-01 2.0439963121e-01 6.8031927953e-03 1.1569073586e-01 -7.1705513715e-02 -2.0613531750e+00 1.8262934334e-01 3.1179321034e+00 2.4998847732e+00 6.3763415517e+01 1.2825377043e+00 1.2349114740e+00
3.7087143665e-01 1.1830074163e+01 6.6555677019e+00 1.4822000000e+04 6.3763406922e+01 6.2243961178e-01 2.0505510257e-01 6.7999339944e-03 1.1553607347e-01 -7.1929987738e-02 -2.0646623123e+00 1.8262934334e-01 3.1186280967e+00 2.4999634972e+00 6.3763378319e+01 1.2827459040e+00 1.2351253624e+00
3.7117925442e-01 1.1819509208e+01 6.6668317835e+00 1.4822000000e+04 6.3763369991e+01 6.2122848637e-01 2.0571291310e-01 6.7967006231e-03 1.1538161525e-01 -7.2154491428e-02 -2.0679704085e+00 1.8262934334e-01 3.1193190142e+00 2.5000417392e+00 6.3763341381e+01 1.2829523870e+00 1.2353375231e+00
3.7148707335e-01 1.1808947249e+01 6.6781138110e+00 1.4822000000e+04 6.3763333318e+01 6.2001988265e-01 2.0637306175e-01 6.7934922042e-03 1.1522735932e-01 -7.2379024336e-02 -2.0712775364e+00 1.8262934334e-01 3.1200048933e+00 2.5001194986e+00 6.3763304701e+01 1.2831571644e+00 1.2355479721e+00
3.7179489341e-01 1.1798388296e+01 6.6894136944e+00 1.4822000000e+04 6.3763296901e+01 6.1881377960e-01 2.0703554765e-01 6.7903086880e-03 1.1507330225e-01 -7.2603586652e-02 -2.0745836464e+00 1.8262934334e-01 3.1206857836e+00 2.5001967875e+00 6.3763268277e+01 1.2833602675e+00 1.2357567243e+00
3.7210271459e-01 1.1787832356e+01 6.7007313443e+00 1.4822000000e+04 6.3763260736e+01 6.1761016224e-01 2.0770036946e-01 6.7871500141e-03 1.1491944180e-01 -7.2828178491e-02 -2.0778886896e+00 1.8262934334e-01 3.1213617399e+00 2.5002736133e+00 6.3763232106e+01 1.2835617148e+00 1.2359637971e+00
3.7241053689e-01 1.1777279437e+01 6.7120666719e+00 1.4822000000e+04 6.3763224822e+01 6.1640902047e-01 2.0836752579e-01 6.7840158973e-03 1.1476577641e-01 -7.3052799469e-02 -2.0811926893e+00 1.8262934334e-01 3.1220328050e+00 2.5003499758e+00 6.3763196185e+01 1.2837615154e+00 1.2361692084e+00
3.7271836030e-01 1.1766729548e+01 6.7234195888e+00 1.4822000000e+04 6.3763189157e+01 6.1521034506e-01 2.0903701555e-01 6.7809057305e-03 1.1461230457e-01 -7.3277449103e-02 -2.0844957648e+00 1.8262934334e-01 3.1226990148e+00 2.5004258726e+00 6.3763160514e+01 1.2839596766e+00 1.2363729736e+00
3.7302618481e-01 1.1756182696e+01 6.7347900067e+00 1.4822000000e+04 6.3763153740e+01 6.1401411860e-01 2.0970883790e-01 6.7778194343e-03 1.1445902340e-01 -7.3502127301e-02 -2.0877978753e+00 1.8262934334e-01 3.1233604110e+00 2.5005013110e+00 6.3763125090e+01 1.2841562229e+00 1.2365751072e+00
3.7333401041e-01 1.1745638890e+01 6.7461778382e+00 1.4822000000e+04 6.3763118567e+01 6.1282032392e-01 2.1038299178e-01 6.7747568280e-03 1.1430593024e-01 -7.3726834352e-02 -2.0910990141e+00 1.8262934334e-01 3.1240170467e+00 2.5005763018e+00 6.3763089911e+01 1.2843511784e+00 1.2367756246e+00
3.7364183709e-01 1.1735098138e+01 6.7575829961e+00 1.4822000000e+04 6.3763083636e+01 6.1162895044e-01 2.1105947579e-01 6.7717178916e-03 1.1415302351e-01 -7.3951570007e-02 -2.0943991236e+00 1.8262934334e-01 3.1246689673e+00 2.5006508466e+00 6.3763054973e+01 1.2845445537e+00 1.2369745432e+00
3.7394966484e-01 1.1724560449e+01 6.7690053936e+00 1.4822000000e+04 6.3763048945e+01 6.1043998960e-01 2.1173828882e-01 6.7687020578e-03 1.1400030183e-01 -7.4176333801e-02 -2.0976983177e+00 1.8262934334e-01 3.1253162086e+00 2.5007249432e+00 6.3763020277e+01 1.2847363552e+00 1.2371718786e+00
3.7425749366e-01 1.1714025831e+01 6.7804449445e+00 1.4822000000e+04 6.3763014493e+01 6.0925342863e-01 2.1241942998e-01 6.7657090639e-03 1.1384776306e-01 -7.4401125416e-02 -2.1009966131e+00 1.8262934334e-01 3.1259588059e+00 2.5007985939e+00 6.3762985819e+01 1.2849265987e+00 1.2373676447e+00
3.7456532353e-01 1.1703494292e+01 6.7919015629e+00 1.4822000000e+04 6.3762980278e+01 6.0806924907e-01 2.1310289846e-01 6.7627387381e-03 1.1369540425e-01 -7.4625945144e-02 -2.1042940049e+00 1.8262934334e-01 3.1265968080e+00 2.5008718105e+00 6.3762951597e+01 1.2851153115e+00 1.2375618554e+00
3.7487315445e-01 1.1692965840e+01 6.8033751635e+00 1.4822000000e+04 6.3762946296e+01 6.0688743940e-01 2.1378869294e-01 6.7597911208e-03 1.1354322370e-01 -7.4850792916e-02 -2.1075904177e+00 1.8262934334e-01 3.1272302623e+00 2.5009445971e+00 6.3762917609e+01 1.2853025070e+00 1.2377545270e+00
3.7518098640e-01 1.1682440484e+01 6.8148656612e+00 1.4822000000e+04 6.3762912547e+01 6.0570799106e-01 2.1447681226e-01 6.7568658369e-03 1.1339122004e-01 -7.5075668324e-02 -2.1108859103e+00 1.8262934334e-01 3.1278592055e+00 2.5010169527e+00 6.3762883854e+01 1.2854881923e+00 1.2379456752e+00
3.7548881939e-01 1.1671918233e+01 6.8263729715e+00 1.4822000000e+04 6.3762879028e+01 6.0453089474e-01 2.1516725550e-01 6.7539624308e-03 1.1323939174e-01 -7.5300570941e-02 -2.1141805631e+00 1.8262934334e-01 3.1284836696e+00 2.5010888760e+00 6.3762850329e+01 1.2856723763e+00 1.2381353136e+00
3.7579665340e-01 1.1661399095e+01 6.8378970103e+00 1.4822000000e+04 6.3762845738e+01 6.0335613309e-01 2.1586002196e-01 6.7510808052e-03 1.1308773595e-01 -7.5525500876e-02 -2.1174743496e+00 1.8262934334e-01 3.1291036967e+00 2.5011603769e+00 6.3762817033e+01 1.2858550850e+00 1.2383234552e+00
3.7610448842e-01 1.1650883078e+01 6.8494376939e+00 1.4822000000e+04 6.3762812674e+01 6.0218369296e-01 2.1655511053e-01 6.7482208587e-03 1.1293625067e-01 -7.5750458265e-02 -2.1207672426e+00 1.8262934334e-01 3.1297193348e+00 2.5012314627e+00 6.3762783963e+01 1.2860363357e+00 1.2385101148e+00
3.7641232445e-01 1.1640370191e+01 6.8609949391e+00 1.4822000000e+04 6.3762779834e+01 6.0101356560e-01 2.1725251998e-01 6.7453824873e-03 1.1278493456e-01 -7.5975442784e-02 -2.1240592174e+00 1.8262934334e-01 3.1303306221e+00 2.5013021335e+00 6.3762751117e+01 1.2862161365e+00 1.2386953079e+00
3.7672016147e-01 1.1629860443e+01 6.8725686630e+00 1.4822000000e+04 6.3762747217e+01 5.9984574328e-01 2.1795224941e-01 6.7425651743e-03 1.1263378637e-01 -7.6200453991e-02 -2.1273503789e+00 1.8262934334e-01 3.1309375900e+00 2.5013723871e+00 6.3762718494e+01 1.2863944936e+00 1.2388790481e+00
3.7702799949e-01 1.1619353841e+01 6.8841587832e+00 1.4822000000e+04 6.3762714821e+01 5.9868021197e-01 2.1865429806e-01 6.7397687849e-03 1.1248280373e-01 -7.6425491746e-02 -2.1306407130e+00 1.8262934334e-01 3.1315402735e+00 2.5014422291e+00 6.3762686093e+01 1.2865714266e+00 1.2390613478e+00
3.7733583849e-01 1.1608850395e+01 6.8957652177e+00 1.4822000000e+04 6.3762682644e+01 5.9751695674e-01 2.1935866512e-01 6.7369930942e-03 1.1233198432e-01 -7.6650556311e-02 -2.1339302365e+00 1.8262934334e-01 3.1321387187e+00 2.5015116692e+00 6.3762653909e+01 1.2867469573e+00 1.2392422202e+00
3.7764367846e-01 1.1598350114e+01 6.9073878851e+00 1.4822000000e+04 6.3762650683e+01 5.9635596840e-01 2.2006534936e-01 6.7342381807e-03 1.1218132676e-01 -7.6875647491e-02 -2.1372188668e+00 1.8262934334e-01 3.1327329661e+00 2.5015807093e+00 6.3762621943e+01 1.2869210952e+00 1.2394216802e+00
3.7795151939e-01 1.1587853006e+01 6.9190267041e+00 1.4822000000e+04 6.3762618938e+01 5.9519723957e-01 2.2077434979e-01 6.7315036169e-03 1.1203082987e-01 -7.7100764874e-02 -2.1405066861e+00 1.8262934334e-01 3.1333230472e+00 2.5016493476e+00 6.3762590192e+01 1.2870938464e+00 1.2395997415e+00
3.7825936129e-01 1.1577359079e+01 6.9306815940e+00 1.4822000000e+04 6.3762587406e+01 5.9404076005e-01 2.2148566568e-01 6.7287891187e-03 1.1188049193e-01 -7.7325908134e-02 -2.1437937286e+00 1.8262934334e-01 3.1339089922e+00 2.5017175854e+00 6.3762558654e+01 1.2872652228e+00 1.2397764165e+00
3.7856720414e-01 1.1566868343e+01 6.9423524746e+00 1.4822000000e+04 6.3762556086e+01 5.9288651417e-01 2.2219929637e-01 6.7260944878e-03 1.1173031041e-01 -7.7551077502e-02 -2.1470800068e+00 1.8262934334e-01 3.1344908427e+00 2.5017854329e+00 6.3762527328e+01 1.2874352486e+00 1.2399517166e+00
3.7887504793e-01 1.1556380807e+01 6.9540392660e+00 1.4822000000e+04 6.3762524975e+01 5.9173449182e-01 2.2291524075e-01 6.7234197548e-03 1.1158028379e-01 -7.7776272948e-02 -2.1503654549e+00 1.8262934334e-01 3.1350686407e+00 2.5018528944e+00 6.3762496212e+01 1.2876039358e+00 1.2401256561e+00
3.7918289266e-01 1.1545896478e+01 6.9657418887e+00 1.4822000000e+04 6.3762494072e+01 5.9058468558e-01 2.2363349778e-01 6.7207647106e-03 1.1143041092e-01 -7.8001494116e-02 -2.1536500878e+00 1.8262934334e-01 3.1356424189e+00 2.5019199690e+00 6.3762465303e+01 1.2877712910e+00 1.2402982487e+00
3.7949073832e-01 1.1535415366e+01 6.9774602636e+00 1.4822000000e+04 6.3762463376e+01 5.8943708783e-01 2.2435406668e-01 6.7181289403e-03 1.1128069053e-01 -7.8226740612e-02 -2.1569339853e+00 1.8262934334e-01 3.1362122050e+00 2.5019866555e+00 6.3762434602e+01 1.2879373212e+00 1.2404695063e+00
3.7979858490e-01 1.1524937480e+01 6.9891943122e+00 1.4822000000e+04 6.3762432884e+01 5.8829168427e-01 2.2507694686e-01 6.7155123133e-03 1.1113112022e-01 -7.8452012473e-02 -2.1602171393e+00 1.8262934334e-01 3.1367780348e+00 2.5020529617e+00 6.3762404105e+01 1.2881020481e+00 1.2406394400e+00
3.8010643239e-01 1.1514462829e+01 7.0009439561e+00 1.4822000000e+04 6.3762402596e+01 5.8714846333e-01 2.2580213743e-01 6.7129146743e-03 1.1098169825e-01 -7.8677309847e-02 -2.1634995483e+00 1.8262934334e-01 3.1373399500e+00 2.5021188947e+00 6.3762373810e+01 1.2882654876e+00 1.2408080625e+00
3.8041428079e-01 1.1503991422e+01 7.0127091176e+00 1.4822000000e+04 6.3762372507e+01 5.8600741742e-01 2.2652963730e-01 6.7103360537e-03 1.1083242346e-01 -7.8902632462e-02 -2.1667811501e+00 1.8262934334e-01 3.1378979851e+00 2.5021844548e+00 6.3762343717e+01 1.2884276471e+00 1.2409753872e+00
3.8072213009e-01 1.1493523267e+01 7.0244897194e+00 1.4822000000e+04 6.3762342619e+01 5.8486853997e-01 2.2725944567e-01 6.7077760264e-03 1.1068329476e-01 -7.9127979921e-02 -2.1700620322e+00 1.8262934334e-01 3.1384521675e+00 2.5022496403e+00 6.3762313823e+01 1.2885885318e+00 1.2411414262e+00
3.8102998029e-01 1.1483058373e+01 7.0362856842e+00 1.4822000000e+04 6.3762312929e+01 5.8373181966e-01 2.2799156190e-01 6.7052344277e-03 1.1053431025e-01 -7.9353352045e-02 -2.1733421984e+00 1.8262934334e-01 3.1390025270e+00 2.5023144549e+00 6.3762284128e+01 1.2887481575e+00 1.2413061903e+00
3.8133783137e-01 1.1472596750e+01 7.0480969356e+00 1.4822000000e+04 6.3762283435e+01 5.8259724354e-01 2.2872598535e-01 6.7027110001e-03 1.1038546788e-01 -7.9578749069e-02 -2.1766216847e+00 1.8262934334e-01 3.1395491034e+00 2.5023789077e+00 6.3762254628e+01 1.2889065437e+00 1.2414696905e+00
3.8164568333e-01 1.1462138407e+01 7.0599233974e+00 1.4822000000e+04 6.3762254135e+01 5.8146480356e-01 2.2946271495e-01 6.7002058581e-03 1.1023676645e-01 -7.9804170844e-02 -2.1799004020e+00 1.8262934334e-01 3.1400919328e+00 2.5024430008e+00 6.3762225323e+01 1.2890636993e+00 1.2416319400e+00
3.8195353617e-01 1.1451683352e+01 7.0717649937e+00 1.4822000000e+04 6.3762225028e+01 5.8033449335e-01 2.3020174984e-01 6.6977187109e-03 1.1008820493e-01 -8.0029617003e-02 -2.1831783977e+00 1.8262934334e-01 3.1406310432e+00 2.5025067327e+00 6.3762196211e+01 1.2892196295e+00 1.2417929507e+00
3.8226138987e-01 1.1441231596e+01 7.0836216492e+00 1.4822000000e+04 6.3762196113e+01 5.7920630470e-01 2.3094308937e-01 6.6952492735e-03 1.0993978194e-01 -8.0255087228e-02 -2.1864557159e+00 1.8262934334e-01 3.1411664605e+00 2.5025701039e+00 6.3762167290e+01 1.2893743438e+00 1.2419527333e+00
3.8256924443e-01 1.1430783146e+01 7.0954932889e+00 1.4822000000e+04 6.3762167388e+01 5.7808022433e-01 2.3168673301e-01 6.6927973363e-03 1.0979149529e-01 -8.0480581687e-02 -2.1897323806e+00 1.8262934334e-01 3.1416982203e+00 2.5026331232e+00 6.3762138560e+01 1.2895278630e+00 1.2421112978e+00
3.8287709984e-01 1.1420338012e+01 7.1073798381e+00 1.4822000000e+04 6.3762138850e+01 5.7695624332e-01 2.3243267985e-01 6.6903628843e-03 1.0964334366e-01 -8.0706100386e-02 -2.1930083474e+00 1.8262934334e-01 3.1422263597e+00 2.5026957948e+00 6.3762110017e+01 1.2896801983e+00 1.2422686563e+00
3.8318495610e-01 1.1409896204e+01 7.1192812228e+00 1.4822000000e+04 6.3762110499e+01 5.7583435524e-01 2.3318092893e-01 6.6879458495e-03 1.0949532605e-01 -8.0931643016e-02 -2.1962835914e+00 1.8262934334e-01 3.1427509079e+00 2.5027581183e+00 6.3762081661e+01 1.2898313556e+00 1.2424248209e+00
3.8349281320e-01 1.1399457731e+01 7.1311973689e+00 1.4822000000e+04 6.3762082334e+01 5.7471455378e-01 2.3393147960e-01 6.6855458666e-03 1.0934744139e-01 -8.1157209211e-02 -2.1995581865e+00 1.8262934334e-01 3.1432718892e+00 2.5028200923e+00 6.3762053491e+01 1.2899813406e+00 1.2425798022e+00
3.8380067113e-01 1.1389022601e+01 7.1431282032e+00 1.4822000000e+04 6.3762054352e+01 5.7359682714e-01 2.3468433135e-01 6.6831627900e-03 1.0919968770e-01 -8.1382798955e-02 -2.2028321368e+00 1.8262934334e-01 3.1437893339e+00 2.5028817232e+00 6.3762025504e+01 1.2901301714e+00 1.2427336096e+00
3.8410852989e-01 1.1378590824e+01 7.1550736526e+00 1.4822000000e+04 6.3762026553e+01 5.7248116516e-01 2.3543948346e-01 6.6807964103e-03 1.0905206342e-01 -8.1608412399e-02 -2.2061054663e+00 1.8262934334e-01 3.1443032785e+00 2.5029430173e+00 6.3761997699e+01 1.2902778624e+00 1.2428862539e+00
3.8441638947e-01 1.1368162410e+01 7.1670336444e+00 1.4822000000e+04 6.3761998933e+01 5.7136756120e-01 2.3619693498e-01 6.6784468389e-03 1.0890456754e-01 -8.1834049319e-02 -2.2093780906e+00 1.8262934334e-01 3.1448137539e+00 2.5030039757e+00 6.3761970075e+01 1.2904244205e+00 1.2430377471e+00
3.8472424986e-01 1.1357737368e+01 7.1790081065e+00 1.4822000000e+04 6.3761971493e+01 5.7025600965e-01 2.3695668519e-01 6.6761137493e-03 1.0875719915e-01 -8.2059709356e-02 -2.2126500742e+00 1.8262934334e-01 3.1453207844e+00 2.5030645965e+00 6.3761942630e+01 1.2905698501e+00 1.2431880995e+00
3.8503211106e-01 1.1347315707e+01 7.1909969668e+00 1.4822000000e+04 6.3761944231e+01 5.6914650136e-01 2.3771873354e-01 6.6737969627e-03 1.0860995667e-01 -8.2285392308e-02 -2.2159214328e+00 1.8262934334e-01 3.1458243954e+00 2.5031248825e+00 6.3761915363e+01 1.2907141638e+00 1.2433373208e+00
3.8533997306e-01 1.1336897437e+01 7.2030001540e+00 1.4822000000e+04 6.3761917146e+01 5.6803902509e-01 2.3848307953e-01 6.6714962050e-03 1.0846283833e-01 -8.2511098379e-02 -2.2191922162e+00 1.8262934334e-01 3.1463246211e+00 2.5031848418e+00 6.3761888273e+01 1.2908573793e+00 1.2434854203e+00
3.8564783586e-01 1.1326482568e+01 7.2150175969e+00 1.4822000000e+04 6.3761890234e+01 5.6693357378e-01 2.3924972225e-01 6.6692115773e-03 1.0831584305e-01 -8.2736827458e-02 -2.2224623443e+00 1.8262934334e-01 3.1468214939e+00 2.5032444766e+00 6.3761861357e+01 1.2909995044e+00 1.2436324093e+00
3.8595569945e-01 1.1316071107e+01 7.2270492248e+00 1.4822000000e+04 6.3761863497e+01 5.6583014189e-01 2.4001866089e-01 6.6669429181e-03 1.0816896995e-01 -8.2962579224e-02 -2.2257318283e+00 1.8262934334e-01 3.1473150387e+00 2.5033037858e+00 6.3761834614e+01 1.2911405441e+00 1.2437782984e+00
3.8626356382e-01 1.1305663067e+01 7.2390949673e+00 1.4822000000e+04 6.3761836931e+01 5.6472872275e-01 2.4078989492e-01 6.6646899560e-03 1.0802221791e-01 -8.3188353368e-02 -2.2290007165e+00 1.8262934334e-01 3.1478052780e+00 2.5033627694e+00 6.3761808044e+01 1.2912805057e+00 1.2439230971e+00
3.8657142897e-01 1.1295258455e+01 7.2511547546e+00 1.4822000000e+04 6.3761810537e+01 5.6362930515e-01 2.4156342390e-01 6.6624524819e-03 1.0787558506e-01 -8.3414150004e-02 -2.2322690398e+00 1.8262934334e-01 3.1482922421e+00 2.5034214347e+00 6.3761781644e+01 1.2914194072e+00 1.2440668139e+00
3.8687929490e-01 1.1284857281e+01 7.2632285168e+00 1.4822000000e+04 6.3761784311e+01 5.6253188120e-01 2.4233924707e-01 6.6602304193e-03 1.0772907021e-01 -8.3639969164e-02 -2.2355367804e+00 1.8262934334e-01 3.1487759638e+00 2.5034797861e+00 6.3761755414e+01 1.2915572590e+00 1.2442094592e+00
3.8718716158e-01 1.1274459555e+01 7.2753161850e+00 1.4822000000e+04 6.3761758253e+01 5.6143644529e-01 2.4311736357e-01 6.6580238096e-03 1.0758267249e-01 -8.3865810582e-02 -2.2388038814e+00 1.8262934334e-01 3.1492564694e+00 2.5035378234e+00 6.3761729351e+01 1.2916940663e+00 1.2443510437e+00
3.8749502903e-01 1.1264065288e+01 7.2874176902e+00 1.4822000000e+04 6.3761732362e+01 5.6034299212e-01 2.4389777284e-01 6.6558323461e-03 1.0743639102e-01 -8.4091673925e-02 -2.2420704056e+00 1.8262934334e-01 3.1497337803e+00 2.5035955451e+00 6.3761703455e+01 1.2918298340e+00 1.2444915766e+00
3.8780289724e-01 1.1253674487e+01 7.2995329639e+00 1.4822000000e+04 6.3761706636e+01 5.5925151201e-01 2.4468047442e-01 6.6536558772e-03 1.0729022415e-01 -8.4317559128e-02 -2.2453363657e+00 1.8262934334e-01 3.1502079221e+00 2.5036529563e+00 6.3761677725e+01 1.2919645768e+00 1.2446310662e+00
3.8811076619e-01 1.1243287164e+01 7.3116619379e+00 1.4822000000e+04 6.3761681074e+01 5.5816199599e-01 2.4546546776e-01 6.6514941524e-03 1.0714417048e-01 -8.4543466345e-02 -2.2486018069e+00 1.8262934334e-01 3.1506789268e+00 2.5037100630e+00 6.3761652158e+01 1.2920983082e+00 1.2447695217e+00
3.8841863588e-01 1.1232903328e+01 7.3238045447e+00 1.4822000000e+04 6.3761655674e+01 5.5707443825e-01 2.4625275201e-01 6.6493473174e-03 1.0699822913e-01 -8.4769395389e-02 -2.2518666366e+00 1.8262934334e-01 3.1511468222e+00 2.5037668664e+00 6.3761626754e+01 1.2922310342e+00 1.2449069535e+00
3.8872650631e-01 1.1222522988e+01 7.3359607167e+00 1.4822000000e+04 6.3761630436e+01 5.5598883394e-01 2.4704232652e-01 6.6472151452e-03 1.0685239932e-01 -8.4995345941e-02 -2.2551308930e+00 1.8262934334e-01 3.1516116298e+00 2.5038233649e+00 6.3761601511e+01 1.2923627588e+00 1.2450433709e+00
3.8903437748e-01 1.1212146155e+01 7.3481303870e+00 1.4822000000e+04 6.3761605358e+01 5.5490517566e-01 2.4783419082e-01 6.6450974546e-03 1.0670667977e-01 -8.5221317784e-02 -2.2583945997e+00 1.8262934334e-01 3.1520733714e+00 2.5038795604e+00 6.3761576428e+01 1.2924934922e+00 1.2451787823e+00
3.8934224937e-01 1.1201772838e+01 7.3603134889e+00 1.4822000000e+04 6.3761580438e+01 5.5382345368e-01 2.4862834452e-01 6.6429939687e-03 1.0656106891e-01 -8.5447311089e-02 -2.2616578144e+00 1.8262934334e-01 3.1525320767e+00 2.5039354600e+00 6.3761551504e+01 1.2926232498e+00 1.2453131955e+00
3.8965012199e-01 1.1191403048e+01 7.3725099561e+00 1.4822000000e+04 6.3761555676e+01 5.5274366175e-01 2.4942478683e-01 6.6409047467e-03 1.0641556578e-01 -8.5673325779e-02 -2.2649204758e+00 1.8262934334e-01 3.1529877742e+00 2.5039910660e+00 6.3761526737e+01 1.2927520392e+00 1.2454466205e+00
3.8995799532e-01 1.1181036794e+01 7.3847197227e+00 1.4822000000e+04 6.3761531070e+01 5.5166579507e-01 2.5022351703e-01 6.6388297381e-03 1.0627016965e-01 -8.5899361572e-02 -2.2681825621e+00 1.8262934334e-01 3.1534404866e+00 2.5040463779e+00 6.3761502127e+01 1.2928798646e+00 1.2455790667e+00
3.9026586936e-01 1.1170674086e+01 7.3969427231e+00 1.4822000000e+04 6.3761506619e+01 5.5058984816e-01 2.5102453464e-01 6.6367686973e-03 1.0612487957e-01 -8.6125418176e-02 -2.2714441204e+00 1.8262934334e-01 3.1538902334e+00 2.5041013950e+00 6.3761477671e+01 1.2930067320e+00 1.2457105424e+00
3.9057374410e-01 1.1160314935e+01 7.4091788920e+00 1.4822000000e+04 6.3761482322e+01 5.4951581156e-01 2.5182783931e-01 6.6347214245e-03 1.0597969395e-01 -8.6351495655e-02 -2.2747051847e+00 1.8262934334e-01 3.1543370405e+00 2.5041561236e+00 6.3761453370e+01 1.2931326567e+00 1.2458410549e+00
3.9088161955e-01 1.1149959349e+01 7.4214281647e+00 1.4822000000e+04 6.3761458177e+01 5.4844367828e-01 2.5263343041e-01 6.6326877829e-03 1.0583461173e-01 -8.6577594062e-02 -2.2779657639e+00 1.8262934334e-01 3.1547809367e+00 2.5042105678e+00 6.3761429221e+01 1.2932576483e+00 1.2459706131e+00
3.9118949569e-01 1.1139607341e+01 7.4336904765e+00 1.4822000000e+04 6.3761434184e+01 5.4737344342e-01 2.5344130717e-01 6.6306678848e-03 1.0568963215e-01 -8.6803713170e-02 -2.2812257798e+00 1.8262934334e-01 3.1552219460e+00 2.5042647279e+00 6.3761405223e+01 1.2933817118e+00 1.2460992265e+00
3.9149737252e-01 1.1129258918e+01 7.4459657633e+00 1.4822000000e+04 6.3761410340e+01 5.4630510249e-01 2.5425146907e-01 6.6286614876e-03 1.0554475447e-01 -8.7029852673e-02 -2.2844852806e+00 1.8262934334e-01 3.1556600871e+00 2.5043186024e+00 6.3761381375e+01 1.2935048509e+00 1.2462269033e+00
3.9180525004e-01 1.1118914093e+01 7.4582539612e+00 1.4822000000e+04 6.3761386646e+01 5.4523864752e-01 2.5506391574e-01 6.6266684435e-03 1.0539997730e-01 -8.7256012474e-02 -2.2877442832e+00 1.8262934334e-01 3.1560953820e+00 2.5043721951e+00 6.3761357677e+01 1.2936270780e+00 1.2463536507e+00
3.9211312824e-01 1.1108572874e+01 7.4705550069e+00 1.4822000000e+04 6.3761363100e+01 5.4417407062e-01 2.5587864675e-01 6.6246884770e-03 1.0525529942e-01 -8.7482192721e-02 -2.2910028483e+00 1.8262934334e-01 3.1565278585e+00 2.5044255118e+00 6.3761334126e+01 1.2937484053e+00 1.2464794765e+00
3.9242100710e-01 1.1098235272e+01 7.4828688371e+00 1.4822000000e+04 6.3761339700e+01 5.4311136668e-01 2.5669566133e-01 6.6227217272e-03 1.0511072005e-01 -8.7708393260e-02 -2.2942608889e+00 1.8262934334e-01 3.1569575416e+00 2.5044785536e+00 6.3761310722e+01 1.2938688383e+00 1.2466043899e+00
3.9272888664e-01 1.1087901297e+01 7.4951953891e+00 1.4822000000e+04 6.3761316445e+01 5.4205053148e-01 2.5751495890e-01 6.6207680643e-03 1.0496623851e-01 -8.7934613808e-02 -2.2975184150e+00 1.8262934334e-01 3.1573844506e+00 2.5045313194e+00 6.3761287463e+01 1.2939883806e+00 1.2467283991e+00
3.9303676685e-01 1.1077570960e+01 7.5075346005e+00 1.4822000000e+04 6.3761293335e+01 5.4099155902e-01 2.5833653904e-01 6.6188273139e-03 1.0482185374e-01 -8.8160854144e-02 -2.3007754537e+00 1.8262934334e-01 3.1578086043e+00 2.5045838103e+00 6.3761264349e+01 1.2941070403e+00 1.2468515115e+00
3.9334464772e-01 1.1067244271e+01 7.5198864091e+00 1.4822000000e+04 6.3761270368e+01 5.3993444087e-01 2.5916040146e-01 6.6168992079e-03 1.0467756438e-01 -8.8387114403e-02 -2.3040320663e+00 1.8262934334e-01 3.1582300282e+00 2.5046360325e+00 6.3761241378e+01 1.2942248312e+00 1.2469737338e+00
3.9365252924e-01 1.1056921240e+01 7.5322507531e+00 1.4822000000e+04 6.3761247543e+01 5.3887917151e-01 2.5998654547e-01 6.6149837493e-03 1.0453336959e-01 -8.8613394539e-02 -2.3072882154e+00 1.8262934334e-01 3.1586487479e+00 2.5046879885e+00 6.3761218549e+01 1.2943417600e+00 1.2470950747e+00
3.9396041141e-01 1.1046601878e+01 7.5446275711e+00 1.4822000000e+04 6.3761224859e+01 5.3782574674e-01 2.6081497043e-01 6.6130809766e-03 1.0438926870e-01 -8.8839694305e-02 -2.3105438518e+00 1.8262934334e-01 3.1590647837e+00 2.5047396779e+00 6.3761195860e+01 1.2944578309e+00 1.2472155424e+00
3.9426829422e-01 1.1036286195e+01 7.5570168021e+00 1.4822000000e+04 6.3761202315e+01 5.3677416201e-01 2.6164567591e-01 6.6111906766e-03 1.0424526095e-01 -8.9066013425e-02 -2.3137990174e+00 1.8262934334e-01 3.1594781528e+00 2.5047910999e+00 6.3761173312e+01 1.2945730484e+00 1.2473351444e+00
3.9457617768e-01 1.1025974201e+01 7.5694183853e+00 1.4822000000e+04 6.3761179910e+01 5.3572440938e-01 2.6247866160e-01 6.6093126661e-03 1.0410134498e-01 -8.9292351924e-02 -2.3170537461e+00 1.8262934334e-01 3.1598888773e+00 2.5048422597e+00 6.3761150903e+01 1.2946874258e+00 1.2474538870e+00
3.9488406178e-01 1.1015665908e+01 7.5818322602e+00 1.4822000000e+04 6.3761157642e+01 5.3467648263e-01 2.6331392701e-01 6.6074467568e-03 1.0395751983e-01 -8.9518709868e-02 -2.3203080705e+00 1.8262934334e-01 3.1602969827e+00 2.5048931613e+00 6.3761128632e+01 1.2948009718e+00 1.2475717778e+00
3.9519194650e-01 1.1005361325e+01 7.5942583667e+00 1.4822000000e+04 6.3761135511e+01 5.3363037747e-01 2.6415147145e-01 6.6055930960e-03 1.0381378484e-01 -8.9745087063e-02 -2.3235619029e+00 1.8262934334e-01 3.1607024905e+00 2.5049438050e+00 6.3761106496e+01 1.2949136909e+00 1.2476888252e+00
3.9549983186e-01 1.0995060463e+01 7.6066966450e+00 1.4822000000e+04 6.3761113516e+01 5.3258609004e-01 2.6499129443e-01 6.6037515104e-03 1.0367013939e-01 -8.9971483233e-02 -2.3268152725e+00 1.8262934334e-01 3.1611054175e+00 2.5049941897e+00 6.3761084497e+01 1.2950255866e+00 1.2478050364e+00
3.9580771783e-01 1.0984763333e+01 7.6191470358e+00 1.4822000000e+04 6.3761091655e+01 5.3154361381e-01 2.6583339564e-01 6.6019218597e-03 1.0352658231e-01 -9.0197898257e-02 -2.3300681988e+00 1.8262934334e-01 3.1615057825e+00 2.5050443181e+00 6.3761062633e+01 1.2951366687e+00 1.2479204180e+00
3.9611560443e-01 1.0974469946e+01 7.6316094799e+00 1.4822000000e+04 6.3761069928e+01 5.3050294182e-01 2.6667777474e-01 6.6001038586e-03 1.0338311252e-01 -9.0424332270e-02 -2.3333207524e+00 1.8262934334e-01 3.1619036098e+00 2.5050941956e+00 6.3761040901e+01 1.2952469484e+00 1.2480349764e+00
3.9642349163e-01 1.0964180311e+01 7.6440839184e+00 1.4822000000e+04 6.3761048333e+01 5.2946406956e-01 2.6752443106e-01 6.5982976142e-03 1.0323972933e-01 -9.0650785150e-02 -2.3365728605e+00 1.8262934334e-01 3.1622989217e+00 2.5051438234e+00 6.3761019303e+01 1.2953564308e+00 1.2481487197e+00
3.9673137945e-01 1.0953894440e+01 7.6565702930e+00 1.4822000000e+04 6.3761026870e+01 5.2842699335e-01 2.6837336406e-01 6.5965030839e-03 1.0309643214e-01 -9.0877256645e-02 -2.3398245060e+00 1.8262934334e-01 3.1626917358e+00 2.5051932007e+00 6.3760997835e+01 1.2954651192e+00 1.2482616553e+00
3.9703926787e-01 1.0943612344e+01 7.6690685454e+00 1.4822000000e+04 6.3761005537e+01 5.2739170828e-01 2.6922457338e-01 6.5947201073e-03 1.0295322010e-01 -9.1103746536e-02 -2.3430757167e+00 1.8262934334e-01 3.1630820683e+00 2.5052423279e+00 6.3760976499e+01 1.2955730200e+00 1.2483737896e+00
3.9734715690e-01 1.0933334034e+01 7.6815786179e+00 1.4822000000e+04 6.3760984334e+01 5.2635820710e-01 2.7007805878e-01 6.5929484330e-03 1.0281009199e-01 -9.1330254925e-02 -2.3463265536e+00 1.8262934334e-01 3.1634699412e+00 2.5052912106e+00 6.3760955291e+01 1.2956801453e+00 1.2484851285e+00
3.9765504651e-01 1.0923059519e+01 7.6941004528e+00 1.4822000000e+04 6.3760963259e+01 5.2532648489e-01 2.7093381969e-01 6.5911880075e-03 1.0266704709e-01 -9.1556781789e-02 -2.3495770037e+00 1.8262934334e-01 3.1638553771e+00 2.5053398513e+00 6.3760934212e+01 1.2957865015e+00 1.2485956795e+00
3.9796293672e-01 1.0912788812e+01 7.7066339930e+00 1.4822000000e+04 6.3760942311e+01 5.2429653796e-01 2.7179185552e-01 6.5894389282e-03 1.0252408480e-01 -9.1783326914e-02 -2.3528269994e+00 1.8262934334e-01 3.1642383948e+00 2.5053882496e+00 6.3760913261e+01 1.2958920922e+00 1.2487054499e+00
