# x[mm] y[mm]
3.5919125570e-04 2.4947100476e-03
-8.5074605852e-01 -2.9244508135e-01
-1.0961802704e+00 4.0720004562e-01
-2.2412901059e-01 7.4578441078e-01
4.2265742355e-01 -3.2008428128e-01
1.1908376298e+00 -6.6014951732e-03
1.9928725163e-02 -6.6617563361e-01
-9.9477922644e-01 4.3407200819e-01
3.0449408228e-01 4.4738059661e-01
-1.2183518413e+00 2.8767172286e-02
1.0572558722e+00 -2.4944594784e-01
6.9203883574e-01 5.3050033697e-01
1.2306534813e+00 1.5303780349e-01
-9.7520235814e-01 4.0636681647e-01
-7.8348658707e-01 -2.1163044154e-01
2.8546330420e-01 -3.3385063281e-01
1.6894722045e-01 6.3766652642e-01
1.1412961330e+00 -4.8626261795e-01
1.5070756980e+00 -4.2666293851e-02
-7.4549447637e-01 6.2802978822e-01
1.3668349407e-01 2.6384777956e-01
-3.3429582139e-01 -6.3410440061e-01
9.8316348378e-01 -5.6785512352e-01
1.1572042799e+00 3.1994366104e-01
-4.7718598053e-01 7.2887333804e-01
5.3310579513e-01 -2.3088237260e-01
3.1547622990e-01 -2.7214322265e-01
-1.2457783326e+00 1.3608532839e-01
-1.5047968771e+00 -9.9608783968e-02
4.4704250750e-01 -6.7628541589e-01
-5.0881491389e-01 4.5502885952e-02
-1.0845689636e+00 5.9611296595e-02
1.0184149107e+00 -1.6967853852e-01
9.4512189171e-01 -6.3487480407e-01
-4.9354843139e-01 7.0383190286e-01
-3.7061169053e-01 -5.6740725475e-01
5.3002934699e-01 -2.2586959173e-01
9.5792700423e-01 1.1372226446e-02
-2.3468327579e-01 2.8354079758e-01
-1.0704755620e+00 -2.8490163263e-01
-1.0102627353e+00 4.9387650121e-01
7.4439350132e-01 1.8163578931e-01
3.3784584268e-02 -7.2063904572e-01
5.3392979351e-01 -7.0902931460e-01
-4.9563402472e-01 7.0403852232e-01
1.0988321698e+00 3.4975930976e-01
-3.2239545244e-01 -1.5911582587e-01
4.9062860961e-01 -2.9566213305e-01
8.6241007000e-02 3.8717681835e-01
-1.4666869745e-01 3.1637680808e-01
2.2378369711e-01 -6.7464689207e-01
1.9153109402e-01 -3.0890629971e-01
-5.0597198944e-01 6.0065426510e-01
-3.8798619711e-01 -2.0923210129e-01
-1.1475253547e+00 -1.9784756755e-01
1.2552347943e+00 -2.7461060958e-01
-9.1742940982e-01 3.5559035771e-01
-9.6911281916e-01 3.0603207464e-01
8.2551624756e-01 -4.8484981009e-01
-1.1854423507e+00 -8.1944538871e-02
-8.2042702603e-01 6.1692179767e-01
4.2495987340e-01 -6.5690874347e-01
5.2977241097e-01 5.8295767977e-02
9.6556537628e-01 4.4904295612e-01
-1.0925108768e+00 -2.0820525173e-01
-9.9164917630e-02 2.0213599150e-01
-6.8192630743e-01 6.9607854309e-01
-4.9823172064e-01 7.0139142476e-01
1.5033025420e+00 1.1544208294e-01
-5.4968406431e-01 5.4237865530e-02
-2.7434987998e-01 6.9694798132e-01
-8.0152531487e-02 -6.7030280344e-01
1.0298443088e-01 6.3489074528e-01
-5.7612746634e-02 -2.6514163431e-01
1.2974726515e+00 1.6193941594e-01
-6.9489770376e-01 -1.9239986897e-03
-1.3855959806e-01 -1.9427341186e-01
6.9155609202e-01 4.9475224695e-01
-4.5501087365e-01 7.1098833286e-01
2.3342219775e-01 4.5121119460e-01
-8.6360129239e-01 6.0024610381e-01
1.3418524979e+00 -2.3803566135e-01
-1.5414201792e+00 1.6776115645e-02
-9.9950266508e-01 4.0383013963e-01
-2.2425296154e-01 -6.1291220788e-01
-6.4021091402e-01 2.2653710760e-01
-2.8583196981e-02 6.1374277181e-01
1.8407735317e-01 -1.5342161627e-01
7.0452598865e-01 5.0514744566e-01
-4.7243381156e-01 -5.9093967104e-01
1.1766194079e+00 3.3043303422e-02
-1.3820290609e+00 -7.5030515863e-02
-1.2110669116e-01 -6.1981037282e-01
6.6658854506e-02 -1.6372558143e-01
3.7941254805e-01 -5.0717722173e-01
7.4785848614e-01 -7.1953621305e-01
-6.8472543439e-01 -5.3116661136e-01
1.3271105698e+00 -3.3803798287e-01
1.8829691029e-01 -4.4809749583e-02
1.1028455263e+00 -3.3574758270e-01
8.9621814731e-02 5.3114327583e-01
1.3552773799e+00 -1.9815158871e-01
7.5219196804e-01 5.0694525368e-01
3.2321765265e-01 -1.7752539065e-01
1.1105267614e+00 -5.2742235212e-01
-4.4999490053e-01 1.1928242032e-01
-1.1969046326e+00 5.4856332941e-01
-1.2086016649e+00 8.9715842594e-02
2.6358430069e-03 6.9357027571e-01
-5.6404444538e-01 6.8281963779e-01
5.2380720651e-01 -5.3129347847e-01
1.1823297507e+00 -3.6742699152e-01
-1.2974986144e+00 5.4840825701e-03
1.2436015864e+00 2.1674339728e-01
6.7616793426e-02 -6.9371958596e-01
-8.6721324279e-01 6.4562838431e-01
1.0310021573e+00 -6.0432627937e-01
-6.1392052985e-01 3.8373312558e-01
4.3114820768e-01 -2.2643778886e-01
-1.1408903650e+00 -8.2848970240e-02
1.2372610049e+00 -4.7046522658e-01
-4.8072786044e-01 6.9429310360e-01
6.2483046962e-01 -6.6298434141e-01
-5.8148337766e-01 7.0477982248e-01
1.2158979375e+00 1.5436397252e-01
-5.6929258335e-01 6.7334814099e-01
1.3556042351e+00 -3.7337878445e-01
8.6268573781e-02 -2.0358828075e-01
1.0672932887e-02 2.0240400294e-01
-8.9151054075e-02 3.0888970040e-01
-1.1035768180e+00 6.8508706231e-02
-2.9139006132e-02 -1.7832091740e-01
6.4157717229e-02 7.6135769871e-02
-1.2868336873e+00 -2.2254867769e-01
5.3886095850e-02 3.1693504365e-01
1.0108592743e+00 -5.7415791602e-01
-1.2608657921e+00 1.7281249245e-01
-1.2551532125e-01 -3.4972341617e-01
-9.2201913122e-01 5.9796600540e-01
9.7959437283e-01 -6.4290168476e-01
-1.5296008283e-01 3.7212178989e-01
-2.1494129752e-01 2.8309289976e-01
-9.4775962593e-01 -3.7821778312e-01
1.1205359308e+00 -4.2686547606e-01
-1.2070440297e+00 4.7724711330e-02
9.3730762929e-01 2.7653041168e-01
8.8088435565e-01 4.3669573458e-01
4.0819177847e-01 -3.4296302554e-01
-1.2595862630e+00 -1.8041269192e-01
-5.7003024236e-01 1.0614043780e-01
-1.0442263055e+00 -1.6772135856e-01
1.2024127362e+00 2.3669002506e-01
-1.3532262265e+00 1.7419279457e-01
4.9725497138e-01 1.7925151612e-02
9.5821119060e-01 -4.0890736939e-01
6.4509411030e-01 -6.2669795467e-01
-3.4602670059e-01 -1.3217213272e-01
7.2141745449e-01 2.2821175897e-01
-1.3549097939e+00 3.9499566348e-01
8.3121687930e-01 -3.6682130731e-02
-2.9122535724e-01 -5.1482847977e-01
3.1070307444e-01 4.6935952957e-02
-6.4690879598e-01 2.0821766057e-01
1.2880370044e+00 3.3977420421e-01
-3.7817325122e-01 -6.1170030564e-01
-1.0612119035e+00 -3.8439997143e-01
-9.9461676109e-02 6.2283516265e-01
-1.4232797239e+00 4.1197023579e-01
7.7867342592e-01 3.7843873506e-01
-8.5396136005e-01 1.9224805653e-01
7.3293813689e-01 -5.2997813752e-01
-8.9774176430e-01 2.0385413197e-01
-6.2946536557e-01 6.2598909228e-01
-7.0852875506e-01 1.4852049690e-01
8.1799735299e-01 -5.4726454171e-01
-2.7483435147e-01 2.4546603502e-01
1.2193726584e+00 1.3585757157e-01
-7.2336405323e-01 -3.5222332009e-01
-4.4618910935e-01 6.5199117619e-01
-1.4028214437e+00 -1.9271517805e-01
-1.1692534380e-01 -6.5065646353e-01
-8.1232264322e-01 7.0802469280e-01
5.7993231966e-01 -8.1569133150e-02
4.3816699261e-01 -5.6395374969e-01
1.1586544826e+00 3.0968553950e-01
1.1358882962e+00 -2.1444762076e-01
-8.6383487192e-01 4.7060416183e-01
5.0624731865e-01 -6.6993818702e-01
1.3718069397e-01 -4.3371650544e-01
3.2814211865e-01 -6.4989016530e-01
2.5636279231e-01 5.3723909879e-01
-1.5199053194e+00 2.6318024923e-01
1.2209733815e+00 2.4406901045e-01
-1.3791222537e+00 3.2068058503e-02
1.0014644123e+00 -3.7417636475e-01
1.5168160955e+00 -1.3554121413e-01
1.0557408279e+00 6.5312814253e-02
-1.2998874048e+00 1.7512056240e-01
-3.4470082416e-01 3.8748551005e-01
-2.2418509645e-01 2.2286588635e-01
3.9263088024e-01 2.8153932629e-01
-1.1703539068e+00 -2.2767990249e-01
9.4630578100e-01 -5.2301405363e-01
7.0598060023e-01 -4.7061232755e-01
2.7471507927e-01 -3.8639125154e-01
1.0294505882e+00 2.3200074927e-01
-1.1360329352e+00 -2.6520590920e-01
-6.8617644772e-01 6.5567081949e-01
1.0526849764e+00 -5.5728665846e-01
-1.2701746470e+00 -2.0819363807e-02
4.9218506956e-01 8.1161420921e-02
1.3585211994e+00 -1.0173831881e-02
-1.0566034624e+00 5.9103281536e-02
-1.5260541621e-02 5.9193173945e-01
4.1947273996e-01 5.6447324475e-01
1.3170559671e+00 -1.7103011726e-01
-7.0857826233e-01 3.9779272869e-01
1.4086110385e+00 2.0142411141e-01
1.4859113527e+00 -1.0826500539e-01
-6.4865628553e-01 6.7234820652e-01
-1.8834724143e-01 -4.8480835661e-01
9.8415886905e-02 1.6017526637e-01
-5.2524666147e-01 6.8498209196e-01
1.2226153292e+00 -4.3707433623e-02
-1.1146353177e+00 1.8106157337e-01
1.1837170303e+00 3.1794672607e-01
5.8374802755e-02 -4.6125679954e-02
-6.5516366758e-01 5.4807233308e-01
9.3281172008e-01 -1.4824627971e-01
-1.0975150527e+00 -1.5264575536e-02
-5.5612559042e-01 9.6719384570e-02
1.3047129326e-01 1.6551224862e-01
-4.7205931744e-01 6.2756868592e-01
-2.9996479704e-01 1.5423078078e-01
-5.0678461887e-01 2.9579195593e-01
1.3084967164e+00 -1.1973540623e-01
-1.8934325356e-01 -6.4662532442e-01
7.9357700048e-01 -5.6170787243e-01
8.5524839566e-01 -9.1118505146e-02
8.2686081372e-02 -3.7514236381e-01
6.6342543291e-01 2.3863261864e-01
1.2250693089e-02 6.5520549574e-01
-1.2239219506e+00 -2.5784097175e-01
1.2580383521e+00 2.1166957304e-01
1.0346909565e+00 -3.7269696756e-01
-1.2429841967e+00 4.5474349616e-01
-1.5988165774e+00 3.4845455309e-02
4.2688919626e-01 -6.4873657728e-01
-5.9910644567e-01 -1.0898126226e-01
-3.5534987069e-01 6.4790620112e-01
1.2261769430e-01 -5.5930253306e-01
-7.0521692723e-03 -1.6756687093e-01
-3.2851563219e-01 6.8332878303e-01
6.2038246648e-01 -6.9889338867e-01
1.0686873859e+00 6.2356486293e-02
1.3827487458e+00 -1.5030565017e-01
-8.3065465127e-01 3.6562448049e-01
-1.0139656814e+00 3.5018389022e-01
7.5781666356e-01 -3.6521048788e-01
-6.7442160433e-01 -1.6768670720e-03
9.5896729996e-01 4.4387349192e-01
1.2575087594e+00 3.0413207744e-01
-6.0978072261e-01 2.9654349161e-01
-1.1924224020e-01 -1.6412788350e-01
4.1950195635e-01 4.0150970866e-01
-1.2997862333e+00 -4.9759647437e-02
6.6605977760e-01 -6.8307558905e-01
2.8758028885e-02 3.2619931910e-02
9.7910104871e-01 1.5982848225e-01
6.2579937909e-01 -6.4822287932e-01
1.0808221836e-01 -5.6562502839e-01
-6.3793013657e-01 -3.3757733595e-01
7.2387010274e-01 4.5895928356e-01
8.5563865806e-01 -1.4887730404e-01
-1.0626060795e+00 2.9823974586e-01
5.3998056779e-01 -6.3381501306e-01
7.7796531738e-02 -4.9978188199e-01
-1.4332833819e+00 -2.4533051671e-03
6.5392267790e-01 -6.8882859350e-01
-1.0265171841e+00 6.1143175729e-02
-1.3513979658e+00 3.5835778736e-01
7.1153688202e-01 -1.4918584966e-01
-1.0089852714e+00 -2.7231303095e-01
-8.1416160813e-01 -4.2605441008e-01
-4.1203000218e-02 -6.0276881226e-01
7.2582584010e-01 4.0451817153e-01
1.0725876373e+00 9.6313655960e-02
1.1375161471e+00 -2.6186093820e-01
-1.2259022235e+00 -2.6478065724e-01
4.7989513341e-01 -5.2923212780e-01
-7.1845397124e-01 6.5512677428e-01
5.0583704988e-01 -7.1670661022e-01
9.0389929364e-01 7.4967317947e-02
-1.2789978020e+00 -1.5037570136e-01
-1.1475799753e+00 3.5929787635e-01
-1.2760845779e+00 4.2301544656e-01
-1.2251630361e+00 -9.6907029219e-02
1.0075058196e+00 4.2860581495e-01
-4.1182411864e-02 -7.1522868106e-03
-1.5125219012e-04 1.1837698205e-01
-2.4563784559e-01 5.3460431388e-01
-8.1984240310e-01 -1.6500929579e-02
8.0997839375e-01 -6.4969247303e-01
-8.8778033311e-01 3.5688778248e-02
3.6200422348e-01 -2.8178855627e-01
5.3723731271e-01 -5.2319309739e-02
-1.3665935759e+00 7.0771444350e-02
-3.6586589169e-01 3.8297890964e-01
-7.5767574929e-02 3.0415745512e-01
1.0281297814e+00 -3.1440197503e-01
-7.8026025526e-01 -9.5967884572e-02
7.4412539430e-01 1.5180761545e-01
-1.0290837111e+00 2.3054986270e-01
1.1313583909e+00 -1.6233586532e-02
-1.2277293094e+00 1.5886711403e-01
-2.1082077087e-01 -6.4102348009e-01
1.9686181959e-01 -2.8670967535e-01
3.0238336610e-01 -1.5892249718e-01
1.0370716990e-01 4.0483501659e-01
9.2818740343e-01 -5.7216103986e-01
-6.0302518575e-02 4.2217338218e-01
-8.6837722801e-02 1.6972590887e-01
-4.7752688551e-01 3.1772653011e-01
-6.2217679292e-01 -5.0792661058e-01
5.9413192380e-01 5.1597068636e-01
-1.4182071875e+00 -1.1641945137e-01
1.3104208940e+00 -2.2735465967e-02
7.7583521507e-01 -6.0558983965e-01
-6.8958912686e-01 6.2818869723e-01
-1.1617461846e+00 -2.7690169783e-01
-5.9663490979e-01 3.6661027160e-01
7.6361052059e-01 -6.6029788755e-01
-1.4389823093e-01 -6.9073063731e-01
1.2689100151e+00 2.7211254545e-01
-3.9602444229e-01 3.7983610424e-01
-1.5467633949e+00 1.0822307088e-01
2.5589979178e-01 -5.7275098911e-03
1.1551158803e+00 2.4348294941e-01
-5.7033090755e-01 1.3026309561e-01
-3.6654240188e-01 -3.3593680927e-01
3.9921645173e-01 -1.6303619213e-01
-7.5394386506e-01 -1.5353004224e-02
-6.7980064402e-01 6.3882108913e-01
1.2934505883e-01 6.4928745306e-01
-3.5859139436e-01 7.2344229831e-01
4.6297174550e-01 -7.0125477688e-01
1.2198070041e-01 -4.8123696688e-01
-7.9574451846e-01 -4.0198774380e-01
3.7493019727e-01 -5.5558777298e-01
-3.4155826514e-01 -5.1365169519e-01
3.4689519628e-01 6.2386396851e-01
2.8305492320e-01 -6.9006963885e-01
1.7219015787e-01 -1.9659168665e-01
1.1422703616e+00 -1.3257964668e-01
9.9516754243e-01 -4.4183288120e-02
-1.7809504185e-02 2.7694211452e-01
-2.9829416721e-01 -2.6641599508e-01
9.8632836552e-01 -3.8201582493e-01
1.9057057220e-01 3.2193872628e-01
-7.0212690743e-01 -3.7313481806e-01
-1.5907901867e-01 2.4712673292e-01
1.0779659065e+00 1.9842073033e-01
-1.2106741509e-01 -6.8742951629e-01
-8.6346292697e-01 -4.2255972598e-01
-1.7419576626e-01 5.7332976632e-01
-1.2558802042e-01 7.1652663957e-01
1.4313515083e+00 2.1790667977e-01
7.6685245679e-01 -3.2158060244e-01
-4.5226356311e-02 6.2997987566e-02
-1.3831541207e+00 -9.2019120447e-02
1.1688581555e+00 -6.4281553840e-03
-9.7391167537e-01 -3.7447464231e-01
1.1253286373e+00 3.0843687008e-01
-1.1356649186e-01 -3.2553594353e-01
2.9686695685e-01 -2.4543584460e-01
1.3457360424e+00 -2.6425504176e-01
3.2434256611e-01 -1.3406562009e-01
-5.3272665288e-01 7.2725457565e-01
2.4327296899e-01 -7.0410915840e-01
-1.4105172431e+00 -1.1389832270e-01
-1.9816544124e-02 -3.0035982600e-01
-1.3153190739e+00 -2.1472057287e-01
-1.0296279925e+00 3.8439311550e-02
9.5334539399e-01 4.7121666280e-01
-1.1061534074e+00 5.1379288197e-01
-3.1751687837e-01 7.1201777917e-01
1.2361019309e+00 -9.8170899818e-02
7.6482361137e-02 -2.0807343320e-02
5.7525624127e-02 -7.1676551591e-02
-1.0577852544e+00 5.8759206145e-01
1.2926396363e+00 -5.7605996912e-02
-1.0696468487e+00 5.9000571831e-01
-1.1754096556e-01 -6.9583469217e-02
5.9277775744e-01 -1.0828071698e-01
-1.5565703011e+00 -7.7369636225e-03
6.2195184013e-01 -4.6785140562e-02
-3.7732043307e-01 6.8348207725e-01
-7.4074064906e-01 -4.8658302806e-01
5.5371857891e-02 1.9241620873e-01
8.2926045655e-01 5.8659949089e-02
-1.4785103755e+00 1.6786192785e-02
-1.0478098528e+00 -3.6330967680e-01
2.7529408197e-01 -7.2630302890e-01
1.2021225298e+00 2.1844991703e-01
-9.7942379525e-01 -2.7594801798e-01
1.2571740060e+00 -2.2802198499e-01
-9.1382706333e-01 3.7338271933e-01
3.0823316633e-01 -6.5423985733e-01
-3.4427706411e-02 -1.7848305130e-02
1.5051125691e+00 -2.9256103680e-01
1.2528653795e-01 1.6109590104e-01
9.4442436316e-01 4.3972123741e-01
-1.1500149977e+00 -1.8993481522e-01
1.1409493130e+00 -2.0698262653e-01
-1.1370376496e+00 -9.8015087926e-02
-1.1496072937e+00 -2.8865147881e-01
-1.0921484195e+00 3.5256209038e-01
-1.3118839993e+00 1.0262184231e-01
4.2257208648e-01 6.0168173034e-01
-1.0232901579e+00 -3.1496144108e-01
1.2174803327e-01 -2.1151800176e-01
-1.2460674589e+00 4.0827303287e-01
2.1728106588e-01 2.7587171576e-01
3.3687417726e-01 5.9636992167e-01
-2.3098767009e-01 3.5088172237e-01
1.0798654008e-01 -5.4686389316e-01
9.4321540012e-01 1.9722730581e-02
6.8339091986e-02 -1.8036348503e-01
5.4900618470e-01 5.4654409596e-01
-1.4250787703e+00 2.1702132186e-01
-1.1326462151e+00 5.1477140494e-01
1.0765582993e+00 -2.9721978097e-01
-1.4354685102e+00 -1.0934638825e-01
1.1530502169e+00 -2.3090814631e-02
-1.4018508072e+00 -1.5295088288e-01
-3.8558214471e-01 4.1097195929e-01
6.1136450617e-02 -5.4699565420e-01
8.3299736770e-01 4.0073887038e-01
-3.8676622839e-02 -3.5556734187e-01
1.3072248284e-01 6.2514765293e-01
1.3971581477e+00 -1.7766318576e-01
-1.3940732659e+00 1.5557168535e-01
-4.9272783863e-01 7.0443468107e-01
-5.3101364369e-01 -5.2422371919e-01
-6.4379064200e-01 5.8311096068e-01
-8.8365624449e-01 -3.8514831326e-01
8.4549146626e-01 -4.5445792647e-01
-8.5038263043e-01 2.1224433978e-01
1.4455542730e+00 3.6961088623e-03
7.9216101368e-01 -5.1834644208e-01
1.2549407684e+00 3.1831349811e-01
-4.0777367924e-01 -2.9555614285e-01
-1.2930578836e+00 4.0551295947e-01
-4.0671893915e-01 5.9130515813e-01
1.6504203794e-01 -1.7548535556e-01
-8.7974691369e-01 -4.1483486206e-01
-4.2026688683e-01 1.7469760550e-01
8.1986381832e-01 -3.1499615528e-01
2.4975434779e-01 6.4651477946e-01
3.6900779718e-02 4.5207948932e-01
1.0612287410e+00 1.2481186521e-01
8.9159724135e-01 -5.0105383485e-01
1.2607275470e+00 3.1843295355e-01
1.4702880618e+00 -1.2360572367e-01
-1.0433406051e+00 -2.4820289177e-01
6.4834673142e-01 1.4350425091e-01
-2.0785491983e-01 2.5576472591e-01
-1.4945091981e+00 1.1981453869e-01
3.4401360207e-01 -6.4494018015e-01
2.8456422309e-01 -4.4719229595e-01
3.6283943799e-02 -2.9330761778e-01
7.8348260076e-01 -5.4942461083e-01
-1.0721849111e+00 2.9928109380e-01
-1.1890378814e+00 -2.1844329133e-01
-2.8461360778e-01 7.1605682072e-01
1.3058539337e+00 1.8256704208e-01
-5.9067946682e-02 1.8156282067e-01
-1.2558475399e+00 -3.0839830611e-01
1.0026567479e+00 -4.8728748845e-01
-7.3989949127e-01 6.9427541713e-01
1.5099880073e+00 3.8768272892e-02
-4.1495706337e-01 1.4188913652e-01
7.2519190427e-02 2.2525284639e-01
4.4616893081e-01 -7.2322657474e-01
-1.1324639754e+00 -3.3930627471e-01
-5.4226534378e-02 1.0767351456e-01
7.4477983696e-01 5.0325284360e-01
1.8591364493e-01 -4.4375711159e-01
-1.2063444794e+00 -2.9265564136e-01
-1.1494971800e+00 2.4456676598e-01
1.3254432017e+00 3.3617461699e-01
1.1762083423e+00 -4.4936086816e-01
-9.5016293407e-01 5.7457726605e-01
-3.9482348783e-01 -5.6493679456e-01
1.1102369288e-01 2.3079901514e-01
-4.3580608552e-01 7.2260428723e-01
7.2341390151e-01 -5.1458019067e-01
-1.4804807211e+00 -1.4830955154e-01
7.7585602064e-01 -4.7483430054e-01
-1.1971507233e+00 -1.2979454508e-01
5.0654255210e-01 -7.0023355671e-01
1.1271028183e-01 -6.5239578808e-01
-1.3520705482e-01 -6.8194276021e-01
-1.2265282328e+00 -2.1049792531e-01
3.4479618673e-01 1.4687339194e-01
1.3861603245e+00 -2.6046672814e-01
-1.4208714473e+00 5.0015115140e-02
2.8685231554e-01 -2.3146960484e-02
8.1779334460e-01 -4.6051046920e-01
-7.1894477475e-01 -1.5130861604e-01
-4.8060927148e-01 1.1906288674e-01
-1.3366267711e+00 2.1756562014e-01
-1.2684009027e-01 6.1074531359e-01
9.9702670784e-04 -6.4294535690e-03
-1.2155728579e+00 -1.5895384956e-01
2.5223022315e-02 3.1242052549e-01
6.0401347936e-02 -4.7337538781e-01
8.8963537262e-01 3.4781997139e-01
-1.2342543230e+00 4.6048650964e-01
6.2231832374e-01 -6.4452319563e-01
2.0156528331e-02 -5.2483370298e-01
-3.4773519478e-01 2.1693481167e-01
1.2846838259e+00 2.0681093548e-01
-4.7580087701e-01 -3.9049800372e-01
4.9511540093e-01 3.0998370045e-02
1.3728970352e-01 -4.9949716718e-01
-1.2763025125e+00 3.7264144455e-01
8.3906592270e-01 4.0810924139e-01
7.3460954299e-01 -5.6761433147e-01
-1.2462720681e+00 1.8282338152e-01
-2.8569082380e-01 3.7755205360e-01
2.7977746890e-01 1.1255108897e-01
-4.5343293003e-01 5.8990784627e-01
3.9224637507e-01 -3.1135590872e-03
7.0365268644e-01 -6.4829948367e-02
-1.1079663622e+00 5.9252734247e-01
8.9724918976e-01 -2.8627324346e-01
-7.2923751749e-01 5.9498282760e-01
1.2538358138e+00 1.6366706214e-01
-1.2527868846e+00 -2.2245793216e-02
6.4497110385e-01 -6.7279269149e-01
8.8166473574e-01 2.6524502965e-01
-1.3589423410e+00 -6.4497376155e-02
5.3869054486e-01 -7.1475300006e-01
-1.7684779890e-02 -1.6191207554e-01
5.8247867689e-01 -6.8712433320e-01
1.2944417740e+00 -2.5242523851e-02
-9.6696719906e-01 5.2035712253e-01
9.6937491820e-01 -6.1033829566e-01
-8.4345571376e-01 2.1006988844e-01
-8.3955384756e-01 1.5169469849e-01
6.3171249534e-01 -1.5534145605e-01
-1.1973771772e+00 5.1427595184e-01
8.6945543533e-01 4.4822024516e-01
-1.1702816508e+00 -2.7226094066e-01
1.0313846055e+00 -5.1842286845e-01
-1.4589516075e+00 1.1310061733e-02
9.3462452504e-01 2.2786123208e-01
-8.5268645585e-01 2.6073053034e-01
-2.6747057349e-01 4.2465866918e-01
8.6268334504e-01 4.3961632167e-01
-5.7256494486e-01 6.5198757192e-01
3.7545684963e-01 -6.2761575008e-01
-1.1770962812e+00 8.3166835188e-02
7.9277638838e-01 -8.8526545319e-02
-1.0786822788e+00 4.9763804304e-01
-3.8523874143e-01 1.0430449332e-01
-1.0950074294e+00 3.9969402218e-01
8.5417065596e-01 4.2918152665e-01
1.0708283605e+00 -7.0763018492e-02
-1.2537477588e+00 3.5360864002e-01
1.3198686963e+00 2.7687931519e-01
1.9791401026e-01 -4.9220390394e-01
-2.6311532677e-01 3.3314416141e-01
1.3430947266e+00 2.5234607664e-01
4.8097306365e-01 -5.9489822725e-01
-7.6085245113e-01 5.7424328682e-01
-6.7679296336e-01 -4.8536229579e-01
1.0410586200e+00 -4.6664087573e-01
4.9390557816e-02 6.0649579876e-01
-9.3534609619e-01 5.0377339003e-01
-1.6737575983e-01 4.9831027871e-01
-1.5174194961e+00 2.0822499691e-01
8.9302627826e-01 -6.2856399322e-01
1.4327381732e+00 9.0934830517e-02
-6.8606636606e-01 1.1205228743e-01
-1.4143573799e-01 9.6456267185e-02
3.9362709382e-01 -3.9208261012e-02
1.8358369456e-01 -5.1919925577e-01
1.1246137194e+00 -2.8128788765e-01
-4.1088675881e-01 4.3529412852e-01
-8.4218655100e-01 -3.6726478229e-01
-3.4750757680e-01 -5.0108335241e-01
8.3932817898e-01 4.0711533959e-01
-1.2948746285e+00 -1.2559347633e-01
1.1043069963e+00 -6.9601271479e-02
-3.0887964341e-01 4.2905505804e-01
-6.5522318845e-01 6.0875477267e-01
-3.1412521374e-01 -1.3642059665e-01
6.2115149364e-01 -6.7362365847e-01
7.4401470615e-01 4.6441487897e-01
6.7234435694e-02 5.1675482204e-01
-9.2929220417e-01 6.9004485027e-02
1.2546869803e+00 3.0494194970e-01
-1.1115946971e+00 4.0608350593e-01
-1.2660851037e+00 -9.6788281338e-02
-4.6290064472e-01 -1.6473838094e-01
1.2884387016e+00 9.2977725502e-02
-9.0898253857e-01 -1.0862978415e-01
1.1245547927e+00 1.4148425813e-01
-5.6743623488e-01 6.7335968383e-01
-1.3221602002e-01 2.1431850115e-01
-5.0165718340e-01 6.8511814028e-01
6.0453711566e-01 -6.9409956447e-01
3.2295662931e-01 1.6648268389e-01
1.9782879194e-01 7.1780168845e-02
-1.2551348361e+00 1.0993204570e-01
-1.2899971822e+00 -1.1840002709e-01
1.1862541800e+00 3.0300734486e-01
1.1567126403e+00 2.2909618953e-01
-5.2423780387e-03 -3.9871896128e-01
8.9932845525e-01 -2.7901760220e-01
-1.4120655682e+00 -2.1660498407e-01
3.0850015537e-01 -3.2249639412e-01
-1.1843339560e+00 3.3415299235e-01
1.0931669345e+00 -1.6856692409e-01
-1.2496193492e+00 -2.3274919782e-01
-5.7098139164e-02 5.3639779467e-01
-1.5668026986e-01 3.6608507371e-01
-1.7611944073e-01 2.2363315619e-01
-9.4129561518e-01 2.8754597833e-01
-3.8393468328e-01 -5.5109102390e-01
-5.7470274151e-01 4.5844526694e-01
-9.9907705937e-01 -5.9627727138e-02
1.3981215142e+00 2.4792821155e-01
1.4471025274e+00 1.5132110993e-01
6.8143691261e-01 -2.7736697594e-01
6.1340457220e-01 -7.3271247609e-01
5.8043230546e-01 -6.8571696782e-01
1.3773118540e+00 1.1838750855e-01
-6.1496349342e-01 4.2043307652e-01
4.9028823693e-01 -2.9650293216e-01
-7.2975128737e-02 -1.2752156332e-01
-1.0218039368e+00 2.8853395469e-01
-6.7901478001e-01 -4.9495441863e-01
1.2891472303e+00 1.6266351809e-01
6.6165630806e-01 -4.1644186625e-01
-3.9973837390e-01 -6.6356682086e-02
1.8954345882e-01 -8.0280938692e-02
-1.0652583755e+00 5.8878462816e-01
6.7471955084e-01 -6.4844506206e-01
-5.2678372693e-01 6.2392082487e-01
4.8065858225e-01 1.9616942974e-01
1.0636558622e+00 3.8272751705e-01
-1.0554069922e+00 -1.1717780370e-01
-4.2093555899e-01 -3.1980026716e-01
7.3562947570e-01 -6.1547162300e-01
-1.1619135525e+00 -3.1847353160e-01
1.2427452511e+00 1.1851336646e-01
-1.4014285357e+00 -1.8271853326e-01
-2.2536024095e-01 4.1262951036e-01
-1.0148896381e+00 5.6417738471e-01
-1.7337143184e-01 -1.5295663487e-01
1.0565616808e+00 -5.9621989964e-01
4.1234440625e-01 3.0378688358e-02
-2.0843430723e-01 1.0186383406e-01
-8.7118274468e-01 5.4131303948e-01
1.1118351244e+00 2.6930225854e-01
5.4132839290e-01 5.4908012255e-01
-8.0287881090e-01 4.5418852223e-01
-8.1626594194e-01 2.4740720167e-01
7.8907733601e-01 -1.6833107135e-02
-1.1868166706e+00 1.4231434265e-01
-7.8167453767e-01 5.5816342100e-01
-5.1962837805e-02 6.9771695399e-01
-5.3990504133e-01 -5.1487760851e-01
-3.2111630625e-01 3.2581146275e-01
-6.2007336787e-01 3.6416674025e-01
1.7334865228e-01 3.5789267276e-01
5.5175874231e-01 -3.8858459922e-01
-2.5355199273e-01 -4.2955775919e-01
2.7135045034e-01 5.2981195898e-01
1.1899564708e+00 7.2843191161e-02
-1.1852372764e-01 -4.9647246564e-01
-1.2337368227e+00 -2.5686466905e-01
9.4713945922e-01 -1.1459453364e-01
1.0216200939e+00 -2.6507061226e-01
-1.2328025325e+00 2.2179605424e-01
5.9255386174e-01 -6.7384403210e-01
-1.3255185192e+00 1.5081010688e-01
-3.3960405677e-01 4.5046369766e-01
-8.1718117778e-01 4.7394507556e-01
1.3364389722e+00 -8.6886221661e-02
-7.0919074224e-01 3.7655344473e-01
3.0515711701e-01 -3.0102249191e-01
-9.5519765712e-01 -9.5866126417e-03
6.5793877419e-03 4.0868858068e-01
-5.5574752580e-01 4.5032003652e-01
-8.5047097237e-01 6.8890302330e-01
9.6544195741e-01 -4.6846182529e-01
-1.0717516052e+00 5.5529979820e-01
3.9366059349e-01 -3.7213176111e-01
-1.2205248350e+00 1.2445139650e-01
-1.2355071199e+00 2.8362542735e-01
2.2910807377e-01 6.4354162450e-01
4.2320113203e-01 -6.4179060562e-01
2.4627375047e-01 5.8790561004e-01
6.2034861044e-01 3.8519585671e-04
1.2526859833e+00 4.1412636027e-02
1.9843340335e-01 2.8565841663e-01
-1.3041027070e+00 2.6991295234e-01
1.3115169615e+00 4.8846259338e-04
-5.3863199995e-01 7.0054431315e-01
1.6830371664e-01 1.4917193656e-01
-6.9851863432e-01 6.7874653779e-01
8.2186859211e-02 -4.9561052869e-01
6.5046783813e-01 -5.2097276390e-01
4.6730934868e-01 1.8699932362e-01
1.2290121190e+00 2.6783826974e-01
-1.1811975255e+00 -1.5417901420e-01
9.9337686006e-01 1.1170810387e-01
1.3686253258e+00 1.6890829923e-01
-1.0792852723e+00 -3.1314850117e-01
-5.1502478710e-01 5.7317742248e-01
2.2533640887e-02 7.0347952944e-01
5.7171650165e-01 -6.9721756641e-01
3.0366099040e-01 2.0695414022e-01
-9.1953817557e-03 -2.1815101234e-01
7.5921422680e-01 -5.0964060432e-01
1.0769007614e+00 6.9096761503e-02
-2.2146470390e-01 -3.4700660584e-01
-6.9154802568e-01 -4.7035710361e-01
5.4356214909e-01 5.6065611089e-01
-7.6279969389e-01 6.5433909878e-01
-1.6425117147e-01 4.3330707619e-01
-8.0744606303e-01 -4.1563653960e-02
-7.4879149854e-01 4.2196445422e-01
3.5132955594e-01 1.0761715846e-01
1.6880757733e-01 -6.8191815585e-01
-4.3021863069e-01 6.8104112451e-01
7.1969254814e-01 -6.4876832312e-01
-5.5939565106e-01 -1.5350994743e-01
-1.2298476837e+00 5.1877605996e-01
-5.5962502940e-01 -8.2319211844e-02
-1.1070080858e-01 2.4046249726e-01
1.2473957041e+00 1.6179404219e-01
8.4883724370e-01 -3.1970238167e-01
-5.8510598978e-01 -3.4661509547e-01
1.3140883667e+00 3.5535339521e-02
-5.8093313312e-01 2.4457199987e-02
-4.7115482749e-01 7.1368985211e-01
-1.1497421307e+00 4.7139226763e-01
6.0684565256e-01 -7.0403567358e-01
2.1507157309e-02 -9.5172755765e-03
5.7606793475e-01 -4.3638153075e-01
-1.5007452369e+00 -1.7728179739e-01
4.2541261702e-01 3.7695009800e-01
-1.1042278144e+00 -6.1644788289e-02
-3.0773806368e-01 3.3465611791e-01
4.9957095065e-01 -3.9042734535e-01
-1.4136447894e+00 -1.8808332297e-01
-5.5328284751e-01 6.8130261115e-01
1.2861001775e+00 -2.3987953714e-01
6.9124542934e-02 -7.1536717698e-01
1.4236843949e+00 4.9179093514e-02
5.4649616454e-01 -5.7301893660e-01
-6.7300779759e-01 6.1743880877e-01
1.1022899748e+00 1.4204180271e-01
-8.8815741656e-01 -3.6013580610e-01
6.2694172732e-01 5.3999141326e-01
-1.0029774732e+00 3.9717972671e-01
1.2092643056e+00 3.3863089004e-01
2.2445878979e-01 -1.0249172063e-01
-1.5095604250e+00 1.8327321348e-01
-4.6707449130e-01 -5.2948840669e-01
5.6859090441e-01 -9.7727993238e-02
-3.4418120099e-01 7.4588406868e-01
3.5904380771e-01 2.2219811128e-01
-1.3547270472e+00 9.8434415780e-02
-6.1573668796e-01 2.0159420723e-01
1.0460635074e+00 -1.7589565597e-01
2.8065638801e-01 -3.8129436278e-01
-6.3512615694e-01 6.5540040392e-01
-5.6620630593e-01 -4.9914146676e-01
-1.9846298308e-01 -5.3624856839e-01
1.3546511489e+00 -3.3226432921e-01
1.0928550627e+00 -4.4918969011e-02
9.9341384651e-01 -4.9408373888e-01
4.5266582217e-01 -5.4440260763e-01
9.3360631944e-01 4.6050360432e-01
-7.0887954390e-01 6.8558370675e-01
2.1476720143e-01 -6.9229676651e-01
-1.0777223234e+00 1.0039145450e-01
1.2103971609e+00 6.6408982847e-02
-1.0649550708e+00 3.8628606290e-01
-1.0501830059e+00 -3.3256739144e-01
1.4187882598e-01 1.9919368432e-01
1.2791495814e+00 1.4263874536e-01
1.0152425504e+00 -5.5965626988e-01
2.4937340104e-01 6.1572930915e-01
1.1988377828e-01 5.6789449455e-01
-6.7016472711e-01 8.1073954635e-02
9.9007248751e-01 -5.8934191757e-01
8.8607386709e-01 -3.5174277493e-02
-9.6220633771e-01 -2.0350805487e-01
1.4007901891e+00 2.4012496221e-01
-3.1858977406e-01 6.7630248711e-01
1.3112445336e+00 2.3780406770e-01
-1.2392206808e+00 6.3503192650e-02
7.7859543768e-01 5.1531578780e-01
-1.0647827166e-01 -5.5449457565e-01
2.6024528011e-01 3.5642936157e-01
-1.3010417713e+00 1.0737078133e-01
-1.2355528972e+00 2.2501861097e-01
-5.7738146802e-01 7.4264401640e-01
-5.8814975007e-01 6.8392568575e-01
1.2280705410e+00 7.2397741474e-02
6.4853715373e-01 3.5228017277e-01
6.0005257600e-01 -4.4813483540e-01
2.3631353429e-01 -2.6760589786e-01
-2.8278979145e-01 2.6820804690e-01
1.2215629167e-01 -3.7900806359e-01
-8.9469076744e-01 3.1594415175e-01
-1.0161525816e+00 -3.8074738114e-01
-2.7267094734e-01 -5.7454187480e-02
1.0253047347e+00 3.8471112471e-01
-3.4104156877e-01 -1.1636535048e-01
-1.2654833536e+00 -1.2094928114e-01
5.6413234217e-01 4.0631568681e-02
4.4766863034e-01 -7.1201455851e-01
-8.1645757941e-01 1.5054206840e-01
1.8159812068e-01 -3.3893876034e-01
1.1138706140e+00 -3.0716207020e-01
1.3053005621e+00 -1.9013525451e-01
-2.8659486477e-01 -3.2351666401e-01
-6.3646388882e-01 -1.8295703407e-01
9.5571180226e-02 -4.7205240857e-01
-7.6099753097e-01 -4.5763975381e-01
-1.2368243332e+00 -2.5426533942e-01
6.9545694978e-01 -5.9443453137e-01
-6.1263224514e-01 5.3782740592e-01
1.0644013560e+00 3.6272359949e-01
-1.0415054679e+00 -1.3961816681e-01
-7.7614668322e-01 6.7762627904e-01
6.9754246707e-01 -4.5919304079e-01
-6.0237277944e-01 9.0081352973e-02
1.2456349500e-01 6.0859077536e-01
5.8530126633e-01 -1.2299933394e-01
-4.4684765424e-01 -5.9652006841e-01
-4.1346550361e-01 4.1672935501e-01
-1.0674617123e+00 5.5410735953e-01
-1.1800072566e+00 -2.2286386188e-01
-5.8632146568e-01 -5.2906687929e-01
6.7744878979e-01 4.9607255548e-01
8.7848643570e-01 -4.7556433301e-01
-1.1468535771e+00 4.3977153144e-01
3.7190508647e-01 -2.8570792120e-01
1.2754123426e+00 -3.5707898747e-01
-1.0167838842e+00 3.0643577090e-01
-4.1080056877e-01 5.5170203737e-01
5.0613414590e-01 6.5906062053e-02
-1.1428940514e+00 3.5877879649e-01
7.1267293947e-01 -6.8537930502e-02
-1.3249275441e+00 3.8393699359e-02
1.8552861339e-01 -1.3811180431e-01
-1.2960490561e+00 3.8027686389e-01
3.7627311467e-02 5.9226327434e-03
-2.4583542553e-01 6.3211895835e-02
1.1430707273e+00 3.7991281721e-01
-3.3172264155e-02 6.8265368204e-01
1.3995043776e+00 1.2279988846e-01
1.3702314118e+00 1.5801745563e-01
2.3878628874e-01 -1.0010764002e-01
4.7291333208e-01 4.5317483760e-01
9.6543559416e-01 -2.1840658565e-01
1.1548353892e-01 -4.3073060122e-01
-1.3132407831e+00 -8.2825988228e-02
-6.4164597990e-01 1.8359260243e-01
4.0449264683e-01 -6.8473899479e-01
8.0064509255e-01 2.0315470870e-01
-1.2916095867e+00 5.2950254388e-03
-2.9309422483e-01 2.8390452403e-01
-1.6492652819e-01 4.2504049414e-01
-4.6571933961e-01 -5.5438587967e-01
2.4724141771e-01 5.2389689329e-01
1.1737953024e+00 -1.6518996966e-01
1.1738802641e+00 3.1364355729e-01
-1.1434590177e+00 3.9308025573e-01
1.0468945540e+00 -4.6301678135e-01
-2.1232495181e-01 -3.2824279369e-01
4.4634147637e-01 -2.1456333739e-01
-4.9711440931e-01 6.2945145877e-02
1.1139411544e+00 2.9668211130e-01
-1.0889636788e+00 5.4752820691e-01
-8.4512665897e-02 4.3653622209e-01
1.9793332830e-01 5.9783129872e-01
-1.2864606142e+00 3.7786336227e-01
-2.7470322333e-01 4.9089567184e-01
6.5014515045e-01 -1.1553466033e-01
1.1917453102e+00 2.6907605672e-01
5.3565423515e-01 1.1681155962e-01
-4.6687013303e-01 3.3086222487e-01
-2.9029489561e-01 -4.4218250924e-01
9.4759771901e-01 -5.7686661807e-01
-7.9530350197e-01 1.2651180288e-01
1.2198619550e+00 1.9637722266e-01
3.2443636388e-01 -1.2126882287e-01
-4.4625879756e-01 7.3842081999e-01
-3.0585071981e-01 -6.4518785443e-01
-6.1647574594e-01 -5.3585649967e-01
-5.6166609789e-01 6.9909266832e-01
3.8026476739e-01 1.4023311161e-01
5.1713233884e-01 -6.3609335169e-01
1.0420223507e+00 2.0225074825e-01
-1.1080399181e+00 2.8613775057e-01
-1.7926014989e-01 -4.3965351285e-01
-8.9348341575e-01 6.4249278730e-01
1.2426756719e-01 2.1791463246e-01
-2.9633846128e-01 3.9602028202e-01
5.1300503164e-02 -2.2552328163e-01
9.9441328675e-01 4.1481644421e-01
2.9859624304e-01 -3.7028843423e-01
-8.1015306222e-01 -6.6932073003e-02
9.1466776580e-01 -5.7977003711e-01
4.5870938366e-02 3.2777635286e-01
3.1646823068e-01 5.9743600777e-01
-5.7401867475e-01 6.8864887866e-01
5.6968527315e-01 -4.4972825549e-01
9.5628027198e-02 -1.1479367440e-01
-9.2182103640e-01 1.4450434687e-01
2.0042183092e-01 -2.6771680899e-01
8.8923410088e-01 -3.5446630828e-01
4.4857091154e-01 -7.1035631294e-01
6.0701294003e-01 -6.6511984963e-01
8.2818044097e-01 -3.6717663798e-01
-2.6960046076e-01 6.1645017065e-02
1.1467226725e+00 -1.9613016128e-01
-7.3289773200e-01 -1.0005634100e-01
1.3255050880e+00 -1.2487910736e-01
-3.5400937151e-01 -5.2146407811e-01
-4.1961522643e-01 -5.8433582464e-01
5.9640303040e-01 -5.6275024100e-01
-1.5110507875e+00 -1.4173690316e-01
1.1259644525e-01 -1.0845869715e-01
-9.8305729525e-01 4.4781435759e-01
-2.7297733763e-01 1.5488133338e-01
-6.6016924989e-01 3.5785633392e-01
5.1387891433e-01 3.3820863570e-01
7.3638952586e-01 -5.0509309559e-01
-1.3695584534e+00 -1.5126079696e-01
9.8613343237e-01 2.0304137149e-01
4.5842003806e-01 5.5205698169e-01
-5.8161800017e-01 -5.3172683646e-01
4.4549255290e-01 -2.0521442587e-01
1.1533780026e+00 1.6276274752e-01
-5.9941835983e-01 7.1154643112e-01
1.1571346491e+00 -3.3313431262e-01
1.8086836318e-01 -5.1961058891e-01
1.3622496063e+00 -2.5636304432e-01
2.4930750681e-01 6.0967087045e-01
-1.2019778304e+00 4.3725958008e-01
-9.1162910024e-02 4.4140606298e-01
1.4914170796e-01 4.8738067362e-02
-1.2847679722e+00 -1.9206738996e-01
-1.1632885249e+00 3.3786705728e-01
-4.0632470544e-01 6.9016031228e-01
-2.3588553230e-01 -1.7235768962e-01
3.0251283515e-01 2.2580877198e-01
9.8425886954e-01 -4.7197966877e-01
-3.5183779285e-01 5.1333315711e-01
6.0095463718e-02 -1.8811050777e-01
1.1796542231e+00 2.4048646585e-01
-1.2003889053e+00 4.1565205796e-01
1.4742695923e+00 2.3955857830e-01
1.0576144623e+00 -4.1611868884e-01
-1.1184603737e+00 -3.2415379536e-01
7.0109160608e-02 -6.6402665410e-01
-2.7869164073e-01 -1.5734584106e-01
2.1499398300e-01 -3.9823855851e-01
1.0973172154e+00 -2.6421884252e-01
-9.3169361978e-01 3.9475768532e-01
-9.4485637189e-01 4.0632431553e-01
-7.1633013043e-01 6.4257627592e-01
-6.1846090464e-02 5.2499991736e-01
1.3059389025e+00 4.4245182878e-02
-1.1550867111e+00 -1.0035915141e-01
3.7199577374e-01 -2.5897232330e-01
8.8940147674e-01 3.6753764941e-01
-1.2900642393e+00 -2.1395283402e-01
1.3107886282e-01 -2.3470280660e-01
5.6210145578e-01 5.4151232932e-01
-7.1751924683e-01 6.1738946014e-01
3.9424112178e-01 -2.2364046904e-01
8.1722473865e-01 -4.1422037566e-02
-1.2112479017e+00 -2.1290833779e-01
-5.3789542000e-01 1.1437371100e-01
-1.0402855598e+00 3.1350747786e-01
-1.1408304429e+00 3.1965736425e-01
1.0302923782e+00 4.3953905915e-01
1.1459454477e-02 -7.0410578329e-01
1.7532991473e-01 8.5753750493e-02
1.0397401777e-01 -3.4197433362e-01
-9.0849709947e-01 -3.3755492114e-01
-6.1465741502e-01 4.3737088493e-01
-1.1748468361e+00 4.9153437384e-01
1.2845622335e+00 4.7251112918e-02
-1.4328816314e+00 3.1795335899e-01
-5.0214919315e-01 7.1134334286e-01
2.0365418926e-01 6.6346069595e-01
-1.5412315406e-01 -6.1730546369e-01
5.2545872541e-02 -5.3416479700e-01
1.2431244573e+00 -9.3760184575e-02
1.2285078485e+00 1.4514222220e-01
-1.2911844510e+00 4.6202920946e-02
1.4002563123e+00 -1.3004638848e-01
-7.8623299426e-02 -4.0215246868e-01
1.3055153002e+00 -2.6272751250e-01
-9.1943394825e-01 3.6958173691e-01
7.6798113993e-01 -2.1171494370e-01
-1.3132601279e+00 -1.9868623736e-01
-7.7519659333e-01 -4.3492725203e-01
9.7710290062e-01 1.8467640189e-01
-3.2694444037e-01 -2.1311026944e-02
-1.1658609824e+00 6.0039579703e-02
7.5250349808e-03 1.7784398846e-01
-1.2477339064e+00 -5.1696355740e-02
-7.1059876755e-02 -5.9751190977e-01
8.1305891775e-01 -5.0830610405e-01
-8.0660810351e-02 1.2883523345e-01
7.8628231835e-01 4.0703741279e-01
-9.1467903163e-01 5.6271900448e-01
-7.5364292285e-01 3.3685449125e-01
8.2834135949e-01 -4.9901084677e-01
-1.1880058902e+00 -2.7500228250e-01
-1.0996597736e+00 5.7286837785e-01
1.4408877573e+00 1.3841519691e-01
-1.3465140290e+00 -1.1878557455e-01
-9.9452536559e-02 -4.6300213556e-01
-1.2731417888e+00 1.9215340154e-03
1.3305471263e+00 -1.2062525349e-01
-7.6177612553e-01 6.1071859747e-01
7.3251442238e-01 -5.8938325965e-01
-1.3672318991e+00 -1.7002594958e-01
4.6910450357e-02 2.1882491304e-01
-1.7479567603e-01 -3.7654434082e-01
-1.5197883802e-01 5.0348703492e-01
1.4197857940e+00 8.8172054924e-02
-8.0952152963e-01 5.4101107935e-01
8.0498220442e-01 -1.0146574163e-01
-1.2410615842e+00 -2.3246322280e-02
-3.8754358605e-01 7.1213470409e-01
1.3526354887e+00 1.8275850483e-01
2.2872620943e-01 -2.9703133167e-01
7.7673488707e-02 8.9399204698e-02
4.0847421505e-01 -5.5832240837e-01
-6.4074123255e-01 6.8714211459e-01
-8.8533993302e-01 -4.2535984072e-01
9.9676161390e-01 -4.4462277436e-01
-1.3157634561e-02 -6.0509936206e-01
-6.6912325783e-01 -8.4884894781e-03
-1.1915129983e-01 2.4976464062e-01
4.0185032919e-01 8.1902471463e-02
2.9809983812e-01 -1.4457333224e-01
9.6560563963e-02 6.4619060211e-01
3.7605510515e-01 4.3457881823e-01
-2.4099156644e-01 4.1228873867e-01
1.0411893979e+00 -5.3275868658e-01
-1.0406668884e+00 5.3907085221e-01
4.7104538450e-01 4.9250686313e-01
1.3367047590e-01 -6.5639179704e-01
-8.5365340824e-01 -4.1536296707e-01
5.3551819552e-01 -6.8213469021e-01
-8.3185960156e-01 1.6562516402e-01
-1.0391422846e+00 8.6108096698e-02
1.3480516398e+00 1.4415153022e-01
-1.1923212761e+00 4.1009932044e-02
9.9613792235e-01 -5.6118312458e-01
-3.0335318753e-02 -4.6382464619e-01
1.3772949116e+00 -3.8810372955e-02
-5.9886973731e-01 -9.8018322431e-02
3.8822820468e-02 7.1019981480e-01
2.3645464796e-01 -6.8560600964e-01
1.7835027162e-01 -2.9102927677e-02
-1.3436599345e+00 -2.7929546534e-01
1.3017662722e+00 2.6259198089e-01
-1.4472788434e+00 6.7276073662e-02
-2.1189858094e-01 -6.4008477428e-01
4.3195302808e-01 -6.8565961998e-01
9.2567729226e-02 3.6180956171e-01
7.6835149722e-01 -2.5119932387e-01
8.9791324218e-01 -8.0866602283e-03
-1.4614972808e+00 1.7724860789e-01
3.3768517375e-01 5.9783330642e-01
-1.1898520850e+00 3.0219982464e-01
1.2471673000e+00 3.7528167657e-01
-8.3803111989e-01 4.9941755527e-01
8.2898021209e-01 -1.3619593874e-01
-2.7798225364e-01 7.8587270192e-03
1.2821167659e+00 1.3745042449e-01
-4.5830344955e-02 3.3432327686e-01
-3.7083745399e-01 6.7315947679e-01
1.2751992546e+00 2.5322314731e-01
7.8301124098e-01 -6.0286586363e-01
-1.1155014981e-01 6.0856307662e-01
-1.7067342026e-01 -2.3278222240e-01
4.6220833587e-01 -6.1607989801e-01
-1.0920704691e+00 4.6025950874e-01
8.9063643416e-01 2.4523623401e-01
8.7214302323e-01 -3.8985804631e-01
-1.3405555432e+00 3.3159695066e-01
1.0997320420e+00 -1.8444929572e-01
-4.2520315632e-01 6.0491474461e-01
7.0228191712e-01 1.8146662797e-02
1.6176940022e-01 -3.7334034959e-01
-1.0407794548e+00 3.0425296473e-01
8.7314018218e-01 3.2286650254e-01
-1.4322546210e+00 3.2757456572e-01
1.9854904041e-01 -7.2217470480e-01
-4.2791415707e-01 -1.7319589649e-01
-1.3340445532e+00 -5.2278878951e-02
-7.2178101591e-01 1.1666721987e-01
1.3406422369e+00 -1.1122179990e-01
-1.9046997252e-01 5.2695137319e-01
-1.4411714145e+00 2.0371665361e-01
-1.3706655328e-01 7.3950258192e-01
-8.0844335699e-01 1.6625876707e-01
-1.2548799415e+00 3.9975725920e-01
5.7019738629e-01 -7.0155767405e-01
1.2469278049e-01 2.2659124261e-01
1.2173967437e+00 -3.8993383773e-01
-1.4826759621e+00 1.2515711875e-01
8.4341796626e-01 3.0442552710e-01
-6.8195320918e-01 3.2657869506e-01
-1.1992235901e+00 -2.5766634764e-01
1.1547034151e+00 3.1622569962e-01
5.8727351447e-01 -7.4552715363e-02
-8.1470316908e-01 3.2750622957e-01
-6.9015109087e-01 6.0816038231e-01
-1.3895458083e+00 1.5092127082e-01
-6.5262808105e-01 6.4596198946e-01
1.3721964345e-01 -6.8075313407e-01
2.1287826455e-01 -3.0968833865e-01
-3.2963943926e-01 4.0066774059e-01
6.7507824104e-01 4.8286635291e-01
-9.7400497165e-01 3.5247759401e-01
1.2618465668e+00 1.2080558755e-01
4.2384986713e-01 -7.2144044985e-01
-6.8688872561e-01 6.3983875665e-01
3.1993798740e-01 -3.2776501505e-01
1.5301336031e-01 -4.9553416924e-01
3.7202442966e-01 -4.8135749404e-01
8.2454767865e-01 5.1078564996e-01
7.5196504805e-01 3.0288080934e-01
-1.4086584241e+00 -2.0813461578e-01
8.7096984638e-01 -6.1268253894e-01
1.3053752259e+00 1.7249298049e-01
1.1837054278e+00 2.1945864422e-03
-2.4106166503e-01 -1.4829378205e-01
1.1043558221e+00 3.3690974248e-01
9.9249024775e-01 -4.6646741264e-01
1.4896315434e+00 -1.0143710925e-01
8.9514293769e-02 -3.4750296962e-01
-1.1287956890e+00 -3.9451660577e-02
3.2550044564e-01 1.9683841880e-01
-8.5801031202e-01 6.4310373560e-01
6.3353303165e-01 -6.2009233725e-01
-1.4421861129e+00 9.1549747830e-02
-4.5331012620e-01 7.6632090542e-01
7.6203789323e-01 -5.0989759730e-01
8.0839294118e-01 4.4005905212e-01
1.0204503001e+00 4.0474437096e-01
-9.9006698897e-01 -9.0281865393e-02
7.6026223461e-01 4.6571580422e-01
-2.0475056001e-01 -2.2518348480e-01
-1.0277135042e+00 9.7394300872e-02
1.2248943118e+00 -2.2441471043e-02
-2.4698587732e-02 6.8515274579e-01
-5.8803588361e-01 6.9296959224e-01
-5.0112122395e-01 7.0863835910e-01
9.9724437548e-01 2.4562441313e-01
-5.2756746557e-01 2.7968722516e-01
9.0884114633e-01 2.4430106329e-01
-2.3217245826e-01 -3.2568108420e-01
-3.8764615584e-01 3.9941313781e-01
-2.2691508393e-01 -2.0415203532e-01
-7.7287504280e-01 5.8456710654e-01
7.7811088063e-01 -7.3515428389e-02
-1.3251797232e+00 9.0880906606e-03
-1.1250157422e+00 2.8944980341e-01
4.5198940585e-01 -7.0079335582e-01
-1.5152389828e+00 3.5668009112e-01
-2.3042497285e-01 -6.4012807297e-01
1.2710750328e+00 -2.8319227379e-01
1.0743387556e+00 2.0860328136e-01
-7.5447722928e-01 6.4966993605e-01
7.4982243250e-02 -1.7848714077e-02
7.2258080407e-01 -6.8013324872e-02
-4.7611317004e-01 -5.0168328869e-01
1.3469523045e-01 3.9401795310e-01
7.8170668572e-01 -6.3820179685e-01
-1.3395151399e+00 -1.5191264878e-01
8.7713928314e-01 -8.7386809734e-02
3.1707234164e-01 -5.2665548394e-01
7.1737989782e-01 -3.2295391633e-01
-2.6786548640e-01 4.1183441052e-01
-1.9478341568e-01 -2.3997107305e-01
-8.6108192394e-01 5.4577256493e-02
-1.9905812163e-01 -1.0601311553e-02
-3.4505078585e-01 6.4190399796e-01
-8.9610456496e-01 5.9733387504e-01
1.0334897429e+00 -1.4310737960e-02
2.2060900720e-01 -2.7863842762e-01
1.0285931960e+00 4.8864694304e-02
1.1795930006e+00 -4.7322249031e-01
-1.9559488905e-01 -5.2701513675e-01
-8.6091869540e-01 6.2565934580e-01
1.2509557158e+00 1.0381139166e-01
5.3696199660e-01 -7.6677359982e-02
-1.1764095751e+00 -1.3365298833e-02
8.2304164174e-01 4.8238056689e-01
1.3487545902e-02 2.2962881350e-01
4.9777137985e-01 3.0691506421e-01
8.0817009974e-01 -6.4870254531e-01
-9.3183646042e-01 -3.7345514252e-01
-1.3445587535e+00 2.0728847649e-01
7.0181491283e-01 -6.7055175905e-01
1.1526715691e+00 -1.5658844883e-01
7.0610501814e-01 9.6959002949e-03
-7.5570446100e-01 4.0505892151e-01
1.0533010029e+00 -4.8734074755e-01
-9.5907061145e-01 -3.9014846908e-01
2.9817111407e-02 -2.1534842740e-01
1.0938104131e+00 3.6671443375e-01
-1.1789630499e+00 -1.9972104266e-01
-1.4970085869e+00 6.7314516604e-02
2.4211135688e-02 -2.3328811908e-01
-1.1372359289e+00 2.5132586777e-01
9.1761909111e-01 -2.3081321233e-01
5.8103155270e-01 -3.0236128992e-01
-1.1918253445e+00 -2.5335438156e-01
9.6493656029e-02 4.5665263124e-01
-1.4935736104e+00 -8.2805596874e-02
-3.4688791912e-01 -4.3062406830e-01
-9.3574470600e-01 3.5056728045e-01
1.0186647601e+00 -6.3224876575e-01
-6.9698008356e-01 6.5322553763e-01
4.4241876674e-01 -7.2079161825e-01
-6.2875301019e-01 -1.2372444766e-01
2.3387856055e-01 -3.8264196612e-01
-2.8030795520e-02 1.6113238594e-01
-1.0619749082e+00 -2.8362583185e-01
-8.9079791703e-01 5.3299630074e-01
1.1944960201e+00 3.5309184954e-01
1.1346112427e+00 4.0150127326e-01
6.1187716300e-01 -6.8925616620e-01
7.5879502550e-01 -4.6084632015e-03
-9.3376750129e-01 4.5604876018e-01
-6.1078482623e-01 -9.5679263359e-02
6.2761798777e-01 -2.1835363192e-01
1.1242501827e+00 1.6809484218e-01
4.1098688758e-01 5.3999555912e-01
-1.4671613353e+00 -4.6440475456e-02
-1.2535324153e+00 -1.8798761025e-01
-2.2955787176e-01 3.7259909603e-01
8.5078843227e-01 1.7715386648e-01
-9.7866091743e-01 2.0659795865e-01
-4.2844636391e-01 7.3333802722e-01
6.3619559528e-01 -5.7637049872e-01
1.9648406070e-01 -6.2145515863e-01
-1.3328342664e+00 -2.2118644033e-01
1.3278945811e+00 -3.1243883007e-01
-4.3220646661e-01 -1.2875982381e-01
-1.1643062827e+00 -2.8383694853e-01
1.1587529517e-01 5.9496990753e-01
-1.0048312597e+00 4.8016302847e-01
6.5268423286e-01 3.2326812210e-01
-1.3204887126e+00 3.4544741229e-01
4.8544612543e-01 -7.0393536392e-01
9.9806601646e-02 5.3805055947e-02
-6.5428768829e-01 1.3179165239e-01
3.5330149138e-01 -7.2680688829e-01
2.3340912338e-01 -5.3225194383e-01
1.4152200458e+00 -1.5290690039e-01
-5.2139689240e-01 -3.6779424889e-01
-1.2438994131e+00 -1.8147042887e-01
1.1452497856e+00 3.5925171397e-01
-1.1303239756e+00 4.6102257657e-01
4.5540912771e-01 3.1294135343e-01
-1.0320665521e+00 3.0734704704e-01
-8.5131730337e-03 -3.0493836549e-01
9.4770663005e-01 4.5178856255e-01
-2.1310076684e-01 7.0888644766e-01
6.6846367372e-01 -6.3884071820e-01
7.4342016924e-01 4.7873573821e-01
-1.3209356807e+00 -2.3758234655e-01
1.9605111040e-02 2.3484371588e-01
4.6838259399e-01 4.5873964069e-03
-7.3844434342e-01 5.1813655785e-01
-4.9669367042e-01 5.8440015916e-02
-8.9487274604e-01 -7.7254590942e-03
-1.2440662261e+00 2.9448983158e-01
-9.7351196695e-01 1.1751938289e-01
2.7029680364e-01 3.6767786856e-02
8.4736258827e-01 4.4706290145e-01
-9.2046770470e-01 -3.4584236440e-01
-5.6963031702e-02 5.7452458355e-01
1.2241823406e+00 -3.6614711651e-01
1.5316751350e-01 -1.5709153420e-01
5.0578873364e-02 -3.8236195129e-01
1.2281790408e+00 1.3797824976e-02
1.3864259906e-01 -6.8488337930e-01
-7.3621408432e-01 -4.7070818928e-01
-5.1981720506e-01 -1.7816594248e-01
1.0191569746e+00 -3.7242384405e-02
1.0725058299e-01 -5.5256286474e-01
1.3336697476e+00 -1.1597537430e-01
-1.0139168320e+00 -1.8800881364e-01
1.3697089595e+00 7.9165625825e-02
1.4411221552e-01 -3.5002667064e-01
-1.2441265502e+00 -1.9050403910e-01
-4.1506573147e-01 5.5608858954e-01
-3.9200086682e-01 7.4081403620e-01
8.4938990641e-01 -5.5099783823e-01
6.3782854945e-01 1.9393126398e-01
-3.9375085879e-01 5.0528806144e-01
1.3747459492e+00 6.2009428309e-02
-2.6763594642e-01 -4.0915072489e-01
8.7670455141e-01 -3.6295189504e-02
-1.0068112449e+00 -3.7911135021e-01
1.2856191394e+00 2.9920080548e-01
-8.8814388590e-01 -3.8911155546e-01
-6.2933349229e-01 1.1175935465e-01
9.3401943275e-01 2.2864600307e-01
3.3207247706e-01 -7.0430158981e-01
-1.2634506411e+00 8.7059841661e-02
-4.7622993407e-03 -1.5847923684e-01
-1.8412912680e-01 5.7596634802e-01
3.1972152550e-01 -3.5801660548e-01
3.3528816079e-01 -6.4133855165e-01
1.0409387363e+00 -3.8779495411e-01
3.0124814312e-01 -3.8997078154e-01
-1.1597398430e+00 3.1458347886e-01
-2.6732266055e-01 4.3848550473e-01
-6.4490798545e-01 -4.9468004321e-01
-9.1884993474e-01 -1.5062033544e-02
-1.6751211293e-01 -2.7671651831e-02
2.7474691503e-01 -5.4046562667e-02
-1.0533521146e+00 5.8826010364e-01
9.7562599314e-02 -7.0436794067e-01
-5.4695503688e-01 7.2392040188e-01
8.8527939896e-01 2.9217150938e-03
-1.0166912984e+00 -3.8689031232e-01
-6.3323879680e-01 9.9182707340e-02
-1.2784339797e-01 -9.9046746571e-02
-1.5089131887e+00 2.9486190503e-01
5.7946229939e-01 -6.3497730407e-01
-4.1227521770e-01 -3.6811519616e-01
-2.3099419311e-01 3.5761404197e-01
7.7784703167e-03 -6.1839785222e-01
-1.2045745097e+00 3.8290176667e-01
7.9136850697e-01 3.6681860859e-01
-8.6167355764e-01 -4.1773390944e-01
1.1489661408e+00 -1.0866848049e-01
-1.3484905152e+00 2.8980177404e-01
-1.4800998206e-01 7.2411581736e-01
8.8450055275e-01 -6.4526757078e-01
1.1532577725e+00 -1.5507115737e-01
8.3671144666e-01 -6.0468166436e-01
-1.0678105495e+00 -3.1250953867e-01
1.0639536492e+00 -2.2961619609e-01
-1.1407752906e+00 4.7477329740e-01
8.3992396358e-01 -5.7223534742e-01
7.2642185574e-01 1.2352259423e-01
-1.2011280547e+00 8.4319550112e-02
-1.0076202974e+00 2.3526492846e-01
-1.4891290088e+00 -1.3348891703e-01
4.9147895838e-01 5.8917295639e-01
5.2776695056e-01 -6.7862772201e-01
7.3084636150e-01 -6.0851621995e-01
-2.3296799149e-01 1.3841720374e-02
-8.7984374293e-01 4.4196814596e-01
6.6256827010e-01 -1.7663311898e-01
8.9872149489e-01 -6.5105587691e-01
3.0434982354e-01 -5.5869779065e-01
8.2256638548e-01 -5.6874855384e-01
1.0842324041e+00 1.3119669020e-01
-1.3562545179e+00 -2.3231427788e-01
-1.1051116770e+00 2.6236391689e-01
-5.9779440318e-01 5.5873275645e-01
5.1719407799e-01 1.2181778623e-01
6.9923836863e-01 -4.7465407108e-01
1.7071159294e-01 2.9864069909e-01
-1.7406804201e-01 -1.1479580383e-01
-8.4502602798e-01 5.4516703387e-01
9.3624077193e-01 4.4066262629e-01
-7.9384840477e-01 -3.9968465501e-01
9.1036629938e-01 -4.2500582991e-01
-1.0870856704e+00 2.4585141701e-01
-6.0881556190e-02 -6.9837859966e-01
1.5935968068e-02 7.1431545389e-01
1.5619233784e-01 1.0242461141e-01
5.5435646908e-01 -6.0826125584e-01
1.4977238316e+00 3.1292371941e-02
1.1635965852e+00 3.8084227849e-01
-1.1024554664e+00 -2.8397910111e-01
-8.3199689691e-01 4.2701351378e-01
6.7934619183e-01 -2.5017199371e-01
-1.9701331554e-01 7.1129745909e-01
-7.5972953071e-01 3.8362518786e-01
4.0742769951e-02 4.8618430474e-01
1.4463841925e+00 1.7845979078e-01
-2.9926879118e-01 1.8523732742e-01
1.3302588185e+00 -1.6713024801e-01
-6.8432031114e-01 1.8343891924e-01
1.2702793344e+00 2.1233247862e-01
-4.0106461302e-01 3.0355004488e-02
-7.4890539678e-01 6.2454223135e-01
-3.0036342379e-01 4.2560451601e-01
-4.2942776001e-01 7.3226044495e-01
-1.3672141867e-01 -4.9423706518e-01
9.3529400015e-01 4.1908375008e-01
7.7357705020e-01 -3.5286976318e-01
-2.2276505331e-01 6.0658882395e-01
1.2511860400e+00 -2.7616463458e-01
-1.4955690194e+00 -1.3541313734e-02
4.1963733950e-01 3.3629201648e-01
-8.8494153590e-01 4.7663437598e-01
-2.5410912190e-01 7.2228270970e-01
1.1866493061e+00 3.2719983980e-01
1.2825911081e+00 -1.4914270465e-01
-1.2724248200e+00 -1.3340911618e-01
2.2726911891e-01 -3.6415451519e-01
1.3165015991e+00 -1.4900691469e-02
-1.0685412535e+00 3.9162900006e-01
-9.1336175486e-01 -2.9715060351e-01
1.3478635910e+00 -1.6722176013e-01
-6.2071353406e-01 6.7088854336e-01
-2.8700882335e-02 3.1545161235e-01
4.2629092650e-01 4.2319567613e-01
7.3920834616e-01 -6.8275792003e-01
1.7703864394e-01 -6.3757376120e-01
1.1220744970e+00 2.4688372613e-01
-1.0214253766e+00 -2.5286473458e-01
7.8883483794e-01 4.9751422014e-01
4.7931083905e-01 -7.0830448539e-01
5.1158912408e-01 5.4800659833e-01
-9.2712975076e-02 2.3463146996e-01
1.1253396035e+00 -4.7108399038e-01
-8.1101779079e-01 4.0633936453e-01
-1.0128379524e+00 3.1394984093e-01
1.3465261498e+00 -1.8079362586e-01
-8.1589635340e-01 2.7540543049e-01
-4.1909929517e-01 4.6558699299e-02
-5.4903878214e-01 6.5252820292e-01
-1.3630445514e-02 -4.3876940621e-01
1.3483180034e+00 -4.1153481345e-01
3.5433801653e-01 -4.9525230948e-01
6.1150946866e-01 -6.4346566247e-01
-1.0976168067e+00 -2.6080424923e-01
1.1521584166e+00 2.5168483819e-01
-1.3615922600e-02 6.1221802383e-01
-5.2893546911e-01 7.0564516623e-01
1.0076082239e+00 3.1502852108e-01
-1.0263748184e+00 -2.1038710918e-01
8.8255837447e-01 -5.4797773725e-01
4.1938757695e-01 8.7816351738e-02
8.0038957353e-01 2.6866683716e-01
-6.7728914371e-01 3.6981660136e-01
1.7347435971e-01 7.8600572040e-02
1.1675261699e+00 -4.5775237263e-01
-4.0613700395e-01 7.0609666766e-01
-2.4809749603e-01 3.2588011804e-01
-1.1889444682e+00 4.8894296409e-02
3.0413019884e-02 -4.6780833415e-01
-7.0009347511e-03 -2.6194571216e-01
-6.7522484768e-01 6.7387192584e-01
-1.1929325951e+00 -2.4408563244e-01
5.9266879067e-01 -7.1201548721e-01
1.7813467687e-01 2.6153180562e-01
9.9623009854e-01 3.9147207984e-01
-1.1101871047e+00 3.0526779322e-01
6.2464823916e-01 -6.9549288641e-01
-1.3537700415e+00 -1.8177417454e-02
-4.7866985149e-01 3.6886581584e-01
-5.6814049865e-01 2.2140637802e-01
5.7553212012e-01 5.1798496013e-01
-2.5815377380e-02 -6.8475848948e-01
8.6763862878e-01 -4.8755247949e-01
-1.2667209185e+00 -8.4194931473e-02
-1.0516361177e+00 7.1970894170e-02
1.2722099858e+00 2.7317795532e-01
-1.0787025907e+00 4.8133737587e-01
1.0223849882e+00 -5.4185607758e-01
1.8524674783e-01 6.6993878030e-01
1.1089837881e-01 -4.7665665649e-02
-1.0472002352e+00 -3.4022807420e-01
8.3991737816e-01 -6.1820948170e-01
7.2756448872e-02 -4.8882067521e-01
1.4457198627e+00 2.6748087468e-01
-1.2204744672e+00 3.4950272246e-01
-1.0546986543e+00 -3.3422186951e-01
-1.1883542200e+00 -2.4410408292e-01
-7.0407087561e-01 6.8441965176e-01
-8.8021395904e-01 1.2665652302e-01
-8.2615915139e-02 5.3191744942e-01
8.3800031202e-01 5.0840533137e-01
-2.2475182258e-01 5.6039750239e-01
-1.8700479962e-01 7.0181223352e-01
-3.8087547385e-01 -4.7397035570e-01
1.2505512131e+00 -3.7258609634e-01
-9.1158122675e-01 6.2422473562e-01
-2.2786045524e-01 -6.5643269223e-01
2.6442430202e-01 6.2765950657e-01
-1.0076580664e+00 5.2833308470e-01
-6.9561779537e-01 -2.9825816296e-01
-4.5721240212e-01 6.6337604284e-01
1.0105525689e+00 2.6725387917e-01
-7.8456102658e-01 -4.2422476470e-01
1.0345962896e+00 -4.6610630478e-01
-4.6187055583e-01 -5.6319298451e-01
1.2969075917e+00 9.4924276991e-02
1.0345835486e+00 -4.0025552139e-01
9.5328849736e-01 2.8409884528e-01
-8.0041659086e-01 6.1327689175e-01
3.3235368912e-01 -2.9583102751e-01
-4.9805435230e-01 6.6843901239e-01
7.2141533124e-02 -5.1879863813e-01
4.8339614471e-01 -5.8578013034e-01
-1.2689920528e+00 -4.0387557681e-02
1.4230220900e+00 1.1635312629e-01
-1.3434734047e+00 -1.5829917991e-02
8.8763739828e-02 6.6900096999e-01
1.7152830224e-01 -6.8758504531e-01
-1.1794153714e+00 -2.2496827448e-01
-2.6514504498e-01 4.1639339028e-01
1.2172172330e+00 -5.0619842427e-01
9.6685439483e-01 -7.9809167155e-02
-1.2008068909e+00 1.2786878378e-01
-6.2426134046e-01 5.8610891848e-01
3.3355214690e-01 -7.2343663813e-01
-7.8227642261e-01 5.7231113703e-01
-7.4676918213e-01 5.7855257406e-01
1.3144097965e+00 -1.3073232150e-01
-1.1583428624e-01 1.0086478996e-01
3.2194920781e-02 2.1418893400e-02
-1.5148897892e-01 -2.0618997396e-01
-1.2287316512e+00 -2.2836651763e-01
-1.4145216803e-01 -6.6892830455e-01
8.1798553760e-01 -3.4318368166e-01
-1.3133804673e+00 7.8808260073e-02
7.6102687303e-01 -3.8714338801e-01
-1.5286733934e+00 1.3344376579e-01
3.4055422371e-01 -3.8733397217e-01
-1.1126485483e+00 3.2734115066e-01
3.5184819386e-01 -4.7309264482e-01
-1.2191292236e+00 -1.6895648054e-01
9.1140944863e-01 3.1162383806e-01
8.1012479842e-01 -5.0786683769e-01
-1.5117563373e-01 3.2601379223e-01
9.2937902919e-01 -4.2988000306e-01
-1.3627101611e+00 1.5139949392e-03
9.7717215717e-01 2.0377996133e-01
-2.3242162828e-01 -6.3446211575e-01
-7.2947710626e-01 6.3896147404e-01
1.0602190434e+00 -3.5830149651e-01
-1.0987096337e+00 4.5427442433e-01
-7.0947231685e-01 6.8955796532e-01
-1.0957386328e+00 5.0032385515e-01
5.0755982197e-01 -6.3611271371e-01
3.8385128068e-02 -4.1926965718e-01
1.2910108470e+00 -1.7969551271e-01
-1.4255911430e+00 2.8752466779e-01
3.7604729900e-01 3.7148583796e-01
-6.6823414552e-02 -6.6593385577e-01
-8.4706264171e-01 3.9333760512e-01
-8.1740359113e-01 -4.2813905977e-01
-5.0635397917e-01 6.1307732320e-01
-1.6405211830e-02 -3.4329449996e-01
-6.3400321529e-01 2.6203939695e-01
2.6708527219e-01 2.3885914851e-01
-3.2713165621e-01 2.8178666450e-01
-1.2249793885e+00 2.8007414461e-02
5.5696852269e-01 -7.1252942883e-01
6.0003994197e-01 -1.7269617550e-01
-1.0619561404e+00 4.8038218866e-01
-1.2599990231e+00 -1.7006138875e-01
-2.1345432208e-02 5.8544595444e-01
-6.1114711047e-01 6.7856434018e-01
5.8626111015e-01 -7.0517623610e-01
-5.7386552876e-01 2.6972331762e-02
1.2115721811e+00 1.4514916746e-01
7.8589672030e-01 3.0813757911e-01
4.7194834603e-01 3.1098789210e-01
-5.7371606153e-01 7.0084200305e-01
1.0665863010e+00 3.6818545836e-01
4.5012407858e-01 3.1297503874e-01
-2.4554552298e-01 -6.0296172938e-01
-1.0470491123e+00 4.9254685758e-01
-2.0896701112e-01 -3.6707720378e-01
4.7740791430e-01 -6.0797799191e-01
1.2531863820e+00 2.3901335196e-01
-7.5452556908e-01 6.4135016631e-01
-1.2740367583e+00 2.4177990490e-01
8.1567755401e-02 6.6918185970e-01
4.0824954077e-01 -6.8601707476e-01
-8.2546452430e-01 1.1664483151e-02
1.1273738377e+00 2.3576817887e-01
-1.3893083573e+00 1.1890410140e-02
2.8451009449e-01 -3.2429247488e-01
9.7302333061e-01 -4.5014202254e-01
1.0446805008e+00 -2.2540033925e-01
8.6090731494e-01 9.6793058593e-02
-1.4200734910e+00 1.9312921735e-01
5.6850679182e-01 -6.7993056496e-01
2.2246288658e-01 6.5788982290e-01
4.5834692672e-01 -1.8155703232e-01
-1.1508736825e+00 -3.0337777812e-01
1.1362716185e+00 2.8200932351e-01
-1.2458422668e+00 3.1302882208e-01
3.7412777362e-01 -7.1065721564e-01
7.7565465427e-01 -5.8770650667e-01
-3.5493500261e-01 2.8344912762e-01
7.1353899218e-01 2.2844276644e-01
-1.1738098453e+00 5.2006995950e-01
-6.7388234265e-01 5.7638330938e-01
7.6369920195e-01 -2.2792735005e-01
-4.9766765683e-01 -5.4554800152e-01
-6.0023979935e-01 1.9034208157e-01
1.8008930534e-01 6.2254377180e-01
2.6044033714e-01 2.2818541967e-01
3.8656255356e-01 3.7573087939e-01
4.3770567641e-01 -7.1564011851e-01
-1.4508667416e+00 2.8808621787e-01
7.3694643733e-01 -3.7314961846e-01
-1.3341565646e+00 1.6795175431e-01
6.3200782502e-01 -3.0468875925e-02
-1.3806700344e+00 2.6306061240e-02
6.2589514293e-01 5.5467490877e-01
-1.1624376394e-01 -2.8826874841e-01
-1.2915202304e+00 1.4738532195e-01
-5.6183174128e-02 7.7191349704e-02
-4.2763004381e-01 -3.1694826155e-01
1.3512951654e+00 2.0327661658e-01
-1.4957019279e+00 -9.3063958570e-02
-1.5029171328e+00 -9.9837809785e-02
-4.7053081209e-01 5.0857028925e-01
2.3184436226e-01 -5.5001976409e-01
-8.6213870403e-01 5.3008932032e-01
1.2207525157e+00 -1.1637737762e-02
8.7732581727e-01 -3.1388505005e-01
-6.8258013085e-01 6.2082064397e-01
9.2888128265e-01 4.4621217910e-01
-2.7783076549e-01 3.9669209668e-01
4.0603581580e-01 -2.7207911507e-01
-9.7497556814e-02 -2.4137003559e-01
8.1904112930e-02 -5.8085236101e-02
8.4326414447e-01 -9.2571632921e-02
-9.1635032529e-01 -4.0794378237e-01
-1.1121842816e+00 2.9486829821e-01
-8.6749887505e-01 2.0225263014e-01
-1.2919074157e+00 5.9689967398e-02
-3.5749331789e-01 6.8010109700e-01
2.3247898096e-01 -6.6758159368e-01
-9.2533424665e-01 5.7526647836e-01
-1.0702568010e+00 4.0035498025e-01
7.4694543572e-01 -5.8610783059e-01
1.4523597825e+00 2.8683244128e-01
1.9765246198e-01 6.2790576408e-01
1.2626372457e+00 1.2370933884e-02
-1.1330937335e+00 3.2001811420e-01
-6.4236073809e-01 -3.3043430315e-01
-1.2633924450e+00 -1.7603897598e-01
1.7151007880e-01 6.1786172576e-01
1.4633381322e+00 -2.2759231527e-01
-1.0663772245e+00 4.8892852345e-01
2.1945160900e-01 -5.0498073759e-01
1.1768693447e+00 -2.4197970632e-01
-5.3356486583e-01 7.3328537160e-01
1.4592510396e-01 -3.1718342203e-01
-2.1975859608e-01 5.5345362851e-02
1.1542943755e+00 2.8796302145e-01
-4.7380199995e-01 7.0012687967e-01
-8.2498824840e-01 1.9213596680e-01
9.8399136649e-02 1.4006055712e-01
3.6690448733e-01 1.4288386013e-01
1.3829320315e+00 -1.3828409091e-01
-1.2819238149e+00 9.2660162099e-02
2.3389049521e-01 5.9617338365e-01
-8.8814479949e-02 -6.6747383834e-01
2.8516208889e-01 -4.2403307414e-01
-9.2659383317e-01 5.3133019295e-01
1.3590651505e+00 8.2965413078e-02
-1.2395968987e+00 -6.5801645126e-02
-4.2983960336e-02 -5.8781715728e-01
-1.1571265903e-01 3.7335854610e-01
7.7797615538e-01 -6.3163037308e-01
9.2955207115e-01 -6.4266203714e-03
-1.3086043093e+00 -1.9647509007e-01
1.4691490674e+00 -1.0161975304e-01
2.8399088113e-02 6.2211228876e-01
1.0982100104e+00 -4.1334833202e-01
-1.2170174145e+00 1.8138962456e-02
1.0205296360e+00 4.3428377472e-01
-4.1653290266e-01 -5.7844701436e-01
-1.3328454303e-01 -6.5640658419e-01
-2.0976797916e-01 -2.2100618236e-01
3.9530293673e-01 4.3497094056e-01
-9.4074752039e-01 -3.0175279192e-01
7.5401273340e-01 -7.2253262854e-02
1.4153040607e-01 6.7666692261e-01
-1.5939778067e-01 3.0108045286e-01
-1.2070418167e+00 -2.8686187308e-01
1.2114907287e+00 -3.5326523161e-01
-1.0176828112e+00 2.9418516153e-01
1.2330628012e+00 1.7958586808e-01
-7.4823511011e-01 4.8932589062e-01
-5.3050874041e-01 7.7814375910e-01
6.1902551425e-01 -6.5069115820e-01
1.2655335384e+00 3.3800581255e-01
-7.9046978960e-01 2.9635566858e-01
-1.0247357839e+00 -2.0552689717e-01
-3.1475289227e-01 7.1156654531e-01
-1.1280296669e+00 5.5124086774e-01
-7.7928702714e-01 5.7856925670e-01
1.2482396753e+00 -1.6582930431e-01
-1.9853953506e-01 -2.9808952654e-01
-6.4407350465e-01 6.2845487147e-01
-4.3678338297e-01 6.6063378666e-01
-3.6894251097e-01 -5.8501132138e-01
1.5159083969e+00 2.8329625113e-02
1.0581157208e+00 -1.6934436337e-02
5.0211516980e-01 -4.6129141911e-01
1.6788385682e-02 -1.5248599023e-01
-1.2499390783e+00 -2.3279293863e-01
-6.4836070223e-01 2.2606166629e-01
-6.8420679284e-02 -4.0061475501e-01
1.8745895648e-01 -7.3368037706e-01
1.3024154060e+00 4.0036336641e-02
2.2327614059e-01 -1.3415603523e-01
-9.8494385081e-01 1.8823348996e-01
2.6269566113e-01 -3.8829912000e-01
4.6157178176e-01 1.7255151518e-01
1.6943731989e-01 2.5320796528e-01
-1.0163008548e+00 4.2060335087e-01
-6.6296576027e-01 -4.1591164326e-02
-5.3845644170e-01 -1.4396058522e-01
-1.4396937709e+00 1.7272044999e-01
2.1612685890e-01 -2.0238561747e-01
1.0144862920e-01 5.2405448792e-01
-4.1061659781e-01 4.4487557261e-01
1.9205571454e-01 -6.5557741055e-01
-1.2533563050e+00 -1.6445324219e-01
5.5053075422e-01 -4.6595165433e-02
1.0442163595e+00 8.9488182322e-02
5.9800383894e-01 -7.2311971085e-01
-7.1069618996e-01 -3.5466503083e-01
3.9476953640e-01 3.3807112430e-01
1.1552449713e+00 -3.2652231312e-01
-4.0842750953e-01 5.1248581600e-01
-4.6406044542e-01 -2.4399838092e-01
-1.3885654529e+00 -1.1846896928e-01
8.0091448837e-01 -4.7298321650e-01
3.0175649027e-01 -2.4385962342e-01
-1.3089884957e+00 2.7518752910e-01
-3.5675659396e-02 5.2510754732e-01
1.2302882153e+00 -1.5477273387e-01
-3.3143557750e-02 1.8164043476e-01
1.7066602591e-01 4.5496200472e-02
1.1526932058e+00 -4.9424170645e-01
1.2222794979e-01 -6.6246409760e-01
-8.3603695527e-02 2.1195698483e-01
7.4649662257e-01 3.1883694898e-01
-1.2594123142e+00 3.5570870273e-01
-1.8259787253e-01 2.0809364213e-01
-4.4293637468e-01 2.6999062479e-01
1.3461908246e+00 2.7154292502e-01
-8.2012186744e-01 -4.4343235629e-01
4.4245648215e-01 5.5833897254e-01
-6.7817599548e-01 6.3328659323e-02
1.3153451190e+00 -1.1601720094e-01
-6.7808049048e-01 -4.6617817582e-01
1.4092683982e+00 9.5735938227e-02
-3.7100497380e-01 3.6486912752e-01
-1.1592471476e-01 -3.8992555196e-01
-3.5095938760e-01 6.9004735152e-01
1.2877383199e+00 2.5443131539e-02
6.2248734778e-01 -3.3415357625e-01
-6.7676051213e-02 -5.0056076412e-01
4.9232575232e-01 -6.5831270518e-01
9.9965462865e-01 2.9533549497e-01
-1.3931967441e+00 1.5048991142e-01
1.1243372428e+00 3.1944048785e-01
-1.0413618618e+00 -3.5322916094e-01
7.6081110424e-01 -3.4768304578e-01
-8.5372611255e-01 6.0500827438e-02
7.4060487454e-02 6.6937353062e-01
-8.1919388457e-01 4.1887058991e-01
8.1848056090e-02 -4.5315682263e-01
7.5588897459e-02 -6.9913249123e-01
-2.3732294415e-01 4.2643379602e-01
1.8401289668e-01 -4.0818832299e-01
-2.4622399697e-01 1.7845533431e-01
-6.5801216351e-01 5.2654586043e-01
5.3071853213e-01 -5.3736219130e-01
9.8151634021e-02 -6.4530738634e-01
-4.4924539585e-01 -5.1705589348e-01
3.1295041574e-01 5.9697906611e-01
-1.0076143362e+00 1.5345173054e-01
1.2097633734e+00 1.1448797361e-01
1.2163898723e+00 -9.5502245779e-02
3.9755620978e-01 -2.3783562490e-01
-5.2748327383e-01 1.3927141614e-02
7.9192324611e-01 -3.5508849290e-02
-6.5304138655e-01 1.3780290131e-02
1.4328904686e+00 -4.2075093136e-02
-1.4063514601e+00 -8.7913912295e-02
-5.2042505534e-01 -4.8324261263e-01
5.4497194669e-01 -3.1261199877e-01
1.1604639613e+00 -7.9321285465e-03
-1.1405158523e+00 1.8055341157e-01
5.1391406747e-01 -9.1496948840e-02
1.1838905038e+00 3.7534982019e-02
-8.0351665732e-01 -1.5131438488e-01
4.4912586975e-01 -5.3308759119e-01
-8.5420595960e-01 1.2611620107e-01
-6.8971381770e-01 6.4268324293e-01
1.0283494154e+00 -2.7048064955e-01
-9.0698823568e-01 -1.0987581768e-01
-1.4177279616e+00 6.8148090223e-02
-6.8557161312e-01 -4.4276632327e-01
-2.5417753302e-01 7.2146247566e-01
6.1952651568e-01 -2.7712467509e-01
-1.0040584927e-01 -2.0230948254e-01
-3.5119069292e-01 7.6626294701e-02
3.3791245043e-01 -3.3942760735e-01
9.0727346625e-01 -4.5707254005e-01
1.3734816767e+00 1.9641535989e-01
-6.2683870796e-01 6.9476746744e-01
6.1092126467e-01 -1.8716274107e-01
-5.7465851716e-02 -4.6845303884e-01
1.3177717878e+00 -2.1490573949e-01
-4.5657689459e-01 3.8100261477e-01
7.2886032424e-02 -2.8207611953e-01
1.3404269968e+00 -2.7827625603e-01
-1.2320415135e+00 -2.1032925997e-01
-1.4688970673e+00 -5.8484298772e-02
-1.3573148407e+00 1.8762607637e-02
1.3134046943e-01 -7.0784849225e-01
-5.1194610385e-01 2.4800491691e-01
-3.2611251601e-01 5.5378563551e-01
7.5129979131e-01 1.7502926578e-01
-3.2859736309e-01 -3.6456469033e-01
-1.0818138359e+00 -2.1968149226e-01
-2.9884394489e-01 4.4626028873e-01
-7.7754620855e-01 -4.7126605973e-01
8.0819817972e-01 -5.6565355934e-01
1.2960798403e-01 3.6605505769e-01
1.1745750811e+00 3.3444858616e-01
-8.6483957113e-01 6.5209687064e-01
6.4406165860e-01 -4.9956355266e-01
-1.1712692824e+00 -2.4689501689e-01
-1.1558658919e+00 6.0292438140e-01
-7.3280973744e-02 5.1447470618e-01
-1.0927534130e+00 2.1130447489e-01
-8.1934684662e-03 6.2506887249e-01
4.0532836016e-01 -4.9412479928e-01
1.2269860128e+00 3.6107565988e-01
1.2136715376e+00 9.5881736552e-02
-3.1625680851e-01 3.2053889631e-01
-5.3563152449e-01 6.6255785913e-01
1.2105929300e+00 -9.4017657576e-02
-6.9719623417e-01 6.4314816007e-01
-1.2126396711e+00 2.3139584595e-01
6.6080861024e-01 -5.9840691893e-01
-3.1404183834e-01 -4.3983888979e-02
-1.0029317846e+00 3.1751191088e-01
7.1859505130e-01 -2.4553846866e-01
3.6323450950e-01 -3.7616188574e-01
-1.0839258177e+00 -3.3366718818e-01
-3.4771904611e-01 -5.8609039176e-01
3.3661574162e-01 5.1281252340e-01
9.9019744450e-01 -1.4039005379e-01
-1.1392360577e+00 -3.4666783521e-01
2.6486265889e-01 -5.8264690501e-01
1.0862611097e+00 3.7793843189e-01
-6.6941395847e-01 6.5417603790e-01
5.0627355603e-01 -7.1418058026e-01
8.0355459551e-01 3.9244402024e-03
-1.1634288846e+00 -2.2617979021e-01
-2.5314043803e-01 -3.0039057889e-01
-7.0068656172e-01 4.1563242495e-01
-1.1481886335e+00 3.0716497430e-01
-1.2388787155e+00 -5.3262240815e-02
1.0732069967e+00 3.9079656201e-01
-8.7241913158e-02 -6.9648801768e-01
-6.6346257708e-02 2.8196139617e-02
2.0257869890e-01 6.7235376514e-01
-1.2649662503e+00 -1.9269315156e-01
1.1790836800e-01 -1.1365269887e-01
-3.1553398416e-01 7.3266304864e-01
5.6800009188e-01 -7.1999230687e-01
1.0678077946e+00 5.7205402081e-02
1.0990917904e+00 8.3596388289e-02
1.3187560246e+00 2.3360076963e-02
-1.0869338061e+00 7.1761424938e-02
-1.4251262186e+00 3.7683603037e-01
-1.2541551166e+00 -2.0779299626e-01
1.0760810231e+00 4.0445207633e-01
-7.8595134625e-01 2.7341969772e-01
7.8464394829e-01 -7.6387031821e-02
6.1634133332e-02 4.7049871510e-01
-1.0350177123e+00 1.3816442599e-02
8.4440959675e-01 -6.3330519625e-01
-5.6551370372e-01 3.1737041313e-01
3.7607054197e-01 3.6052620027e-01
1.1145447937e+00 -4.9242970323e-01
-2.3273010303e-01 4.3907309548e-01
-4.8374851420e-01 -2.9457759404e-01
-2.4782428878e-01 -4.7287840984e-01
9.4269924550e-01 4.2451064791e-01
1.3312288757e+00 -2.1128220333e-01
-8.3440404627e-01 2.0079847961e-01
6.5667655606e-01 9.2680465653e-02
-2.9480111120e-01 3.9470323789e-01
6.9289902166e-01 -3.5234441445e-01
7.7472244693e-01 -4.5063927267e-01
-7.9266409055e-01 -1.7050182574e-01
1.3097575301e+00 3.1654260983e-01
-1.3301704263e+00 1.4954925324e-01
-3.6857101651e-01 7.3708857407e-01
-1.2397357913e+00 -5.3404230452e-02
3.3511663515e-01 4.0377245400e-02
2.1863883338e-01 -4.1756765613e-01
1.2533078811e+00 3.1712178382e-01
-7.3981531821e-01 3.9112271967e-01
-2.9513703627e-01 4.0600300133e-01
8.9459341458e-01 -5.3914253313e-01
3.7633998216e-01 -2.1659820439e-01
-1.6836930403e-01 6.1567393499e-01
1.4370224194e+00 2.2398529752e-02
9.3192422696e-01 2.8650944103e-01
-7.1692048915e-01 6.2912449882e-01
-1.6804281886e-01 -5.6038134306e-01
1.2892476860e+00 -1.2146912712e-01
7.0843045442e-01 -5.7175725312e-01
-1.2702562474e+00 9.3221384366e-02
-3.3693437013e-01 2.1908953897e-01
-7.1202039421e-01 5.3871545016e-01
-1.2547278112e+00 -2.2079807071e-01
-4.8825100921e-01 6.5299613080e-01
8.3919963844e-01 4.4377682937e-01
4.4752959744e-02 1.8400051067e-01
2.2346684715e-01 4.2666614667e-01
-3.0013136583e-01 1.4371152782e-02
1.2213311154e+00 -4.1712775009e-01
-9.9181916486e-01 5.6167083078e-01
-1.0608913024e+00 3.5474821507e-01
-2.5156891076e-01 -5.8655030822e-01
2.4085725227e-01 1.8600465867e-01
-3.7869236531e-01 1.9610622361e-01
-1.3906182219e+00 1.7651437530e-01
4.4412682846e-01 -1.4627364516e-01
2.6504804031e-01 -7.2822998216e-01
-1.0767090227e+00 -3.0851303608e-01
-1.1520102702e-01 5.3492654144e-01
2.9230525103e-01 -3.7899360174e-01
1.1010905845e+00 -3.5296810065e-01
1.0761452465e+00 -3.3792094119e-01
1.0285948435e+00 -5.7899788407e-02
-8.2054337096e-01 7.4019604804e-02
-1.8197330171e-01 -5.3912145717e-01
-6.7282524808e-02 -6.6125982655e-01
-5.6354260429e-01 6.7851371803e-01
4.3875220227e-01 6.0106741490e-01
-2.0923857568e-01 7.1915635140e-01
5.1597886739e-01 5.3215894469e-01
6.2476690869e-01 -8.5597483733e-02
-1.1938793716e+00 4.4274543805e-01
-5.2098471670e-01 3.7701527621e-01
-1.1369151749e+00 2.9405511854e-01
-2.6830810779e-01 7.5054565117e-01
3.9587494727e-01 5.5265259664e-01
1.0554798141e+00 -1.6589576526e-01
-1.4216159004e+00 2.4351428113e-01
1.0984692739e+00 1.5104282644e-01
3.9494939037e-01 -9.9806223451e-02
-7.5355507653e-01 -2.5821789045e-02
2.6440094542e-01 -2.8512785687e-01
6.4617685079e-01 -6.4855366637e-01
-6.1148794618e-01 6.9935806298e-01
-2.6670900102e-02 -4.6280313284e-01
-3.0261798583e-01 3.9567129313e-01
-1.1943989000e+00 -1.7907517841e-01
4.6849650004e-01 -6.3411527386e-01
1.2867505644e+00 -1.8715422174e-01
-5.7277909976e-01 6.3972634590e-01
2.3901268767e-01 2.8488586475e-01
-1.6523932226e-01 -6.7504507648e-01
-1.0095093564e+00 3.7104784913e-01
8.8861559088e-01 -4.3769042322e-01
-1.1443709701e+00 -2.4930937863e-01
5.9127096121e-02 5.7377476176e-01
-8.5545856863e-01 3.6804005980e-01
-1.2652636071e+00 -2.6234086265e-05
1.2887771329e+00 -1.5566595590e-03
8.4627936070e-01 3.1706826877e-01
-1.3973503913e+00 1.2965888096e-01
6.7025927792e-01 -6.6554923865e-01
-2.2410068089e-02 1.6949777833e-02
1.9449887839e-02 -2.2555432207e-01
6.0712732092e-01 -6.9815941542e-01
1.9177920918e-02 1.1036218051e-01
1.2200461289e+00 -3.9160733319e-01
-6.2076404904e-01 4.8543169649e-01
-3.4441957228e-01 5.3321917497e-01
-7.2789475718e-01 -1.0547399823e-01
1.3529024819e+00 -2.7906405860e-01
-1.1834940562e+00 2.0722054846e-01
9.8334370270e-01 4.7974712928e-01
-1.2953478235e+00 -1.7881503923e-01
1.3794231918e+00 -2.3122478685e-01
-1.2898712868e+00 -2.2609095743e-01
1.9093224532e-02 -2.4861068342e-01
-8.7518163088e-01 3.4165468310e-01
2.2587328883e-01 -3.0430659697e-01
6.8507197365e-01 4.9377738416e-01
2.5304458601e-01 2.9622389778e-01
2.2045528768e-02 -7.0715794154e-01
5.0856372401e-01 2.3677958995e-02
3.4567314450e-01 -2.3168767642e-01
-1.0566341716e+00 -2.6564651846e-01
-8.8299958228e-01 -3.2826659895e-01
-9.3239544368e-01 3.0050614112e-01
7.1295651576e-01 5.3862822593e-01
-1.4516069123e+00 2.2855234647e-01
-6.1374898939e-01 3.7810695102e-01
1.0757873965e+00 -1.7831325558e-01
-1.2089988800e+00 -8.2715395074e-02
-1.0920006641e+00 2.3059006859e-01
6.5904302698e-01 5.4378551490e-01
1.4842066328e+00 1.9943469595e-01
-1.4121370701e+00 -1.0642377711e-01
1.9737513643e-02 6.0661850743e-01
-3.5394675397e-01 -5.8539732373e-01
-8.1877478712e-01 3.3419515295e-01
8.3684476939e-02 3.5076538236e-01
2.0285020163e-01 -3.7939664604e-01
-1.3707188063e+00 -1.5035757467e-01
1.2856644452e+00 -9.8974484775e-02
-7.5892382429e-01 2.6760545561e-01
7.8233605127e-01 -2.1852352947e-01
-1.3469306708e+00 -1.3994430989e-01
2.3904447705e-01 -7.1431241499e-01
-1.9874639156e-01 -4.7547987933e-01
1.0221801701e+00 4.0298917103e-01
-8.9018166944e-01 5.7585380645e-01
-1.0092527474e+00 -3.1157106120e-01
-7.9876586523e-01 -3.6747209489e-01
1.0780192462e+00 -1.6464312864e-01
-1.0331655877e+00 4.6500362867e-01
1.8287283413e-01 -3.2936943289e-01
-3.6644579853e-02 7.0811752515e-01
-6.4680057106e-01 1.7876141905e-01
7.2537616649e-02 -2.8137569744e-01
1.0395421097e+00 3.1503493992e-01
-1.1578030741e+00 -2.9563002178e-01
-7.6047084984e-01 2.4972125693e-01
7.3667786168e-01 -3.9944837575e-01
-9.5630626043e-01 4.1414502716e-01
1.2199963387e+00 -7.0082266112e-02
1.0937378582e+00 3.0304034133e-03
-1.2612233767e+00 -1.7081062986e-01
1.3710253668e+00 -8.7522766118e-02
8.3176636996e-01 -5.0289101515e-01
1.4797031278e+00 6.0531125721e-02
-1.2215100362e+00 -2.2223337938e-01
4.2898414905e-01 -1.0887524934e-03
-4.7777320593e-01 6.9254005264e-01
-1.0655784319e+00 -3.5682893280e-02
4.1353660442e-01 -5.7206174696e-01
-6.2835121489e-02 -3.8868437883e-01
3.5896302054e-03 2.4990903338e-01
-8.8449260378e-01 4.3892963341e-01
-2.6955788576e-01 -3.7657141208e-01
6.0465902353e-01 5.5750155701e-01
1.3802263974e+00 2.8646695973e-01
3.0068830410e-01 -5.1810923220e-01
-1.3781247879e+00 -2.3807475889e-01
-8.4361060602e-01 5.9989892334e-01
-8.3466893345e-01 -4.4008566257e-01
7.4467187352e-01 -6.0619123562e-01
1.2548818125e+00 1.2274432402e-01
-3.4863151882e-01 4.0020991735e-01
1.1694091183e-01 -4.4718888717e-01
3.8378634944e-01 -7.4874272252e-01
1.2059244407e+00 -2.0971888246e-01
-1.2674488025e+00 1.6394422291e-01
-1.3321998632e+00 -5.4970612174e-02
-1.9669055626e-01 7.0544080825e-01
-4.4209651946e-01 -5.4942025578e-01
9.4804228330e-01 -5.7856706342e-01
-1.4429361749e+00 2.8351670995e-01
1.3208277181e+00 -2.8769289121e-01
-1.9984627919e-01 -1.9471500529e-01
-4.2284277532e-01 -5.6898451069e-01
1.1454741081e+00 3.0489187720e-01
-4.6874312890e-01 -2.9631084626e-01
-1.0860867373e+00 1.6784437028e-01
-2.7957770908e-01 3.9400292330e-01
-6.1525477434e-01 5.9254859891e-01
6.1904983957e-01 -3.3293729950e-01
3.1441211551e-01 -4.6247432214e-01
1.1822526746e-02 3.0131825778e-01
7.5976573853e-01 -4.1814482080e-01
8.4990401915e-02 7.0075274458e-01
8.3081955649e-01 4.1755598894e-01
-9.3196800787e-01 3.5882906140e-01
-3.9673842190e-02 1.2016219497e-01
-1.1688734978e+00 2.0846401657e-01
-7.5925358702e-01 1.3598896551e-01
9.0995894725e-01 4.3030162961e-01
-4.5001098932e-01 6.5486924447e-01
1.6336960142e-01 1.3605275704e-01
9.2170632187e-01 2.4135452938e-01
1.4628248178e-01 2.1840278025e-01
-1.2941442591e+00 3.4925990753e-01
-3.1253549002e-01 4.8084138839e-01
-3.8988615261e-01 7.4492602580e-01
1.1623073728e+00 2.9291391150e-01
-3.1940814723e-01 4.5526985671e-01
-1.1934959728e+00 -1.9497503162e-01
7.7874031893e-01 -6.0856072981e-01
-8.2072962980e-01 6.1565772983e-02
1.2564758033e+00 2.3948389040e-01
9.8847442140e-01 2.5821916654e-01
4.7410235606e-01 3.4195069595e-01
-4.9001507189e-01 5.1472700341e-01
-4.9655475523e-01 6.9439004891e-01
2.8219905814e-02 -1.6133222259e-01
5.0170786609e-01 -6.4391715365e-01
2.5021693682e-01 -3.5884390328e-01
2.5923308214e-01 5.7181072956e-01
1.4274825760e+00 -1.7866119930e-01
1.3579623547e+00 -2.6739949961e-02
-1.1087970286e+00 -2.7523212832e-01
1.1168979914e+00 -4.8425531200e-02
-1.2486034487e+00 -1.1870529078e-01
1.0206375877e+00 2.9791690948e-01
-1.2152880424e+00 1.6161989502e-01
-2.5873434088e-01 -3.2212350541e-01
-1.3700459412e+00 1.5786443838e-01
-7.0378229281e-01 6.4909348841e-01
4.8351820271e-01 -6.8642186421e-01
-8.9923857982e-01 3.1939565264e-02
1.0996580779e+00 3.8817276184e-01
-9.5978041975e-01 3.8252550354e-01
3.9233776297e-01 1.9920077472e-01
-9.7185183167e-01 -3.8859596328e-01
8.1192858134e-01 -6.0654423354e-01
-3.9057059211e-01 -4.1370901612e-01
-2.0768384520e-01 3.6491813905e-01
-7.5592757538e-01 3.6570097151e-01
3.5585486499e-01 -7.0215649566e-01
-6.5717516649e-01 6.5619213476e-01
5.9851193956e-01 -6.5574314021e-01
-1.4163686280e+00 -5.3856944405e-03
-7.4215732984e-01 1.3715235276e-01
-1.0627725219e-01 7.0421935829e-01
-6.1196859755e-01 6.8104248447e-01
6.2645185142e-01 -6.9194202171e-01
-6.1019474446e-01 -1.3923915091e-01
7.7646495090e-01 -2.6260439589e-01
-8.6622023271e-01 -9.6719585742e-02
-1.0263690057e+00 -3.1796736509e-01
-2.1754156237e-01 -6.4591687919e-01
1.2033230608e+00 1.2080821589e-01
9.3226439479e-01 -3.9005554163e-01
-1.2837376157e+00 -5.7097824346e-02
-4.5041351232e-01 7.4530442493e-01
9.3844536505e-01 -1.6730004767e-01
7.2710032761e-02 -6.9421722833e-01
1.3868621380e+00 -1.4533174797e-01
6.0455371166e-01 -4.1637306810e-02
1.1220841455e+00 2.3101308939e-01
-1.0847921180e+00 -2.4441289990e-01
-1.2148164985e+00 -2.5922004577e-01
-1.1100740365e+00 3.8944474408e-01
-3.9011791587e-02 -1.3118958296e-02
-1.3289772166e+00 4.2994106935e-01
-4.6595937182e-01 -2.8426397450e-01
-2.2430065096e-01 2.3178751497e-01
-5.6564317671e-01 7.3738335784e-01
4.2793940287e-01 -3.6621343662e-01
9.3930388296e-01 -4.9236350960e-01
5.3872405288e-02 2.2690915059e-01
-4.3989230638e-01 5.0370920763e-01
-1.0951950943e+00 -2.1159064310e-01
-1.1210283830e+00 -2.6494542169e-01
9.3040784855e-02 6.7041379180e-01
-5.3107435423e-01 7.1602117777e-01
8.4251664031e-01 4.8650915108e-01
-6.2070600136e-02 -4.9750262114e-01
7.9447645565e-01 -6.4317129300e-01
2.1949710630e-01 2.5593206671e-01
-3.8507277090e-01 7.1293657205e-01
4.7451572012e-01 -6.9860318567e-01
1.0329173885e-01 -6.5970896769e-01
6.1639480112e-01 -4.3447479036e-01
2.5055402410e-01 2.0518331534e-01
-1.4516508679e+00 2.9261094661e-01
-7.7915708891e-01 -2.6379668783e-01
-3.2823884365e-01 -1.9354519237e-01
-8.5440745461e-01 2.0435327211e-01
1.4100781518e+00 -1.1318757338e-01
9.8976927023e-01 7.6107981236e-03
-1.0905292229e+00 -1.8524031252e-01
1.0924252886e+00 -2.3261848400e-01
-6.8877894406e-01 6.1622417036e-01
-1.8073131401e-03 4.5520316480e-01
-7.7648902273e-01 5.9326806091e-01
4.6052574834e-01 -7.2939258207e-01
-2.8848070751e-01 -3.0850224540e-01
-6.6346100260e-01 3.8693780560e-01
1.8311778678e-01 4.4148201430e-01
-1.3973054511e+00 -1.3446314186e-01
1.3595384957e+00 3.1500358331e-01
-7.9586518793e-01 6.3357766750e-02
-1.2367703913e+00 -9.5980454422e-02
1.2103082686e+00 3.2923209676e-01
9.2317605463e-01 2.2896543227e-01
2.3399532743e-01 7.1990457271e-02
-9.4073891104e-02 5.3151973451e-01
-1.6250162386e-01 7.0895415788e-01
4.4687426561e-01 -7.0512958619e-01
-1.0308747114e+00 4.4198185467e-01
1.1240843174e-01 -2.5759408284e-01
-7.5974646095e-01 -4.6803314947e-01
-1.2368820972e+00 -2.5732703151e-01
5.2458790973e-01 5.7541466093e-01
-4.3962053521e-01 2.9132861261e-01
1.4770929727e-01 2.4717540673e-01
5.2008548736e-01 9.5242824171e-02
-2.7869667400e-01 -2.9777940230e-01
1.2232628392e+00 -1.4281027462e-01
-7.3343342266e-01 1.6353468151e-01
1.2260628761e+00 -1.1587218855e-01
4.1170058031e-01 -4.9856384070e-01
-5.9281697681e-01 -5.2842843746e-01
8.0103400986e-01 4.2427420452e-01
-2.5547752885e-01 5.8513469303e-01
-2.7390553181e-01 4.6849206928e-01
1.4234506917e+00 -1.2359891273e-01
-6.3974909570e-01 7.3184747590e-01
1.4589891145e-01 -7.0660589982e-01
4.9015002569e-01 -7.1963062927e-01
4.8649965660e-01 5.0014777428e-01
-7.4660685641e-01 1.1861852152e-01
-1.2752163128e+00 -3.5935706799e-02
-1.2225518764e+00 -2.5124632106e-01
1.1005413025e-01 2.2964542546e-02
1.1893910820e+00 1.7862169546e-01
-1.2606585390e+00 -2.2661057323e-01
6.9105688477e-01 -5.1930624617e-01
4.8114880213e-01 -6.9827477225e-01
7.2808453731e-01 -3.3170093203e-02
-2.3741659332e-01 1.1629715667e-01
3.4170836054e-01 -9.2048008871e-02
-1.2588881004e+00 3.8040794492e-01
-3.7863955788e-01 4.2295121852e-01
1.1632184253e+00 -5.1777180503e-01
-1.3630993311e+00 -1.4544640658e-01
-6.0040327900e-01 7.1168074016e-01
-9.2924284678e-01 5.1959395986e-01
1.1901271608e+00 1.7452581876e-01
-5.6683551189e-01 7.7840251702e-02
-9.4849996396e-01 1.8939174018e-01
-1.5305131256e+00 8.6078061973e-02
3.6711469773e-01 -2.7115550504e-01
-8.2370563820e-02 -6.4921139099e-01
5.5745078832e-01 -6.5629751882e-01
-8.2950225579e-01 -4.2436005868e-01
-1.6057151662e-01 -7.6600310866e-02
-9.4364723741e-01 3.2565742233e-01
9.5715287936e-01 2.2143990484e-01
1.1350946170e+00 -5.0641776194e-01
-1.6129483888e-01 -6.0269078911e-01
-1.2157357766e-01 -1.3611514015e-01
5.5107824886e-01 7.5907597985e-02
9.9732587769e-01 -1.1289389925e-01
7.9645828058e-01 -5.3484016211e-01
1.2298519820e+00 3.6067584634e-02
-1.4308358965e-01 7.1585259860e-01
-5.8265538298e-02 4.9404708465e-01
2.7923653450e-01 -4.3585681806e-01
-6.6207536140e-01 5.4880372355e-01
-4.3978853447e-01 1.1102046278e-01
-1.3691843460e+00 -2.1949231292e-01
1.1992508234e+00 2.0607380215e-01
-1.2915589189e+00 -1.9783720303e-01
1.0390024584e+00 -5.0406954662e-01
-3.5617917574e-01 -4.9170371511e-01
-2.5209524174e-01 6.2462317455e-02
3.4612975235e-01 2.0126937560e-01
-1.4412857882e+00 3.7726290457e-01
5.0846463309e-01 -6.5399933242e-01
-4.1874845288e-01 1.5541817341e-01
1.0656697611e-02 5.7117828048e-01
3.6364695104e-01 -6.6901321671e-01
-1.3448312530e+00 2.0835874660e-01
1.0576458688e+00 3.8930369413e-01
-1.0827049409e+00 -1.0030478882e-01
-1.5258306990e-02 -1.9568922471e-01
1.8104897737e-01 5.9846562726e-01
-1.3800902465e+00 2.8324564328e-01
1.1668272095e-01 -1.2201566261e-01
-1.2251128263e+00 2.3960759953e-01
3.1213553904e-01 -3.6640733068e-01
1.5002146347e+00 -8.1349007136e-03
-3.7579468214e-01 3.7241421018e-01
-1.1930982853e+00 5.1322736387e-01
1.3999048283e+00 -2.9212472088e-01
-1.1038002620e+00 -3.4556035016e-01
1.2343997346e+00 3.0895461604e-01
-1.9747296927e-01 -8.7014150344e-02
-2.6935255950e-01 4.5648428185e-01
-3.3417507339e-01 -6.2063207546e-01
-5.7021965899e-01 3.8438447603e-01
-4.9923524364e-01 5.6833652520e-01
-3.9103929317e-01 7.4340759179e-01
4.7352369114e-01 -7.1926637016e-01
-1.0424340171e+00 2.5713117925e-01
-1.3361201597e+00 -2.8474481033e-02
1.0900702041e+00 -1.2719208653e-01
-1.1751773762e+00 -2.6218505001e-01
1.2518065533e+00 1.4959320326e-01
-5.4469926193e-01 -3.8067028750e-01
1.0645598276e-01 5.1846802812e-01
1.2946265866e+00 2.3690722224e-01
-1.4923086316e-01 -6.2634013743e-01
-1.2469399132e+00 -2.1183420915e-01
-9.0726783904e-01 4.1533973926e-01
5.0477037601e-01 -6.7443798257e-01
8.4221330763e-01 2.6163262747e-01
-1.0080111565e+00 6.6485157330e-02
6.7441956165e-01 -5.2837214124e-01
-8.8334812478e-01 9.3600262700e-03
2.3535372865e-01 -3.7307524863e-01
-5.8700273197e-01 -2.0825362024e-01
-3.0338189681e-01 -5.6586573040e-01
4.9013977766e-01 5.4921890527e-01
1.0586660517e+00 4.4958293314e-01
6.3114032435e-01 -6.2154826179e-01
-5.3478665398e-01 7.2889264274e-01
8.1152721878e-01 -2.3564836618e-01
-1.5402657972e-01 2.6926529673e-02
-5.6480544952e-01 1.2282598688e-01
-7.3673793376e-01 3.8536408390e-01
6.8603303773e-01 -5.9500454414e-01
4.0472204212e-01 -3.1833358523e-01
-4.7369284811e-01 -7.9403912425e-02
-2.0651372726e-01 -5.6553223071e-02
-6.4624465182e-01 6.5746685408e-01
7.5039713715e-01 1.8856965754e-02
4.4400590302e-02 6.8873568644e-01
-8.7129112657e-01 5.7544842192e-01
-1.1860340087e+00 -2.9486957758e-01
2.6672740569e-01 6.1277184826e-01
1.4352421941e-01 -1.2236727685e-01
1.1692248135e+00 -4.2503495525e-01
-5.3000311041e-01 7.0601227871e-01
1.2325281795e+00 7.3016231354e-02
-4.4794240087e-01 6.7971822581e-01
1.0503149464e+00 -6.2636134953e-02
-2.1601159234e-01 -6.5286010494e-01
1.0921206322e+00 2.0385700401e-01
7.0644136524e-01 5.2576045220e-01
-1.0263494398e+00 2.3878122462e-01
-5.4221589624e-01 -3.6743458790e-02
4.5109892378e-02 -6.6695803685e-03
-1.3905433394e+00 -7.1338007961e-02
-9.2683761909e-01 -2.9220473277e-01
-1.0087203938e+00 -1.7677335610e-01
-9.6012137357e-01 5.4588010306e-01
1.1744931073e-01 -4.1240842594e-01
4.6265773683e-01 -5.3827716557e-01
1.3500706833e+00 -5.3981136204e-02
-3.6978813548e-02 7.4248527448e-01
1.0954669093e+00 -3.6060053674e-01
-8.0253168007e-02 4.6207005139e-01
1.0971216897e+00 3.0630255583e-01
4.4717211654e-01 5.8477506090e-01
2.3133965129e-01 3.4661954571e-01
1.0283511195e+00 -4.1948362583e-01
7.4020454705e-02 6.9436723347e-02
-1.3092963470e+00 2.9202161984e-01
-7.8959147221e-01 -3.4712206850e-01
-1.2840316666e+00 -2.9239819996e-02
8.6036629598e-02 1.2824322195e-01
7.3760163000e-01 -3.0215310141e-01
1.0948956035e+00 -8.5566155407e-02
1.3278049351e+00 -9.7223958897e-03
1.0325844628e+00 -2.4436598056e-01
-2.7471319370e-01 -2.2010941800e-01
1.4117842263e+00 -2.5748018123e-01
1.3310998305e+00 -2.2642915620e-01
-6.3429512719e-01 6.7543230944e-01
6.6297049763e-01 -6.8815630287e-01
9.3878085388e-01 1.1080492494e-02
-9.9398301929e-01 -1.9322495882e-01
-6.9549638553e-01 -1.4542302402e-01
-5.7557136939e-01 -2.0706958904e-01
1.0944774332e+00 3.8340638796e-01
1.3371666214e+00 -7.8358023585e-02
-1.9487695521e-01 -6.4304937585e-01
4.3377859411e-01 -3.1907138235e-01
-1.0979606828e+00 2.9765614180e-01
-4.2355232766e-01 7.2327015229e-01
3.0095662293e-01 -3.8412595430e-01
-7.5161853730e-01 7.0486654158e-01
-2.8512500983e-01 -4.2285894338e-02
1.7883668055e-01 1.7993158702e-01
9.7152815456e-01 -2.7669708104e-01
-1.2822123002e+00 -2.6594070440e-01
-1.3363794908e-01 2.8607797423e-01
9.7604157723e-01 4.6811587865e-01
-1.2625628816e+00 -2.5504274968e-01
-8.9905952701e-01 -1.5429646080e-02
5.4639699266e-02 1.4396914888e-03
3.4783500351e-01 -2.2736671406e-01
-4.8451113935e-01 -2.6908583346e-01
-1.3197243880e+00 -1.5293457640e-01
-9.9445343578e-01 -3.4699697759e-01
1.0230275436e+00 -2.3248169714e-01
-9.2683362010e-01 2.1401024706e-01
1.2617397956e+00 -5.4331525231e-01
3.9226460864e-01 -6.7036835276e-01
2.8708426847e-01 -3.2477611166e-01
-7.0650842696e-01 6.8971371256e-01
1.5957308888e-01 -6.9573333763e-01
-1.1671433972e+00 -2.7830549386e-02
1.2823250440e+00 -2.6786950381e-01
-9.2472218975e-01 3.1497740690e-01
1.2602962760e+00 3.4558240239e-01
-1.0085592261e+00 4.8995780307e-01
-1.0247775792e+00 -3.5357776213e-01
9.0589223039e-01 3.2965927582e-01
4.8842534976e-01 2.7242930241e-01
-6.9786372680e-01 3.3522772507e-01
6.1840368785e-01 -4.0845325856e-01
-1.1759310644e+00 -2.4169247130e-01
8.2365555868e-01 -9.8461808166e-02
-6.3115014481e-01 -5.3582185997e-01
-1.2948547339e+00 -2.5656563357e-01
-1.0154798653e+00 4.4008418515e-01
-6.2290108496e-03 -6.3919260386e-01
1.0449282265e+00 3.8180990424e-01
6.7178952493e-01 -6.6370072488e-01
-9.5289152549e-01 -4.0004867779e-01
-9.9269554478e-01 5.2885658044e-01
1.1057943671e+00 3.5111882804e-01
-4.7739541829e-02 2.4372041370e-01
5.0511967026e-01 -1.1444326657e-01
-1.2955111516e+00 -7.7736462754e-02
-4.7600224791e-01 7.0271477964e-01
-3.5696349671e-01 4.8297735508e-01
-8.5630147780e-01 2.9493110533e-01
7.0552024623e-01 1.5655107100e-02
-1.4731161167e+00 1.8052937262e-01
-5.4349895868e-01 2.1959019852e-01
-4.8608445750e-01 2.0720469121e-01
1.3775034789e-01 2.2184721396e-01
7.1526416736e-01 -4.8256268973e-01
-5.0530666992e-02 6.5623778313e-01
1.3560071462e+00 2.7511122564e-01
-9.0773751992e-01 3.6348383194e-01
-2.7821904362e-01 -6.1124398187e-01
2.8141219758e-01 6.2504634379e-01
1.2853292689e+00 1.5643573867e-01
-5.6708676949e-01 4.7985589439e-01
-7.3687963550e-01 -6.9706853179e-02
-3.5171385261e-01 5.2371419303e-01
5.7274726523e-01 4.1462947959e-01
1.8656892822e-01 -2.8490922495e-01
1.3600441186e+00 -1.1180159095e-01
4.6343595932e-01 -7.1457605710e-01
1.1554395278e+00 -4.9060470165e-01
-1.3964706651e-01 -3.7858748785e-01
-6.6519403739e-01 -1.2174764233e-01
7.5718644751e-01 2.8821780955e-01
5.8196791303e-01 2.1038810419e-01
8.7122031485e-01 -4.7539034406e-02
-1.1220600037e+00 2.2916080935e-01
-1.1712148586e+00 -2.5034303136e-01
-8.5020378223e-01 5.7804610881e-01
6.9104872105e-01 -6.6731768186e-01
-9.3388133394e-02 1.4598044017e-01
-3.2370813288e-02 5.2761824134e-01
-3.5174193103e-01 3.8347298218e-01
2.1816074870e-01 -6.3704414327e-01
-1.1755872618e+00 -2.6660804559e-01
7.7702215665e-01 -5.5352668245e-02
6.6270769973e-01 -3.2309301844e-01
-6.7646201674e-01 -3.2917584587e-02
-1.2323791122e-01 4.2142681797e-01
-1.4082132675e+00 2.7925663847e-01
5.5510442508e-01 -1.4297213895e-01
-1.1596781226e-01 -4.4227443058e-01
-4.0566521357e-01 4.3349197827e-01
-1.2633070577e+00 3.8115277817e-01
-7.3946992613e-01 5.5846097408e-01
7.2231554318e-01 -1.3965930921e-01
-1.9438466594e-01 -5.5633321957e-01
1.3213715716e+00 -1.5495608027e-01
-1.2790419906e+00 2.5090772803e-01
-3.1188136951e-01 -3.2263894738e-01
-3.1183351321e-01 6.3291392618e-01
2.9456090723e-01 -3.3569571769e-01
-9.5918862318e-01 -3.2055717369e-01
1.0149072470e+00 -5.7917967396e-01
2.0421013999e-01 6.1778375138e-01
-4.3369329309e-01 -2.9660021659e-01
8.4006176419e-01 2.8470305763e-01
8.0156743864e-01 -5.5644169360e-01
-1.0926547036e+00 2.2644540836e-01
8.9294545014e-01 -2.6474938495e-01
7.6621111026e-02 4.3434817525e-01
-1.0519417561e+00 -2.4311965627e-01
-4.4598632526e-01 6.3888615935e-01
1.3663875911e+00 3.1252800972e-01
-2.4744463169e-01 -6.1180050730e-01
-1.0050811427e+00 -3.6697447874e-01
-1.4425422542e-01 6.3665744309e-01
2.3845241721e-01 4.1872849651e-01
-1.1361317716e+00 3.2238724629e-01
5.7776540662e-02 -2.4744671265e-01
7.6635828658e-01 -4.6439706824e-01
-4.7959722552e-01 2.1317779577e-01
-3.8249339843e-02 -6.7280987067e-01
6.2852721599e-02 -3.0125755952e-01
-1.0336698292e+00 -1.0649561200e-01
-1.5484278988e+00 -3.0823351554e-02
1.4026532239e+00 4.2224211465e-02
-1.1935254329e+00 -3.1740503422e-02
1.0959646655e+00 -1.2713096372e-01
9.0612948220e-03 -3.3747353860e-02
7.7570698986e-01 -4.8666954425e-01
1.7519692550e-01 -1.5592632587e-01
1.2384593997e+00 -1.6406524436e-01
-6.3347425896e-01 -9.2328096648e-02
1.2791395464e+00 -1.9468159226e-01
-1.1023869441e+00 5.4445894722e-01
-6.6420019286e-01 1.3885881225e-01
-1.1977097480e+00 3.4476601234e-01
3.0313580390e-01 1.9154766609e-02
9.0339785016e-01 4.5619181356e-01
-8.7501602759e-01 5.1435134761e-01
2.2784780818e-01 3.8628608531e-01
1.1010105528e+00 7.4285861618e-03
-1.0036684889e+00 5.3646908208e-01
1.2642226850e+00 3.2587882660e-01
4.4621106707e-01 -7.0562929867e-01
-6.2876441415e-01 6.8346587349e-01
-1.1484172803e+00 -3.1699767357e-01
1.0066042099e+00 -5.1681338681e-01
-5.8596693672e-01 3.6671662452e-01
1.4797981771e-01 -3.7272150856e-01
-4.3732382055e-01 4.7203294338e-01
-1.7673121686e-01 7.3987216435e-02
8.8860585952e-01 3.5557650141e-01
-1.3209480749e+00 -2.4810712487e-01
2.5110621535e-01 -3.1397530159e-01
3.6883604209e-01 2.3527192566e-01
6.2769118067e-01 1.2099229620e-01
9.7619561291e-01 -3.3139209187e-01
-1.0453454043e-01 4.1672049134e-01
-7.2814268287e-02 -6.9217925567e-01
-8.4071386497e-01 2.9035487320e-01
1.2085417482e+00 3.4759279390e-01
-1.4710466406e+00 1.8585524618e-01
5.6299043937e-01 -6.6442023698e-01
6.1534704939e-01 -6.9734511110e-01
-9.6537286072e-01 3.3370019577e-02
1.1077439703e+00 -2.0130998353e-01
-7.0085787544e-01 1.4959791164e-01
9.5584185296e-01 -6.1298564332e-01
-9.5304553190e-01 1.2727145634e-01
8.3926780071e-01 -9.8865116382e-02
-4.6969257509e-01 1.3591944874e-01
7.0365709365e-01 -1.7789913904e-01
-9.3696431927e-01 5.0152136058e-01
-4.6195251055e-01 -5.9496034452e-01
1.2118855906e+00 -3.1333330535e-01
-1.1374272846e+00 -1.7463876942e-02
9.3179766919e-01 3.2348603759e-01
-8.0005414054e-01 2.9196757999e-01
8.1967534878e-02 -6.8828901904e-01
-3.1611158619e-01 3.9804073401e-01
3.2780636189e-01 5.7797509160e-01
-4.1305536088e-01 -1.6302238556e-01
-3.5700043005e-01 5.4067037357e-01
-2.5379371564e-01 -2.8832894055e-02
-1.0402590283e+00 2.7746662940e-01
-9.3301645749e-01 4.8914106412e-01
1.8465839587e-01 5.9578962511e-01
3.5753402987e-01 -5.6873715037e-01
1.3344801932e+00 2.1965927830e-01
2.1460054847e-01 2.0877969025e-01
-9.9221639820e-01 -2.9816605259e-01
-7.1714056718e-01 1.3026568285e-01
-1.3852050978e+00 3.4870654807e-01
8.4816650625e-01 -2.1537536915e-02
-1.1016758578e+00 2.2834600686e-02
-1.2497111595e-01 7.2863888292e-01
-3.4299796112e-01 -5.5190555579e-01
1.5598122547e-02 -5.7455428604e-01
-5.1747074253e-01 6.8882434735e-01
1.0588922415e+00 -2.3622269758e-01
-1.4447007980e+00 -1.1080191337e-01
9.5014364943e-01 -4.1924804271e-01
-5.6628357579e-01 6.6802537435e-01
-5.7030015776e-01 7.3911379757e-01
-4.6897315367e-01 3.9496505822e-01
5.6428428734e-01 -4.0990099552e-01
-1.4298370790e+00 -1.6045363401e-01
4.3872214533e-01 -7.1012239392e-01
2.6712490159e-01 -3.1280440009e-01
1.0128503579e-01 -3.3774520825e-01
-1.1922920902e+00 -2.1619248815e-01
4.7082719055e-02 -6.3013076284e-01
2.4183921700e-01 2.6278975884e-01
1.1351391718e+00 -4.7324940264e-01
1.2024543943e+00 -1.3209557260e-01
-7.6506038445e-01 5.0335236988e-01
1.1863222941e+00 2.9634895878e-02
-1.1619196624e+00 -2.1918743734e-01
-8.8163262112e-01 3.2560363398e-01
8.0715773255e-01 -4.5694234409e-01
-6.4385024075e-01 4.2500308940e-01
1.7191910525e-01 5.3229418953e-01
-2.8487496465e-01 2.1754233739e-01
7.8172808643e-01 4.1225925017e-01
-1.4159639588e+00 -1.7692448672e-01
1.2449126817e+00 -1.8805260228e-02
3.5114683572e-02 8.1411220368e-02
1.5455358832e-01 1.0106518598e-01
-1.8423799510e-02 6.3262377098e-01
-4.1776603316e-03 -5.4916321879e-01
1.1993706566e+00 3.1720576273e-01
7.3322150510e-01 -6.3847915409e-01
1.1507882690e+00 -1.1490596526e-03
-1.3197168575e+00 1.5369481951e-01
-9.2356893756e-01 4.8642536881e-01
-1.3354506280e+00 2.3026125110e-01
4.2541463626e-01 -6.4825568846e-01
-4.7243589915e-01 -3.7079481198e-01
-2.6977435176e-01 -2.5999622833e-01
1.4495739963e+00 -1.5475371563e-01
-1.1197873506e+00 3.6286195134e-01
-1.2932812524e+00 -2.6642720377e-01
1.1373631139e+00 3.8789098991e-01
-2.6546165272e-01 7.0189799786e-01
1.5346167081e+00 -7.9332879539e-02
-5.7193239099e-01 4.9924960990e-01
9.7320329228e-01 -3.9006035071e-01
6.2858004990e-01 -6.9241916530e-01
5.5427009991e-01 -6.7211556788e-01
-7.0200989238e-01 6.6914799837e-01
4.8237794639e-01 -3.1824535602e-01
1.4362263057e+00 -2.8854935105e-02
-1.0505481538e+00 1.8935281271e-01
-1.1834729616e+00 -1.2804643949e-01
1.8932334704e-01 6.3349193668e-01
1.4026358347e+00 -1.1010681235e-01
-8.2523083856e-01 4.7785743663e-01
1.3984372150e+00 -2.2407736522e-01
-2.6985709625e-01 -2.3838076227e-01
-9.8043872238e-01 3.3952105569e-01
5.5223017768e-01 -6.7925171549e-01
6.6975999823e-01 -3.3682243857e-01
1.2058437589e+00 3.7925866613e-01
-7.1386294301e-01 -1.5159465029e-01
-1.0170484559e+00 5.2264540316e-01
-9.5730003579e-02 7.0761307913e-01
7.8320958949e-01 -5.8280871947e-01
-1.5232538031e-01 7.1924205265e-01
1.4311148150e-01 4.6920296547e-01
-9.1837799347e-01 1.1580853234e-01
5.8009425344e-01 -3.3307488428e-01
-1.4860253107e+00 3.3322535568e-01
-6.2439091754e-01 1.5046409713e-01
-1.5552839658e-01 3.0120368227e-01
5.1892272567e-01 -4.6510977545e-01
1.3010645581e+00 2.6799185896e-01
-2.4086846619e-01 4.1931561976e-01
-1.2270992643e+00 -2.6963420440e-01
-5.5444585983e-01 2.8139268448e-01
1.1126546026e-01 -1.9632625305e-01
-1.4467017992e+00 1.6208330393e-01
8.4213372529e-01 -5.2253906062e-01
8.1429270346e-01 2.8331060003e-01
-1.2692888356e+00 6.4390340056e-02
1.4446402650e-01 -6.9272461631e-01
8.9366180259e-02 6.6293785862e-01
-1.6767964922e-01 6.9021751789e-01
7.7108583135e-01 -5.7333331140e-01
5.9418142914e-02 4.9550681738e-01
-8.1044251647e-02 -1.0206972475e-02
2.9761531664e-01 2.0556003454e-01
-1.1189554105e+00 -3.0452528084e-01
-8.6010579373e-01 -1.5059290565e-01
9.1992647955e-01 -6.4379981102e-02
-9.7791574496e-01 3.2371470386e-01
-3.1955178040e-01 -4.0146458881e-01
-1.5485260932e-02 6.9091251932e-01
5.6945825860e-01 -7.1192841570e-01
-1.0184632604e+00 -2.3321860415e-01
6.2877393204e-01 -6.1135981560e-02
-2.3037857669e-01 -9.7875505991e-02
6.2106863835e-01 5.1148861789e-01
2.3114078596e-01 1.2174206301e-01
7.9616406740e-01 -5.3984131960e-01
3.6513111229e-01 2.0675225103e-01
7.9509263408e-01 1.9875160099e-01
-9.4949713053e-01 2.9361156258e-01
7.0411960158e-02 -2.2389496461e-01
8.8253188715e-01 -6.4579529776e-01
2.5209670961e-01 -5.4214953198e-01
-5.5850093758e-02 -4.0700959145e-01
1.4439536858e+00 -3.6790137333e-02
6.5149582331e-02 3.4932739050e-01
-1.4011583859e+00 3.6639523648e-01
1.2482611955e+00 3.0584236399e-01
-5.6298479589e-01 4.5826250639e-01
1.8583891672e-01 3.9933563058e-01
-8.2049171881e-01 4.8529840674e-01
4.8056801043e-01 -2.9544928157e-01
-7.3827477945e-01 4.3209392406e-01
-3.6899224549e-01 2.3016249811e-01
-2.2400247108e-01 7.3720432825e-01
9.9591738781e-01 -9.8108233849e-02
1.4723077411e-02 -4.2506134947e-01
-1.0887668185e+00 4.4571851105e-01
1.4244894480e+00 3.2117719158e-01
-1.1412978684e+00 -3.3891225862e-01
1.2281423521e+00 2.9966847357e-01
7.1941229220e-01 1.6592443889e-01
9.6394959980e-01 2.0832224968e-01
-1.4496352816e+00 -7.5524070551e-02
-1.1243047625e+00 -9.9224446119e-02
-4.2412018555e-01 7.4746943904e-01
3.8298646766e-01 -7.0722729655e-01
1.2390449986e+00 2.9075947503e-01
-1.2100508633e+00 2.1864707204e-01
8.2121717834e-01 -2.4601170971e-01
-5.7899747740e-01 -4.7661628886e-02
-3.1792170844e-01 4.8132165880e-01
-1.3557991915e+00 1.5631480800e-01
-6.9222962560e-01 -7.8986041332e-02
-8.4193304798e-01 -4.0524007369e-01
-4.8190591862e-01 -3.2168135181e-01
2.2858885132e-01 -2.8590225907e-01
6.2006317564e-01 2.2711127116e-01
-1.2899314975e+00 4.3687356108e-01
1.4880824970e+00 -2.3140892742e-02
2.0196913741e-01 -7.0698739452e-01
6.7937411177e-02 2.3130408046e-01
1.3175302695e+00 1.7840649617e-01
-5.1150185709e-01 -4.5862056045e-01
2.2038853298e-01 5.7678847953e-01
7.7374291960e-01 -2.5255471545e-01
-3.2860073590e-01 -6.1978532044e-02
-3.1926076331e-01 -3.2154782875e-01
2.3895299577e-01 2.6019774161e-01
-3.0505193260e-01 -1.4604003707e-01
1.3010244936e+00 2.6641018816e-01
-1.9197996674e-01 -6.5431769716e-01
9.7167917028e-01 -6.7663800403e-02
-8.9661572410e-01 -9.6697536037e-02
-1.1910353752e+00 -2.7471502843e-01
1.2992316475e+00 1.8797122286e-01
6.9658342552e-01 -5.7792783112e-01
-9.7997208559e-01 1.5644528943e-01
-1.0633998566e+00 -3.8454459858e-01
-1.3829478246e-01 6.1787508383e-01
-4.1471056202e-01 7.3216203400e-01
7.4106616970e-01 -6.0588745774e-01
1.7201767537e-01 -4.3966582672e-01
-2.6015118618e-01 -1.1210896167e-01
-5.3243440193e-01 6.4841636768e-01
1.0541611280e+00 -5.9276272517e-02
-9.5359829165e-01 6.9163629316e-02
-1.0685650907e+00 5.1311097152e-01
-4.4182190311e-01 -5.5047517957e-01
-4.3578531739e-01 2.9574981841e-01
-4.3723757997e-01 5.8363140880e-01
-7.9104252679e-01 3.1058626890e-01
-3.2751808247e-01 -4.0193072657e-01
-7.5618134701e-01 -4.8049220572e-01
2.1986767938e-01 3.3621159954e-01
9.4442115643e-01 -4.9498503679e-01
1.4422421979e+00 -1.3093272147e-01
-1.1910319498e+00 -2.9129732188e-01
8.6893037939e-01 -3.3413230179e-01
6.1297313879e-01 -2.3461925008e-01
1.4420149101e-01 -6.7923451692e-01
-1.0124078622e+00 5.6169994439e-01
-3.9842454307e-02 -1.3495681946e-01
2.5897308916e-01 -4.1737549810e-01
3.3943768058e-01 -1.7703523419e-01
-1.0324414393e+00 4.7384948716e-01
-1.1482416281e+00 -1.0977011078e-01
3.9940243521e-01 -5.0328436551e-01
4.0820993277e-01 -6.8810477867e-01
-1.2541546336e+00 -2.0016303292e-01
3.2558077671e-01 -3.4429514373e-01
-8.4783136599e-01 6.5942545877e-01
6.8956246278e-01 -5.8843876498e-01
-1.0439449359e+00 1.8909050642e-01
1.4368800160e+00 1.9564235446e-01
1.0520517969e+00 3.5572030201e-01
4.3046174421e-01 5.3903075335e-01
-2.0231255273e-01 3.6131880615e-01
-1.1732483231e+00 1.5101497466e-01
-1.8409207226e-01 -6.2362059317e-01
-6.8489748105e-01 9.3383266833e-03
3.0617737281e-01 1.3489864341e-01
-6.5039739315e-01 2.4475636621e-01
1.0023901806e+00 7.7831085773e-02
-6.2221620354e-01 2.7057209858e-01
1.4389870246e+00 7.8192779775e-02
7.4899085978e-01 -4.1685011117e-01
-9.4845175051e-01 -6.5332120121e-03
-1.3815307873e+00 2.9260031150e-01
1.0326420363e+00 -1.7080962330e-01
-1.3778067196e+00 -1.5241512390e-01
-1.2415211436e+00 2.4404434344e-01
1.0243259255e+00 -1.1002186789e-01
-1.4146540597e+00 -1.2517065032e-01
-1.5586758586e-01 5.9035466521e-01
-6.6962760367e-01 -5.2309040031e-01
-2.0342725863e-01 -6.3517737488e-01
9.4279112598e-01 1.7977918229e-01
-1.2362387942e+00 5.6306783402e-04
-2.0676906604e-01 -2.2171876318e-01
-7.2881019510e-01 3.8986823831e-01
5.6456643588e-01 -6.9247403845e-01
9.5045437312e-01 4.2831659583e-01
-5.5634523440e-01 7.2831305150e-01
6.1062273689e-01 -6.7951923838e-01
1.2913781028e-01 -3.8210867524e-01
1.3432246879e-01 1.3612128073e-01
-5.9086830332e-01 -2.1054759720e-01
-1.1294402811e+00 -2.4464065157e-01
-1.1305580246e+00 3.5351857459e-01
-1.1060827197e+00 -2.7946612778e-01
1.2776036631e+00 1.6019244637e-01
1.4040455091e+00 1.8857456746e-02
-1.3507817920e-01 2.7395265548e-01
9.9667768168e-01 -5.8752822582e-01
-6.5777868066e-01 2.7338821832e-01
5.6335187136e-02 5.0260889843e-01
-1.0230005325e+00 2.1865086847e-02
-1.5177059927e+00 2.0146072687e-01
-1.3944333143e+00 1.6040586384e-01
4.1036181489e-01 5.4496869772e-01
1.3926791097e+00 2.5626723518e-01
-2.8793841038e-01 1.8575526782e-01
2.5892642398e-01 1.7330949616e-01
6.0924707063e-01 -6.4192982468e-01
-1.9877345541e-01 -3.2071975091e-01
7.9891358040e-01 -3.7645311325e-02
-8.9357565368e-01 3.3217288732e-01
8.7024060563e-01 -3.7442155845e-01
-2.3667960802e-01 -6.5782943657e-01
1.0840318052e+00 -2.6049195037e-01
-1.8814460568e-01 -1.5318614178e-01
-3.9725589914e-01 -4.7062204037e-01
8.3126485120e-01 4.4648699682e-01
-2.2922454509e-01 1.1932254952e-01
-7.2333595621e-01 6.1963678808e-01
1.5477147621e+00 1.5085975260e-01
-1.2166332150e-01 -6.7381677025e-01
1.3068374081e+00 1.5948409137e-01
7.9022037742e-01 -5.2716428800e-01
-6.9836269391e-01 6.1684943678e-01
-8.5339492779e-01 1.6091545347e-01
2.4900573958e-01 -4.5490414230e-02
-1.5173698671e+00 1.6091165501e-01
-5.7855769949e-02 -4.8350009789e-01
1.6071632743e-01 -4.5002507108e-01
6.0735439363e-01 -7.1223462542e-01
1.6413386817e-01 -4.4173779044e-01
9.8024718303e-01 2.9851915645e-01
-1.1870788942e+00 3.3968783420e-01
-3.1694174301e-01 4.0467121385e-01
-1.2077316854e+00 -2.2202583793e-01
7.5326452737e-01 -6.1553807568e-01
-1.2663114308e+00 7.7121107378e-02
-1.8960609978e-01 -1.9811628403e-01
-1.0676225502e+00 5.4028463681e-01
1.2226086200e-01 -7.1332424779e-01
8.5850493894e-01 4.3791955028e-01
-1.2594074876e-01 -6.6638935849e-01
1.0645257213e+00 -3.2287266859e-01
-1.3327703800e+00 9.2407932124e-02
8.9748794141e-01 2.6087535415e-01
-2.4419052805e-01 6.9634734080e-01
1.0977283069e+00 -4.7089478457e-01
-7.2173778396e-01 4.1622144964e-01
-1.4329186413e+00 3.4518326242e-01
-1.0543485679e+00 1.4864303054e-01
1.9180285830e-03 -1.2262680220e-03
-7.3407237613e-01 -1.6808928787e-01
-3.6632245752e-01 4.4558057156e-01
2.7777233565e-01 5.9472242707e-01
3.6095929163e-01 5.0621812159e-01
9.6664467424e-01 4.1118823918e-02
-3.8868678530e-02 -5.7929055219e-01
-6.7794336789e-01 4.1855489206e-01
5.3062615094e-01 3.2849160439e-01
-6.7902392555e-01 1.4968444225e-01
-1.2840038840e+00 3.7256939488e-01
5.4408805315e-01 -6.1881175373e-01
5.5556094519e-01 3.4415423734e-01
8.0072379611e-01 8.3521128041e-02
-8.4342415656e-01 4.0561376467e-01
-6.6295863445e-01 -4.3608247742e-01
5.5931842061e-02 5.3883788482e-01
7.5461449565e-01 -4.4736553548e-01
1.0485274265e+00 -2.7467857972e-01
-4.4627319053e-01 6.2020735973e-01
-4.4754974612e-01 -1.2357961622e-01
-3.6516739888e-01 -3.8603880022e-01
7.6486381557e-01 -4.8793103246e-01
8.8607087241e-01 1.8813412333e-01
-2.6871223094e-01 -5.6620459334e-01
4.6827744559e-01 -7.6709449363e-02
-8.8011183815e-01 1.6160026090e-01
-1.2051923762e+00 1.6572081953e-01
3.2529083071e-01 -5.6711661997e-01
-1.3935537657e-01 -4.7122689204e-01
-4.6098111467e-01 1.8744735987e-01
4.4937473876e-01 2.2544236784e-02
3.1046065584e-01 -6.8292312043e-01
-9.6411043166e-02 -5.0337663026e-01
3.4370440878e-01 -6.3940285719e-01
6.7268846952e-01 -8.8513396310e-02
-1.0698184377e+00 -1.4090755524e-01
-1.2254881820e+00 -3.5078225103e-02
-7.6656998385e-01 5.7120835912e-01
2.0011356269e-01 -4.4654680077e-01
4.5630339668e-01 -5.9840337826e-01
-5.4503607495e-01 5.9464398165e-01
6.9035492521e-01 2.0847287139e-01
8.1177548946e-01 2.9692604182e-02
3.6500083042e-01 -4.3741156492e-01
1.5913176226e-01 -1.1588501437e-01
-6.2445926523e-02 6.6433857728e-01
2.1283066641e-01 -4.7404807854e-01
1.8574481782e-01 6.0840884123e-01
-3.8360823428e-01 5.3032166847e-01
-3.5209956004e-02 -6.0845209366e-01
-7.2200551514e-01 -1.3306396319e-01
9.4866728911e-01 -2.2830547699e-01
-6.4178181174e-01 3.3019315644e-01
-4.7797797567e-01 2.6831667755e-01
5.9348144990e-01 -4.9912436998e-01
-8.7787573834e-01 -2.7154077145e-02
4.6304225932e-01 7.7186494586e-02
-8.1625515334e-01 1.9247189553e-01
2.3054165455e-01 -5.7767762821e-01
4.2858456840e-01 2.9163440183e-01
8.6993843524e-01 2.5411842265e-01
-8.3353300859e-01 -8.1655090313e-02
-7.3584590289e-01 6.0337160920e-01
-1.3507079311e-01 6.5081882727e-01
-4.1380457049e-02 6.2869294495e-01
1.2296342151e+00 -2.5891489912e-01
-5.4244408933e-01 1.6837689415e-01
-1.4257666906e-01 5.7154210479e-01
-9.6251504938e-02 -5.7950176652e-01
9.6985877620e-01 9.0298899798e-02
1.0041180084e+00 4.1301015344e-02
-9.1983661832e-01 -1.5844828526e-01
-2.9701958060e-01 6.4067146574e-01
-4.1448523429e-01 6.1644175196e-01
5.8752142782e-01 3.4121384497e-01
-6.6300484062e-01 4.6192285357e-01
1.0154002874e+00 -3.7959509974e-01
-1.1503634133e+00 2.8338713381e-01
-6.7421598273e-01 3.8367865412e-01
-3.1428052977e-02 5.0752461626e-01
-5.1529580529e-01 -4.8904253411e-01
-1.6426145836e-01 -3.5463093315e-01
5.3128265557e-01 3.8555247717e-01
8.7801938739e-01 2.7664670995e-02
-9.7236935328e-01 -3.1282493171e-02
7.1130404972e-03 -4.7450119454e-01
2.2002646768e-01 5.4537489962e-01
5.7093999338e-01 -6.6485168928e-01
-8.6058772494e-01 -2.0631547317e-01
1.0033703821e+00 -3.6760004020e-01
-1.7066849656e-01 5.7676036827e-01
9.8591061359e-01 -1.9635311053e-01
6.2030423858e-01 -2.4074696487e-01
8.6711380461e-01 3.0466796990e-01
-8.4400671085e-01 -3.5515066380e-01
5.2811152172e-01 -6.0763540574e-01
-4.5962895009e-01 2.7219626099e-01
-5.6932912824e-01 6.6873456631e-01
-7.9555933087e-01 3.6268690245e-02
-1.3752817893e-01 6.2463857247e-01
1.0061152504e+00 -3.8047708137e-01
-1.2463788713e+00 3.9802743636e-02
1.2527654295e+00 -2.5699448628e-02
-6.2674882439e-03 -5.3294953516e-01
1.3886103449e-01 -6.2840100125e-01
1.5787975803e-01 4.0338185318e-01
4.3057910800e-01 -6.7272960063e-01
5.4734144845e-01 5.3468772443e-01
1.1667917430e+00 1.6249086836e-01
-7.7639435801e-01 1.2190952419e-01
3.9367337190e-01 -6.0646399917e-01
-9.3519140525e-01 1.3787409225e-01
-3.9905698252e-01 5.9465969633e-01
-1.0400827942e+00 2.6084777951e-01
5.5434703009e-01 -5.9020011227e-01
-4.0974704029e-01 6.3712463367e-01
9.1749960742e-01 4.0245165755e-02
-3.7372570855e-01 5.7234407499e-01
6.8128349334e-01 -4.9115971749e-01
-6.3318150342e-01 -3.6335157075e-01
7.2826162769e-02 -5.1684708566e-01
1.0463115314e+00 3.2360849559e-01
-7.5432781909e-01 1.3439996508e-01
-1.1371133645e+00 -1.6791183600e-01
-2.8174643752e-01 1.2601239361e-01
-4.0387879131e-02 -4.4237294105e-01
6.7402691980e-01 -6.0980829389e-01
-5.5504249113e-01 2.3748825771e-01
4.4683971998e-01 5.0462767756e-01
-5.1636463412e-01 4.3582307233e-01
-8.6674796732e-01 2.5488282987e-01
4.6144383054e-01 -6.5023257381e-01
4.8625032563e-02 5.4489508840e-01
-5.4724704754e-01 5.6685196824e-01
-7.3935850511e-01 -2.8341071180e-01
1.0996487504e+00 -3.2943675651e-01
-7.3892285844e-01 6.2236948395e-02
4.6811272092e-01 1.4179949248e-01
6.3292423612e-01 3.6020211046e-01
-2.1444314873e-01 4.2956930912e-01
-9.5593177762e-01 -7.9300702489e-02
-1.4232473258e-01 5.5881580190e-01
-3.6392508182e-01 -5.9244427426e-02
8.2287566726e-01 1.2276979301e-01
-1.0367918920e+00 1.1999915361e-01
1.7432793485e-01 -6.4887770655e-01
7.4426854802e-01 -2.8635356980e-01
4.4664547930e-01 -6.2065340766e-01
-6.7789375026e-01 3.5391019954e-01
3.3172395086e-01 4.9395055930e-02
-1.0248671307e+00 4.6352832710e-01
-3.1912236186e-01 -4.1213955058e-01
9.9296527924e-01 -8.0069452898e-02
4.6851874415e-02 6.3031935759e-01
-8.2072775653e-02 1.2202625101e-01
1.1528731510e+00 1.8226109182e-01
-5.1924612116e-01 -4.1580748233e-01
-6.5681240198e-01 -3.8049798989e-01
-6.9425167748e-01 5.6605079280e-01
7.3221949511e-01 2.5138550048e-01
-5.7994870061e-01 2.5422498170e-01
5.7217328087e-01 -4.9095365754e-01
-1.0248645547e+00 2.6843608480e-01
-7.9401191537e-01 5.1427628098e-01
5.8198419547e-01 -5.1887300650e-01
-4.4545505406e-01 -3.7991482311e-01
9.5500773124e-01 9.0373011717e-02
-9.0912953944e-02 -2.7892620911e-01
-2.2995583887e-01 5.4973521332e-01
7.6379670769e-01 2.6960263944e-01
-1.2134749862e+00 -5.1386988830e-02
1.6498256876e-02 -5.1854204239e-01
-3.4044394931e-01 6.6178559232e-01
-7.0559315393e-02 6.5120326343e-01
6.2413672888e-01 1.5836176896e-01
7.9701408006e-01 -2.2089647491e-01
-7.1019375356e-01 3.8932782042e-01
5.3427479823e-01 -5.8474512281e-01
1.2002129550e-01 6.1738250788e-01
1.3780914730e-01 -5.3683754551e-01
2.2133371490e-01 3.3572589111e-01
-9.8662347417e-01 3.2853300509e-01
1.1737440338e+00 1.9223284064e-01
-1.1662526700e+00 7.3254346465e-02
4.9904187006e-01 -3.2241579907e-01
9.5975996312e-01 -5.1279836112e-01
1.0129230183e+00 -1.9885334836e-01
-7.9180829538e-01 3.3720786726e-01
2.0720701987e-01 -3.5346956708e-01
-3.1201141729e-01 -2.9798745936e-01
3.2617052150e-01 1.1919843321e-01
7.7080029217e-01 -4.1085016723e-01
4.6320012284e-01 -5.1825471676e-01
-4.6302124476e-01 4.9981026247e-01
7.2325391951e-01 1.1650445793e-01
-8.1524449879e-01 -1.3438445450e-01
-4.8930548510e-01 6.0062165807e-01
5.5047979052e-01 -5.9050912748e-01
-1.1088147487e+00 3.9710810643e-02
-1.2374894368e-01 5.5898518389e-01
1.2102358733e+00 -1.7209904825e-02
-7.5582112482e-01 2.0578057797e-01
-5.6873270342e-01 4.5950197580e-02
2.7750818014e-01 4.8402692255e-01
1.1672313784e+00 -3.7070967937e-01
-3.4754473711e-01 5.0093201197e-01
1.1872579911e+00 1.1129318693e-01
7.4961090950e-01 -6.0146807337e-01
-4.5563693287e-01 6.1770484133e-01
1.1601197661e-01 -5.7888893148e-01
-3.0918413056e-01 -3.9157008820e-01
6.8977626042e-02 1.5778496262e-01
7.0957690226e-01 -5.4658153018e-03
8.5414347470e-01 2.5645028494e-01
2.7892167519e-01 3.9526460462e-01
-6.0285294350e-01 5.2746483816e-01
5.4677689418e-01 -1.8163620121e-01
-5.9023034646e-01 7.8790564891e-02
-4.1192928744e-02 6.5893430802e-01
1.2125947058e+00 1.3359476671e-01
-2.8920519209e-01 5.5561107622e-01
-1.4158937731e-01 3.4962220847e-01
-4.1263391716e-01 3.8565120444e-01
8.7965845419e-01 -1.8956771229e-02
6.6650285682e-02 -5.4499149062e-01
6.3260415983e-01 -5.1188500991e-01
6.5730558181e-01 -2.1543505771e-01
-9.7294465224e-01 -2.0492292806e-01
8.4359762819e-01 1.1922440088e-01
2.6794052060e-01 5.7444888976e-01
-7.8783395141e-01 -1.9212771583e-01
9.3477134961e-01 2.3471417152e-01
4.0658134854e-01 -3.2329621464e-01
-1.0468461912e+00 4.0952482362e-01
-1.1816812239e+00 4.6969962858e-01
2.1582829403e-01 -5.2914593246e-01
-3.5629596503e-01 -2.8428722945e-01
-1.9878447109e-01 4.9013730205e-01
-1.2700225981e-03 6.4055161714e-01
-1.9081413109e-01 5.4576735767e-01
4.1501929518e-01 -6.2488101473e-01
7.2631808062e-01 -1.6038247139e-02
9.1747135903e-01 -1.2819180908e-01
-5.7032715576e-01 3.7171792634e-01
-4.4653193190e-01 2.7656542431e-01
5.4910565979e-01 -4.3043929127e-01
-7.2066652099e-01 -3.0771888342e-01
7.8010834181e-01 2.9643176235e-01
7.8168949912e-01 2.0698421919e-01
-5.2261069101e-01 -5.1644114789e-01
-5.3036518743e-01 6.4924860153e-01
5.2384174413e-01 2.4126304235e-01
-1.0805670523e+00 9.9312166684e-02
5.2724209311e-01 -5.9771856004e-01
1.9004770959e-01 7.6757739252e-02
7.8598210737e-01 -1.9564323856e-01
3.4152500827e-01 -6.4518151228e-01
-3.5407787051e-01 -4.1825111742e-01
1.3445639867e-01 -4.5077939708e-01
-5.1180421496e-01 -3.2554595614e-01
5.9262686420e-01 3.0330515785e-01
-9.2370425219e-01 -1.8994809780e-01
4.4810270087e-01 -1.5701893336e-01
-5.9120233965e-01 3.6154852839e-01
5.2303939171e-01 -6.0811494695e-01
1.0321476756e-01 -3.0871660956e-01
-1.1725354937e+00 1.1251832705e-01
-4.3234606855e-01 3.2474282637e-01
-1.0975061057e+00 3.9092114101e-01
3.8252465590e-01 -2.5223995070e-01
-1.0922605594e+00 -4.0674532295e-02
-1.2713001282e-01 5.2996050730e-01
-7.5965347518e-01 -3.2025860179e-01
6.1623587501e-03 -4.6467272006e-01
6.9867178410e-01 2.6292786105e-01
6.7253166060e-01 -2.5227486060e-01
7.9299820325e-01 -1.0664374509e-01
-9.1693938406e-01 -1.8342009238e-01
9.2221742851e-01 5.2696125885e-02
3.9591628004e-01 -6.2326400179e-01
5.4650309848e-01 -1.2075862222e-02
-8.6259300429e-01 -2.3141089351e-03
7.3099030245e-03 5.4170245487e-01
-9.5937333920e-01 4.1333034742e-01
-8.6974461146e-01 -6.9613259407e-02
7.2053779461e-01 3.4679597304e-01
-8.4246192064e-02 -6.2851719498e-01
-6.7876258661e-02 -3.1577478643e-01
-1.8736019620e-01 4.2789856180e-01
-7.5349217175e-01 1.8161347998e-01
3.9973629063e-01 -6.6292503787e-01
-9.0551911178e-01 3.6828387690e-01
-3.8690801804e-02 3.4086479677e-02
3.5944734109e-01 -3.9256674514e-01
-7.5738900177e-01 4.7949731503e-03
3.9379649477e-01 -6.2988345655e-01
-2.5554981435e-01 5.9450480242e-01
9.1957568397e-01 -3.2856310222e-01
-1.0970558758e+00 -1.2109431599e-03
3.3289155587e-01 3.6134633733e-02
-6.6814861671e-01 2.5186489577e-01
-1.2260400109e+00 -1.8362732968e-02
-6.1584418805e-02 -5.6465887433e-01
-2.2596633559e-01 -1.4157136165e-01
-2.4951829357e-01 6.6806254261e-01
3.6857301755e-01 -6.7513544193e-01
3.0324945324e-01 -2.5124396259e-01
1.5361843298e-01 2.3843738290e-01
-4.8238070203e-01 3.4883913818e-01
4.3222338544e-01 -5.0787018150e-01
-5.1375950190e-01 3.0868699105e-01
-3.2298491353e-01 -4.4466760942e-01
3.5862684637e-01 3.7174322993e-01
-2.1169791426e-01 -9.1080958169e-03
1.1872954771e+00 7.3272992100e-02
8.7325454700e-01 -5.3543900906e-01
-4.9523705056e-01 5.9525259239e-01
-8.5401875903e-01 -1.8852273699e-01
-3.7171731922e-01 4.4635371751e-01
4.8048066763e-01 -6.2355602251e-01
1.9911864389e-02 -4.6575413731e-01
9.9348171795e-01 2.6283680423e-01
-2.9081502612e-01 3.8836908616e-01
-1.1553338391e+00 3.5362496009e-01
-6.9649530722e-02 -4.5019007703e-01
7.2264716668e-01 -8.6269538498e-02
4.1403121154e-01 4.2697281538e-01
-1.0278829018e+00 -1.1076535882e-02
6.8357691520e-01 1.3555704254e-01
-6.2279494150e-01 -6.9728667132e-02
-3.1333124826e-01 6.2552663588e-01
3.4831849766e-01 -5.8336213358e-01
6.9765655231e-01 1.0461029103e-01
-6.1457993845e-01 -3.6338702241e-01
7.3502174050e-01 2.6513107781e-01
-2.9881775340e-01 -3.6702392986e-01
3.5784340744e-01 4.5850489421e-01
2.4298619351e-01 -2.8916432493e-01
6.9990209380e-01 -7.5536330629e-02
9.3855917411e-01 2.5026344116e-03
-1.3657913371e-01 1.0727734989e-01
7.5491493819e-01 3.3132281362e-01
5.2876388294e-01 -2.7686863140e-01
-8.5568625730e-01 -2.4574229078e-01
-8.1109597893e-01 -2.3730842009e-01
-2.9125966334e-01 3.9664749903e-01
9.7158418378e-01 3.3172197807e-02
-2.7156130748e-01 -5.0099274625e-01
-4.9237321094e-01 -3.7760063147e-01
-2.2479703796e-01 4.5266694909e-01
-1.4234648920e-01 6.0249360785e-01
1.1409350077e+00 -2.7888758734e-02
4.9217487443e-01 -3.5711078629e-01
-6.3013559499e-01 5.9563429191e-02
-9.2799646655e-01 -1.2396026349e-01
3.4553307979e-01 -3.0525049249e-02
-7.2028254557e-01 -3.0334536750e-01
2.1684751431e-01 7.5159126550e-02
3.1998240707e-01 -6.4531428556e-01
9.6207978452e-02 6.4310348959e-01
1.0423643992e+00 -3.6895249921e-01
4.2056924707e-01 -5.7756173761e-01
-3.8200024872e-01 6.3871039847e-01
1.6563648783e-01 -5.2800671252e-01
-8.7412185901e-01 -1.8020752044e-02
-3.2715279630e-01 4.3855645686e-01
-1.1329603318e+00 -1.3171703369e-01
4.5071587126e-01 -4.0276744831e-01
-4.1359772266e-01 5.1636486883e-02
7.3096399552e-01 2.5902092457e-01
-9.3686019481e-01 4.6087893070e-01
-7.1756756280e-01 -1.6637399948e-01
-5.2717540581e-01 -3.8270947982e-01
1.0209169773e+00 2.3784355184e-01
-5.1753948474e-01 6.4148428781e-01
9.8461684554e-01 2.6141357743e-01
-4.9769796120e-01 6.4216036068e-01
-2.6127172651e-01 5.6656220242e-01
5.0940574888e-01 -1.5776158089e-01
-1.2378962303e+00 3.5785676038e-01
-4.7242430836e-01 6.1690282880e-01
1.2438307326e+00 -1.2263073173e-01
8.9603987278e-01 2.7582781125e-01
-1.1910891044e+00 1.0440062117e-01
-4.2678349899e-01 -4.6462737325e-01
1.3563093554e-01 -5.9630002639e-01
8.7013585201e-01 1.0844318592e-01
8.3524017073e-01 -2.0710174897e-01
-7.0648150928e-01 3.3841510228e-01
1.7022573537e-01 -4.8457093773e-01
1.5051871848e-01 5.5090634840e-01
6.8783166170e-01 -5.7820347748e-01
2.4491956031e-02 -5.1760941708e-01
-3.3856403602e-01 2.5896326946e-01
8.8154413669e-01 2.3874137159e-01
-8.5020344816e-01 -9.2313285861e-02
8.6141274375e-01 -1.4275657578e-01
-6.2823996175e-01 -3.9028638147e-01
-4.0703939357e-01 3.4563271179e-01
-1.1186165917e+00 2.8940101792e-02
3.3415890340e-01 3.1818830974e-01
-6.9942550334e-01 -2.0276417711e-01
7.3644812186e-01 -5.3092301784e-01
-9.5574072471e-01 4.4117286773e-01
3.1874251674e-02 -5.6540491128e-01
1.9144825075e-01 4.5029899026e-01
5.1987985355e-01 -6.6028036680e-01
1.0145574390e-01 -4.2570212694e-01
2.2889127509e-01 -7.5242212523e-02
7.4133122051e-01 -3.3850691954e-01
-7.2463011514e-01 -1.8810510994e-01
4.0351482980e-01 4.0640451950e-01
-5.3670762355e-01 5.6946780369e-01
-8.2556438156e-01 5.3783846366e-01
6.8081866238e-01 -4.2544790277e-01
-1.3195609023e+00 1.5894261071e-01
5.7531613903e-01 -1.8011510965e-02
8.0551961851e-01 -5.5760994231e-02
-1.0549913269e+00 -1.0814381598e-01
-6.8071600887e-01 -4.3500595020e-01
1.1523736383e-01 -4.2451871392e-01
7.7093811754e-01 2.5556339949e-01
-3.4469672415e-01 6.4131631875e-01
8.3187376813e-02 -5.0359255758e-01
1.2252458199e+00 -1.6310318357e-01
-7.9349713335e-01 1.3405847927e-01
-8.1027343889e-01 1.5487111070e-01
-2.2985166671e-01 -5.0072507464e-01
-3.0022164267e-01 -5.0878668849e-01
-7.8749713530e-01 -2.4448445583e-01
6.6724989023e-01 -5.6610193463e-01
-4.2842048012e-01 2.5966920123e-01
1.1941709007e+00 -1.7770779904e-02
7.4464419137e-02 -5.9195558421e-01
1.0230920983e+00 6.4068962218e-02
-4.5320530144e-01 -1.7666038102e-01
-7.3787665901e-01 5.8913119763e-01
-3.1006036007e-01 6.3468786970e-01
-7.1822324685e-01 1.6175677914e-01
-6.5751548808e-01 -3.0243276922e-01
-4.8917315256e-02 -3.7896470328e-01
4.8139458672e-01 -3.1017975677e-01
4.0742780160e-01 5.6658303062e-01
2.3060369997e-01 2.7304816953e-01
-6.9708840095e-02 3.3731544698e-01
6.6684989901e-01 -4.6760381713e-01
4.8529253128e-01 1.5773626161e-01
1.1411472603e+00 -3.0432750127e-01
-6.3772226594e-01 -1.3801368527e-01
8.8112531518e-01 4.5405291773e-02
-8.9017688264e-02 -1.2693609299e-01
-1.1691841592e+00 4.7102089140e-01
1.4588714896e-01 -4.8670640376e-01
1.4014045154e-01 -6.0818588089e-01
4.4313978734e-02 5.2880950355e-01
5.9105829839e-01 -5.1718622377e-01
-7.4022304897e-01 2.3423571355e-01
-9.5361754405e-01 -1.5108169974e-01
-2.1144134340e-01 6.0267925041e-01
9.4195618981e-01 4.5892901833e-02
5.0617700454e-01 4.1854007686e-01
-9.1900212714e-01 -8.2847241792e-02
1.0780028472e+00 -3.6765959732e-01
-5.3090010658e-02 -5.2756630598e-01
1.2080418417e+00 -3.1106202728e-01
6.5060155477e-01 -2.1705097032e-01
-2.9418865906e-01 -3.0032926717e-01
7.9349097970e-02 -5.0742180612e-01
-1.0521937481e+00 -1.9031891607e-01
1.1180780391e-01 6.4394855111e-01
7.4635788639e-01 3.7171822275e-01
-9.9130921972e-01 -2.8264331834e-01
-9.4738686139e-01 -2.1977445984e-01
1.0316834391e+00 1.0249374528e-01
9.5796123028e-01 -4.6554217889e-01
-8.8861137434e-01 5.2139713165e-01
-1.6835980661e-01 -4.6018771639e-01
-3.8720854389e-02 5.1637759386e-01
-4.0150847571e-01 6.3327922373e-01
5.1721900349e-01 -5.5124387362e-01
-7.2854474433e-01 3.6594622101e-02
9.5749322739e-01 -1.3317287394e-01
-8.2789061836e-01 -6.5830889606e-02
4.5427555440e-01 -6.0510195613e-01
2.6178595728e-01 4.2999886228e-01
-1.2221097716e-01 -5.4661453301e-01
-1.0138634752e+00 -8.8940424881e-02
2.6929383264e-01 -4.9300018644e-01
-3.3057956181e-01 -6.5082513690e-02
1.1113276580e+00 -3.8414620005e-01
-1.1001724323e+00 2.9399184540e-01
1.4511269358e-01 -6.3491259828e-01
5.9011297505e-01 -4.8198730338e-01
-2.9784882930e-01 -3.9309688606e-02
-3.0238822320e-01 4.6017660302e-01
-1.1394773724e+00 2.1007693892e-01
-3.6970147266e-01 -2.7216541545e-03
-9.2228619859e-01 -9.4741863354e-02
-7.8932000983e-01 -2.2714286473e-01
-6.8642769767e-02 -5.4892127768e-01
8.5982981302e-01 2.6843400124e-02
-8.7054209367e-01 5.4823915961e-01
5.8534784769e-01 -5.5139000365e-01
3.1462089596e-01 -6.1807530391e-01
4.1249566523e-01 1.1589631997e-01
9.8035423972e-01 4.0140329293e-02
-5.5235026473e-01 -2.4298361512e-01
2.0043952706e-01 -3.7683962538e-01
9.3161405746e-01 -1.1495309292e-01
-1.1615435657e+00 2.5306361730e-01
7.4342046573e-01 2.7596300325e-01
6.3254931820e-01 -4.8308308541e-01
-7.8406856708e-01 1.7180417433e-01
5.9929989874e-02 -6.7409303947e-01
-2.1777687569e-01 4.7819919221e-01
-2.8556029829e-01 5.1084649001e-01
8.2390728519e-01 -3.7999082589e-01
-6.2945932489e-01 -4.5254245504e-01
-4.6133946691e-01 6.7918333143e-01
5.6775320949e-01 -2.4677312552e-01
-5.9171327123e-01 5.3686961747e-01
8.7625495442e-01 1.8717179910e-01
-1.0035185658e+00 -5.5220302652e-02
4.7984770736e-01 -5.9873662331e-01
4.3466954972e-01 7.6518123253e-02
-1.1954269866e+00 7.8439013964e-02
2.7733369768e-01 -6.4993934232e-01
-6.9175967565e-01 -6.2308755723e-02
4.5723961616e-01 -5.5057782409e-01
1.0695042521e+00 1.7169916991e-01
-6.9817701160e-01 4.2276917989e-01
4.7936030520e-01 -6.6161866977e-01
-7.6417374991e-01 4.3702049984e-01
3.6300115441e-01 -2.9830744893e-01
1.2333687920e+00 -1.9092521608e-01
-7.9596997075e-01 4.2773486337e-01
5.8435619734e-01 3.6911432617e-01
-8.2925605358e-01 -2.4674737629e-01
9.3003305082e-01 -4.5241773628e-01
-1.2825483288e+00 1.1772484011e-01
3.6211168459e-01 5.8074729197e-02
-5.5722916528e-01 3.4434870568e-01
-1.6181557229e-04 4.9236994211e-01
7.1452923974e-01 3.1239687314e-01
-6.8589143635e-01 5.3661474248e-02
3.0722984044e-01 -1.6745631384e-01
-8.7654831060e-01 5.5965562677e-01
1.3806337285e-01 6.3797542990e-01
-1.0280311067e+00 4.5877654120e-01
6.7875039072e-01 3.1014486642e-01
7.0354594779e-01 -7.3480529314e-02
-1.2296133241e+00 2.4103228830e-01
8.2293633919e-01 5.4135539790e-02
4.1021865779e-01 -5.6485586869e-01
-9.4542865303e-03 -5.1859982088e-01
1.0991243811e+00 2.1656763934e-01
7.1155008023e-01 -4.9748679339e-01
-5.5445796087e-01 5.6499482413e-01
-5.5972524007e-01 -2.4692276984e-01
8.1516607755e-01 -3.3764968415e-01
-7.1337299804e-01 4.6341861116e-01
-6.6681731787e-01 4.2940290606e-02
-1.1117588179e+00 4.0485764824e-01
5.1157653092e-01 -6.4948653976e-01
1.1875158528e+00 -2.8067605676e-01
-4.5212411877e-01 2.6863291454e-01
-1.9852598043e-01 1.0516459933e-02
1.5687979231e-01 -1.6125471125e-01
-2.3830169580e-01 -5.0612621267e-01
6.5672834118e-01 -3.4154782757e-01
6.9741360943e-01 -1.6258502709e-01
-2.7746272808e-01 -5.8086201684e-01
-7.7463931069e-01 -2.8385715296e-01
7.6353063353e-01 2.5721882141e-01
-7.9103843858e-01 -3.0082580083e-02
1.2401002086e+00 -9.5565423812e-03
2.3240300629e-01 2.6146873778e-01
-5.0779286552e-01 5.7109593166e-01
-1.5466340500e-01 -5.6664838939e-01
4.3318126091e-01 -6.1407079458e-01
8.9356621966e-01 3.4866682560e-01
9.2612963789e-02 3.6877789923e-01
-7.2609144144e-01 1.6921692651e-01
7.5755651109e-01 1.9556401150e-01
-1.0025635207e+00 5.4572253032e-01
-9.3483537152e-01 -4.7005066320e-02
4.0883651303e-01 4.6501677507e-01
9.7211881901e-01 -6.6979676708e-02
1.2645048733e+00 -2.9032333228e-02
-3.8739393273e-01 6.3336163800e-01
-3.9753753186e-01 3.3738210179e-01
-3.8396866793e-01 5.7997818924e-01
4.4765978136e-01 -5.8063080352e-01
-7.9495857063e-01 -3.6748102394e-01
2.6863066413e-01 -3.5823769790e-01
1.2198629717e-01 3.2391216441e-01
-6.3774944545e-01 5.1044721269e-02
-9.2939522930e-01 -1.1768090543e-01
8.7211586807e-01 2.2753124890e-01
1.1906558901e+00 4.3640128283e-02
4.6125331629e-01 3.8470842658e-02
5.5211590856e-01 -4.1637786637e-01
-1.3242776890e+00 9.9718908688e-02
2.1775054725e-01 -6.2776859448e-01
-8.5271628547e-01 2.0585752263e-01
9.2580244216e-01 -1.6401603840e-01
-7.4146234300e-01 -1.6660386924e-01
-5.3599146639e-02 4.5177679273e-01
-3.7611512258e-01 -5.6154981996e-01
6.2166022688e-01 4.9722416717e-01
-2.3770884917e-01 -4.3427617904e-01
3.7145675862e-01 5.1883738903e-01
1.1312163127e+00 8.0238352836e-02
9.2494584685e-01 3.2210290809e-02
-2.9436749318e-01 6.4252948892e-01
4.4860689454e-01 -5.2868231476e-01
4.2234221849e-01 -6.2824670284e-01
1.2301413635e+00 -2.6163410033e-01
-3.7220219890e-01 4.6843054821e-01
4.1592545293e-01 -3.8490907671e-02
-6.1175161851e-01 -4.5102400267e-01
-1.2317827744e+00 -7.1074367101e-03
2.4723148352e-01 5.8563344542e-02
5.2542601941e-01 -5.4672654330e-01
1.3656842846e-01 -3.4341780765e-01
-2.1125414860e-01 1.4011661620e-02
1.6093132931e-01 -4.6373045623e-01
-5.6817160288e-01 6.3067011487e-01
4.8104537940e-01 -5.9260714277e-01
-4.5573920066e-01 6.3315990531e-01
-1.0917688215e+00 -2.4754349164e-01
8.4109345049e-01 2.4675638857e-01
-7.2086616160e-01 -1.3172638344e-02
-2.9116981393e-01 -5.5865814165e-01
6.2273027750e-01 -5.3132071518e-01
-7.1968504221e-01 -2.2797351655e-01
1.0406378054e+00 -1.2945932072e-01
-1.3053246511e+00 5.8715943472e-02
-2.9364495195e-01 -1.4286701087e-01
-7.4201109923e-01 5.5933197447e-01
-8.2970287948e-02 6.4530483142e-01
4.4864347871e-01 -6.6008091966e-01
9.0909220656e-02 -2.4697173263e-01
-1.4313857509e-01 6.3717406433e-01
5.5353785880e-01 -3.8146209537e-01
-6.4184645029e-01 4.5156523453e-01
7.4612033909e-01 1.7025893057e-01
3.8067745257e-01 5.1799049447e-01
2.9544223950e-01 2.0931024154e-01
-5.6117628615e-01 3.5271658009e-01
4.6309602717e-01 -7.8260616178e-02
-6.4182738137e-01 1.5846307241e-01
-6.0731478978e-01 5.3943183885e-01
-1.8412737440e-01 6.0571286600e-01
-2.2592062284e-01 -4.4983262401e-01
4.2645417140e-01 6.2282519087e-02
-3.0897610201e-01 5.2263668063e-01
1.8916939356e-01 4.2633610765e-01
1.8442464921e-01 -5.0622914469e-01
-8.5496441017e-02 -3.8867814503e-01
4.7153027948e-01 3.7505256104e-01
7.1851347904e-01 -2.9510696031e-02
-1.8098439591e-01 -3.4676024648e-01
4.9513636054e-01 -8.0792550072e-02
1.0072229291e+00 3.5537456046e-02
-9.1855516410e-01 2.7529895536e-01
4.0957839315e-01 -6.1917782673e-01
-1.2932817233e+00 2.2183381618e-01
-5.1049019403e-01 -5.2197062006e-01
-3.9420776134e-01 4.4254345842e-01
-5.6379802866e-01 4.7352007684e-01
3.5644177959e-01 -6.0537186252e-02
-5.7076099412e-01 -4.6955449626e-01
2.5928901554e-01 -1.1979423151e-01
-9.8090500743e-01 3.9210684919e-02
2.3286328583e-01 2.1481703136e-01
-3.6563335559e-01 5.4250923866e-01
-5.6417964139e-01 6.1306992142e-01
8.0859659239e-01 -3.1399630828e-01
-7.1751897736e-01 5.3754900948e-01
-1.4569867735e-02 -2.2056627761e-02
-9.6737183065e-01 1.5261160952e-01
-5.7393544179e-01 1.1609459710e-01
1.5991217549e-01 5.5399453151e-01
2.8806915722e-01 -5.5650737354e-01
2.0175447292e-01 4.1778742779e-01
4.4080706772e-01 3.0877198497e-02
7.9039239640e-01 -2.5262312637e-01
4.0491767599e-01 6.4028172992e-02
-9.1760006541e-01 4.5655271231e-01
6.8342261105e-01 4.1351665093e-02
-3.5338444188e-01 -5.5925226345e-01
-5.2277758956e-01 6.5407754012e-01
7.5284248260e-02 -3.6041099718e-01
8.4917581559e-01 -5.7401278284e-01
-7.6993269189e-01 -3.6842976604e-01
9.0936410396e-01 2.1159291922e-01
8.0369620871e-01 -3.4196226896e-01
9.2217247637e-02 -2.7481184054e-01
-7.3964776325e-01 -3.3993296271e-01
-7.9305102051e-02 5.6455703297e-01
3.9639577222e-01 -5.2776889185e-01
-2.4658695150e-01 6.6012516530e-01
1.9080535359e-01 -6.7595117833e-01
3.4683904820e-01 -4.1857415022e-01
4.3345308407e-01 1.1915884293e-01
9.4469800086e-01 -4.3979491914e-01
-9.3094774500e-01 2.3671879221e-01
-4.2029046924e-01 -3.7333263987e-01
1.8677472375e-01 4.3475467919e-01
-5.6722399180e-01 5.8913309487e-01
1.7556999339e-01 -1.2213363965e-01
-3.9050496419e-01 9.2458698608e-02
-5.1283915764e-02 -5.0004511178e-01
-7.2339941973e-01 3.3765999656e-01
1.9978651348e-01 -6.3055572034e-01
-4.7357856314e-01 6.0564858900e-01
3.8861971421e-01 -6.4648219877e-01
-8.6899823779e-01 1.5470204744e-01
-5.1486550227e-01 6.7016801150e-01
-3.2617652187e-01 -1.1234923730e-01
-1.4849473032e-01 -6.0359706978e-01
9.1406202291e-01 1.5419282735e-01
6.1753611628e-01 -3.7207863651e-01
-1.0306972343e+00 -2.1883043445e-01
8.1990604046e-01 -7.2897720728e-02
-3.9504590579e-01 6.2157868472e-01
2.8241082960e-01 -5.8773232312e-01
-1.1191930314e+00 3.4575757588e-01
4.4803602232e-01 -6.1826494100e-01
-1.6291023156e-01 5.8642629532e-01
3.6379769377e-01 -4.9418083467e-01
-1.1824620587e+00 2.3379777339e-01
-7.4421383027e-01 4.6160086949e-02
-1.0083340996e+00 -8.7431002544e-02
-3.3172944298e-01 -5.1788299078e-01
7.6127652798e-01 -3.0877288636e-01
-9.9109915776e-01 -4.5102662431e-02
-3.7137512349e-01 5.8743792472e-01
3.5387598046e-01 -3.4788962619e-01
8.9113518940e-02 -4.7730117654e-01
1.1601091813e+00 1.4670004018e-01
7.3833122424e-01 -5.7456102209e-01
-4.8726962457e-01 5.9412189794e-01
7.7879777136e-01 3.6990977170e-02
-8.0280500529e-01 -2.1070272874e-01
-7.1937495356e-01 3.6380109137e-01
8.2460833987e-01 2.4783543963e-01
6.4363257568e-01 -3.3877762941e-01
-1.1227217166e+00 3.2470297158e-01
-9.1548819901e-01 -2.7168013001e-01
1.9237151263e-01 -8.2539441380e-02
-6.1574230151e-02 -6.1840847490e-01
-8.6870228505e-01 3.2771349291e-01
-3.8518646365e-01 9.7473204901e-02
6.8090097718e-01 -3.9949257131e-01
-2.1498621825e-01 -2.0439563184e-01
-3.9505422292e-01 6.0338814637e-01
-4.7727694755e-01 -4.1627338439e-01
-1.6988777411e-01 -3.7112047804e-01
7.7569871659e-01 2.9256744248e-01
8.0060413189e-01 -4.0426617582e-01
8.3063957339e-01 -9.0873262133e-02
2.4742656176e-01 -1.5409537129e-01
5.9013244121e-01 4.0643839179e-01
-4.2254520961e-01 6.1298374770e-01
1.5126267090e-01 -5.4524817730e-01
-6.4642291355e-01 1.0577583571e-01
1.2801302959e+00 4.1228310545e-04
-9.7578110747e-01 5.5566735826e-01
-8.0638654677e-01 -2.4873828741e-01
-2.6032225799e-01 -3.9357310814e-01
8.2600817074e-01 7.9192174817e-02
8.1067989713e-01 -5.6414916320e-01
3.8472711301e-01 4.9888501609e-01
1.9540063990e-01 3.5794306658e-01
-6.4916035243e-01 7.4112843560e-02
1.2361611030e-01 4.1905201604e-01
5.0645118484e-01 -6.1008156965e-01
5.9097112908e-01 -1.0258153202e-01
-6.1890161308e-01 -1.0701905683e-01
1.2126010049e+00 6.6458677104e-03
-1.1794401117e-01 6.0158294831e-01
8.7641723792e-01 2.5880503589e-01
-9.4349359935e-01 4.7850975215e-02
-2.5830371598e-01 -4.2843954587e-01
-3.0139505642e-02 3.1141456341e-01
1.2612100297e-01 3.5784913439e-01
-8.0869713028e-01 1.3381949270e-01
-8.3413714720e-01 1.3146057634e-01
-4.7025877554e-01 6.1358755626e-01
1.1386050941e+00 -8.6187100038e-03
4.2543853263e-01 2.3242358122e-03
3.6225040867e-01 -5.3241056201e-01
-1.1197741000e+00 -9.7556960727e-02
-5.4287212644e-01 -3.6011815718e-01
5.5768646418e-01 5.2334174931e-01
-5.2821430794e-01 3.0315980349e-01
7.4149927306e-01 -2.3035861580e-01
-7.8289065729e-01 -2.5584513990e-01
1.0955571344e+00 2.7734020717e-01
8.0571633587e-01 3.7909349992e-01
1.0933733493e+00 1.5580356302e-01
-8.4549864443e-01 3.9818413808e-01
-1.0049590654e+00 -2.7026364229e-01
-1.8084859995e-01 5.8878721167e-01
3.6481600636e-01 -5.9482724855e-01
-3.5603781163e-01 6.4716935928e-01
1.1425176678e-01 -5.8667648677e-01
8.3112086455e-01 -1.9813879713e-01
9.1107673216e-01 -2.5100007399e-01
-4.9060575180e-01 -1.7547237305e-01
-3.8324043930e-01 -8.4815342579e-02
1.8983327758e-01 3.4760318042e-01
-5.5590815628e-01 -3.7486986964e-01
-8.1183953186e-01 -2.1632109640e-01
5.0486739244e-01 -5.5765930311e-01
-7.8132299832e-01 5.7462864967e-01
7.8898141498e-01 2.0033629418e-01
-7.4835857012e-01 -4.8630436739e-02
-4.3675434431e-01 6.4277622976e-01
3.8666331029e-01 -4.5589265462e-01
-4.1358478851e-01 -2.6385650285e-01
5.8795794370e-02 4.2255315661e-01
4.0233449291e-01 -3.1063694762e-01
-6.4214443018e-01 -2.8349756855e-01
-3.4926312826e-01 -4.2547579813e-02
-7.7904532117e-01 5.8529436654e-01
-1.9478665208e-01 -4.3188451403e-01
4.4651260709e-01 3.8000322670e-01
8.4540656457e-01 -5.4616913296e-01
-1.1789209268e+00 3.4736568685e-01
-1.0371968088e-01 6.6762882039e-01
4.6129682962e-01 -5.9190984719e-01
-2.6368683570e-01 3.9427584830e-02
9.4097879283e-01 2.0830542051e-01
-9.4657851217e-01 4.2204967584e-01
4.2629551386e-01 -1.3425811270e-01
-8.3142900694e-01 1.2679471596e-01
-2.7772344307e-01 -4.0056018908e-01
4.3756648039e-01 -2.5105543044e-01
-6.7810455469e-01 5.5174150810e-01
-3.1543104367e-02 1.5818917274e-01
-4.4212745067e-01 4.3916224499e-01
6.7938509842e-01 -5.0772546699e-01
3.6806135973e-01 3.0252505250e-02
1.0372372537e+00 1.7387771682e-01
-4.9724168534e-02 -5.8638166223e-01
7.1409172591e-01 3.0544580892e-01
8.5702330431e-01 -5.1431380723e-01
7.6903868225e-02 -3.3065838960e-01
-1.0064614598e+00 -1.6535879291e-01
-5.6083031444e-01 3.3061805985e-01
2.3889584331e-01 -5.5880118682e-01
-9.4033320240e-01 1.2095392332e-01
4.6131032414e-01 -5.4535741519e-01
-1.1798966885e+00 -2.0353158147e-01
1.2215594571e-01 -4.0779472023e-01
-3.9569507541e-01 -4.3356687238e-01
2.5169696491e-01 3.7387719385e-01
9.3480895447e-01 3.4007281982e-01
7.3131281015e-01 2.0206697299e-01
-1.1370694037e+00 3.5256442443e-01
1.1311675534e+00 -2.4159253843e-01
-1.9103817525e-01 6.2866131004e-01
3.2017500195e-01 -1.8069228790e-02
-6.9191143354e-01 5.6153322248e-02
5.6698107706e-01 5.2758541283e-02
-8.0594296933e-01 5.9601820911e-01
5.8258785290e-01 2.9873059117e-01
1.0839631446e-01 4.4193319597e-01
-8.1521026467e-01 3.9235485508e-01
2.8452637595e-02 5.2250288579e-01
-6.8669706886e-01 2.7993721088e-01
4.9654779291e-01 -1.2380919149e-01
1.0566974288e+00 -1.6835159818e-01
-4.9051012476e-01 -2.4908155410e-02
-2.5506916570e-01 4.6038184581e-01
-5.3508624060e-01 -3.0829298724e-01
5.8527107818e-01 -5.4438679359e-01
-2.9936973929e-01 -4.5424206623e-01
8.8419781734e-01 1.0547790976e-01
-1.2344247360e-01 -4.7642977293e-01
-2.6231510198e-01 6.3753112402e-01
-3.4620010207e-01 -4.3250903878e-01
-3.8644196437e-01 -4.7017791373e-01
-3.5963082659e-01 5.2286776612e-01
7.0335505548e-02 6.3563991551e-01
6.4576552552e-01 7.0835548866e-02
-1.2114045468e+00 2.3783475781e-01
4.0239472452e-01 -6.2863868660e-01
-4.1423952080e-01 6.5714916817e-01
1.3583363403e-01 -6.7125834026e-01
8.9128455958e-02 -6.0496883002e-01
-5.9915227727e-01 2.2898434191e-01
5.0633264714e-01 4.8188225392e-01
1.1030648943e+00 2.9358406731e-01
-5.5521713575e-01 5.8071565369e-02
6.0800086915e-01 -5.4956614637e-01
-3.0944518248e-01 1.9489619503e-01
7.4111886374e-02 4.1643289464e-01
-5.9017818868e-01 5.8300334981e-01
-9.6712447937e-01 2.1557216443e-01
3.5894007551e-01 -5.6163849620e-01
-4.0281778136e-01 1.1620828539e-01
-4.8938961312e-01 4.4825912416e-01
-2.2237059355e-01 -5.2391445709e-01
6.1541280951e-01 -3.2030684934e-01
4.2337930428e-01 -6.0835524645e-01
6.8649173642e-01 -4.0157778706e-01
-1.1075682011e+00 -1.9249856891e-01
7.3227010608e-01 -2.2467736726e-01
-3.6926344317e-01 8.0632452604e-04
1.1100036099e+00 8.8185420299e-02
-2.4121194057e-01 -3.8663245831e-01
-1.9152796868e-01 -5.7420133580e-01
4.0296935305e-01 -5.5831867258e-01
-1.3197671595e+00 2.4783651032e-01
4.3612150518e-01 5.7487071778e-01
-7.5618437118e-01 2.6385550036e-01
4.2179336586e-01 -6.6674188444e-01
-1.2335444616e+00 2.0251003844e-01
-3.4166226913e-01 6.5579967192e-01
-8.3356750564e-01 1.6423917287e-02
7.1417473578e-01 -4.2684732996e-01
-9.3603366078e-01 -5.3601071243e-02
5.4490356396e-01 5.4246565560e-02
3.1420475078e-01 4.3362792105e-01
-4.1462310496e-01 -4.6436725368e-01
9.9304491194e-01 -2.5769435214e-01
7.7205813465e-01 2.9843481341e-02
-4.1832673274e-01 6.1285478074e-01
4.1366593298e-01 -4.5206628151e-01
1.0733699741e+00 -1.7108090570e-01
5.7973405822e-01 3.6848197808e-01
-8.3076762954e-01 5.6392714434e-01
-7.6805815058e-01 -3.4533479571e-01
6.1127313495e-02 2.3799924489e-02
-8.3949428176e-01 -2.6283809383e-01
-4.7873088699e-01 2.4863574294e-01
-4.7628289972e-01 6.1169263134e-01
3.4872510023e-01 -3.5568068028e-01
-4.4135691158e-01 2.4192121202e-01
5.8228778954e-01 -5.0197651913e-01
-1.2840276457e+00 5.1371265336e-02
8.3427096464e-01 -8.8838469943e-02
8.4126290158e-01 1.1495096945e-01
1.1379707771e+00 -1.1516632059e-01
9.6079417936e-01 -1.8839034407e-01
-9.0481867291e-01 -1.8652854551e-01
9.9027212223e-02 6.2733893402e-01
3.9645713040e-01 -6.5707993366e-01
7.8737044739e-01 -2.2504253646e-01
-6.8319359903e-01 3.4218359201e-01
-3.9320109208e-01 4.0744313409e-01
-5.0875636297e-01 3.1051702368e-01
8.8810369424e-01 3.0064826945e-02
-3.4739672615e-01 -1.1188557913e-01
7.8987748909e-01 2.3400869889e-01
-1.0767465377e+00 -7.8225373411e-02
1.3063832097e-01 -4.7853227229e-01
3.0656394877e-01 4.3372402239e-01
-5.1748109514e-01 5.9596820868e-01
3.6449444286e-01 -6.2298482764e-01
5.5610791810e-01 -1.0286320772e-01
-6.8190461483e-01 -1.0691472309e-01
-3.6018805182e-01 -3.6621662522e-01
-7.3044453991e-01 3.5010300263e-01
-1.0222506522e+00 2.0317447129e-01
-2.5470646372e-01 -5.2702499253e-01
-8.9513038765e-01 -3.7680501594e-02
7.9813040087e-01 2.9813047345e-01
-1.4063429027e-01 -5.5349093008e-01
8.5644148488e-01 3.0601491806e-01
-3.7217554492e-01 5.5795958217e-01
-9.0066006937e-01 -1.8821730444e-01
2.4241510392e-01 4.4696425779e-01
-8.4315293107e-01 5.1657667955e-01
9.0053079338e-01 -1.4975968908e-01
-1.1111542500e+00 4.7012740159e-01
-4.5095212205e-01 6.2398396692e-01
1.8670936156e-01 5.1700677364e-01
-1.3782839690e-01 -5.1064156644e-01
6.2740382201e-02 -4.0735140660e-01
7.3428649853e-01 2.8411572558e-01
6.1490357659e-01 -7.3715224336e-02
8.7382122981e-01 7.8811018478e-02
-9.2553188295e-01 4.4014551814e-02
1.2310482770e+00 -1.0497794312e-01
-6.7601942353e-01 -1.8324402431e-01
1.0436620828e+00 -4.4375539256e-01
-3.6295246001e-01 3.9541711419e-01
6.3300149926e-01 -3.6824628754e-01
-4.3738427315e-01 -9.8121686123e-02
-6.4723193489e-01 -3.1787360616e-01
7.5666818871e-01 -8.4121722706e-02
-2.0606526054e-01 -4.4514983728e-01
-6.3567323934e-01 1.9748954116e-01
3.2057125349e-01 -2.5745322315e-01
-8.2539432038e-01 -3.3417944755e-01
5.8773532622e-01 -4.8841385112e-01
7.3746084274e-02 5.2424675018e-01
6.5359839034e-01 2.4752944326e-01
-8.4639952297e-01 4.1205046386e-01
-7.2559692470e-01 5.2340374367e-01
-9.4343398138e-01 -1.8776908039e-01
-3.1657323878e-01 7.1577040596e-01
1.2059651986e+00 -7.3006133420e-02
-9.8251185421e-01 7.6751977732e-02
9.4512177980e-02 -4.5631345333e-01
1.6161535282e-01 4.2702550077e-01
-8.9780076426e-01 -4.7474751979e-02
1.1522292429e+00 8.9390232301e-02
-5.8202062830e-01 5.7581633307e-01
5.4718926745e-01 -5.3540688918e-01
-6.4000427811e-01 3.0964177917e-01
-1.3143077658e+00 3.1956670782e-01
-1.2985915272e-01 -6.3899057359e-01
-1.9407414593e-01 4.2247944750e-01
1.0406399837e+00 -4.5609198931e-02
-6.7485151889e-01 3.6757838961e-01
5.4186947570e-01 -1.7049238542e-01
-4.9623456486e-01 4.9895158564e-02
-3.2754253993e-01 6.1118604143e-01
8.2959274107e-01 -1.5932277956e-01
3.2889392665e-01 -3.1488341530e-01
-7.2913097969e-02 3.2442035887e-01
-9.9429353954e-02 -5.4183367736e-01
-4.7134588282e-01 5.7999174807e-01
-4.0805340292e-01 -4.2174897213e-01
1.8665774004e-01 -3.8004057398e-01
-7.3521115561e-01 2.9006696057e-01
-7.1833296621e-01 1.7715782192e-01
-8.6527682820e-01 -2.8851222366e-01
-2.6067280050e-01 -4.9890577450e-01
-9.5943978229e-02 5.0991586068e-01
-3.0693621673e-01 5.5326962025e-01
8.8010234328e-01 -5.1791719978e-01
-1.0425612935e+00 4.7846669942e-01
5.5392793687e-01 3.4699548426e-01
9.1823985753e-02 -5.1139559150e-01
-7.5507708363e-01 -3.2081687407e-01
4.9069512989e-01 -6.1453729291e-01
8.4161646183e-02 -5.1641752530e-01
-5.4179730930e-01 6.2863007129e-02
9.7542873126e-01 1.2459946010e-01
-8.4582957545e-01 7.5462415911e-02
2.3105148811e-01 -5.9642792978e-01
7.6021885376e-01 -5.4273348103e-01
-5.0755308351e-01 -4.0702996503e-01
1.2229828528e+00 -1.9671548436e-01
-2.3901647543e-01 1.2228697022e-02
3.4976571972e-02 5.9804582708e-01
9.2062345124e-02 -5.7160531090e-01
-8.6673000274e-01 3.8993437543e-02
-9.0715994043e-01 1.6978815424e-02
1.1813924736e+00 1.6126925085e-01
-1.1844061000e+00 3.6885546247e-02
4.8386808197e-01 -5.9859197162e-01
-8.0869368539e-01 -3.9461950139e-01
-2.5688995860e-01 4.3245458809e-01
7.3046365138e-01 -2.7389656496e-01
-1.1339808160e+00 3.5776360000e-01
1.2746327427e-01 5.4503295880e-01
-9.4912015711e-01 2.1679939645e-01
5.1005718215e-01 1.8121978671e-01
-6.2189359340e-01 5.0009791329e-01
3.4236085399e-01 -1.5187877322e-01
-5.3867513158e-01 -3.4490494837e-01
9.8719819885e-01 1.4509316186e-01
-5.5017355029e-02 -4.5210407482e-01
-1.6982662211e-01 6.1871475172e-01
1.0055392402e+00 1.2834969447e-01
-6.6758213115e-01 -2.0806951857e-01
3.1960022476e-01 -6.9728638009e-01
-6.9026175113e-02 6.0295462784e-01
3.3042562065e-01 -5.1467539588e-01
-9.0728026589e-01 2.3685292756e-01
7.1335668389e-01 -3.2386643799e-01
-9.3910215480e-01 3.1972266378e-01
6.6786599431e-01 -1.5199582452e-01
9.0341549871e-01 -3.3094516098e-01
-1.1955527916e-01 -5.0400776371e-01
-6.9752483217e-01 6.1259057110e-01
7.1383872082e-01 2.1312395245e-01
-1.1066440870e+00 4.3643063076e-01
-2.3183058727e-01 -5.9233355349e-01
-8.9192375647e-01 -7.1962558121e-02
-1.0527846523e+00 -7.9293902549e-02
1.0665085480e+00 6.2418565049e-02
1.7776353816e-01 -6.7042731003e-01
-1.0963572335e+00 4.7227245149e-01
6.1281624572e-03 5.0128383987e-01
8.0441023285e-01 1.2762139749e-01
-7.3515707593e-01 3.0144859428e-01
-3.3217857445e-02 5.7447440857e-01
1.0809310533e+00 -3.5931424881e-01
-1.2703296510e+00 1.6942807316e-01
-3.5714046645e-01 3.8549619691e-01
-8.2410000185e-01 -2.5564984870e-01
9.1874719012e-01 2.2303841227e-01
2.4090032735e-01 -5.7457218187e-01
2.8933326968e-01 -1.5858231427e-01
-8.4357529753e-01 4.6953708907e-01
3.9980066910e-02 -3.4036946407e-01
-1.2304048115e+00 1.9543002324e-01
2.8865700957e-01 5.6853838344e-01
-2.3212673534e-01 6.6559427493e-01
5.2866936602e-01 2.8031555340e-01
-1.1482431310e+00 2.3014390618e-01
5.5601689232e-01 1.5428891161e-03
3.6906024576e-01 -6.3445756121e-01
-5.1057936795e-01 5.8850021734e-01
-7.7841449524e-01 -2.7893892810e-01
-5.4825367511e-01 4.4268809641e-01
4.4618842739e-01 -6.0128524810e-01
-1.3983851090e-01 -2.0818309780e-01
6.0973415262e-01 3.5048025237e-01
7.0133152378e-01 1.3874549682e-01
-1.2403681522e+00 4.9022749231e-02
5.6193485408e-01 -6.3184915391e-01
1.2197282355e+00 -1.9703797569e-01
-9.6014094714e-02 5.8514436395e-01
8.0800561027e-01 3.0786547666e-01
7.5104640512e-01 -3.7230135930e-01
1.0545486586e+00 -3.7913421064e-01
-1.4322054185e-01 4.9144181673e-01
-6.7676605711e-01 1.6151606193e-01
2.2753322384e-01 -3.9709540318e-01
-5.3235792023e-01 6.1651640523e-01
4.1495558711e-01 -5.3873429220e-01
-1.2591389727e+00 1.3342234126e-01
-2.1830306087e-01 4.9717445981e-01
5.1521713176e-01 -5.3904040102e-01
9.5980575807e-01 3.0805755864e-01
8.2232059864e-01 2.6972311444e-01
-6.9049935881e-01 2.0880354271e-02
5.6992334145e-01 4.2176043506e-01
9.7131990538e-01 1.6756162728e-01
-6.3757131869e-01 8.9097779367e-02
7.0876969057e-01 1.4338128582e-03
-4.3766233435e-01 5.4558092299e-01
-3.8985360732e-01 6.0679042050e-01
1.2335850464e-01 -5.7322416954e-01
1.2180630725e+00 -7.9985400863e-02
-3.2869413338e-01 4.2212804152e-01
8.6072334767e-01 2.0316735728e-01
2.6522853091e-01 1.3207038899e-01
-1.8378006601e-02 6.0116341233e-01
1.1612102402e+00 2.2308654128e-01
-8.0317148237e-01 5.3251977678e-01
5.1095521320e-01 -1.3308286279e-01
-7.1466321468e-01 1.1125696741e-01
-6.3643414205e-01 1.7570182352e-01
4.4862898580e-01 -6.0020468600e-01
-4.6650275345e-01 4.3802031142e-01
-3.0728431611e-03 -5.1448007804e-01
1.0140674138e+00 -1.0408076448e-01
1.0526418492e+00 -2.6327058185e-01
-4.2231683112e-01 6.5561481152e-01
-1.3909052396e-02 2.1397902097e-01
2.1707634535e-01 -2.0877170499e-01
-3.0573256586e-01 -3.8518498774e-01
3.8027330097e-01 4.9084667119e-01
5.3158995049e-01 -6.0071174554e-01
-8.9621900510e-01 -1.2469150994e-01
6.8751898099e-01 -1.8917088345e-01
-1.0686972583e+00 -2.4298217209e-01
6.9232436701e-01 -3.2786494516e-01
3.1431944154e-01 4.2610247561e-01
-3.4622766569e-01 6.8397435422e-01
2.1435518819e-01 -6.4487896161e-01
5.8836122129e-02 -3.4402203360e-01
-1.8250355086e-01 4.7661781127e-01
-8.6894082590e-01 5.4023587539e-01
6.4527947347e-01 -4.8056035582e-02
1.0360052162e+00 2.0023037566e-01
2.0657845931e-01 3.4679169911e-01
4.3818216123e-01 -5.7417194246e-01
-4.4452378001e-01 -3.9151898329e-01
-7.0616354328e-01 6.2074401298e-01
-4.5510281793e-01 3.5472342544e-01
8.5886562631e-01 1.2257558877e-01
-1.1565164472e+00 -2.5190628651e-02
-1.0909878028e+00 -1.4384857826e-01
6.2967861309e-01 3.3611046421e-01
2.7389476143e-01 3.0049389081e-01
5.3399382991e-01 4.5567250527e-02
3.4603417960e-01 -6.3582990625e-01
-1.0375881833e+00 -1.0982886161e-01
5.6838636808e-01 -6.1315614496e-01
3.8360692430e-01 -2.4603643116e-02
-3.9169197593e-01 4.1870829987e-01
9.3457842827e-01 -3.4318181594e-01
-6.9638582560e-01 -2.2852750100e-01
5.2336430767e-01 -6.4219145330e-01
8.7800996032e-01 2.3250744052e-01
-7.3747606151e-01 1.0272679938e-01
-1.2558683509e+00 1.7425991948e-01
2.9189455525e-01 -2.7384559623e-01
-1.1428217440e+00 -1.9473188058e-01
-7.2988762419e-01 1.7548637661e-01
5.0483871653e-01 -2.0490880657e-01
-7.8390706202e-01 -2.9318042820e-01
-1.0436226424e+00 -1.6123609417e-01
-2.9915869307e-01 -4.8943103398e-01
-1.2054215956e+00 1.2272915694e-01
2.4123793424e-01 -2.2019947192e-01
-6.2836343544e-01 3.7722571543e-01
3.8441703553e-01 -6.4079994137e-01
3.7069973755e-01 -6.1473881935e-01
1.7182339356e-01 -2.8548914131e-01
-1.9374319160e-01 4.4059024152e-01
5.5418701604e-01 6.1192536700e-02
-8.6856662739e-01 -1.4841951310e-01
-6.4041265345e-01 4.8315590350e-01
8.9880553393e-01 2.5222593462e-01
5.8347566037e-01 2.5104760453e-01
5.2214005099e-01 -5.9793419743e-01
-9.8946324007e-02 5.6028667046e-01
-7.1526687482e-01 4.2235373760e-01
-5.8944572952e-01 -3.0450304201e-01
3.3196768932e-01 -4.8776278980e-01
8.2153146480e-01 -2.9556344320e-01
2.4780695767e-01 4.1400348727e-01
-6.3511785331e-01 -7.9447589835e-02
-8.9830547626e-01 -1.7341471141e-01
-5.4857928151e-01 -4.3961241797e-01
4.5980561911e-01 1.6191543578e-02
-5.9829138767e-01 2.1521847194e-01
-2.0115098221e-01 6.1926709980e-01
4.2048236026e-01 -6.6262954909e-01
1.3442330015e-01 -4.7085106274e-01
-1.1690087962e+00 3.6923206675e-01
8.9073220550e-01 -2.6437249881e-01
8.4713614557e-01 3.0441255072e-01
-7.5795918725e-01 -2.9399740271e-01
-4.1567376729e-01 4.4747579848e-01
6.4215435003e-01 2.1117410883e-01
-1.0794742579e+00 4.5418575587e-01
3.8586203942e-01 -6.5017325436e-01
-1.6166408328e-01 -1.8197417883e-02
-2.7259119831e-01 1.9189891853e-01
2.6264020492e-01 -6.1125721142e-01
2.5841495889e-01 -3.5351919543e-01
9.5318569783e-01 -5.2319389620e-02
3.2690776724e-01 -3.0421236448e-01
8.3246707051e-01 1.8584330395e-01
-8.1961777309e-01 -9.8636005838e-02
7.8222270498e-01 3.2429114512e-01
-7.8084937890e-01 3.4702452085e-01
3.1653228272e-01 -7.5660484049e-02
-8.2971117486e-01 5.4743191076e-01
-1.3785182432e-01 -2.2975533946e-01
1.0970201869e+00 2.5969062203e-01
-2.0491015943e-01 6.1207999425e-01
4.8401904327e-01 -5.8728965153e-01
6.3384284493e-01 3.5143166314e-01
-5.6935606079e-01 -1.7406173197e-01
-6.5015665918e-02 -5.7563122976e-01
2.3692306678e-01 -9.9123213789e-02
-7.7028114708e-01 5.9375436250e-01
2.5970003677e-01 -4.0069463473e-01
-6.9470945698e-01 -1.0407052118e-01
-1.2797168774e+00 2.3667549787e-01
-5.3126944080e-01 1.0284144599e-01
-5.0255814380e-01 2.3475140604e-01
7.9550641153e-01 3.6074778857e-01
-8.3598332120e-01 -2.0663364143e-01
-8.9734138737e-02 4.7637528163e-01
9.8336498395e-01 -3.6659683579e-01
-2.7186839069e-01 -2.4651729278e-01
-2.9338182322e-01 2.4804973491e-01
5.8149800967e-01 2.0169848092e-02
1.6389875037e-01 -5.9494470006e-01
-8.6601320548e-01 -2.8584887830e-01
-1.7720334398e-01 2.5149612510e-01
9.3909889583e-01 -2.5318127116e-01
1.0849597629e-01 -4.1685628219e-01
5.6416168963e-01 -1.0183914307e-01
-9.2418144250e-01 -3.2830381549e-01
1.0554177404e+00 -5.8377501343e-02
-6.5130060687e-01 -2.9189892668e-01
-9.1937466168e-01 -1.9627506607e-01
-2.3322119553e-01 6.0237514964e-01
2.2543828505e-01 -6.3385507360e-01
1.9511160253e-01 6.3450245620e-01
1.2225328207e+00 -8.7624703475e-02
-4.5998093980e-01 -2.7421426728e-01
3.1860059459e-01 -5.4338658828e-02
-7.4628972692e-01 -2.5907513909e-01
9.8061653939e-01 2.5927153400e-01
-5.3922598940e-01 -3.6740857840e-01
-1.1925714969e+00 -4.5116917145e-02
1.6533706131e-01 -6.1115259299e-01
-6.4863765811e-01 5.4906915250e-02
1.3443891265e-01 -6.8668138967e-01
-3.7079675111e-01 6.5632087968e-01
1.7090221580e-01 -4.9948023499e-01
6.5755042541e-01 -4.1780001595e-01
8.5901762637e-01 2.9673965435e-01
-1.1163753312e+00 3.5913462341e-01
-1.6792843408e-01 3.0589854766e-01
-5.3790437934e-01 -3.5157419809e-01
-6.5586499849e-01 2.5961754063e-01
-2.4629487403e-01 -3.0740769401e-02
1.1730837203e+00 1.9757393507e-01
-4.9266875596e-01 6.3478841137e-01
5.7747260871e-01 -8.4288475802e-02
-1.0749628361e+00 -1.2178157286e-01
-6.3412956912e-02 6.5966418555e-02
-3.3777576408e-01 -1.3358130012e-01
-9.5665281782e-01 4.8232806946e-01
4.0115165318e-01 -5.5790784187e-01
-2.5283010500e-01 4.4657797287e-01
4.9575290275e-01 3.6757807418e-01
-7.5421421998e-02 -5.4623178415e-01
-7.3984563262e-01 3.4915692964e-01
7.1509500353e-01 2.3349905901e-01
-5.8712713775e-01 -4.2186222665e-01
7.9120992271e-01 -8.8258272100e-02
-1.1250967639e+00 2.7173841319e-01
-1.8337527554e-01 5.7759235580e-01
4.1649706836e-01 -6.6264525488e-01
8.0342132462e-01 -9.1988537265e-02
7.4950784269e-01 -5.5675045861e-01
-8.6006631386e-01 -1.9074073314e-01
4.7334596512e-01 -3.0158709969e-01
-8.2403019636e-01 5.6849109842e-01
3.9944046187e-01 -2.7421933412e-01
-3.6295420082e-01 -5.0541748890e-01
-3.5991655310e-01 4.6972079736e-01
-6.8805054146e-01 2.5776325876e-01
-1.1323369324e+00 1.1533632566e-01
5.6953169112e-01 -5.7375235385e-01
-4.0375500150e-01 -4.4212597750e-01
-1.3154124752e-03 -8.4535915806e-02
-3.3983049007e-01 4.9691115069e-01
2.5809691938e-01 -1.7826522339e-02
2.9860995068e-01 -6.9543176638e-01
6.2564848425e-01 -5.1960745755e-01
7.0756180976e-01 -6.3248557715e-02
-1.2273912583e+00 -2.9431175550e-02
-2.5114288071e-01 3.9490199436e-01
-4.2927043133e-01 6.0509172465e-01
6.6517630587e-02 2.4978028720e-01
4.9511062687e-01 -5.4951860280e-01
-4.9839932333e-01 -5.2716187992e-01
-7.8918180804e-02 6.7303052250e-01
-6.6273841674e-01 4.9908885136e-01
7.7817442964e-01 2.9631203553e-01
-6.0700976248e-01 -2.3319258459e-01
7.0707066372e-01 -3.4208158904e-01
-7.4579153271e-01 2.3196061757e-01
8.3896182550e-02 -5.0833351292e-01
-8.9376653716e-02 5.5356334163e-01
-4.0108513967e-01 4.6357415395e-01
3.5942576348e-01 -5.4664245154e-01
5.3163734630e-01 -3.6130519342e-01
9.7493341765e-01 1.9894273640e-01
-8.6141771390e-01 -1.7318117242e-01
-8.6378082366e-01 1.6133498905e-01
-5.5258741688e-01 4.1104442541e-01
4.2087193256e-01 -3.0856306469e-01
-2.4911442161e-01 4.1641725505e-01
-1.3369583126e-01 4.6908476420e-01
3.4273194914e-01 2.2597316653e-01
1.2501894910e+00 -1.9323302934e-01
-3.8462953828e-01 2.6688347355e-01
7.4676862657e-01 -1.9111961420e-01
-3.5620346574e-01 2.5908678019e-01
9.4914724863e-01 1.1750242747e-01
-7.3365914577e-01 -1.3145625760e-01
-7.0319825483e-01 5.4210430716e-01
-5.4860880659e-02 5.3578767587e-01
-2.2209764740e-01 6.1864527354e-01
-1.5512470485e-01 -3.3597510590e-01
7.8863543606e-01 2.8595423895e-01
3.6249241466e-01 5.7669130568e-01
1.1114008220e-01 6.0475227633e-01
8.2989850699e-01 -3.8719033206e-01
-1.2850588330e+00 2.4347218238e-01
-2.8889797317e-01 6.6211361851e-01
-6.4904639385e-01 3.9638790188e-01
4.1114079006e-01 1.2113301383e-01
1.0328624287e+00 -1.0536046065e-01
-8.5867165930e-01 -9.0782166172e-02
-6.1972055494e-01 -4.5770263794e-01
1.1920353730e+00 -7.8710559199e-02
5.5879036798e-01 -1.1134968323e-01
-6.9967397127e-01 -1.8191699843e-01
1.2119973149e+00 -2.5572961574e-01
-5.3740096358e-01 6.0534830128e-01
1.3052304049e+00 1.9228681619e-01
-5.8198814904e-03 4.0687034448e-02
4.5356276796e-01 -6.3187801586e-01
1.1610755838e-02 -5.2437431858e-01
7.0834829700e-01 5.7349070784e-02
4.1477880029e-01 2.5884929570e-01
-7.9991077640e-01 -1.8436528874e-01
-9.3193066883e-01 -7.8271258357e-03
6.0791598169e-01 3.6999904404e-01
2.2128098665e-01 4.7506599889e-01
-2.2591790532e-01 5.7881080600e-01
6.8404609495e-01 -6.0495119722e-01
-5.7240154129e-01 5.4447347726e-01
-1.4877858467e-01 3.3089682847e-01
-9.5701900071e-01 4.9762170140e-01
1.0917676005e+00 -2.0929432570e-01
-9.0934934064e-01 1.7482272698e-01
-7.2873169155e-01 1.4780981790e-01
-3.7398823338e-01 5.4483129100e-01
1.2014918160e-01 -5.8380228655e-01
7.1113134179e-01 -6.3966894532e-01
3.9027808502e-01 4.5861784481e-01
5.7543815689e-01 -5.4890114315e-01
-6.6319746421e-01 -1.6043265805e-01
-7.8381555381e-01 -2.7347316209e-01
1.0511910164e+00 1.1192779275e-01
6.8075332215e-01 -5.8013288783e-01
-4.4672636819e-02 3.4049246237e-02
1.4996389032e-01 9.5374083775e-02
-3.5520781720e-01 -4.1111661115e-01
4.3804476198e-01 1.0875847360e-01
9.5808434838e-01 -4.3350755446e-01
-2.8815507671e-01 6.0773778301e-01
6.9653267442e-01 -1.5170710804e-01
-9.8749199235e-01 1.1932303700e-01
1.0120214254e+00 3.4217760039e-01
-8.3991867922e-01 2.0620747580e-01
-1.5233639582e-01 -3.5590089009e-01
-3.2644721454e-01 -4.7036119483e-01
-5.9354046365e-01 6.0588760386e-01
-9.1945014737e-01 -1.5514768017e-01
3.7379558462e-02 5.7783329603e-01
-8.9677497288e-01 2.1418340041e-01
4.0999610573e-01 -6.3698294002e-01
-6.9620082417e-01 1.6239789837e-01
4.1814707137e-02 1.3158632030e-01
-2.9129371508e-01 2.1605231839e-02
4.2607036844e-01 4.0333839067e-01
3.4306178476e-02 -5.7134132481e-01
8.8608025275e-01 -4.2834334828e-01
-8.1482919170e-01 -2.9739283699e-02
-4.7175681191e-01 4.6226655800e-02
8.9111229650e-01 1.4639025906e-01
-1.1583001514e+00 2.8049916750e-01
6.5420109687e-01 -5.4562692332e-01
-1.0107560663e-01 5.3796197066e-01
4.2655650815e-01 5.7504194627e-01
-8.2153675753e-01 -2.5390727225e-01
-5.3010433647e-02 4.3017489361e-01
6.1663567869e-01 -5.3550755525e-01
-5.0043139080e-01 -3.6834832098e-01
1.2799333843e+00 -1.2307825630e-01
-8.9606777047e-01 4.2604111597e-01
-5.8641016230e-01 -4.5746707193e-01
1.3099414687e-01 -5.9231812976e-01
-2.1669821239e-01 5.7978205721e-02
-6.6192034620e-02 4.4643733092e-01
7.9412872221e-01 3.1506130569e-01
-9.9671803841e-01 -2.6391806238e-01
-2.7522138919e-01 6.1717414138e-01
-4.6686187406e-01 -3.5762829963e-01
1.0361859747e+00 -8.6762131092e-02
-6.3162914781e-01 2.3406000385e-01
1.0757462965e+00 -3.5409769163e-01
-7.9795611566e-01 5.9518652364e-01
3.4276325779e-03 -5.0041997401e-01
9.1304109727e-02 4.6948156615e-01
-6.8320879101e-01 6.4646976057e-01
-9.0280964560e-02 -1.9175327945e-01
-2.7415245254e-01 5.5667858068e-01
7.6981563790e-01 9.5853617006e-02
-6.2058697378e-01 -2.4350216924e-01
6.0881044938e-01 -4.4342245292e-01
-2.0994464169e-01 -3.4239835747e-01
1.0732568595e+00 6.8316263102e-02
9.7217512522e-01 -2.7673270516e-01
5.8749739421e-01 -2.0954503512e-01
-1.0303476478e+00 4.5308783480e-01
-4.2328638519e-01 -5.1139602839e-01
-2.9656605092e-01 5.1268354422e-01
-9.2896113965e-02 6.5966844110e-01
-1.3292008026e+00 1.9578609825e-01
1.1659940949e+00 8.8620399087e-02
-1.1883678967e+00 -1.1069449799e-03
1.1467976477e-01 5.7672348576e-01
6.9219791300e-02 -5.6070625572e-01
-8.8412044831e-01 -8.7225138229e-02
7.5455785129e-02 -5.0963596003e-01
5.5192030758e-01 -6.5609527926e-01
8.1392332290e-01 -2.3260795684e-01
-8.4094937295e-01 3.3814415642e-01
2.6056978899e-01 -6.3658807007e-01
-6.1247187210e-01 5.1855514557e-01
7.4880588408e-01 -1.1677320300e-01
-5.2235570449e-01 5.8012327000e-01
1.0719773280e+00 -4.8487710876e-01
-5.9014946451e-01 -4.6799153108e-01
-7.9427391410e-01 1.3524133682e-01
9.1747449517e-01 7.9597717036e-02
-1.0685337584e+00 -6.3996808333e-02
-4.8173726636e-01 -5.0083055316e-01
2.0803027429e-01 -3.1323519295e-01
-1.0450714523e+00 -6.2066749929e-02
4.0795646151e-01 -4.4178794992e-01
-1.1862335476e+00 4.5581982376e-01
-1.9119662328e-01 3.3598137574e-01
-7.6789489083e-01 1.5297408875e-01
-1.7559665380e-01 6.3859454549e-01
-8.7005686017e-01 -1.1339140679e-01
-7.0308520987e-01 4.4137162013e-01
4.8676991185e-01 -5.2056682308e-01
6.8904473202e-02 2.3496528039e-01
9.2723854584e-01 -3.4534460363e-01
-8.9365321977e-01 8.1572135309e-02
4.4079020389e-01 5.9770787730e-02
3.3199620177e-01 4.0681491149e-01
-7.8791072090e-02 -5.4494878089e-01
-6.7238175438e-01 5.7425641234e-01
6.8592216045e-01 -5.5106527868e-01
-8.1234338447e-01 5.7350542144e-01
-3.0157905932e-01 6.4122203297e-01
-4.7882188707e-01 3.9546656315e-01
-3.6533366306e-01 6.4354996988e-01
9.9101892546e-01 -3.0014514151e-02
1.1426403350e+00 -1.8158326689e-01
-1.2480435390e+00 2.9018641948e-01
1.1252545004e+00 1.5816271222e-01
9.4096139391e-02 -6.1838094930e-01
-5.7503783777e-01 3.9514456003e-01
-3.2669998540e-01 5.2065548935e-01
2.7555500273e-01 -5.0725244123e-01
2.1142987704e-01 -6.1503078679e-01
-1.4096062029e-01 -3.2150246121e-01
1.1821371094e+00 1.6800003723e-01
-9.0290552915e-01 2.1836937323e-01
3.2549129532e-01 -6.3616789887e-01
-1.4240940068e-01 -2.4512567110e-01
-1.1865715925e+00 3.1836678955e-01
-9.2680968056e-01 -1.9131973041e-01
-5.2355424265e-01 6.1275288063e-01
4.5442436449e-01 -6.1485833539e-01
-3.9327831710e-01 -4.4232846346e-01
9.0215737491e-01 8.1103415159e-02
-5.2825815876e-01 -4.0920356002e-01
-3.9772853001e-01 6.4091246596e-01
8.5885143518e-01 1.9453269505e-01
-1.0257044052e+00 -2.5415562748e-01
-6.5796819301e-02 -4.9771892007e-01
-3.7689030344e-01 5.2614408733e-01
-9.2470264699e-03 6.1601036924e-01
3.5809466496e-01 -5.1495882351e-01
7.0084301647e-01 5.5624585863e-02
-8.8310107619e-01 5.4083396006e-01
-7.7008365253e-01 1.0020893773e-01
3.9242978377e-02 5.5832233754e-01
2.6507427999e-01 -5.9620880726e-01
-1.1952287632e+00 3.0445908852e-01
1.0999549680e+00 2.3792869291e-01
-1.0989252911e+00 6.5353137882e-02
2.5383132309e-01 -6.2533433561e-01
7.4253473309e-01 -5.7316694782e-01
7.2773107153e-01 -5.0873343443e-01
7.8320861576e-01 -1.4498089745e-01
-1.0836100329e+00 4.0910469911e-01
5.1776375276e-01 -6.1328693426e-01
-1.0589098749e-01 5.2573563300e-01
-7.0190311542e-02 -2.2844070347e-01
-1.0453285204e+00 -2.0197010494e-01
7.5406145839e-01 1.7838300788e-01
-1.0776463377e+00 2.6301532623e-01
3.7300785866e-01 -6.2082259016e-01
4.2079328493e-01 -4.4611189972e-01
-8.2044431526e-01 -2.9812791038e-01
3.7441970887e-01 7.1051542743e-02
-8.7919888399e-01 5.7630845075e-01
8.5082104009e-01 -2.7465110314e-01
2.5935206980e-01 4.0847055215e-01
9.9257043103e-01 2.9470112106e-01
-5.3211055370e-01 -3.6613202069e-01
-1.9186250149e-01 -5.4711624535e-01
-1.3488757892e-02 4.8618078510e-01
-1.4161109819e+00 2.1542820472e-01
6.4704650867e-01 2.5302706699e-01
3.9850450285e-01 -6.3980335168e-01
-1.2011386894e+00 3.3300791048e-01
9.0334385062e-01 -2.4018516650e-01
-1.1055073145e+00 2.4109391309e-01
4.0612244407e-01 -1.0517116646e-01
-8.2330905526e-01 1.1690195494e-01
1.4437191738e-03 -5.3584849934e-01
-7.3868278884e-01 3.6577963124e-01
-2.1028258184e-01 2.7275101236e-01
5.3172658878e-02 4.7176762915e-01
6.1498743898e-01 -5.4303177843e-01
-5.7279222007e-01 -3.9189766154e-01
1.1821633449e+00 -3.4307565707e-02
-1.2816485266e+00 1.4177672368e-01
-8.6910251736e-01 2.9389318947e-01
-3.9627293138e-01 6.1355892874e-01
2.8870255271e-01 -3.6295204329e-01
9.2014946418e-01 3.2732564381e-02
5.8051824783e-01 -2.8715897948e-01
-6.1347655883e-01 5.5770769025e-01
7.6092778426e-01 3.0925262418e-01
3.5539598992e-01 3.8699897418e-01
2.9552533782e-01 -4.3702781085e-01
-4.8213285792e-01 4.7683986052e-02
2.3225868471e-01 -4.1916237959e-01
6.0849778474e-01 -1.2757067571e-01
-1.0363348985e+00 -1.5494434129e-01
-5.4857892804e-01 3.8844313448e-01
-4.9147557614e-01 1.0841237430e-01
-9.4158157076e-01 -4.4288709942e-02
-6.1076369770e-01 5.7681045019e-01
1.0926130311e-01 -5.8428313697e-01
-7.0146415592e-01 5.3702119220e-01
4.3781424945e-01 3.3439403049e-01
-8.9811699943e-01 5.9058909042e-01
5.2173019215e-01 -5.7247451075e-01
1.0760957836e+00 -4.5501938643e-01
9.4135934135e-02 4.5193160465e-01
8.7028447242e-01 -4.2897177793e-02
-9.0395185992e-01 2.7034192574e-01
-5.8444965195e-01 -2.2079335037e-01
-1.0236511603e+00 -1.4830737601e-01
9.6312962293e-02 4.9278625993e-01
1.0424743256e+00 -4.0605782810e-01
-5.5352052659e-01 5.6200797285e-01
3.7651006308e-01 -6.0660778183e-01
2.0643573963e-01 -3.5428138258e-01
8.6529581160e-01 -1.6278784680e-01
1.3590102431e-01 -6.1245356686e-01
8.7731819570e-01 -1.1183862929e-01
7.8735110305e-01 1.5622312378e-01
-4.6946796347e-01 6.3123444114e-01
-1.4805302851e-01 -3.0903861160e-01
-3.0129877624e-01 5.2191273942e-01
1.1080668608e+00 -3.2674203682e-01
-7.4561929152e-01 2.0136694362e-01
3.2129011107e-01 4.4861965952e-01
-2.4076808685e-02 -5.5204210977e-01
6.6848680269e-02 -1.7837150844e-01
1.0447521974e+00 5.5758325650e-02
-8.5279924463e-01 -4.6744112010e-02
6.1609881742e-02 -4.4563645900e-01
1.9670745967e-01 6.1223013531e-01
5.0791170262e-01 -6.0897484214e-01
6.3498620153e-01 -7.2071804316e-02
-7.3695067707e-01 -5.6105124707e-02
1.0793899861e+00 -1.8975433056e-01
3.1361240479e-01 5.7910236379e-01
8.6003679134e-01 -2.6733242745e-01
-9.4478709074e-01 5.4113305501e-03
7.6492058751e-01 3.2287287975e-01
-1.3616419823e-01 -5.7360076955e-01
-3.3431923825e-01 -4.9904243592e-01
6.0897906020e-01 3.5123214206e-01
5.1476459009e-01 2.3834615464e-01
-6.5309460203e-01 -2.4039688760e-01
1.3010964154e-01 -5.5089622210e-01
-1.1243924471e-02 5.2942060249e-01
-5.9636613017e-01 -4.2249135855e-01
-7.3417529524e-01 -1.6735670942e-01
1.0057048106e+00 -3.2276839634e-01
-7.2106711447e-01 2.5537583654e-01
8.1990166456e-01 1.2088644717e-01
-4.8938790267e-01 4.8285278067e-01
5.4952616799e-01 -3.0876515120e-01
-8.2849362990e-01 1.2306730428e-01
-2.9373339166e-01 4.4828704044e-01
3.7654956338e-01 -5.8370505002e-01
5.8829544306e-01 4.6818260487e-02
7.9906386282e-01 3.3767828286e-01
-6.8071578912e-01 -9.4780922327e-02
-3.6621561579e-01 6.2825418797e-01
-4.7307527324e-01 6.1965398690e-01
-3.0038950647e-01 4.3173265797e-01
7.5120616610e-01 -3.8031005089e-01
-3.7258404438e-01 -1.4164114005e-01
-6.8736471308e-01 5.8125274695e-01
-3.1078188262e-01 5.7045756660e-01
-4.1468590235e-01 -4.9094993434e-01
7.7357384133e-01 8.3786783525e-02
1.0051222355e+00 -1.8648780588e-01
7.3659622071e-01 -5.7518766496e-02
4.1527759659e-02 -1.0085467523e-01
6.9275986556e-01 -1.4309589147e-01
-8.9932785419e-01 -1.4232592694e-01
-4.4852851422e-01 3.3715466869e-01
3.8025989433e-01 -6.7066445615e-01
1.4242003891e-01 -4.4023989075e-01
1.1740706639e+00 2.3377837200e-02
3.4519615499e-01 5.9153657921e-01
-7.1828211118e-01 3.8121380357e-01
1.6509083458e-01 -3.4561310810e-01
8.5581007771e-01 1.1619273824e-01
2.1071781209e-01 4.4763615898e-01
-6.6975934703e-01 3.4995047837e-01
-8.9800172410e-01 1.6445492029e-01
6.7399976940e-01 1.4215250240e-01
-1.1785391233e+00 1.7353640298e-01
-9.1021788444e-02 6.5872101316e-01
-7.2110596865e-02 -5.8852415075e-01
-6.7938597363e-01 -9.7700858068e-02
-2.7187974192e-01 -3.8865249403e-01
5.1378158600e-01 2.4547498135e-02
-4.0155322564e-01 -3.8404250399e-01
2.6780620608e-01 -6.3444896735e-01
-1.1103382469e+00 9.0260061283e-02
4.5433754591e-01 3.2197838979e-01
7.2274328370e-01 -5.7657651045e-01
3.5686616577e-01 -6.2013119164e-01
-1.2316515423e-01 6.1325841986e-01
-9.7728917782e-01 -1.4866493152e-01
7.5802149536e-01 -5.1255202010e-01
-1.2021131697e+00 -1.4298525496e-01
-9.4648127381e-01 3.3305411088e-01
2.8407222510e-03 -6.0476155153e-01
6.5799654866e-01 -1.1244325057e-01
-2.0419169624e-01 6.5188662593e-01
-4.7092804502e-02 6.0852934740e-01
7.0187026082e-01 -6.1876994215e-01
9.7200352981e-02 -4.5134751863e-01
-1.7692159151e-01 5.4497464298e-01
6.0097076386e-01 2.1491393819e-01
-1.0006567476e+00 4.9830495245e-01
3.5167669237e-01 -4.4679055735e-01
-6.4125927080e-01 3.0418202434e-01
9.7906897300e-01 2.0377703082e-01
-4.5840956921e-01 -3.8564112667e-01
2.8329486929e-01 4.3644575231e-01
5.3197997451e-01 -2.0008374326e-01
-4.4325636685e-01 -3.2822108568e-01
1.1301898832e+00 1.3271576163e-01
-1.0899338613e+00 -1.7900897623e-01
1.5383533549e-01 -3.1379900247e-01
-1.8184588423e-01 6.0398131823e-01
1.1223195094e+00 -1.0854072673e-01
-5.1952371522e-01 -2.8893528519e-01
3.6574873422e-01 -6.6892930946e-01
-1.7528858728e-01 6.4838150792e-01
5.8576551391e-01 -4.2178689763e-01
-8.6430793894e-01 1.4641103534e-01
4.2875267326e-01 1.9093282405e-01
-8.4198366503e-01 -2.3785599710e-01
-4.0828471459e-01 9.6295488509e-02
-1.2341161490e-02 3.9539372717e-01
-6.9722198789e-01 4.2468265262e-01
-1.1517191616e+00 -6.9171364501e-02
-2.8948805100e-02 -3.8148017619e-01
-5.1682585892e-02 -4.6447776228e-01
-4.3503612523e-01 6.2516969733e-01
6.3099451099e-02 -4.8270039783e-01
-3.7306269802e-01 -3.7981788637e-01
3.4851933177e-01 4.2112210762e-01
1.1922280767e+00 1.6554358320e-01
-8.5293440251e-01 4.7561136075e-02
6.8057452084e-01 -2.7609042942e-02
2.9236120832e-01 -1.0255208760e-01
-7.4545851090e-01 -2.4180070350e-02
9.6300935957e-01 -1.9306205166e-01
-3.6253798146e-01 8.9153248094e-02
5.6245129939e-01 -3.8733165178e-02
-1.0302338593e+00 -9.1718405968e-02
-6.6156942348e-01 -3.3282074913e-01
3.0224070558e-01 1.9307740780e-01
1.1672025022e+00 -2.5433093272e-01
-1.1600832441e+00 2.1221365195e-01
7.1512253798e-01 -3.7150216252e-02
-5.5501858539e-01 -2.7767891419e-02
4.3895132835e-01 -2.6264137460e-01
1.1526878848e+00 1.3502181197e-01
-6.6463733664e-01 5.9607620386e-01
6.3357483115e-01 -3.4726651361e-01
-4.8356486279e-01 -8.5655339824e-03
-5.3658483510e-01 7.5947713770e-03
-5.2161707312e-01 -3.3337904103e-01
-2.6740522285e-01 6.3064757615e-01
1.2992023214e+00 -1.0865897560e-01
3.7568204765e-02 5.9420115885e-01
-3.2452343360e-01 2.9578431220e-01
-2.7685151884e-01 -4.2003860100e-01
6.2451350119e-01 -3.7514614492e-01
8.3883790742e-01 2.0912157573e-01
-4.8999539114e-01 6.4290095175e-01
3.6251014400e-01 -3.3481207007e-01
-1.6864979560e-01 -2.6989493362e-01
1.1398493779e+00 -3.1223905101e-01
8.2011888913e-02 2.8593229203e-01
6.3883561691e-01 3.8594949609e-01
4.9499449556e-01 -2.4129839872e-01
-8.3391211925e-01 -1.8192190825e-01
-1.1359057856e+00 1.0827066457e-01
-6.1634482820e-01 2.4281305340e-01
5.3883349156e-02 -5.4787671546e-01
1.2475647294e-01 -6.0103726959e-02
5.6354557608e-01 -5.9633133005e-03
-4.2050218814e-01 -3.6551940474e-01
-7.5357467025e-01 -5.8319886676e-02
-1.6011409018e-01 3.2320478179e-01
-4.8908263742e-01 -4.1241724854e-01
4.9996256364e-01 -3.8729901974e-01
-2.0444463614e-01 4.6489036235e-01
7.8899149070e-01 1.7442095972e-01
-4.7894436845e-01 6.3405585383e-01
3.9249176645e-01 -5.0284535408e-01
-9.0371057288e-01 -1.8827077678e-01
-3.7990186158e-01 7.0615212077e-01
4.7027372211e-01 5.3649907868e-01
-6.4652177322e-01 2.0161131847e-01
-8.6472971241e-02 5.0612208480e-01
6.2422948060e-01 3.5751132706e-01
4.2350811298e-01 -3.7713813344e-01
1.0139813271e+00 2.1900378113e-01
7.2049645017e-01 -3.6804938987e-01
-2.6254195782e-02 6.0775587623e-01
7.4112458716e-01 -6.5108145517e-02
-5.2643853579e-01 5.9713583742e-01
7.7510475366e-02 -5.6922739975e-01
-7.9821353920e-01 1.4051277833e-01
4.9139452283e-03 2.0269871322e-01
-8.3703386562e-01 3.1196678623e-01
4.1807915089e-01 -4.1953174119e-01
-1.2727687618e+00 -4.3405087091e-02
-1.0126935642e+00 -2.2259064613e-01
-2.6669768112e-01 -4.2441625335e-01
3.9156047697e-01 3.6037723911e-01
7.9553526764e-01 -1.3778229127e-01
-8.6949212777e-01 -2.0813116165e-01
8.1101874331e-01 3.0884527912e-01
-4.8494797638e-01 5.9562404593e-01
4.2273502570e-01 -6.1009431145e-01
4.9275306139e-01 -5.0784056971e-02
-7.1212129856e-01 -1.1807687884e-01
4.8583689922e-01 -6.9277062059e-02
-4.1812299801e-01 4.7031964670e-01
-6.3526534975e-01 2.2859904540e-01
-9.0345605094e-01 -3.0119437377e-02
7.7100408580e-01 3.1651673007e-01
-1.6242009847e-01 -5.5481776983e-01
6.9463814295e-01 2.2195141283e-01
2.9900973125e-01 4.5476401594e-01
-1.1552973197e+00 1.7154122269e-02
7.5070823926e-02 4.0585009179e-01
-1.6987862023e-01 5.8007491418e-01
3.7932620188e-01 -5.7334630289e-01
1.2823311573e+00 -4.4114106023e-02
8.3881080475e-01 2.0481504312e-02
-7.6947810019e-01 4.2604302251e-01
-9.6481814535e-01 -2.5151034761e-01
8.4205041902e-01 2.6294719819e-01
-2.0458492451e-01 -6.0640486785e-01
-2.8786774760e-01 6.4777832074e-01
2.0945340816e-01 2.9020851829e-01
-8.1632700145e-01 1.0988013559e-01
5.9324695766e-01 -5.9263307893e-01
-2.4992872820e-01 5.7320700482e-01
-1.2870606084e-01 3.6992112097e-01
3.9933489689e-01 3.9883413274e-02
7.8414375534e-01 -5.7328859814e-01
-9.9673112026e-01 -5.9619015400e-02
4.4382222133e-02 -6.0094335231e-01
-3.0729297855e-01 -3.0576453595e-01
7.6233451841e-01 2.9985129355e-01
7.1372278743e-01 -2.8616745983e-01
-4.9603327580e-01 2.3219176595e-01
-6.5231616232e-02 -3.1180456870e-01
-8.6776066742e-01 -2.3971911306e-01
2.4713551154e-01 5.1754768601e-01
5.2992892455e-01 -5.0257191883e-01
-2.7621084607e-01 -5.3823974608e-02
1.0209433865e+00 2.0555576466e-01
-1.2165210904e+00 1.4128487804e-01
-2.5987889777e-01 6.3291409262e-01
-5.5237141617e-03 -5.1527969880e-01
-1.0336928826e+00 4.7002201503e-02
-1.0774846143e+00 -2.2329355610e-01
6.4762165901e-02 -2.7797346311e-01
1.1268087694e+00 -1.3888359975e-03
-5.1808300921e-01 4.6849038300e-01
7.7179091763e-01 -4.0874437267e-01
7.5317029610e-01 -2.6616305521e-01
-3.0435543114e-02 5.2731954443e-01
1.2312575370e+00 -1.1632008299e-01
-5.5837267983e-01 -3.0332574293e-01
-5.1705997568e-01 5.9311161909e-01
-2.6669224390e-02 -3.9271431991e-01
1.1508998693e+00 -1.1281893476e-01
5.6289292904e-01 -5.2347190351e-01
-7.1292348496e-01 8.3832817027e-02
8.7162911793e-02 -6.6220447954e-01
-5.4037904724e-01 6.6735553866e-01
-1.1382271672e+00 -4.1768887776e-02
-3.0120183236e-01 6.1130034086e-01
8.6932729452e-01 2.5843381937e-01
-8.3203403466e-01 -3.6571055258e-01
-3.4392807553e-01 -4.5872681223e-01
1.1121563375e+00 3.0869897931e-01
1.0288171476e+00 -4.1363727156e-01
-9.2589879301e-01 5.2616506030e-01
-5.1122608006e-02 -4.6719596467e-01
1.3224639895e-01 5.6159264341e-01
-1.3441096777e-01 6.6824144942e-01
-6.7526963476e-01 1.5971037075e-01
8.5600518984e-01 1.9645341055e-01
3.6821728814e-01 3.8243428929e-01
9.2190957997e-03 -5.8852699515e-01
-9.0672099783e-01 -1.8379276030e-01
-1.4511651835e-01 4.5452098022e-01
5.4248779589e-01 -6.2079397662e-01
9.9052323272e-01 -4.1517545435e-01
3.2312668734e-01 -4.8987677030e-01
1.0476795446e+00 -2.2480431169e-01
-5.1465287094e-01 1.7638721289e-01
8.5871757036e-02 -5.9161107146e-01
-1.4016552194e-02 -5.8532639349e-01
-4.4001260358e-01 5.6863015470e-01
1.2339466340e-01 5.3643276961e-01
-2.7536639326e-01 6.3324002899e-01
2.4406515509e-01 -1.8563579697e-01
-1.0183193136e+00 5.0613498147e-01
-1.5354880029e-01 -8.0332539808e-03
-8.1926137121e-01 1.9893407741e-01
-3.3276195282e-01 5.1830598796e-01
2.8094989674e-01 4.3984863088e-01
7.5040485787e-01 -1.8519978581e-01
-1.1504215639e+00 1.7913958398e-01
5.6825388507e-01 4.0753730112e-02
9.6474514547e-01 -2.9779707410e-01
-2.6705997924e-01 -4.8792341588e-01
2.7121980174e-02 -1.1128618535e-01
5.7456028851e-01 -5.7702391101e-01
-4.4123204330e-01 6.2955882990e-01
1.1213697778e+00 1.9713433387e-01
-9.1044674640e-01 1.8839572871e-02
2.7499319006e-01 -5.8556417470e-01
8.6687456930e-01 -5.3599468645e-01
-3.9986301750e-01 5.7323093292e-01
-6.8365733600e-01 3.7670784436e-01
-1.1446546898e-01 -5.1656079550e-01
-5.3898144898e-01 6.4793872053e-01
5.4808577123e-01 -3.8160792533e-01
-6.8549672244e-01 4.2467167207e-01
-7.7457247623e-01 -2.9298667194e-01
-6.3054968483e-01 4.1206282052e-01
-4.4688678645e-01 -2.2401829298e-02
9.2563833399e-01 3.5695340473e-02
5.3772892184e-01 1.4832658579e-01
-1.1554503758e+00 2.3559691570e-01
4.8150083080e-01 -6.3883394530e-01
-4.4962818101e-01 4.9378313669e-02
-1.2447500129e+00 7.3730583440e-02
3.0939303896e-01 5.8574703125e-01
8.9599074598e-01 -5.1532656583e-01
-3.6091546732e-01 6.1466525907e-01
-1.8297371453e-01 4.5162288709e-01
8.1299095364e-01 4.8168184641e-02
9.4725057921e-01 1.5388036638e-01
1.2029383711e+00 -2.0107571020e-01
-1.1174768119e+00 2.4299617448e-01
6.2995498584e-01 1.8784782301e-01
-9.0805353929e-01 -1.6722231077e-01
7.7467868615e-01 -1.1917433863e-01
-9.0056784636e-01 -9.7111718108e-02
3.2920790871e-01 -9.9787351566e-02
-5.4144252286e-01 3.4454002282e-01
1.8908387740e-01 -4.7903790737e-01
4.6334764271e-01 3.6610789911e-01
3.6357190535e-01 -6.4833789004e-01
-1.6726212621e-01 -5.8224506548e-01
8.4511446925e-01 2.7874539715e-01
2.7717329579e-01 5.6191327030e-01
-6.5205574926e-01 -1.0460627636e-01
-5.5770709806e-01 2.5550326822e-01
4.3410136177e-01 3.4810593275e-01
-8.1985985334e-01 6.0950627367e-01
-4.4705239807e-01 5.1133788301e-01
6.1930480140e-01 -2.7382533189e-01
-1.1343051637e+00 1.5342088227e-01
4.5411064539e-01 5.4730942894e-01
9.4463789453e-01 -6.0912774728e-02
8.0965417075e-01 7.0180480263e-03
-1.1274607497e+00 -8.3419409238e-02
-1.7210685934e-03 5.0796130178e-01
-3.5195892702e-01 -4.5969594098e-01
6.6710804376e-01 1.2047727016e-02
-2.2090862760e-01 3.8524787480e-01
2.7168610587e-01 4.9150411428e-02
-2.4961787319e-02 -3.2850784460e-01
-1.0819907794e+00 1.5351566307e-01
5.8391169932e-01 -1.4972060470e-01
-4.0691859319e-01 3.1813268373e-01
7.2302037395e-01 3.2678329043e-02
-9.8036599959e-01 -7.4022893155e-02
1.9599853906e-01 -6.1937706516e-01
8.4463495120e-01 2.7077630656e-01
-7.9070993087e-01 4.7233533597e-01
-4.8524351136e-01 -4.6971453155e-01
-7.0298083536e-01 -2.3622469966e-01
7.1420085538e-01 -1.2797529745e-01
-9.1478557069e-01 4.4249361618e-01
-3.9688218294e-02 -5.4403172513e-01
-1.5568925821e-01 5.4894304204e-01
2.6454192219e-02 -3.4423430901e-01
-8.0272560160e-01 -4.3206576526e-03
7.4195310680e-01 1.9787959779e-01
-9.9312841540e-01 -1.4799754545e-01
-5.3624717094e-01 3.0938484287e-01
4.6861216057e-01 -4.1070402405e-01
-1.0076781781e+00 4.3403670302e-01
8.1322399666e-01 -2.6254547964e-02
-8.4640638280e-01 -1.4297319623e-01
1.1273662179e+00 1.4821651178e-01
5.9054545589e-01 -4.9742147182e-01
1.2435232160e+00 -1.4519923445e-01
-9.1414406313e-01 -5.6181664838e-02
5.1540894145e-01 3.5863789110e-01
-2.2841399761e-01 5.7876382861e-01
-1.1079874511e+00 4.1274085601e-01
2.4443492908e-01 -4.8934143820e-01
-2.5421013945e-01 -5.0781599075e-01
-1.9703163931e-02 5.6554217626e-01
6.7029753623e-01 -3.7498716689e-01
-6.0077769585e-01 3.8764155912e-01
-7.6418036490e-01 -2.7170467717e-01
2.3502546517e-02 5.9369085538e-01
1.1786411482e+00 8.8726538846e-02
-3.7804295248e-01 5.8556715780e-01
-1.1465693830e+00 9.2999235345e-03
-3.6823141736e-01 -4.5995683668e-01
6.5105886475e-01 -4.9291712068e-01
1.0656576541e+00 -2.8850216241e-01
-2.5854250122e-01 6.7745998186e-01
-1.5805438208e-01 -1.2685002468e-01
3.2018273047e-02 -5.7530838944e-01
8.9922996899e-01 -1.7048047049e-01
-9.1781353126e-01 1.4753307251e-01
-6.1565381906e-01 -6.7002458186e-03
-5.0464395943e-01 -4.3613112039e-01
-1.9417262310e-01 -4.8899297521e-01
5.6576311299e-01 -5.8068604988e-01
-9.1674014258e-01 4.2889844325e-01
1.0195807195e+00 -3.2156752030e-01
2.8235851317e-01 -2.4453901112e-01
1.0156013968e+00 8.3355851707e-02
-6.4443886254e-01 -1.2520223215e-01
-3.6070497215e-01 2.6252566077e-01
-2.0769018086e-02 4.9200528887e-01
-6.0321634977e-01 6.5582603872e-01
4.6934970488e-01 -4.6375753961e-01
-7.5960922908e-01 -3.6070706020e-01
-1.1502700066e-01 -3.9168341348e-02
4.5633764801e-01 -4.3843026158e-01
3.1747499633e-02 6.3595086263e-01
7.7116338682e-01 2.7153777395e-01
-7.0842994504e-01 4.0755751310e-02
-5.0591314783e-01 3.4151630582e-01
8.9526814103e-01 4.0757180206e-01
-1.0431734917e+00 2.5143202223e-01
1.2599855443e-01 -2.1986741472e-01
7.6012791906e-01 2.6033426088e-01
-7.0999430916e-01 5.7481512032e-01
1.5077799290e-01 1.6249981124e-01
6.0444804930e-01 -1.0325493254e-01
7.5281807232e-01 2.5744107296e-01
-8.5860398489e-01 5.5738935321e-01
-1.7486267325e-01 -5.1257306584e-01
-1.2355335911e-01 6.4897893583e-01
7.3807670398e-01 1.0411963106e-01
-8.8633743108e-01 -2.9916722335e-01
5.7064622206e-01 -5.4664648801e-01
-8.2451552500e-01 -2.6328620707e-01
9.4199920690e-01 2.0113557880e-01
-7.4377289228e-01 5.6205635403e-01
-1.5307138447e-01 -5.5421289259e-01
-2.6066543986e-01 4.7824934707e-01
-7.7182274400e-02 5.9762657335e-01
3.5337902169e-01 -5.1872234079e-01
-4.4906935789e-01 -3.8819518989e-01
4.2617284173e-01 4.4063721640e-01
1.0466253421e+00 -3.0671555960e-01
7.7866791065e-02 -3.7374369743e-01
5.5681800385e-01 -6.0333246460e-02
1.0910017453e+00 2.3111056804e-01
-8.0556835159e-01 1.8216154506e-01
5.0356368525e-01 -4.7872868268e-01
-9.3461948995e-01 -1.9576295947e-01
-1.2224239141e+00 5.5478017522e-02
-4.9343793006e-01 5.8447828156e-01
3.7246375889e-01 -5.7025596168e-01
-4.4067776734e-01 4.1498702647e-02
7.8836143902e-01 2.6395595899e-01
-9.4922888730e-01 3.5981398739e-01
6.7034867099e-01 3.9122474979e-01
-8.5725732547e-01 -2.6016129232e-01
6.3601794946e-01 -4.9366890869e-01
-6.7205085911e-01 -3.3007183745e-01
1.0969379074e+00 1.1720804807e-01
-4.4064045055e-01 4.5780549020e-01
3.2510711280e-01 -5.9604675261e-01
-5.8114893739e-01 6.7356661729e-01
8.4640096929e-01 -5.0214287940e-01
-1.0991800593e+00 2.7091821009e-02
1.6498537717e-01 -6.6208184445e-01
-2.1552337023e-01 5.3237637153e-01
-5.2296338382e-01 6.0523719609e-01
1.7303592213e-01 -5.5418103203e-01
-8.8945895490e-01 -1.8134937673e-01
3.7322006652e-01 -6.4162233640e-01
-1.6820665180e-01 -3.8870392197e-02
-5.2953215911e-02 3.0370914309e-01
-7.2911343792e-01 -2.2293131380e-01
-4.0669434300e-01 -5.1361431476e-01
-4.1608302571e-02 -5.6430072872e-01
8.2496880022e-01 -3.5839005857e-01
-7.8929723617e-01 -8.8669493183e-03
-2.5435246613e-01 6.2457798630e-01
2.8400709119e-01 -2.1323910136e-01
1.2069542598e-01 -4.1210635910e-01
1.1090287868e+00 -6.0841824949e-03
1.2115473609e+00 -1.6773770847e-01
-3.5494744834e-01 6.0215823501e-01
8.1326838694e-01 1.3466857101e-01
-6.0822358742e-01 -1.1651007984e-01
-7.2749183080e-01 -3.2495224557e-01
-7.4705581127e-01 3.1249603481e-01
5.6022789174e-01 4.7008213574e-01
-8.1031470629e-01 5.4038287351e-01
-6.5804381410e-01 -1.5958364284e-01
-2.9091419313e-01 2.5989571066e-01
-3.6046533114e-01 5.9441633760e-01
9.3360912720e-02 -6.2344925227e-01
3.7902256384e-01 -5.0462819397e-01
-4.2461420362e-01 4.8203021553e-01
7.3682956658e-01 -5.2984821774e-01
-8.3841240721e-01 -2.3630779588e-01
-1.2474599821e-01 5.0637223671e-01
-4.5822701753e-01 6.3439552451e-01
3.5431775966e-01 1.3843888187e-02
6.2827514051e-01 -5.9523867186e-01
-5.2918550027e-02 1.2063753834e-01
-3.6613607348e-01 6.2159751017e-01
4.6286249297e-01 -6.0795174689e-01
4.1905943638e-01 -5.4181459556e-01
-2.2962784319e-01 -1.7029821824e-01
-8.7946403766e-01 5.9363474599e-01
-6.7755366000e-01 -2.1649471584e-01
3.4672369085e-01 -4.2896461237e-01
-2.3059822735e-01 -5.8165584852e-01
9.9591816385e-01 -2.2055914009e-01
6.3907576100e-01 -4.9775212007e-02
-6.9098706043e-01 -4.0911398093e-02
1.1264970687e+00 -3.0029356373e-01
-5.9875236707e-01 5.6266481088e-01
-1.4952095227e-01 2.6307651228e-01
-5.7451869310e-01 5.7285965703e-01
3.6771845713e-01 -5.9622628156e-01
-3.8337181577e-01 -3.8783697342e-01
2.6223306174e-01 -3.2971457046e-01
4.0064975784e-01 2.6902327891e-01
-1.1062435639e+00 -6.4619058545e-02
9.0668137753e-01 2.1811765801e-01
-9.0313758853e-01 -1.0783788121e-01
8.5776305086e-01 2.2935736988e-01
9.5614039257e-01 9.8462350609e-02
2.1638652547e-01 1.1548740071e-01
3.6114633620e-01 -2.7302686775e-01
-1.1851871914e+00 -1.4444195724e-01
-6.6426667536e-01 -2.4338309986e-01
-3.5679779455e-01 -4.5625882219e-01
-9.6411256387e-01 -2.3555430615e-01
4.1015978903e-01 4.2890581573e-01
-5.5082633293e-02 3.9980186256e-01
2.0440651273e-01 8.5658018790e-02
1.5117318080e-01 -1.3531980758e-02
-6.1349345857e-01 -1.2987277864e-01
6.9819266011e-01 -1.9135151890e-01
-4.0576848401e-01 2.0912761895e-01
1.0758379602e+00 -1.9058179617e-01
-1.0122530149e+00 -2.8046160193e-01
-6.2916947160e-01 -4.5436640311e-01
-4.1668652502e-01 -3.4874708597e-01
7.0935740100e-01 2.7335421261e-01
-2.8886056824e-01 4.1039728563e-01
8.2033847354e-01 2.5840856346e-02
-3.9370480763e-01 5.7660876547e-01
1.0291657955e-01 -5.7999241718e-01
3.1401246550e-01 -6.3673437384e-01
8.0221851003e-01 3.7653679653e-01
-6.2051101857e-01 2.5969117911e-01
-1.3568256180e+00 2.8419318809e-01
-9.2090202552e-01 -1.7824789382e-01
8.3931690763e-01 3.6943854654e-01
-7.7463716630e-01 -1.7328548336e-01
-2.2720720261e-01 -7.8358536305e-02
4.3187233505e-01 -6.2739569428e-01
4.9428121535e-01 -1.2471283642e-01
-9.1338449967e-01 -3.4425370300e-01
-7.5839876797e-01 -3.5290286877e-01
-1.0681534078e+00 4.2295167616e-01
9.3591344565e-02 6.1725690795e-01
5.7475209438e-01 -6.0581364461e-01
-9.5853643208e-01 -2.1810384280e-01
-3.0133378177e-01 5.5688684718e-01
-1.1037500265e+00 4.6631463360e-01
7.7911748109e-01 4.5580009044e-02
1.5218999270e-01 3.0135777173e-01
-6.9908148735e-01 2.2767112821e-01
-1.0275059989e+00 2.5777752011e-01
-1.1619032161e-01 6.4713521355e-01
5.5174222466e-01 -5.6712600440e-01
-7.0871548622e-01 -2.9555047079e-01
1.7313944446e-01 -2.2702326806e-01
-4.3386947607e-01 4.8952865870e-01
6.7274389150e-01 2.7660136215e-01
5.7393048896e-01 -6.2537959656e-01
-7.2759950823e-02 -4.7260444255e-01
9.1210686941e-02 1.3274508591e-01
8.7164459918e-01 2.4127782852e-01
6.1714774252e-01 -1.2711386820e-01
5.3622455024e-01 -5.0010333371e-01
7.6357785008e-01 3.1547375569e-02
-2.4054660009e-01 6.0785444614e-01
2.0948742005e-01 -5.2126910874e-01
1.2711802524e+00 9.7603033002e-02
-4.6268851305e-01 5.7670681315e-01
-1.6368657539e-01 3.8523091297e-01
-1.1446142083e+00 -1.0971644878e-01
8.7936500193e-01 1.7566592713e-01
-9.0030814840e-01 -2.1383139457e-01
4.5379726316e-01 -4.8264288002e-01
-6.4108528884e-01 -2.6920506251e-01
9.8314236007e-02 6.9967169791e-02
-4.7306893868e-01 4.8565045869e-01
-8.5942687002e-01 4.8628882646e-01
3.6277642282e-01 -5.2070652391e-01
-6.5951208263e-02 -2.2894084568e-01
-8.2298175018e-02 4.2769400764e-01
4.8798456577e-01 -5.9716204703e-01
-1.2743534730e+00 3.4897350651e-01
8.3022439015e-01 2.5192788140e-01
-7.9252095310e-01 2.0968470428e-02
1.5563199696e-02 5.7394493210e-01
1.0984600296e-01 4.0628217695e-01
-8.6202372820e-01 2.9311700350e-01
2.9341868614e-01 -3.8549663913e-01
-1.0802300793e+00 3.0148919237e-01
-1.4097420368e-02 -2.5681039198e-01
9.3253965078e-01 -4.7855840762e-01
8.3401864005e-01 2.5615701456e-01
-7.5485849881e-01 6.1226369320e-01
8.4324895249e-01 -2.8758303248e-01
-7.7526714816e-01 -2.7805265514e-01
9.3133858403e-01 2.1127174822e-01
4.4372435384e-01 -5.5976732258e-01
1.0583412468e-01 6.2465018390e-01
-3.7454817255e-01 -3.5088751531e-01
-6.2084489140e-01 -4.6528072397e-01
-2.2885688416e-01 6.0947121869e-01
2.7378672681e-01 -5.4161944895e-01
-1.2622132692e+00 2.2601555415e-01
-8.4892618265e-01 -6.5089729849e-02
4.2139668319e-01 -9.8596477677e-02
-8.6681155895e-01 -1.9271980408e-01
9.3025211096e-01 1.4553252379e-01
-3.4457604850e-01 -3.6401125664e-01
3.7016796116e-01 4.0751401818e-01
1.1584219510e+00 9.3034980704e-02
-3.6547754043e-01 -4.2316572069e-01
-8.6198147390e-01 -2.4245340201e-01
-4.3078133506e-01 4.4770894567e-01
5.2157716013e-01 1.1153513458e-01
-6.7312636016e-01 1.0367934302e-01
5.3999628655e-01 -5.1930470239e-01
-1.2043441376e+00 1.8715900544e-01
4.2117497411e-01 5.5153343529e-01
2.6234670192e-02 1.3328401534e-01
-2.3527863141e-01 -4.3034745677e-01
5.0412895276e-01 3.7769186512e-01
7.9070781652e-01 2.4761556450e-01
-9.1215140066e-01 2.9936933482e-01
7.4519688807e-01 -4.8388885797e-01
7.9432625321e-01 -1.2652364268e-01
-2.8914332282e-01 -5.1824113963e-02
1.1577224191e+00 8.3586898978e-02
-5.2151376293e-01 4.9540691761e-01
4.3840851089e-01 -5.8498117062e-01
-1.2189544153e+00 -2.7297042307e-02
-4.6254311561e-02 -9.4224275870e-02
-2.8714574461e-01 -2.4165043018e-01
-5.3449467562e-01 5.8244990748e-01
1.9276975934e-01 -5.6155371044e-01
-8.2670217677e-01 9.3988333949e-02
4.5154263351e-01 -6.2845166588e-01
-1.1646943303e+00 3.8004722117e-01
3.9244825165e-01 -5.8594779205e-01
-6.5838799432e-01 -1.9370860979e-01
1.5967302583e-01 4.9087988432e-01
-6.0466429803e-01 -4.3362871221e-01
1.1024100211e+00 -3.8867459384e-01
-3.5211238517e-01 6.1362747053e-01
9.1874567878e-01 -4.5862590475e-02
-2.7540262756e-01 5.6569046283e-01
3.7630358918e-01 -1.1936422275e-01
-1.1717877963e-01 -4.3845555062e-01
8.3884870750e-01 3.5502588576e-01
8.4015903303e-01 2.9220302225e-01
-5.7488925675e-01 3.1532753015e-01
-8.3623196982e-01 -3.5277389559e-01
-1.6569923329e-01 1.4533391976e-02
-1.0274070856e+00 -1.3046786386e-01
1.7357633606e-01 -1.6586043113e-01
-4.5804930840e-01 6.1520419669e-01
-1.4125756851e-01 -6.2917594498e-01
2.9611120984e-01 -3.9023490635e-01
1.0948232969e+00 -3.9374474758e-02
2.6590480414e-01 4.9225754571e-01
9.1559264855e-01 -3.6205836562e-01
1.1472648531e-01 4.4851741448e-01
1.8269251136e-01 4.1931488620e-01
-5.9229773923e-01 5.5618420339e-01
5.3280988508e-01 -5.6351589906e-01
-1.8089098330e-01 2.4125470515e-01
-7.5773771311e-01 5.4877783046e-01
-6.7534892242e-01 -3.4384661758e-01
3.9653337592e-01 -6.4259266244e-01
2.3188310111e-01 -4.7681719526e-01
-8.2258455064e-03 5.7132959870e-01
5.0194585293e-01 -2.6556879874e-02
1.0070733123e+00 1.4853813646e-01
8.0142057698e-01 -2.5874987998e-01
-7.8196853485e-01 -2.0838877328e-01
1.0551373827e+00 -3.2286664407e-01
9.6854439738e-01 2.6806196932e-02
4.3041822086e-01 -5.7262486300e-01
5.6118106274e-01 -5.2365965877e-02
-6.7149805643e-01 -8.1181293772e-02
-5.3118390664e-01 7.5371706122e-02
8.1982939051e-01 2.9480405943e-01
9.4392317337e-01 3.0585759566e-02
-2.9391291961e-01 -5.0797847417e-01
4.1612245969e-01 3.3051648388e-01
-9.7011055509e-01 4.9340695427e-01
-3.5624146259e-01 6.2037319952e-01
-1.2733450246e+00 -9.6860094566e-02
3.9722470964e-01 -8.5939596598e-02
9.3311216930e-02 4.0521571087e-01
6.1164086437e-01 -3.6930381295e-01
-1.2788660325e+00 6.0536593848e-02
-6.1141380008e-01 -4.4063970985e-01
8.2787185648e-01 3.2931136078e-01
-2.8941628525e-01 -4.8756008079e-01
8.4907921608e-01 -7.6692460222e-02
-9.5624988025e-01 -1.5493510745e-01
-5.3385250614e-01 1.9811878264e-01
2.9526583895e-02 -1.0862880262e-01
1.5977633286e-01 -3.8544033953e-01
-5.7985214217e-01 -3.7904850550e-01
-1.1027516672e+00 1.7833591727e-02
-8.0603742711e-01 -2.1155071989e-01
3.3979466946e-01 3.7211535337e-01
5.0497261139e-01 -2.4498813414e-01
-4.7822375227e-01 2.4244744711e-01
6.2019551046e-01 -2.5246109436e-01
3.6982095602e-01 -7.2745692024e-01
1.9882029729e-01 -4.4750994157e-01
2.1931634949e-01 5.4396600727e-01
-4.0205902858e-01 5.9212029827e-01
1.5313430550e-01 -5.7396668077e-01
-7.1054060923e-01 2.1065500933e-02
8.9476885823e-01 -1.9403927222e-01
-6.4507231967e-01 3.2455794466e-01
7.2627785029e-01 2.0362324339e-01
-4.7544369302e-01 4.5473686066e-01
-7.8551769199e-01 -2.5872564198e-01
1.6052577077e-01 6.4833152346e-02
3.0825088054e-01 -6.5974934913e-01
4.1781676261e-01 -2.5907440091e-01
9.0561115570e-01 2.5252150617e-01
-8.7284073660e-01 -1.1748991887e-01
5.9881814082e-01 -2.4810325232e-01
-7.7501965997e-01 -2.7810355502e-01
-8.4980789869e-01 3.8549037470e-02
-7.6066290167e-01 4.9372794401e-01
7.9794533888e-01 3.0520865217e-01
4.7898862277e-01 -6.2095820301e-01
-1.1223091455e+00 4.4909958976e-01
7.9115707047e-01 2.1633044515e-01
8.9955721568e-02 5.6433676332e-01
2.0499923113e-01 -2.8508263561e-01
-9.2364690934e-01 -1.5052280593e-01
-2.2343216688e-01 5.3689965550e-01
-3.7005458478e-01 4.1636284419e-01
-5.7010367545e-01 3.4849591507e-01
-1.0769693070e+00 3.0428495966e-01
1.5145319630e-02 8.8552326288e-02
-2.2928721431e-01 3.6575699616e-01
2.1970956948e-01 3.3881916448e-01
2.9022033738e-01 -6.0164813035e-01
6.1853579050e-01 -5.2225610513e-01
9.4646074385e-01 1.1177576002e-01
-7.2774162640e-01 3.5750015562e-01
6.0487008304e-01 -1.2444801640e-01
-1.0725513206e-01 -5.1170728758e-01
1.1677507259e-01 5.4568634697e-01
1.2645389382e+00 -1.9918756570e-01
-3.3800912284e-01 5.2255426551e-01
-5.5219751555e-01 3.8299007471e-01
-1.1447698181e+00 -1.6631229843e-01
-5.5307739834e-02 5.9575431209e-01
1.6966445749e-01 -5.2361462967e-01
8.8037633464e-01 -3.8957978105e-02
4.0703539214e-01 -6.2712694074e-01
9.0478836837e-01 1.5297834776e-01
6.5990194800e-01 -5.5299133400e-01
-3.7586421812e-01 -2.0099705617e-01
-1.5563075310e-02 -3.6103025107e-01
6.2060501562e-01 6.0736685006e-02
3.2325710105e-01 -5.9586468471e-01
-1.2524919095e+00 3.8068656291e-01
-8.3859214562e-01 -1.5285682718e-01
-4.1970357655e-01 5.7451923674e-01
4.4511001183e-01 -6.0024232783e-01
2.5752187171e-01 -3.5848268194e-01
-6.3998999602e-02 3.9022116044e-01
-3.9478631256e-02 6.3270632721e-01
6.1122646386e-02 -5.2232949503e-01
-9.1228229601e-01 -1.9070712791e-01
3.6107784811e-01 -3.8559464027e-01
-3.1775317227e-01 -1.9575827545e-03
9.4677961919e-01 2.4128543774e-01
-1.2125669212e+00 2.2304254087e-01
-2.6761749951e-01 -5.0178916128e-01
-1.1013626719e+00 -2.3759003637e-02
-5.3557999758e-01 -2.8564354038e-01
1.0438429632e+00 8.8822668439e-03
-7.7298613285e-01 5.1451234371e-01
-4.5757786424e-01 5.3718659622e-01
-6.5151479590e-02 -3.5188980979e-01
1.1944279006e+00 -9.9443358987e-02
-9.7048526395e-01 1.4280263009e-01
3.2622508577e-01 -3.2459032307e-01
-5.7858587310e-02 5.7285740269e-01
1.0214375009e+00 2.6899757205e-01
-8.0348358733e-01 -1.7785157409e-01
4.4076573835e-01 -5.5090506870e-01
7.7795222596e-02 4.7544529480e-01
-1.6783188118e-01 6.8054906745e-01
7.9329961035e-01 -4.8569098860e-01
-7.1350041802e-01 1.9504188445e-01
4.9042219827e-01 -2.2076725390e-01
-1.2262176466e-01 -3.7624717518e-01
-9.1442674108e-01 -8.5019452708e-02
-2.5685817313e-01 5.6989245038e-01
1.1742198265e+00 9.7101678230e-02
-3.3627231649e-01 -4.2727821324e-01
-6.6546468376e-01 -3.2156790677e-01
-2.1985700506e-01 4.9677709457e-01
-1.0849004642e-01 6.6194152422e-01
-7.2096776875e-01 2.0544656603e-01
1.0507916523e+00 2.5537586007e-01
5.2059211079e-01 -4.6232439825e-01
-7.7415498067e-01 1.3999335188e-01
3.3025480829e-01 3.6537445422e-01
-8.2624096926e-03 -5.9496984309e-01
-9.6388276304e-01 4.5376434482e-02
-9.3627845743e-01 1.4655249139e-01
1.0997561220e+00 7.6222871338e-02
-8.1061635884e-01 1.5207875276e-02
6.8068880316e-01 -9.8800875562e-02
-4.6407803001e-02 -6.2299420813e-01
6.5609243943e-01 -5.1746548691e-01
4.3776618814e-01 2.9732810769e-02
1.0548133123e+00 -2.8654585068e-01
-2.5996652330e-01 7.4522721513e-04
7.1902218412e-01 -3.7626851386e-01
-6.9702678389e-01 5.5709888459e-01
1.3651753925e-01 6.2344682820e-01
-1.0717518480e+00 4.2385914990e-01
-3.5606044444e-01 6.5796779984e-01
7.4242035150e-01 3.1872317662e-01
7.4418909799e-01 -3.5631674014e-01
1.4726535529e-01 5.3284114077e-01
7.4248110934e-01 -3.9151482357e-02
-1.1174830927e+00 4.2099085352e-01
5.2562324373e-01 1.3558917325e-01
4.4183505804e-01 -6.1213174706e-01
-4.5808841644e-01 6.3121095036e-01
-8.3476280886e-01 -1.9034881135e-01
8.8615273643e-01 -2.9017295859e-01
-3.2982439807e-01 4.4100155104e-01
4.1987921458e-01 -6.4512174104e-01
2.8017458772e-01 -3.4527933889e-01
6.8887483826e-01 4.5562513513e-01
9.1525860941e-01 1.4587356447e-01
-1.0759531078e+00 -3.9781753797e-02
-3.8610497095e-02 -4.8461028364e-01
9.0666089106e-01 -3.5590232566e-02
5.8015244708e-01 3.9409271521e-01
5.9350928018e-01 -3.0656038541e-01
5.6194306735e-01 -2.4526207775e-02
5.7757032437e-03 -5.3000092865e-01
-5.0408125884e-01 5.7571787320e-01
9.8764037227e-01 1.6057302119e-01
-1.1925808531e+00 3.2516235085e-01
2.8601307012e-01 -5.6081170169e-01
-2.3027914935e-01 4.4413884741e-01
1.1952515064e+00 9.8722172439e-02
5.4938445529e-01 -6.4472736308e-01
-7.6749646430e-01 4.1194689791e-01
1.4552313839e-01 5.7448952702e-01
5.0604349269e-01 5.3826756820e-02
2.1379778394e-01 6.1740222917e-01
-5.6538716761e-01 4.3039954904e-01
-1.7715530330e-01 -3.9591094578e-01
1.0443179387e+00 -3.0215949048e-01
-1.1701330545e+00 5.1920873189e-02
-4.6016873440e-01 3.3646019358e-01
7.2828935626e-01 3.2244108615e-01
8.2404784633e-02 -5.7645036874e-01
-3.1520117197e-03 -5.8486827045e-01
1.2455592886e-01 4.6609441926e-01
6.4960647990e-02 -6.5600505457e-01
-9.5369480344e-01 -1.9058010598e-01
-7.8094003917e-01 -2.8618996957e-01
-6.7994332190e-01 2.8883833028e-01
2.3810848264e-02 3.7129483305e-01
7.9573624893e-02 -5.2199501195e-01
1.1388891372e+00 4.7327659683e-02
-7.2618029418e-01 -9.6288363630e-02
-8.7911551278e-01 -1.6585278518e-01
-9.6006435423e-02 2.8128687024e-01
-1.1116602398e+00 4.0013642917e-01
4.9908482697e-01 -1.1336863992e-01
-1.0683119239e+00 2.5244966311e-01
2.7033444538e-02 5.7880872616e-01
-2.9834741199e-01 -4.3479147193e-01
5.5935362942e-02 -4.4614183750e-01
6.8757277264e-01 2.9572317185e-01
-4.8716152773e-01 6.2353401259e-01
5.7832848030e-01 -1.9334299461e-01
-1.1296158960e+00 -4.5822557825e-02
-7.6561522191e-01 5.2854784172e-01
1.8549484212e-03 6.3431597812e-01
1.2581162668e-01 4.8132405473e-01
3.0234792364e-01 -4.4127453249e-01
-1.2822837369e+00 1.5764018188e-01
3.3413591718e-01 -6.3934588311e-01
7.9474492432e-01 -1.6918771141e-01
1.0634484343e+00 2.4526454415e-01
1.4239400024e-01 8.0746651179e-03
-8.1847815371e-01 -1.4801218411e-01
1.3794923552e-01 -4.7636544841e-01
6.2987357770e-03 6.4932638759e-01
7.1100512002e-01 -6.2574259950e-01
8.0830148655e-01 -1.0099388763e-01
-5.5598586929e-01 4.6355082434e-01
-4.4130968333e-01 3.0151579240e-01
5.7760557593e-01 -4.7354273945e-01
-4.9862512092e-01 3.6681744248e-02
3.6908955320e-03 -5.0061710500e-01
-6.3977601209e-01 2.8990115578e-01
7.5493467736e-01 2.6316955705e-01
-1.2305216064e+00 -2.1457513644e-02
9.9993679309e-01 -1.6034765825e-01
-1.2449586178e+00 -5.5244163015e-02
5.5007825680e-01 1.8969932085e-04
3.5899868787e-01 5.7841011905e-01
7.4041225554e-01 3.7618310218e-01
5.2720395834e-01 -5.7700968409e-01
-9.8086347744e-01 9.8874210959e-02
6.5147712576e-01 -4.3145387217e-01
-6.1038554414e-01 4.1507028193e-01
-9.2850042416e-01 6.0127900276e-01
1.7951905723e-01 -5.4174730946e-01
-3.0082751154e-01 3.8261208017e-01
-2.7200798298e-02 6.0331058397e-01
1.1947966509e+00 -2.3720387655e-01
-1.0652138182e+00 2.3030164984e-01
-9.7832352192e-01 -2.4034817590e-02
8.2355109839e-01 2.9103081529e-01
9.8346445847e-01 -4.1649506756e-01
-3.3753195715e-01 5.2343852324e-01
4.5284093534e-01 -1.7214543695e-01
1.8641542169e-01 -6.4955639305e-01
5.8537022489e-01 -5.6514948248e-01
-5.6057610336e-01 6.0320558960e-01
-5.0561204673e-02 -5.4720205899e-01
1.1271120888e+00 -3.4224193385e-02
-7.5086311321e-01 1.9084919274e-01
-6.2629014133e-01 -4.7567068223e-02
1.1399447424e-01 5.3136668582e-01
1.1761461117e+00 -3.4033545316e-01
-3.7745269172e-01 5.0536385254e-01
1.0139186195e+00 -2.7388585741e-01
7.5608481762e-01 -3.5885605777e-01
-7.4943092857e-01 2.7965404147e-01
4.2949528099e-01 -5.4030809642e-01
-9.0213746146e-01 -2.2174654187e-01
7.7915944267e-02 -6.3886043538e-01
8.4475921183e-01 1.6023821640e-01
1.2074773511e+00 1.0704358517e-01
-6.6545007716e-01 -7.6176960287e-02
-2.4594784281e-01 5.6437188010e-01
1.6388628371e-01 5.5126874359e-01
5.2447598109e-01 -5.6013324398e-01
-1.1643970545e-01 6.3566730979e-01
3.6108406523e-01 3.6426994118e-01
-1.1484643706e+00 4.0977142439e-01
-6.9066610894e-01 -3.6954993502e-01
-6.9687446700e-01 6.9677943670e-01
1.0560566135e-01 -6.6274288467e-01
-1.7355431450e-01 -5.5988515797e-01
1.0223862330e+00 2.6664957947e-01
-5.5842659728e-02 -4.3918869598e-01
-5.7753921033e-01 4.5592543692e-01
-8.6446975617e-01 -1.5292759536e-01
1.8740367865e-02 4.4816447016e-01
1.5761457774e-01 4.8058144302e-01
-1.2106117491e+00 3.5764211477e-01
4.5759687289e-01 -4.6869615688e-01
8.0270790484e-01 1.6100687008e-01
-6.6455011166e-01 2.9906392269e-02
1.9653879055e-01 -5.8847459405e-01
-1.2238227545e-01 5.9102358912e-01
5.8356213488e-01 -5.3028638538e-01
1.0429063477e-01 3.5813480029e-01
-5.4731541284e-01 1.7309306439e-01
5.0391351228e-01 3.1747490591e-01
-9.8889381681e-01 -2.6974087523e-01
-1.2087564879e+00 -9.3446876314e-02
5.4081309393e-01 -8.4327678849e-02
-6.3855781740e-01 2.5640609089e-01
3.8449996566e-01 -6.5666677538e-01
2.0040505084e-01 -6.2705495571e-01
-1.1414575541e+00 1.2371774915e-01
-4.6412321940e-01 1.9820934816e-01
1.0919575542e+00 -1.8343470854e-01
4.4367360772e-01 3.8543979082e-01
-9.2664416322e-02 -5.8743118772e-01
6.9570203771e-01 -5.4709186812e-01
-1.0781056751e+00 -1.6107197145e-01
4.2966611528e-01 5.5727414628e-02
-5.7220284183e-01 3.4519079127e-01
-2.4324684564e-02 6.1919312908e-01
4.8437071568e-01 -6.4875986263e-01
-1.2358532682e+00 2.5385860958e-01
8.2104507031e-01 -6.4332420503e-02
-4.1851063826e-01 -4.5668509034e-01
-4.8719171038e-01 3.3951107527e-01
8.8834531941e-01 2.3550908937e-01
4.9761014339e-01 2.6445994121e-01
-6.2618962566e-01 5.5856496910e-01
-1.2143764480e-02 -3.6500245109e-01
-7.0286190510e-01 3.8112015304e-01
-4.3998745979e-02 -5.5539327586e-01
-8.3067738652e-02 6.4346594493e-01
8.7956042724e-01 -1.9412591747e-01
-1.1735095140e-01 -2.7542654420e-01
-1.1629633799e-01 -5.0803116034e-01
-1.2520224338e+00 3.0933702391e-01
6.8121626233e-01 -6.4773908335e-02
-8.8540251346e-01 -2.2157556376e-01
9.0692752032e-01 2.3734549597e-01
-1.2165201046e+00 1.3279539348e-01
-5.0207629327e-01 -4.4219911790e-01
-2.8801656079e-01 6.0448082084e-01
1.7915555987e-01 -5.3531173372e-01
8.8830053411e-01 2.5312873556e-01
4.8462991222e-01 -2.5614055406e-01
-2.3732010977e-01 -2.3500264611e-04
1.0563325825e+00 3.2180627447e-01
-1.1691055035e+00 1.6862285540e-01
9.9716859855e-02 1.3622281728e-01
-6.5433716839e-01 -3.0176002248e-01
-4.6127525175e-01 -7.6803973163e-03
-3.8971983353e-02 -2.6344167425e-01
1.0626029237e+00 2.1449584532e-02
-8.8910483023e-01 5.3595201843e-01
7.9324853554e-01 2.8333871583e-04
4.6675740087e-01 4.8977699819e-01
1.1200062142e+00 -1.9061952968e-02
-5.3966038209e-01 -3.0984000511e-01
1.7905600376e-01 4.3047788018e-01
6.3726062933e-01 -2.2221374769e-01
-5.7690034747e-01 -1.6011799078e-01
-2.4426188235e-01 -2.4314629435e-01
-9.3143002009e-01 -2.8505185633e-01
3.3917201435e-01 5.8929092633e-01
1.2161530117e+00 6.7513094622e-02
-2.7704578506e-01 -4.5634620538e-01
-1.0100581653e+00 -2.7621138495e-01
9.2177784020e-01 4.6209487392e-02
5.0254187731e-01 -5.6742740103e-01
-1.1877387326e+00 2.0372751458e-01
-7.1569216417e-01 -3.9902989649e-01
-3.2401174039e-01 6.2544839190e-01
5.4752371311e-01 -5.6636703812e-01
-6.8819147524e-02 6.5262484314e-01
9.9159075951e-01 2.7241644894e-01
-4.2602721537e-01 6.1486556855e-01
6.5022834253e-01 -1.3805704339e-01
-4.8931852636e-01 8.2319267928e-02
-4.7071085121e-01 5.3841133323e-01
-1.0093682504e-01 -4.8604038075e-01
1.2323335094e+00 7.6469360258e-02
-2.8602542088e-01 4.9805138660e-01
-5.8423745394e-01 5.2695856720e-01
-5.5106389620e-01 -3.7783595425e-01
-6.4200683391e-01 -3.2906876102e-01
4.8734076992e-01 -1.1452530776e-01
1.1798063547e+00 -2.7615775122e-01
-9.9384147197e-01 -1.0549485181e-01
9.1235222827e-01 -3.7846763863e-01
5.0336296477e-01 4.0365505532e-01
3.2049874472e-01 -6.1358441409e-01
-5.9651924767e-01 6.6995226621e-01
8.3909956202e-03 -5.9987667264e-01
2.3299545839e-01 -6.2837185335e-01
1.5732622611e-01 5.5701015168e-01
-7.4435039625e-01 3.8506180586e-01
-8.1675616867e-01 -4.4686026319e-02
8.4444180477e-01 -5.7097815825e-01
-4.9055403420e-02 -5.5593533054e-01
-9.4535589066e-01 4.4941953862e-02
-6.3715383361e-02 4.4002089071e-01
-5.3370137131e-01 6.4639798726e-01
4.6839145194e-01 -5.6078571790e-01
-9.3628586314e-01 2.7038355474e-01
4.8189261865e-01 -2.5191407449e-01
7.9961305964e-01 2.3857713245e-01
3.3604817582e-01 4.2509500246e-01
1.0777192065e+00 1.5382555467e-01
-6.7662061588e-01 1.3571196809e-01
-1.8669702210e-01 -5.4011027479e-01
9.0118139697e-01 1.7989345917e-01
-6.6411033400e-02 6.0835907431e-01
-2.3457076924e-01 5.2886072398e-01
1.0972745161e+00 -1.7693293158e-01
-3.0881777294e-01 3.7067813084e-01
1.2141205437e+00 -1.2507374250e-02
2.4022126432e-01 -5.7397159926e-01
-2.8283045830e-01 2.5543439160e-01
-1.0670158536e+00 3.4980665299e-01
6.9066118774e-01 -3.4960689852e-01
-1.3338000304e+00 1.7275589603e-01
1.2959297565e-02 -5.8631134387e-01
-7.5701666378e-01 1.4152158571e-01
5.7243236392e-01 -1.0168737095e-01
8.4815578165e-01 -1.9131156573e-02
-9.8855975354e-01 -7.6832680358e-02
-1.1308339982e-01 4.8120744327e-01
-5.6117866148e-01 -4.7082972079e-01
-1.9989151755e-01 -4.5024514968e-01
6.2599621045e-01 2.4085920902e-02
-7.5650191017e-01 8.1526730109e-02
6.2685989669e-01 -1.0243621088e-01
-4.6671162977e-01 4.4973570319e-01
2.7935533372e-01 -3.9644715769e-01
6.4775074595e-01 3.5087369194e-01
-3.8237611085e-01 5.8931736659e-01
-9.9572624801e-02 1.3901396581e-01
3.6561726721e-01 3.2452120102e-01
4.4992247584e-01 5.4928511339e-01
-9.1713635354e-01 -8.9939727836e-02
-6.0864801859e-01 2.4703275648e-01
-8.2227621286e-01 -2.4548786023e-01
9.2171503669e-01 1.3637747567e-01
1.2256418427e+00 -8.6046482298e-02
-4.9589335564e-03 -2.4208276103e-01
4.7214676951e-01 -6.7701048395e-01
-7.3269598375e-01 3.5862711676e-01
1.4140011948e-01 3.4855868702e-01
-7.8688361847e-01 1.3297819721e-01
-7.6339278379e-01 2.6816187516e-01
-1.2198838063e+00 2.3203387838e-02
2.5434591382e-01 3.5677595648e-01
9.6493339306e-01 1.4188512920e-01
-1.1815677633e-01 2.9007693270e-01
1.3572782898e-01 3.2023346522e-03
3.7703252798e-01 -6.3780424307e-01
-4.7771262185e-01 -1.6557217350e-01
4.1271522142e-01 -9.5201423014e-02
-4.3381056662e-01 3.3170484694e-01
7.7697483078e-01 -3.6266165147e-01
-1.7715017945e-01 -3.7016969077e-01
4.2874715778e-01 -2.9481503200e-01
-3.6994281158e-01 -3.3381071540e-01
7.3789917418e-01 2.9802929005e-01
-5.0613091454e-01 6.0142564334e-01
1.0301995442e+00 -2.6526291160e-01
9.4415529136e-03 -4.6744431287e-01
1.0572332046e+00 2.0513464900e-01
6.4217868244e-01 -5.4703907428e-01
8.8978569106e-01 -5.1033103338e-01
-5.2151911237e-01 5.8129413949e-01
6.5193716218e-01 -6.6945307974e-02
-9.5240105657e-01 -6.6033398815e-02
1.0601716486e-02 -4.3774732906e-01
-1.2084178077e+00 3.3539085481e-01
-3.6491970935e-01 -3.6591999785e-01
-2.8834392683e-01 -3.1152440723e-01
-1.5184557594e-01 5.8068738144e-01
-9.4048167282e-01 2.4389032960e-01
-3.6875378171e-01 6.2035331889e-01
-8.6001233723e-01 -1.4373149203e-01
4.8634334950e-01 -5.9458177487e-01
-5.9789896169e-01 2.1324267734e-01
4.4291399646e-02 5.2218396994e-01
-8.4565129702e-01 4.7317788652e-01
6.3557787194e-01 3.2708715623e-01
-2.8127539351e-02 -5.3610132611e-01
9.0298873550e-01 -2.4940235164e-01
-9.5675550086e-01 1.3193658103e-01
5.1883915297e-01 1.3282212519e-01
-4.0544816614e-01 6.1448114131e-01
9.5681587190e-01 1.7794220787e-01
6.2275509510e-01 -5.7421697605e-01
-5.9156805533e-01 5.5825771224e-01
-7.6383670586e-01 5.9985623143e-01
-4.8618887440e-01 4.1048641142e-02
1.1747403955e+00 -2.2630716696e-01
-1.2101777875e+00 2.4891110669e-01
1.2190035966e+00 -5.1846797667e-02
-3.0937580486e-01 4.9540100914e-01
4.4392621438e-01 -5.8431075586e-01
4.5942380675e-01 -6.9194617118e-01
3.2409090213e-01 5.4014467996e-01
7.1233324191e-01 -4.5611221272e-01
-5.7257543242e-01 3.2362283613e-01
-7.8947875059e-01 -2.4400208959e-01
-8.3698090781e-01 -2.4122625109e-01
1.2207174896e+00 -2.0163546293e-01
-7.8708640304e-01 -1.5581653336e-01
3.9152255074e-01 -6.1926587521e-01
-2.6069257294e-01 -2.9650961356e-01
-4.3266506150e-01 2.1193711073e-01
-4.6424168010e-01 6.0475093914e-01
5.7229039271e-01 1.0215736425e-01
-7.4102170938e-01 -2.9911443614e-01
4.5894030162e-01 -6.1967750205e-01
8.3862897639e-01 -1.7207875331e-01
6.3105446483e-01 2.3983941738e-01
-9.8913041332e-01 4.7994234166e-01
-1.1445809709e-01 -4.9497838076e-01
-2.6361434440e-01 5.5508295241e-01
1.9711359448e-01 4.9917462464e-01
-1.1263686574e+00 4.7032448468e-01
8.8439855583e-01 3.8781044736e-01
-1.1768936695e+00 2.6336059546e-01
3.5290729977e-01 5.2306086976e-01
2.6487352060e-01 -5.5409597258e-01
-9.0331379696e-01 -1.3744624114e-01
6.5066872950e-01 -3.8401115103e-01
1.0287955917e+00 -4.5942516062e-01
6.4374435689e-01 1.2541496794e-01
-9.4152706439e-01 5.6333853266e-01
-4.4756377279e-01 -7.1875648706e-02
7.9034001435e-01 1.0900215715e-01
-1.0346279100e+00 1.3054297053e-01
3.9029919823e-03 5.6607010742e-01
-3.6135246428e-01 -3.5012282465e-01
-1.1231227003e+00 3.6023793759e-01
5.2760596919e-01 -5.9544384971e-01
4.5794543887e-01 4.3797183911e-01
2.3939908005e-01 -6.4041855235e-01
-5.7031572751e-01 1.3323399362e-01
8.8792828717e-01 -1.5695022388e-01
-1.0610242788e+00 4.6525508539e-01
1.8666176569e-01 -6.4345589323e-01
-1.3138078629e-01 -4.4627823735e-01
4.7409621164e-01 3.9560799434e-01
2.2736821609e-01 -4.4290749389e-01
-6.9160639379e-01 -2.7311975173e-01
1.1601072949e+00 -3.9185732096e-03
-4.1567018038e-02 6.1143411367e-01
-9.4144545639e-01 2.6362262434e-01
8.4740538308e-01 -5.0597586230e-01
-1.1180689317e+00 4.3725052551e-01
6.0890004808e-01 -6.0832537815e-01
-7.9273598514e-01 5.5080231664e-01
-4.3335311921e-02 -5.3903787662e-01
7.7853271117e-02 4.3951408656e-01
-4.8527251479e-01 5.7745616667e-01
1.3662804616e-01 7.8169441326e-03
-1.0098865632e+00 2.7502412418e-01
-6.4675456694e-01 -1.7123109786e-01
7.7950968291e-01 -5.2529990271e-01
3.8768381574e-01 -4.9783261874e-01
-8.9734532084e-01 5.8627538682e-01
2.1788796504e-02 -3.9761503994e-01
1.9345415174e-01 -4.6385229871e-01
1.4786474500e-01 -4.5274012081e-01
6.9578821275e-01 3.5122840984e-01
6.4557739477e-01 -4.1932940255e-01
7.8668183083e-01 -1.0598329588e-01
-1.2251031498e+00 -6.8177505308e-02
2.3769096435e-01 3.8599073296e-02
-4.0986613394e-01 6.6484763403e-01
-8.7789026112e-02 6.2057195923e-01
3.9351396034e-01 -5.2400950442e-01
-2.5651652216e-01 -4.7882896953e-01
-2.7912326579e-02 5.6570570652e-01
6.6932172176e-01 -4.1139770830e-01
-7.0105272703e-01 3.4581704064e-01
7.7001010022e-01 1.8134860994e-01
-1.3017223590e+00 5.8485634635e-02
-4.7452964423e-01 6.6544712228e-01
-1.4188994851e-01 5.0751185795e-01
-1.2735911043e+00 2.9089532096e-01
-1.6796014477e-01 -1.3239481480e-01
3.9742632378e-01 4.7928418081e-01
2.5066149046e-01 -6.3062764872e-01
-5.0309968351e-01 6.0112692167e-01
-2.0193221619e-01 -4.7186048635e-01
1.8686037110e-02 5.2319130088e-01
9.7999736116e-01 -1.2607737303e-01
-8.9694962228e-01 2.0827414174e-01
8.4791494166e-01 3.3062795155e-01
4.2021163230e-01 -6.2260189537e-01
-5.5918124210e-01 -3.3620123044e-01
5.1036347080e-01 -6.8488231492e-01
-6.4360448209e-01 -1.8850851821e-01
7.6329340108e-01 -2.0256137327e-01
1.0159696988e+00 -4.5035872711e-01
-7.0825572704e-01 5.0624659540e-01
4.5071401134e-01 -1.1910154262e-01
8.0868083006e-01 -1.0092971427e-01
-3.6617558089e-01 4.3646473879e-01
-3.6662869790e-01 -2.2682289505e-01
8.1134167858e-01 -5.5742301856e-01
-1.1160830869e+00 8.7603651098e-02
-1.1824562107e-01 6.1736344737e-01
-4.2743499773e-01 6.3788241918e-01
1.0393172881e+00 -2.1613831121e-01
-7.8338444100e-01 -1.5718197202e-01
-6.2518282389e-01 5.7449514737e-01
-8.1443575676e-02 4.7687935297e-01
-4.9985617264e-01 -5.0392660041e-01
6.6834557431e-01 3.5351911472e-01
7.8362418690e-01 -2.7733605669e-01
5.5291167493e-01 -1.4466002920e-01
-6.2707998459e-01 -2.0468835619e-01
8.8767815527e-01 -1.7372354491e-01
-1.8455909891e-01 6.5835395949e-01
2.9600117489e-02 6.6144952111e-01
6.7481735273e-01 -5.8925693949e-01
2.3402498175e-02 -4.6565791955e-01
3.3631373853e-01 5.2308176873e-03
-3.9955411670e-01 -2.2431272712e-01
-9.9195522424e-01 2.0301949554e-01
-6.8040268888e-01 -7.8644313332e-02
1.0804287683e+00 -3.9138452679e-01
-1.5882244932e-01 6.4635002825e-01
1.2268300782e-01 -5.1057272811e-01
4.4688504873e-02 5.4529325561e-01
-5.5034237445e-01 5.5398754727e-01
-2.9794999371e-01 -5.5754265523e-01
3.9144595221e-01 -5.6270490329e-01
9.3011423685e-01 3.3475882185e-01
7.4511906997e-01 3.2319243792e-01
-7.2326621383e-01 -7.0192796438e-02
-5.2878488086e-01 5.9185131761e-01
-8.5800602640e-01 -1.8390906562e-02
5.7053011050e-02 5.3594555989e-01
-4.7464907051e-01 5.9972376629e-01
-8.8279270451e-02 3.7620930477e-01
8.7739835240e-01 -1.3535571710e-01
6.7629613601e-02 1.8846063541e-01
-2.6988876122e-01 6.2154253589e-01
1.2792905169e+00 -2.2939173562e-01
9.4721448477e-01 7.0913056366e-02
-6.8211981090e-01 -1.6158565467e-01
-3.3318038099e-01 6.4905227205e-01
-1.8502856937e-01 5.4337271320e-01
6.5309740674e-01 2.5248140769e-01
6.4459008028e-01 -3.3009187926e-01
-8.6955173703e-01 2.6586548930e-01
-9.0448231775e-02 -5.8820166563e-01
-2.2169630536e-01 5.0924980694e-01
4.8809342901e-01 1.6949384127e-01
-2.0690565839e-01 2.7902667738e-01
8.5197467664e-01 1.6630500924e-01
-9.1876085561e-01 -1.8808194118e-01
-5.8057536079e-01 5.4430621074e-01
4.3639330353e-01 -2.3393425991e-01
2.9644082324e-01 -3.0741400210e-01
8.1031323825e-01 -1.2690546206e-01
-1.3230760057e-01 -3.3728678425e-01
2.4051356675e-01 -5.9688560862e-01
7.3355342173e-01 -1.2474690040e-01
-1.1227393361e+00 4.2325175303e-01
4.3319261862e-01 -3.2614927785e-01
-6.6246074914e-01 1.1684678987e-01
4.8665707596e-01 4.0900680065e-01
-9.6609163395e-01 7.0896238375e-02
2.3450080000e-01 5.7100273950e-01
1.6182102958e-01 -5.5130111521e-01
-9.0521988914e-01 -1.5929898990e-01
4.1650148199e-01 -6.1970058173e-01
-2.8223626805e-01 -4.6859650024e-02
1.2253229592e+00 -2.6461844390e-01
-1.0202390089e+00 3.7093622871e-01
6.6705073915e-01 -2.9684376369e-01
3.5747325503e-01 -6.1468926002e-01
3.4887481780e-01 -6.3821361137e-01
9.1094918876e-01 7.3293882651e-02
-9.2925666789e-01 1.1781295688e-02
3.5712060264e-01 5.2608987182e-01
-2.1230351742e-02 -4.9266708678e-01
-1.0576330370e+00 -1.2148701759e-01
-8.2809888285e-01 4.9719381214e-01
8.3802328483e-01 1.4380372455e-01
-6.0192912145e-01 9.3622428980e-02
7.2382924879e-02 2.0263226085e-01
-1.1216059333e+00 4.5521437832e-01
-3.6962427212e-01 -5.2129702040e-01
-1.0365639334e-01 4.9231596841e-01
-4.5714079678e-01 6.3211201699e-01
-7.9667260056e-01 -1.7847136356e-01
1.6712616399e-01 5.3921362576e-01
-2.7899743031e-01 3.4993906516e-01
-8.3206277419e-01 -2.6894203666e-01
-1.0499585914e-01 6.0224230621e-01
-9.9094268405e-01 3.3519463871e-01
-8.4183921902e-01 -2.3187719782e-01
8.8446472136e-01 1.1205612123e-01
-9.5846875277e-01 -4.4643940280e-02
6.6295780463e-01 2.0589332022e-01
-2.8737346039e-01 2.9344511176e-01
-3.3939052774e-01 -2.4220866645e-01
2.0506024179e-01 -2.9838409595e-01
-3.9915326437e-01 5.6579042662e-01
1.1417116128e+00 -3.8444953144e-01
-1.4103945801e-01 -3.9051919835e-01
-8.2614435966e-01 5.1489351004e-01
9.1791256731e-01 -3.1186538833e-01
-5.8746300043e-02 5.5639810335e-01
7.1802206519e-01 -6.8414292204e-02
-6.5558357913e-01 -2.9568213409e-01
-3.3160861171e-01 -8.7202456046e-02
1.0645878852e+00 -2.7857990811e-01
-8.0490230817e-01 5.6003987514e-02
-1.0896125389e+00 4.9394012276e-01
-8.1208996818e-01 -2.3953193615e-01
2.6923145120e-01 -5.6206354041e-01
-1.8376815197e-01 5.9033629194e-01
-8.5782796790e-01 1.2130322280e-01
6.6872969821e-01 -6.1181970685e-01
-7.0670711604e-01 3.3120331616e-01
1.7499478115e-01 4.0929611194e-01
-1.5678231604e-01 4.5447377943e-01
7.5343012525e-01 -1.7560234546e-01
-5.8628869483e-01 -1.0139797519e-01
1.2441835461e+00 -1.3829450035e-01
5.9012750444e-01 4.1641144712e-01
-3.5122484274e-01 6.2831921647e-01
2.0286185941e-01 -1.4762606138e-01
1.1300315315e-01 2.7892601203e-01
-1.8321679244e-01 5.1809277026e-01
-3.4385043173e-01 -1.7572017543e-01
-2.9347099478e-01 4.5116289960e-01
1.2423534387e+00 -3.5805913499e-04
-9.8800268986e-01 1.1023944418e-01
5.5243785717e-01 -4.9277450701e-01
1.1176655134e+00 1.3093421464e-02
-3.7469891334e-01 4.2136580644e-01
-6.0779847599e-01 -3.4535100898e-01
3.7086684867e-01 -2.7093645765e-02
2.0744259147e-01 5.8777205393e-01
4.6721456514e-01 -5.9282587616e-01
-7.6475031284e-01 -2.0804148832e-01
3.3979031138e-01 6.6882666280e-02
9.5385173756e-01 -1.4298161219e-01
-8.3004143528e-01 -1.6306628327e-01
-3.1298277606e-01 -4.9066756870e-01
9.5364628202e-01 1.9684393140e-01
-6.6331375903e-01 6.2688825669e-01
-6.5967657814e-02 -1.2392381540e-01
-7.1377535377e-01 6.0607884841e-01
7.6654710488e-01 -4.6292631506e-01
-6.3464931124e-01 -2.3778870654e-02
-1.6228438322e-01 6.2690805027e-01
8.7892637684e-03 5.9881411054e-01
9.0866193714e-02 -2.2458765447e-01
2.9794857564e-01 -1.4561406028e-01
-1.0404637829e+00 -2.0796047882e-01
-9.7139057755e-01 1.8381027259e-01
-6.1593192865e-01 -2.3958034606e-01
1.0335687721e+00 -4.2424294983e-01
-7.7954438561e-01 5.8747733248e-01
7.8279491998e-01 -4.7086441679e-01
4.0198435210e-02 -4.9597821157e-01
2.7102116763e-01 5.1373670855e-01
1.0393988044e+00 -5.0574275596e-01
1.8856640597e-01 -5.9487944912e-01
1.1412703049e-01 3.9794729770e-01
1.0055566091e+00 2.7880067885e-01
-8.8719658148e-01 -1.5520691550e-01
-1.0243540318e+00 2.3285731917e-01
-4.6830537415e-01 -3.8746042054e-01
-5.3478360602e-01 5.4243376225e-01
-9.7189569804e-01 -8.1688418627e-02
6.7791996315e-01 3.6564793619e-01
-6.5611524803e-01 -9.5129215683e-02
9.7727321629e-01 -4.3654029404e-01
-6.6652844421e-01 2.6062474109e-01
3.4990397320e-01 -4.3847712236e-01
1.5375380484e-01 5.1059244610e-01
-2.6430603261e-01 5.1479283507e-01
1.4729132439e-01 -6.1382511876e-01
1.1793620433e+00 -2.6744572071e-01
1.0193996134e+00 2.1695837718e-01
-1.2757727320e+00 1.3237890850e-01
-5.5605953955e-02 5.9817349371e-01
2.0300090349e-02 -5.6822842224e-01
1.1465284058e-02 -3.6073829894e-01
-7.5859607563e-01 5.9756983178e-01
-3.0470523319e-01 4.5025801811e-01
8.6601554938e-01 -1.0888657504e-01
-9.3195368120e-01 4.1236995418e-01
1.9437474671e-01 -2.2157689682e-02
5.8637286675e-01 -3.5583750330e-01
-6.9226069303e-01 6.4181583352e-01
6.9653652908e-01 -5.6838156729e-01
3.4724845297e-01 -4.7240074236e-01
1.1246943003e+00 7.4333987143e-02
-1.0059326313e+00 3.6877769067e-01
-1.1002591439e+00 -2.4956101993e-01
-1.1135159161e-01 4.4139574293e-01
3.6767445304e-01 -4.8309519632e-01
-6.6469613325e-01 -4.5180300377e-01
-3.7431667663e-01 6.6512861484e-01
-9.2516611073e-02 6.3898672572e-01
7.7347846180e-01 3.0201989057e-01
9.2639817095e-01 1.7692880486e-01
3.9222611581e-01 -5.9138557495e-01
1.0404125802e+00 -1.7226693532e-01
5.5065918430e-01 -6.5218380325e-02
-1.1190899724e+00 -1.4586321152e-01
-1.5865463311e-01 1.4017813201e-01
-4.9837336127e-01 6.1760714135e-01
-1.3387873069e+00 3.4495987922e-01
3.1699059553e-01 -3.2846397613e-01
7.6484921469e-01 3.5717536354e-01
3.9293140068e-01 -6.2648753577e-01
-5.5633176532e-01 6.0589230566e-01
-7.7489562342e-01 2.1411655552e-01
1.0739904429e+00 5.4891377392e-02
6.8155149295e-01 3.4273942678e-02
-1.1931258103e+00 -8.4308390658e-02
4.9108631117e-02 3.3979016830e-01
4.9805184407e-01 5.0886312426e-01
-2.3828060842e-01 2.3803735107e-01
-1.7723050331e-01 -5.2348129731e-01
7.9081572214e-01 -2.7589403509e-01
3.7068073418e-01 -6.2142237633e-01
7.6543237757e-01 3.0850019687e-01
7.3295399794e-01 -2.5585529122e-01
-5.4179729978e-01 5.9995854895e-01
3.2396410136e-01 1.8439788039e-01
-9.5538687238e-01 -3.2002725030e-01
-2.8648469924e-01 -4.4009628126e-01
6.8403785526e-01 2.2555191442e-02
-1.0093489270e+00 4.5781632228e-01
-7.8087869847e-01 5.8351050023e-02
-1.0843532951e+00 -2.2109007427e-01
-4.0241320638e-01 -2.7723974202e-01
-4.4312722256e-01 5.9814222675e-01
1.0785961842e-01 -5.2668988118e-01
4.3196725625e-01 -6.3443832334e-01
-8.8003347491e-02 4.1988121385e-01
6.2413325214e-01 -2.4934581705e-01
8.6473908754e-01 -2.0846200011e-01
-8.4635521647e-01 -2.3071289037e-01
-5.1804666335e-01 1.8031950546e-01
-8.2421014046e-01 2.1361409710e-01
-3.1352225014e-01 -1.0228373112e-01
1.1564324230e+00 8.8266924458e-02
-5.5119376983e-01 5.4087926744e-01
1.0044087795e+00 -2.7078851630e-01
-5.4398952136e-01 6.1185472827e-01
4.9522875204e-01 -3.1087382576e-01
-4.9030436843e-01 1.6306247085e-01
8.7394122099e-01 2.2380878784e-01
-3.9189678058e-02 1.5928306948e-01
-2.4264474261e-01 6.5772302035e-01
-7.2502045955e-01 -2.6705006445e-01
4.4677558410e-01 3.4406901479e-01
1.1506582795e+00 -3.0239699895e-01
4.6052410540e-01 -2.5346160511e-01
6.3393375063e-02 1.9702410015e-01
-2.8871529975e-01 3.1920490287e-01
7.8373682889e-01 -1.3007167761e-01
-5.9066202438e-01 2.8459896838e-01
7.9823461738e-02 3.3457068053e-01
1.0968812817e+00 1.2850028927e-01
-5.8769577897e-01 -2.5882140625e-01
2.2831809957e-02 4.8428992298e-01
9.4951483560e-01 1.3077181754e-01
4.5112848609e-01 -3.4941420749e-01
-2.0440068358e-01 3.9158548458e-02
-6.1940979251e-01 -3.3199988348e-01
-2.6892571945e-01 4.7834671916e-01
-3.4370681728e-01 6.4935286136e-01
-1.0077602023e+00 -2.0003773576e-01
9.9640588339e-02 6.3501134429e-01
9.3138309821e-01 6.8764966511e-02
-2.5824446650e-01 -4.9997375534e-01
5.3257610332e-01 -3.8586798588e-01
-6.4602159023e-01 -3.4568575811e-01
8.5121069542e-01 7.7448547842e-02
6.7204489649e-01 3.7548031573e-01
2.9207777220e-01 3.9075385525e-01
-1.0256274327e+00 1.5795888292e-01
-1.7032001206e-01 -3.3734485333e-01
4.4509767913e-01 1.8642478891e-02
-4.0212350291e-01 5.7244930427e-01
4.8365293758e-01 -6.0888274354e-01
1.2966626163e-01 -6.4221946980e-01
9.8718962794e-01 1.6714527414e-01
3.1172842913e-01 -6.3289374158e-01
-4.4240033214e-01 5.1628161097e-01
-7.2687476221e-01 -1.6079269287e-01
-7.8075717473e-02 -4.6910993824e-01
-3.9342132883e-01 -4.4959954855e-01
7.0868490249e-01 -2.0774550538e-01
-1.2581882227e+00 1.0478687800e-02
6.1263518352e-01 -7.3306588214e-02
3.8845509607e-01 -6.1896362395e-01
-7.4767286698e-01 1.0002768689e-01
3.1936471898e-02 -5.7175021267e-01
2.8945602355e-01 -4.3943687629e-01
-1.2686194689e+00 3.0912842719e-01
-4.2853870668e-01 3.6851041667e-01
-1.0574767183e+00 -2.1534754945e-01
-1.5184334275e-02 -6.3840861644e-01
5.8914318978e-01 -4.4478819777e-02
6.9435777022e-01 -4.8670490233e-01
-1.0991651179e+00 -1.9759310185e-01
6.1337676864e-01 2.3289639338e-02
-5.0388728466e-01 2.7893595922e-01
5.1854641606e-01 -6.2909353171e-01
-9.4227905229e-01 7.3579641549e-02
-5.7668079896e-01 5.7931290319e-01
2.7680046048e-01 -5.8976120610e-01
-1.2275138252e+00 1.5077877644e-01
-2.3633386563e-02 6.8125195267e-01
4.6408422366e-02 -8.1638799849e-02
8.3804158055e-01 2.1594664823e-01
-6.4218194630e-01 -3.4167839166e-01
-4.9161169455e-01 4.7498796789e-01
7.2631783763e-01 3.9805503365e-01
-5.4318648437e-01 2.0691322670e-01
4.6960903437e-01 -4.6299265145e-01
-1.0392665273e+00 2.8632380993e-01
-1.1136110241e-01 6.1368312242e-01
9.9293311509e-01 -4.6883506109e-01
1.7907758235e-01 -4.3403445893e-01
1.9305027042e-01 1.2819513254e-01
1.1878986348e+00 -2.7745887557e-01
5.2467535908e-01 -1.7541321047e-01
-9.7067146807e-01 -3.2194524591e-01
-1.6247960232e-01 5.2497831654e-01
-8.1013718025e-02 -4.6195732383e-01
6.1378090465e-01 3.0141179875e-01
3.4849456171e-01 8.7921295797e-02
-8.0534687716e-01 2.1446974468e-01
-6.8068409857e-01 -7.8198619111e-02
1.2787483506e-02 -6.0370720803e-01
-7.2955998273e-01 1.2806817818e-01
1.9812116238e-01 -5.2650782107e-01
5.6736211224e-01 3.2690083567e-01
-4.4712972111e-02 4.4697736717e-01
-1.0236278544e+00 1.3327638920e-01
-5.4803115932e-01 2.8765089489e-01
9.5836100444e-01 2.3542156679e-01
-8.7855765792e-01 1.7756226442e-01
3.8610890721e-01 1.8328801729e-01
8.0318181952e-01 3.2238951559e-01
2.6660827839e-01 -5.7035912537e-01
5.9761148955e-02 -5.9672312950e-01
-3.1050165112e-01 4.5415120946e-01
-1.1696997313e+00 3.3726382876e-01
9.4685003232e-01 1.9341493913e-01
-3.9261042644e-01 9.3810586509e-02
-1.2133651580e+00 7.1409900091e-03
4.7289351521e-01 3.8322971931e-01
7.0148558388e-01 5.0644834555e-02
-5.3409189117e-01 5.6029274728e-01
-5.4262735242e-01 6.8206126843e-01
3.4703844983e-01 -6.6187148930e-01
-4.5853096256e-01 4.7976221147e-01
8.6891959072e-01 -4.8282926461e-01
-4.5720103912e-01 -2.7542382938e-01
-1.1563951246e-01 -5.3357936217e-01
7.9321070235e-01 3.9450392371e-01
3.7173695131e-01 2.3957116009e-01
1.1666108580e+00 2.3888131162e-02
4.1908774831e-01 -6.6391508438e-01
-1.0674929544e+00 -2.2449154640e-01
-4.7022739773e-01 6.4072599500e-01
3.9449784481e-01 -6.9090231814e-01
3.2486483344e-01 3.1032482632e-01
-3.7268198638e-01 5.4808347284e-01
-4.0883005584e-01 4.6746964136e-01
-7.9160096818e-02 -4.9479433043e-01
-3.0850314325e-01 -2.2742511586e-01
-1.5048022961e-01 2.9234376715e-01
-4.6191683249e-01 4.5597841427e-01
6.5227135478e-01 -1.7566334174e-01
-3.1867809418e-01 1.8507767857e-04
1.1345586702e+00 2.0295764608e-01
-4.1689733157e-01 6.8687168865e-01
2.0560939266e-01 -6.3819040441e-01
-7.6342758418e-02 -4.9341470309e-01
-9.3754142680e-02 5.2703257595e-01
4.1097720965e-01 -6.0674477297e-01
-6.3276466454e-01 3.3215929205e-01
-1.9291729606e-01 -3.8689389233e-01
4.8953335795e-01 4.2167856267e-01
-1.1320273677e+00 -2.0761783183e-01
1.0974671423e+00 -2.6018038083e-01
-9.5084667119e-01 -1.0437621390e-01
2.5669978012e-01 -1.6768826912e-01
-5.9873754189e-01 5.9789848852e-01
-4.2737651922e-01 6.4632372686e-01
3.1191145058e-01 -3.7432012328e-01
-1.0450180108e+00 3.7405531077e-01
-2.8299646388e-01 4.3535269292e-01
-9.3216294528e-01 4.3514785862e-02
8.0184634407e-01 1.9320610284e-01
-5.9404485610e-01 -3.8414184857e-01
5.0190568832e-01 -8.5279610362e-02
7.5693559430e-01 -4.5551692095e-01
-2.1156129543e-01 -5.1095772599e-01
-4.6070128287e-01 -1.4914812654e-02
3.1763538071e-01 4.0478321972e-01
5.9305326686e-01 2.1558796436e-01
3.0549511223e-01 -6.2348813766e-01
1.0704458985e+00 -3.9614584051e-01
-2.6598677846e-01 3.5998118345e-01
6.3543146567e-01 1.4170969812e-02
3.1831675641e-01 1.4283157952e-03
-2.5118564653e-01 -4.2142269951e-01
3.0308770382e-01 4.3472113174e-01
2.3997766990e-01 1.3929408253e-02
7.8793624233e-01 -7.1247137388e-02
-1.2230486275e+00 2.6912039602e-01
1.0324333684e+00 1.4482695613e-01
-8.3541916669e-02 5.2804232209e-01
5.3254886284e-01 -2.9424434937e-01
-6.6264465695e-01 6.3287176375e-01
-2.6885147629e-01 6.8722770203e-01
-5.6587791981e-01 4.0896500290e-01
-7.9962210543e-01 1.5370577931e-01
2.5132721260e-01 -5.9212061458e-01
9.7022268407e-02 5.3113266878e-01
9.2829343989e-01 2.1584664197e-01
8.4140237647e-01 2.6647970033e-01
3.4877590693e-01 2.8691995171e-01
-9.6287204435e-01 6.7950999386e-02
2.0488405821e-01 -4.4103135953e-01
8.1095083585e-01 -4.6487837004e-02
1.2003442510e-01 4.7135300515e-01
-3.1128062157e-01 -5.7972397539e-01
-4.6638309192e-01 3.9193441130e-01
-7.0702703855e-01 -1.9466576502e-01
-5.2951228334e-01 3.9950923991e-01
3.6894546512e-01 -6.7110557066e-01
-1.3948938733e-01 -4.0608254027e-02
6.8088995681e-01 3.4889427172e-01
6.5251060355e-01 1.3790091091e-01
-1.1713513357e+00 2.9001306073e-01
8.3953209306e-02 -4.8597147362e-01
-8.3759691651e-01 -3.0519497023e-01
-8.8647608792e-01 1.8003104867e-01
6.9048679327e-01 -2.3705693430e-01
-6.2163251783e-01 5.1027913214e-01
1.2870016755e+00 1.5665255666e-03
-1.6019947430e-01 -5.6007373002e-01
-3.3374308911e-01 3.7515716861e-01
-4.0706157855e-01 -4.4090415264e-01
-9.8705441181e-01 -1.1313670915e-02
7.5216025304e-01 -3.9686115503e-02
-5.0224974266e-01 2.3384983016e-01
5.6393572319e-01 3.3211346539e-01
1.6859913651e-01 -5.9102702616e-01
-7.9690166154e-02 -6.3019428025e-01
-1.2423940670e+00 3.2745956029e-01
-7.2300884043e-02 3.7120091806e-01
5.9181382350e-01 -1.9292440120e-01
-6.7736470378e-01 3.6312787464e-01
1.8262384908e-01 4.9658917640e-01
-2.8550342264e-01 -5.1982867142e-01
4.7301477782e-02 -3.4646530049e-01
4.4129797356e-01 -5.9184334747e-01
1.2960835171e+00 -8.6142488725e-02
-4.8540898175e-01 3.8476790634e-01
8.7260419400e-01 -2.0233872311e-01
2.7401414030e-01 4.8644834785e-01
7.8362387239e-02 6.3029948285e-01
-9.3092202092e-01 -1.4136659262e-01
5.2854056485e-02 3.8358853331e-01
-1.0484918249e+00 2.5500560298e-01
1.1482617378e+00 2.0703315536e-01
-1.1982307962e+00 1.4025006748e-01
3.7135538520e-02 -5.2936938399e-01
-1.1681062079e-01 5.3972050320e-01
-8.0852905711e-01 6.5957301164e-01
6.3800732893e-01 2.1644714709e-01
8.2455367941e-01 -2.4052052371e-01
-6.9210615259e-01 2.7757605103e-01
-5.4577811027e-02 5.7273109835e-01
-9.3137026104e-01 1.3784149976e-01
-6.3731223740e-01 3.7111155139e-01
3.6348110676e-01 -3.1617462270e-01
-4.8603220563e-02 -3.3147583034e-01
1.1565856074e+00 -2.9308957906e-02
5.2898688340e-01 -1.5064769281e-01
8.2908120307e-01 2.3055337068e-01
-9.8535627424e-01 -1.2795659789e-01
-5.0029888295e-01 -3.6642101107e-01
-2.4908044241e-01 4.8341977900e-01
-4.7173175453e-01 6.4662760904e-01
6.6032338313e-01 2.0208518695e-01
-4.3892248039e-01 1.1222790566e-01
5.9850790031e-01 -4.0473482597e-01
-8.8151909800e-01 3.3530514235e-01
-6.0451114181e-01 -3.3885493472e-01
-3.6122943413e-01 1.9103034906e-02
-2.4575252628e-02 5.0351667778e-01
8.2526036601e-01 2.2099488292e-01
-5.5663428989e-01 -4.8850924221e-01
-3.4736172909e-02 -5.8550174150e-01
7.3201770560e-01 -5.7830676073e-01
6.0059382180e-01 -6.2796953601e-01
1.2302710322e+00 -2.2739779496e-01
-1.0782170366e+00 4.3935197623e-01
3.0278061702e-01 5.8331575794e-01
-5.8338451472e-02 -4.6964812928e-01
-8.6644863687e-01 -1.9260021939e-01
-5.6589319413e-01 3.9866103086e-02
9.6600068552e-01 6.3523951898e-02
-9.0660953398e-01 4.3986693313e-02
5.7950226678e-01 -5.2404018082e-01
-6.5756274092e-01 2.5367201557e-01
-4.8944304867e-01 5.4994781227e-01
3.1708973163e-01 -4.9256883386e-01
6.3408277977e-01 -6.6718336707e-01
3.2623926424e-01 4.7933113399e-01
1.1515007761e+00 -2.2973022533e-01
-5.2110260603e-01 -1.3163514646e-01
7.1497542796e-01 -5.5261013907e-03
-2.4167414239e-01 6.6134755683e-01
9.4295238997e-01 2.3753185679e-01
8.1609629030e-01 -5.5800365967e-01
-4.2534055858e-01 5.4701893511e-01
-1.3807788938e+00 1.0247377068e-01
-3.2414752033e-01 -5.8348458594e-01
-4.6558963449e-01 6.0332175257e-01
-2.7299747911e-01 -4.9699506000e-01
7.2783706949e-01 -4.2236160077e-01
1.2125778337e+00 -1.7935920469e-01
-1.0000934195e+00 2.7171945329e-01
4.2118678348e-01 -3.1283042548e-01
-4.3938361518e-01 -5.5146521050e-02
-6.9881839054e-01 -3.0818946496e-01
7.1074467611e-01 -3.3059308856e-01
1.0479835244e+00 -2.9588387181e-01
-4.9326938960e-01 -2.8525349285e-01
9.7273579806e-02 -6.4033261472e-01
-2.4680765199e-01 -3.4025212170e-01
-9.7517714416e-02 -5.6432144685e-01
1.2213043419e+00 6.9446874042e-02
-7.5504006043e-01 3.3518099641e-02
-6.3877592840e-01 -2.9612955031e-01
4.2020188317e-01 -4.0620384646e-01
5.2664942231e-01 -5.6177356580e-01
-5.5436943395e-01 6.3446147319e-01
4.1023435242e-01 2.6083780790e-01
-6.2618919031e-01 4.7403545102e-01
-9.8529196549e-01 -2.0901806156e-01
2.7868725670e-01 5.7587904366e-01
1.1346293103e+00 -9.8266421316e-02
-9.5707614930e-01 -2.4248161034e-01
-1.1184516710e+00 3.5908068923e-01
-4.5010540171e-01 6.5193852837e-01
-2.4784764438e-01 4.0494666334e-01
1.6433752262e-01 -4.3061758064e-01
1.0034629205e+00 -3.2537842348e-01
5.4494601445e-01 -6.3184221900e-02
-6.6659965639e-01 -3.0793827833e-01
-9.6888613218e-02 -5.0061195762e-01
7.5873001791e-02 4.8981706173e-01
4.4155259910e-01 -5.8961016658e-01
-8.6119379451e-01 -2.3300347262e-01
8.6283477015e-01 -4.6460399174e-01
-1.0332095052e+00 4.6713332628e-01
-4.4589454601e-01 6.4016751969e-01
1.4364107241e-02 5.5204136769e-01
-3.9301411480e-01 -3.8798017639e-01
-1.5612511474e-01 -3.9042927434e-01
4.9389606028e-01 3.7187600853e-01
5.1391122055e-01 -2.9093914634e-02
8.1443176303e-01 8.7596102496e-02
-1.1794073887e+00 1.2646706879e-01
1.8495479778e-01 3.2387459209e-01
-9.0381316107e-01 4.1233975026e-01
8.9214695499e-01 -2.1213703898e-01
-1.1728045946e+00 4.2400739976e-01
5.8805945031e-03 -6.3667074591e-01
7.9697368422e-01 -6.8123950327e-02
4.7502027261e-01 1.0269915712e-01
1.1730599195e+00 -5.3717179561e-02
-1.1414832510e+00 -1.6714188425e-01
-3.7333843181e-01 -4.5274327337e-01
-6.1594908352e-01 5.9089782949e-01
6.4142268204e-02 6.3885321521e-01
4.2581498221e-01 5.5159276671e-01
8.7166382529e-01 -4.5870801675e-01
-9.4114205803e-01 1.0780633474e-01
-9.6249781603e-01 6.6535125267e-03
2.3402338841e-01 3.9772735666e-01
1.0203912944e+00 -1.3256722233e-01
-4.5732480288e-01 -1.9605622933e-01
1.0374911118e-01 -5.5247415129e-01
-4.0391762135e-01 2.6694048917e-01
5.5871010314e-01 2.7088436121e-01
-1.1027790625e+00 1.0635162198e-01
1.2010926385e-01 -2.6392949743e-01
1.8374327106e-01 -6.7185284305e-01
8.3477669092e-01 -1.3488160604e-01
-6.1698496931e-01 4.3537858038e-01
8.9561323798e-02 -3.1468303469e-01
1.6150816988e-01 4.4853834250e-01
-8.9734451776e-01 -2.5504204058e-01
-1.1931300231e+00 -1.7121865615e-01
8.0084104140e-01 3.9058603316e-01
-1.3921842223e-01 -7.8513658908e-02
3.4359813603e-01 -6.1099081898e-01
-2.7155661493e-01 5.9059353722e-01
-8.2415902845e-01 1.2817178446e-01
-4.7988419438e-01 6.2611159573e-01
7.5248393564e-01 3.7414304122e-01
-9.2035063167e-01 4.7375340805e-01
-6.9639687136e-01 -4.0570940116e-01
1.7455486525e-01 -9.8034758146e-02
8.7618072763e-01 2.8818669313e-01
1.0840267685e+00 -3.7341248555e-01
6.9361168567e-01 3.0329147837e-02
-8.4269321462e-01 -2.1652516102e-01
-4.8250852945e-01 6.0550388963e-01
5.8252930106e-01 -5.9308437730e-01
1.2239238085e-01 -4.3546427854e-01
5.5960998533e-01 4.1513597119e-02
3.5078460566e-01 1.9933386241e-01
-6.3056324330e-01 2.3527791477e-01
7.6904597472e-01 -5.0117456709e-01
3.1594384505e-01 2.7699172707e-01
4.7796535080e-02 -2.0891480327e-01
-5.7376576723e-01 6.1328004200e-01
8.0939215162e-01 1.9424832741e-01
1.1666967560e+00 -2.7533386448e-01
-7.7155826493e-01 -9.9579031659e-02
-5.3686467040e-01 6.6804534089e-01
4.1340511522e-02 -6.2790693414e-01
2.0852135366e-01 -4.2457916474e-01
4.9070826539e-01 1.9751249780e-01
9.7464795610e-01 -2.4088005258e-01
-7.8860786878e-01 8.4844599402e-02
6.3214860066e-01 -7.9421585613e-02
-4.8627980584e-01 1.2749372910e-01
8.4138329702e-01 -5.6565608640e-01
-5.6807259842e-01 4.7741480626e-01
-3.2654690937e-01 5.9290979293e-01
-4.0610253791e-01 -3.1095040756e-01
1.1832965454e-01 -5.9277718907e-01
-2.4112611742e-02 5.0667047662e-01
2.3547629585e-01 -2.1938419211e-01
5.3701313099e-01 -5.0264637770e-01
2.4237086949e-01 3.9339153977e-01
-1.8032188784e-01 1.0802134724e-01
6.3024632199e-01 3.9633810128e-01
-8.5732657711e-01 -1.2435393470e-01
-1.0972117766e+00 4.1542682859e-01
-1.7776219993e-01 -4.3898969845e-01
-7.8921397261e-01 2.3099152642e-01
-9.4779950875e-01 -2.7140231722e-01
-6.0892128226e-02 5.5789683988e-01
4.1876537739e-01 -5.1674431731e-01
6.9856327926e-01 -2.6529098450e-03
-1.2677048805e+00 -3.4639288418e-02
-8.1965290266e-01 -1.2219896729e-01
1.0791625207e+00 -4.4010895941e-01
-2.3422707494e-01 3.9287182111e-01
8.7968043847e-01 2.0402470240e-01
-5.3469603627e-01 -2.4382604799e-01
-5.3579675382e-01 6.0657323477e-01
6.4520172289e-01 -1.5855190861e-01
4.8094120716e-02 -3.5913636528e-01
2.1506093294e-01 -7.0381434981e-01
-4.3861058222e-01 6.3559795415e-01
5.6295064966e-01 8.8188068876e-02
-8.4746407795e-01 1.8122599565e-01
3.7356837813e-01 -6.2175338596e-01
-1.2836354375e+00 2.7852777037e-01
-8.1634363346e-01 -2.4384291045e-01
9.7197103135e-01 8.1077304794e-02
-3.9776140211e-01 -4.4582691607e-01
6.1494925114e-01 4.9159469849e-01
7.0544061538e-01 1.0189820205e-01
-2.6351558938e-01 -2.7298151229e-01
7.9875902801e-01 -1.1372507381e-01
-1.0309050715e+00 4.6107465807e-01
-7.3475265220e-01 2.2217935038e-01
-1.2152850753e+00 2.9941597976e-01
1.2335587119e+00 1.5457642835e-01
-4.4291063833e-01 4.5028905574e-01
-3.5954228273e-01 1.1282470441e-01
-2.7722119254e-01 -4.9838003760e-01
5.4389050549e-01 -1.7986207003e-01
7.7690495419e-01 2.5251688671e-01
-8.8327276170e-01 2.1256648842e-01
-8.3573794307e-01 5.5657022794e-01
-4.2212925150e-01 6.4802949766e-01
2.1676394262e-01 -5.8275305163e-01
-6.4976500047e-01 -2.6220974095e-01
-3.5538183884e-01 5.1158971253e-01
3.8847325494e-01 -3.6107036548e-02
-9.7583340434e-01 -3.0340075431e-01
5.7483321417e-01 8.5620921109e-03
3.5521829533e-01 -4.8148535045e-01
7.4042553957e-02 -4.5439100775e-01
7.6482059111e-01 3.2711729895e-01
5.9527039848e-01 -5.4470430362e-01
6.9336078032e-01 1.4195019071e-01
-3.8868246503e-01 5.6369218986e-01
2.3081981208e-01 3.9113552274e-01
6.0653330575e-01 -5.6862625767e-01
-2.8299034654e-01 -4.1099203465e-02
-5.2969270963e-01 4.0252032603e-01
3.2777673103e-01 -3.7002510736e-02
-6.4556676641e-01 1.3650359313e-01
-1.4158575851e-01 3.1260170878e-01
1.1255022786e-01 6.1543311303e-02
-4.1283993826e-01 5.9186546756e-01
1.1150402471e+00 -9.3824631310e-02
3.7775186630e-01 -4.1619003949e-01
3.4520559079e-01 -6.2621518029e-01
-4.4331295811e-01 6.9318699165e-01
1.6549263381e-01 -5.4372212997e-01
1.1627288521e+00 -1.7897440022e-01
9.3808858927e-01 1.8811773718e-02
-8.2328698864e-01 3.1082861498e-01
-4.2875333126e-01 -1.7721269254e-02
2.3892958553e-01 5.2576073251e-01
4.1851455220e-01 5.3115738166e-01
4.7748765658e-01 -5.7417506327e-01
-9.0519508645e-01 4.7869362835e-01
7.0854454767e-01 1.7228078513e-01
-7.6935798993e-01 -7.5261500423e-02
-3.3138822824e-01 4.4257997520e-01
4.2945624688e-01 -6.3107119748e-01
-1.2325724162e+00 1.0939286897e-01
-1.6437336465e-01 4.6765864441e-01
1.0543142381e+00 -3.5694912099e-01
-5.8716558913e-02 5.8454478948e-02
-9.7083262373e-02 -1.8814696355e-01
1.0564016912e+00 2.4026886332e-01
5.6281406217e-01 4.4116914382e-01
6.2813896061e-01 -3.1026986233e-01
-8.4629431322e-01 -1.7663120806e-01
-4.7075749347e-01 1.8808375564e-02
-6.9204729199e-01 -9.2362818811e-02
-4.8791730143e-01 -3.6484035386e-01
1.7752222114e-01 4.7190816936e-01
-6.5792294606e-01 5.6192624806e-01
7.7113983425e-01 -4.7810785630e-01
4.5647974976e-01 -4.4418978101e-01
9.8433432143e-01 -2.0898390204e-01
-5.5980662875e-01 1.4722744258e-02
-4.8282380069e-01 5.7119040218e-01
-3.2123299899e-01 -4.9556768869e-01
6.6956321893e-01 4.7798272799e-01
9.6512527822e-01 -4.2781112676e-01
-1.2141564090e+00 3.5007896313e-01
5.4741493125e-01 -6.2584667814e-01
9.2369351769e-01 1.4994175069e-01
-1.9501173360e-01 1.5521595125e-01
5.1362256256e-01 -5.9884722491e-01
-6.1762927093e-01 -9.2970309861e-02
-6.4010586994e-01 -4.4235299136e-01
-3.1695136606e-01 -3.6507030317e-01
5.7211358673e-01 -4.8287229457e-01
7.6942005925e-01 -1.7671575031e-01
-3.2715713747e-01 -5.2278749837e-01
-9.2939276890e-01 2.1333862171e-01
-4.8623236433e-01 -3.9346419250e-02
2.9558068297e-01 -3.6747830018e-01
-1.9619513403e-01 -5.0300313475e-01
-4.4578373631e-01 6.4058121897e-01
-9.1957440522e-01 -1.1577466751e-01
6.8132103866e-01 4.3306215775e-01
5.7912800899e-01 2.2211696238e-01
4.5029374242e-01 -6.5822082783e-01
-4.4338229180e-01 1.7761103469e-01
6.1977210845e-01 4.8712618424e-01
2.8681921202e-01 -5.0937135450e-01
1.2087177388e-01 5.2794328409e-01
-3.8824470010e-01 5.4805862439e-01
2.5095856719e-02 -5.5880613825e-01
-6.0113140654e-01 -2.3936487455e-02
3.3923525531e-01 -4.2392568412e-01
5.8758535739e-02 5.0478748274e-01
-1.5680772573e-01 -4.9669988119e-01
8.4154748059e-01 -1.7901797133e-01
-1.2367091546e+00 1.2669283878e-01
-3.1156053446e-01 6.2863437266e-01
2.7120524523e-01 -5.9051456325e-01
-1.1808794294e+00 1.8384786369e-01
2.3648114261e-01 -6.5249071601e-01
-3.3614674757e-01 5.7340672722e-01
3.8000889241e-01 -3.6658761234e-01
-1.0191570486e+00 4.4641665151e-01
6.1034590154e-01 2.0992604935e-02
3.9300460612e-01 -2.4901817040e-01
-4.5494928726e-01 9.7678224826e-02
1.3153361751e-01 2.8440421780e-01
-2.2426697992e-01 4.4707801620e-01
-2.8985523691e-01 -2.0255409206e-01
3.2929731864e-01 1.9873090045e-01
-4.0223567955e-01 4.9460277218e-01
4.2957404253e-01 -6.3942989242e-01
2.7219772569e-01 -3.0582583797e-01
9.8202310002e-01 7.2472120383e-03
7.3377793597e-01 1.2119896980e-01
-7.7311210505e-01 -1.4803347597e-01
5.1086082548e-01 3.9821559991e-01
-6.0833835687e-01 -3.4848539257e-01
-3.3489180814e-02 4.6413205241e-01
-6.0561382313e-01 5.2229148613e-01
9.8903787146e-01 1.8603406495e-01
-1.1669376124e+00 3.4783579193e-01
6.9075004726e-01 -6.0701129879e-01
4.2458202990e-01 -2.0979079258e-02
-3.8580305456e-01 5.5516354088e-01
1.3345030423e-01 -6.5755213279e-01
8.9000129701e-02 -5.2423010980e-01
3.5698154552e-01 4.5272544749e-01
7.4591405883e-01 -3.6560473119e-01
-6.8543296003e-01 -2.7116644157e-01
4.5619899107e-01 -4.1845655022e-01
2.7727250413e-01 6.8489835058e-02
8.8725852358e-01 -1.1828049124e-01
-4.5709108395e-01 1.3176692557e-01
2.6239773285e-01 -4.3213950272e-01
-3.7406135608e-01 -1.4157055792e-01
-2.9579786043e-01 4.3769949710e-01
1.3335058199e-01 -2.8456726018e-01
4.0451246873e-01 1.3810625093e-01
8.6899130936e-01 -1.2854022349e-01
3.5829435773e-01 3.1651949894e-01
-4.5845028254e-01 4.8268997864e-01
4.7284495237e-01 -1.0409564673e-01
-4.7404791656e-01 4.6623910644e-01
4.7907774802e-01 -4.4587051171e-01
-7.7011034555e-01 1.7108702957e-01
6.3731210426e-01 3.9326571184e-01
-5.5685418643e-01 -3.3091044454e-01
5.7382589134e-01 3.0000584977e-01
8.2275962783e-01 -5.1094563028e-02
-1.2761024602e+00 2.5241676816e-01
-4.2795718482e-01 -4.5071237120e-01
-2.8083596268e-01 5.0238239195e-01
-3.3706016162e-02 5.6708768137e-01
4.4295725120e-01 -5.2352789602e-01
-6.2585335645e-01 -4.6426540146e-01
-4.8933184399e-01 6.0669270389e-01
6.6878678923e-01 9.5901366326e-03
-3.6173063712e-01 -3.3287199249e-01
6.3893963771e-01 -5.4381508518e-01
6.2091751712e-01 1.7794714790e-01
8.9920178218e-01 2.0666340200e-01
-8.7280461715e-01 -1.0255295522e-01
6.1049288281e-01 7.0083453064e-02
-8.9278285620e-01 1.5226368079e-01
2.1208128253e-01 -5.8157343178e-01
-1.2807806312e+00 -1.4807232502e-02
2.7367031897e-01 -2.4090040564e-01
-4.7018357676e-01 5.4741129834e-01
-4.3978161473e-02 -4.9114964147e-01
5.6523497463e-01 4.4254164078e-01
8.6288195070e-01 -2.5956017132e-01
8.8743533442e-01 1.1732873616e-01
-3.4533755221e-01 -2.1093804064e-01
-1.1460366310e+00 -8.9854195655e-02
1.1548577872e+00 1.6495807199e-01
-4.9279145904e-01 5.4383505666e-01
8.2580824926e-01 -2.9680223746e-02
4.7078945181e-01 -6.0037398885e-01
8.3288670788e-01 2.6721009108e-01
-8.5369985346e-01 2.5266728921e-01
1.8236516445e-01 -2.6274403954e-01
-8.4692301334e-01 -3.4460907409e-01
-1.1562833947e-01 6.3398644968e-01
5.4217564420e-01 -6.6067336469e-01
-6.4951431047e-01 -3.3425482832e-01
-2.2905286920e-01 5.1176907364e-01
-3.6055213716e-01 6.4243459725e-01
-6.2554135788e-01 -3.4071912708e-01
1.0105435971e-01 4.6281222289e-01
4.6948536784e-01 -6.1895698990e-01
1.0238243829e+00 -1.4545498055e-01
4.7784683482e-01 -7.5869114296e-02
-9.9608890320e-01 -3.0159370690e-01
5.2075345969e-01 -4.7085336188e-01
-3.5909849056e-01 2.9908657855e-01
-1.3289991460e-01 5.8421091478e-01
-4.4885029746e-01 5.2615232529e-01
4.7344475678e-01 -2.2541713452e-01
-5.2305815657e-01 6.3185268730e-01
2.0025267797e-01 3.6148168062e-01
5.3393780969e-01 -5.8537968301e-01
8.7756545434e-02 5.6235014274e-01
1.0130439830e+00 2.6633020899e-01
-9.0088711030e-01 4.0848361567e-01
-9.1677190430e-01 2.3171372864e-01
-1.0539567193e+00 -1.2027810933e-01
-1.5255699567e-01 -3.4978196549e-01
-5.0108980533e-01 6.0209868598e-01
-3.2307703879e-01 6.0472259678e-01
3.3148496031e-01 -6.0712558478e-01
1.3083708470e+00 -5.7345413852e-02
-4.3572588344e-01 5.7030959980e-01
6.3914165590e-01 7.8484457305e-02
-2.3218623384e-01 4.1372348730e-01
-1.6086332744e-01 -4.4729147677e-01
5.1890477777e-01 5.3042228855e-01
8.5214360382e-01 1.7117920692e-01
-3.5258956797e-01 6.1724292794e-01
-5.2788043613e-01 2.6358636556e-02
-8.3278166235e-01 4.2162269288e-01
3.9959098156e-01 -5.7205433160e-01
-1.0755079464e+00 1.4207639676e-01
-1.7213664471e-01 4.6977532242e-01
5.1654857061e-01 -5.5656917533e-01
-1.0141982590e+00 4.0362430008e-01
-7.6562790553e-01 1.0611788078e-01
9.2974567568e-01 1.8374962104e-01
9.0266558605e-01 -4.4289527170e-01
-7.4893471945e-01 -3.4953372654e-01
-2.5823629668e-01 2.0096647828e-01
-3.7218173510e-02 -1.3801733110e-01
-6.2212936467e-01 -3.1578952676e-01
9.9488420432e-03 5.7197277517e-01
5.7082420194e-01 3.3957491235e-01
-1.0858346080e+00 -1.5834538875e-01
-1.0616888667e+00 -7.2613186314e-02
8.0931371841e-01 -6.9311794044e-02
1.2232035929e+00 -1.8994842937e-01
-4.9877749559e-01 6.3605767188e-01
1.0300258830e-01 -4.3211225341e-01
2.8669686039e-01 4.8084453794e-01
-6.3830541082e-01 -2.9065413572e-01
-4.8346070547e-01 -8.7690593841e-02
-4.2618705694e-01 -3.1823122373e-01
2.7960444628e-01 4.6034823102e-01
-9.1732893886e-01 -2.6580187751e-01
5.7185323328e-01 -7.8493846783e-02
-5.1423881079e-01 -3.3156733359e-02
3.0943696991e-01 -5.2046992885e-01
-5.9534591730e-01 -1.9374696447e-01
3.0776674351e-01 -5.9420625873e-01
-7.4845029034e-01 3.4355789973e-01
9.1166404858e-01 -3.6626606702e-01
8.6375803962e-01 -1.3096012892e-01
5.4054373646e-01 -1.2949573363e-01
-3.1715357502e-01 -5.8022468223e-01
-1.3369112737e-02 -4.3864950477e-01
-1.0996964932e+00 4.3068365223e-01
-3.5225560648e-01 2.0873144596e-01
8.1901533486e-01 -5.2404860374e-01
-4.9490963994e-01 -1.9847473584e-01
-6.0104977840e-01 -1.1997571746e-01
2.4427293986e-01 -6.4440405150e-01
5.8809236597e-02 5.5113950289e-01
-1.4706166383e-01 4.1180539997e-01
-1.2979137121e+00 3.5221439777e-01
-8.9728543312e-01 -7.8449214281e-02
4.0656798872e-01 4.3629638595e-01
-6.6951572535e-01 -2.9812093055e-02
1.2201917067e-01 -4.0952285367e-01
9.3776587899e-01 2.7842399244e-01
-3.9488092205e-01 5.7245969204e-01
4.5551553912e-02 -6.0245203234e-01
-1.2604997602e+00 1.2835951738e-01
6.6170906381e-01 -5.6455129618e-05
1.2337872237e-01 -3.1227395395e-01
5.3923949825e-01 3.6210354732e-01
3.3981516571e-01 -3.5624796725e-01
-1.1062148315e+00 4.2249961753e-01
-7.5059803977e-01 -8.5699533814e-02
-1.2436805839e+00 2.7003138315e-01
3.9061110730e-01 4.0427852326e-01
-1.0634994238e+00 1.9344629026e-01
1.6016208901e-01 -5.0424976977e-01
5.2591526659e-01 -6.4104249031e-01
8.9510518471e-01 4.9863915036e-02
5.4537290397e-01 -7.0479599937e-01
8.4975771702e-01 2.8288247611e-01
5.6552127209e-01 2.8009291724e-01
-5.6564884749e-01 4.8390213347e-01
8.7636080214e-01 6.3923496343e-02
-6.3322711003e-01 -4.1786809257e-01
1.0797316920e+00 5.7941817826e-02
-1.2780177281e+00 2.3326298725e-01
-7.7526501051e-01 -3.9289122851e-01
-9.5176975024e-01 2.5181314361e-01
-1.0573779747e-01 5.2474985330e-01
1.0873225505e+00 -4.1789621426e-01
-2.7862590735e-02 2.0203638080e-01
2.4799592496e-01 -3.9619847083e-01
6.3145444021e-01 -2.3004303042e-01
-5.4736047057e-01 5.6233309584e-01
7.7794964232e-01 3.0458334391e-01
2.9724180285e-01 -5.8029378920e-01
7.4443011338e-01 -2.9847952991e-01
-1.0678664096e+00 1.6642604737e-01
6.3695774152e-01 1.2688465781e-01
4.5815872707e-01 -5.7280814985e-01
1.9640020182e-01 4.8916268257e-01
-6.8842330165e-01 4.2121545166e-01
-1.9492247039e-01 -2.9550008983e-02
-7.1970695431e-01 2.2557155504e-01
-2.0899030898e-02 6.4648077228e-01
-1.0274964752e-01 1.0929420173e-01
2.4687765077e-01 -3.8675234648e-01
9.0855395082e-02 -6.7142840530e-01
1.1632160875e+00 -1.9519211906e-01
-6.8253910405e-01 3.3503889432e-01
5.1805506432e-01 -5.8484484735e-01
-1.2802917619e+00 6.6214069379e-02
9.3485400175e-01 1.6217575496e-01
-6.5272259652e-01 -2.6655615142e-02
-6.3069622040e-02 6.5277910170e-01
-8.5737624046e-01 4.6727736713e-02
6.2258021036e-01 -3.1735584550e-01
-1.0878400054e+00 2.8917735834e-01
-3.2743070950e-01 4.3051925325e-01
-5.0217315612e-01 6.8946890479e-01
2.6083798731e-01 -5.7436420102e-02
1.0671199084e+00 -1.7442226645e-03
-5.1484864550e-01 -2.4516577918e-01
6.1624700061e-01 -4.1882877508e-01
2.6519868813e-03 -3.8015610204e-01
8.1764518684e-01 -1.1724554814e-01
-8.7896649600e-01 9.7181615492e-02
6.3770104070e-01 9.0362749593e-02
1.8083247936e-01 5.9706263059e-01
6.6141213110e-01 1.9190094773e-01
-5.3736186323e-01 1.3200904117e-01
1.0490074724e+00 -3.2049273956e-01
5.3037697211e-01 5.3300877722e-01
-1.7028513852e-02 -4.9389562887e-01
1.4364053423e-01 5.5942953695e-01
-2.5556358393e-01 6.4923585087e-01
-8.2622082227e-01 -6.2612932597e-02
1.7517011695e-02 5.1209821896e-01
6.4222388983e-01 2.8958421082e-01
-8.1549597590e-01 -2.3346744248e-01
-7.2540229188e-01 -2.8576156797e-01
8.9367228262e-01 -4.4297143938e-01
-2.1679417618e-01 -3.4501246293e-01
1.2305753371e+00 -1.9684561367e-01
-7.9008059435e-01 3.0183019750e-01
-6.9754748652e-01 2.7451445239e-01
-6.4956909141e-01 1.3865231750e-01
9.6251357733e-01 1.1687863356e-01
-8.8981539517e-01 4.6681832713e-02
3.5294209880e-01 -6.4269195986e-01
4.4215744031e-01 4.8981146200e-01
7.1422294866e-02 -4.7092565267e-01
2.9238990368e-02 4.5527478617e-01
-1.0351635181e+00 2.6038445944e-01
4.9505402213e-01 -6.8217942724e-01
3.8766391260e-01 5.2411241641e-01
8.6372717395e-02 -5.7349245964e-01
-6.5497275783e-01 2.1557563659e-01
9.7838864468e-01 1.8361328042e-02
-1.1040586930e+00 -6.1791294907e-02
1.1233589276e+00 -1.7717689684e-01
-6.6477642207e-01 -8.0949029074e-02
3.2350810561e-03 9.3682662321e-02
-3.4509663529e-02 6.0685785764e-01
6.2878962556e-01 -2.2796400458e-01
-9.0360260854e-01 -2.7595488623e-01
1.1012738861e+00 -1.8680402430e-01
-1.9354447645e-01 6.6075788388e-01
-7.6847744706e-01 7.6105649975e-02
-3.5670961383e-01 -5.4806869128e-01
-8.0425642721e-01 -2.4708599101e-01
-2.6339665309e-01 6.1780150069e-01
1.1903562161e+00 1.2886246009e-01
-9.4731817700e-01 5.1132120254e-01
4.0573080713e-01 -3.5675500775e-01
6.6977335356e-01 3.8112183619e-01
-1.3243993404e-01 5.6649741852e-01
8.2494302515e-02 -5.6148006215e-01
2.2774362969e-01 -6.5565336176e-01
-8.3764249559e-01 -2.1528007653e-01
7.2635912550e-01 -6.0833976506e-01
-4.5009798444e-01 2.3048757225e-01
1.1580629188e+00 -1.9462672525e-01
1.1154114757e-01 4.7537256753e-02
-5.7289353223e-01 -3.2732146433e-01
9.5177151913e-02 -5.5485082296e-01
1.0076191312e+00 -3.6274369166e-01
-6.0613079710e-01 9.1865850726e-03
-3.3357425376e-01 6.4538513450e-01
4.5910372048e-01 -3.5355788041e-01
-8.9923028967e-01 -2.0182723633e-01
-7.4959675672e-01 -1.7946045319e-02
4.9506407665e-01 -5.5353719672e-01
-4.7909813447e-01 6.2886993203e-01
9.0084773755e-01 2.8936641987e-01
-3.4648508247e-02 -4.1768144953e-01
1.2233683019e+00 -1.9215702030e-01
-6.3746448699e-01 -3.2453424281e-01
-1.2240932978e+00 8.3984942590e-02
-4.4359737732e-01 5.6023512907e-01
2.2637638867e-02 -5.4164512113e-01
1.0910704891e+00 1.4447272475e-01
7.0867993940e-01 3.7907083003e-01
-9.5181203849e-01 -2.7610505647e-01
-8.6705368054e-01 -1.3347898174e-02
7.5588562912e-01 3.3262567367e-01
-8.8721593640e-01 -1.3256957360e-01
1.0281061590e+00 -3.8278598608e-01
-8.2101122284e-01 5.4918321523e-01
7.1433907043e-01 -7.0135113208e-02
1.4569539108e-01 -4.8646965540e-01
4.6137622394e-01 4.4744708592e-01
3.2696516273e-01 -6.2610128950e-01
7.8420301237e-01 1.6682542280e-01
8.3317447493e-01 -5.1121836472e-03
-1.0292658551e+00 5.0485395900e-03
-7.7288422119e-02 5.3640674625e-01
-5.1154625979e-01 -3.3161612760e-01
1.0168854371e+00 -1.8956280529e-01
-2.5480779310e-01 5.0125904443e-01
-8.6814342280e-03 5.3460341870e-01
-4.0457901316e-01 6.2865975652e-01
3.6839305009e-01 -4.6582394183e-02
-1.2039098539e+00 3.5802392643e-01
-1.3936732112e-01 6.3548311078e-01
3.3063814857e-01 -1.5192011411e-02
-4.4984052128e-01 3.4695214257e-01
1.1722996616e+00 -2.2833412474e-02
-1.1808066416e+00 -1.2111371650e-01
-1.3882754094e-01 5.6808790867e-01
-8.8150810124e-02 -5.9848729947e-01
8.5270933274e-01 2.6833339875e-01
1.4998246685e-01 4.4427878481e-01
8.2601835150e-01 2.1506956778e-01
1.0787356714e+00 -3.2978187878e-01
-7.3644085399e-01 2.2955273457e-01
3.3184200553e-03 5.7835872341e-01
2.4184611229e-01 -5.2299019112e-01
-1.5669613126e-02 -7.8846426382e-02
7.2083434474e-01 2.1629798716e-01
-9.8881239883e-01 -9.6334521512e-02
1.0201135618e+00 -1.8913385686e-01
-8.3631684028e-02 -5.3587503104e-01
-3.6951186300e-01 2.6030413016e-01
6.1561130915e-01 -4.5893991548e-01
-1.0321932112e+00 1.8578864630e-01
-1.3965406657e-01 4.0769579668e-01
-6.1847834322e-01 -2.0413192139e-01
7.4977613063e-01 -2.3385499516e-01
-7.3340239461e-01 4.1240888574e-01
-6.4658937049e-01 6.0032510852e-01
5.3795665495e-01 -3.3095182102e-01
2.1868663428e-01 2.0408302251e-01
-5.1918562302e-01 6.4054499446e-01
-6.4313247194e-01 9.1452617101e-02
5.8972654393e-01 -4.4170774570e-01
-9.4474212857e-01 1.2021421610e-01
-8.1637836398e-01 -1.8951673732e-01
4.4668291392e-01 -1.2745802085e-01
-5.7818202335e-01 -3.4123320317e-01
8.0209420970e-01 2.6126427258e-01
8.3986605223e-01 -5.6660823297e-01
1.0644154205e+00 -1.7541480076e-01
-2.1540761685e-01 -3.0897668904e-01
-5.6007060424e-01 7.9928355464e-02
-2.3818015811e-01 -2.0052305278e-01
2.5190017702e-01 1.9418676288e-01
-2.7921730230e-01 4.9373016191e-01
-7.0220410850e-01 -1.2477319388e-02
-8.5623200965e-01 -2.0786339918e-01
4.4344831468e-01 -4.6828993726e-01
-1.7247507710e-01 3.8801888028e-01
-4.7915976136e-01 4.9196679164e-01
1.1632599404e+00 1.8178021311e-01
1.2182003665e+00 -1.5415406582e-01
8.2747229490e-01 -1.2353018192e-01
1.2040562375e+00 6.5654740468e-03
-5.6549983649e-01 3.0053288190e-01
4.1412062738e-01 4.4065160962e-01
4.0017638406e-02 -5.1208242891e-01
9.2411072669e-02 5.1252824284e-01
-5.2458024597e-01 2.9272237020e-01
1.0144914209e+00 1.8619504436e-01
-8.0074350527e-01 -2.6435484198e-01
-3.4719928510e-01 4.4162926920e-01
-3.8831883845e-01 6.1331656386e-01
4.6277544377e-01 -5.8446804958e-01
1.0788072781e+00 -7.7341358657e-02
4.6860463275e-01 -3.4832942351e-01
-1.8051855512e-01 -2.2948407582e-01
7.5091202949e-01 -4.1556058198e-01
-9.5295401387e-01 -1.6726460997e-01
-7.8252526191e-01 -3.5582896293e-01
1.3619936256e-01 -4.8926341531e-01
6.0792105852e-01 -3.8872726855e-02
-8.6045430651e-03 -5.1566278230e-01
-1.5352262660e-01 -1.8657080169e-01
-9.0525439871e-01 4.8650811833e-01
-3.0996812229e-01 -3.0710209238e-01
5.7669199782e-01 7.6281499227e-02
-6.8077170979e-01 4.1831981248e-01
-6.8566181101e-02 -2.3416186590e-01
-5.2859328486e-01 5.6459640085e-01
6.7445861880e-01 1.1100251005e-01
-8.1635134586e-01 -1.4755550661e-01
-4.5956205825e-01 6.1332533288e-01
4.5471130763e-01 -5.9531291798e-01
2.6022386100e-01 -3.5651823004e-01
1.1531482450e+00 -1.6565857834e-01
6.6958494798e-01 -2.5358675101e-01
-9.8408778715e-01 -5.2564627589e-02
6.1670346801e-01 1.2723323252e-02
-4.2398144666e-01 -4.3612124203e-01
2.5958249658e-01 -3.9919523660e-01
-1.2871786088e+00 3.1907411361e-01
1.0757658230e-01 4.7165749530e-01
-1.1544373861e+00 2.1734468095e-01
-2.8803369472e-01 -5.7592345592e-01
3.5164182479e-01 -5.1448488943e-01
-7.4561458345e-01 6.9486380748e-03
6.2830767659e-02 5.9100053647e-01
5.0713309501e-01 -5.7480992590e-01
7.3274358769e-01 -5.1285823276e-01
-1.1932241666e+00 -1.3535732415e-01
5.9264206696e-01 -1.1965120612e-01
-5.2052578897e-01 9.2106761330e-02
-8.2704251304e-01 -1.6827446592e-01
-8.5183224278e-02 -6.1737813628e-01
4.0258947131e-01 -5.9937496074e-01
-1.0820601192e+00 2.3068239273e-01
2.7515701625e-01 4.9862220463e-01
2.5665455212e-01 -4.6310753882e-01
-9.4568018562e-01 1.9253839583e-01
6.5437876191e-01 -4.3270839318e-01
5.0189817638e-02 5.1623576450e-01
1.1263656924e+00 2.6498572452e-01
-9.1549527962e-01 2.3317157238e-01
-5.1912261370e-01 4.0741754299e-01
-6.3767490720e-01 1.1132961134e-01
-8.3935603650e-01 -3.4077951472e-01
-5.5776387211e-01 5.9997596065e-01
7.6048426975e-01 2.3008297651e-01
6.8856473046e-01 -5.5858269809e-01
-2.4614522703e-01 6.2556548619e-01
5.0230819276e-01 -6.7450319154e-01
7.3456980809e-02 -5.1843766858e-01
1.5288232061e-01 4.4941994519e-01
-3.9775028451e-01 6.3958535228e-01
-1.0374157652e+00 -1.5083442934e-01
-1.4467555357e-01 -4.6403882523e-01
5.7166621041e-01 2.7794351866e-01
-4.4459406908e-01 -5.5141475965e-01
1.3807912458e-01 5.4839364552e-02
-1.0493454229e+00 1.7321051325e-01
-8.9033221276e-01 -3.1637763305e-01
-5.4690320568e-01 2.1544042162e-01
7.4513508304e-02 -4.0838580530e-01
-1.4280284637e-01 -6.0890874709e-01
9.9893654388e-01 3.1082678640e-01
-6.6019156442e-02 4.8902110173e-01
-1.0062229577e+00 2.2132418555e-01
7.7630460042e-01 3.2123249143e-01
1.2608732030e-01 -6.3546275915e-01
-1.1715668274e+00 -4.5791476908e-03
7.3621981172e-01 1.9302256730e-01
-4.8260562342e-01 4.6868739735e-01
-3.0685429588e-01 2.0388616678e-02
-8.3265177882e-01 -2.6401326604e-01
9.2271592351e-01 2.2901122152e-01
1.2354990535e+00 -3.5478845427e-02
-4.0207101698e-01 3.8749445877e-01
-1.4928689482e-01 6.6318128689e-01
4.4278286652e-01 3.0569439533e-01
-1.1970412933e+00 3.0305484141e-01
3.8320737437e-01 -3.6204599213e-01
-1.3827924851e-01 5.3452953250e-01
3.8744114930e-01 -5.7083883526e-01
7.5335260715e-01 -8.9788439294e-03
-4.5477703576e-01 5.9321906425e-01
-1.0605786358e-01 5.2655037143e-01
1.1323205869e-02 -6.3428661338e-01
8.3947849000e-01 2.7968162852e-01
-4.2146290632e-01 3.7991490238e-01
1.1720284873e+00 -1.5231034038e-01
-9.8190889806e-01 -1.6605784104e-01
3.2743232836e-01 -6.4152577637e-01
3.2363194579e-01 2.5221812456e-01
8.3345453652e-01 6.8716882348e-03
4.8472735862e-01 -5.5082577114e-01
-1.2293604885e+00 -1.7951451280e-02
9.0070080869e-01 -1.9256257266e-01
-3.8900831389e-01 6.5460503426e-01
-7.1492847334e-01 1.8381565663e-01
-6.8706813874e-01 2.6011309158e-01
7.9687409422e-01 1.1499697821e-01
-5.1835214453e-01 6.5132745461e-01
6.5843437580e-01 -4.1838463325e-01
8.7824123852e-01 2.1708882696e-01
1.1218454035e+00 2.7165771433e-01
-8.2483860319e-01 4.5801492166e-01
5.3331739410e-01 -1.9046529350e-01
-4.7128725352e-01 -2.1508618856e-03
2.0200634067e-01 5.8272512135e-01
-1.2876128653e+00 1.8772546222e-01
-2.6296422428e-01 6.7792155160e-01
2.8013364094e-01 -6.2495646696e-01
7.0230108168e-01 2.8799937285e-01
3.1254211254e-01 -3.9116521495e-01
-8.5089341089e-02 -2.5459299824e-01
2.9105373596e-01 -5.8093077237e-02
-3.5685338412e-01 6.5034378905e-01
-1.0462638438e+00 -8.7584810372e-02
6.6361061230e-01 3.5079189273e-01
1.3575094343e+00 -1.5500088620e-01
4.7344850719e-01 -5.3587591849e-01
-3.6838763327e-01 6.4738259511e-01
7.1894145597e-01 1.6242946511e-01
-7.7059576280e-01 -1.0798055215e-01
-3.3348912460e-01 6.4416369017e-01
2.3755104734e-01 -2.5545106856e-01
-8.8969635169e-01 -3.0710935341e-01
2.1367586009e-01 5.0478104651e-01
1.0848559100e+00 -9.1667518475e-02
-9.1420308544e-01 -1.7448280900e-01
-1.1869247824e+00 -8.2112854452e-02
-2.3701615516e-02 3.7567759179e-01
-7.1547280376e-01 -3.1812570308e-01
8.2995182788e-01 -1.5016216019e-01
5.5596652034e-01 3.0949709177e-01
-9.7884130876e-01 -2.4419465990e-01
-4.4255755074e-01 6.2835312202e-01
2.5658965569e-01 -5.8885514913e-01
-7.3043616635e-02 5.7885304218e-01
-5.8812392824e-02 -5.1686432561e-01
1.2127325881e+00 2.0627799210e-01
5.2183800978e-01 3.7724322401e-01
1.0618155165e-02 -5.6409244085e-01
-1.2933936832e-01 5.0105491853e-01
-1.2429857131e-02 5.8838421877e-01
3.6915715709e-01 -4.8053268522e-01
7.0169875917e-01 -1.8723078488e-01
-8.4476070922e-01 3.6443226742e-01
8.3110786581e-01 -7.6261671602e-02
-4.4629432499e-01 3.6556215687e-01
5.3345522734e-01 -3.2041296780e-01
-6.0656462129e-01 -4.9217577320e-01
9.0284528048e-01 2.1377210991e-01
-7.7634707962e-01 -3.6337099036e-01
-3.9287915586e-01 6.4886156620e-01
8.7618880669e-01 2.0720975572e-01
-9.3757424900e-01 -1.6446266977e-01
3.2981939791e-01 -6.2048634155e-01
1.3764228781e-01 -3.3368695272e-01
2.1122165398e-01 -6.8965386975e-01
3.0598596960e-01 -3.2385821681e-01
-1.2101572257e+00 2.2602929440e-01
2.5108232036e-01 -4.8438809056e-01
5.9373806056e-02 -6.0584981235e-01
-7.9706079259e-01 9.1080013697e-02
-1.0437982553e+00 -2.8324922462e-01
1.0660211534e+00 -2.6553946646e-03
-1.0076184678e+00 -9.5544443788e-02
3.5232919976e-01 -6.0785598352e-01
6.7810921515e-01 -2.8581681153e-01
-5.4163528743e-01 -4.3930256295e-01
-7.4120157508e-01 -3.6247889819e-01
1.2756235927e+00 -5.7613405430e-02
-8.0167825022e-01 4.4324022330e-01
6.8160109522e-01 4.7846033648e-01
-8.5994449778e-01 -3.3738653970e-01
-9.7456370897e-01 -1.6166588583e-02
8.6544226670e-01 1.8601445049e-01
-9.6993816332e-01 1.6626716745e-01
-1.6702414662e-01 2.5422322268e-01
-6.9198119490e-01 6.1248131850e-01
2.1459269031e-01 2.7547021528e-01
6.0285235561e-01 -6.1006857801e-01
-1.1539256770e+00 4.0064250711e-01
-7.8180675556e-01 4.7416669562e-01
-5.9587506976e-01 4.2468908880e-01
8.6707236259e-01 2.9707211171e-01
1.0270224265e+00 5.3286805018e-02
-4.0733020544e-01 -1.2616126123e-01
6.8837329630e-01 1.1051968728e-01
1.3431048258e-01 -2.9740720019e-01
5.2667543969e-01 -4.0828055198e-01
1.2812561419e-01 6.0984241113e-01
-6.4526325920e-01 -2.4046427519e-01
-4.1111988518e-01 5.8558256032e-01
1.0995738521e+00 -3.8621457721e-01
-7.6204530191e-01 -3.1736839416e-01
-2.6759064880e-01 3.3255519508e-01
-1.0243881166e+00 -2.3954278078e-01
9.3184623457e-01 -2.5866480760e-01
-8.8844144640e-01 1.0225377908e-01
3.1728206456e-01 4.7360870533e-01
5.8485133257e-01 -5.9923276913e-01
-9.4340191648e-01 3.9276670549e-01
6.9565652934e-02 -2.8731253336e-01
1.1538225252e-01 2.1787318100e-03
1.7498216684e-01 -5.4719526931e-01
-2.2828295480e-01 4.9202801223e-01
-6.1976042496e-01 5.3306812929e-01
7.3171382696e-01 3.0665476347e-01
7.8428293989e-01 -1.6754400009e-01
3.0877422096e-01 -1.9085155105e-01
1.0896340682e+00 6.5249599211e-02
7.4533885061e-01 -5.4476618752e-01
-1.5164324161e-01 3.8611695546e-01
-3.4524198328e-01 6.5568266961e-01
-4.9400418284e-01 2.1523993226e-01
-5.7117040623e-01 6.2384420969e-01
-4.4177596282e-01 3.7388065721e-03
-5.0977472528e-01 9.4102510567e-02
4.6138631508e-01 -5.9068609111e-01
2.3859153600e-01 -1.8620523500e-01
-5.5757921857e-01 5.9960733212e-01
9.5995138750e-01 -4.0127700441e-01
-8.2728648644e-01 -2.1917842462e-01
-4.6980239267e-01 5.6908874987e-01
-2.4024691299e-01 -3.1916046819e-01
6.4121843808e-02 -5.9882343289e-01
4.9511539822e-01 -1.5219097345e-01
-6.9279967961e-01 5.1415415341e-01
1.8543119332e-02 -5.2616000087e-01
2.4989406922e-01 4.2873439468e-01
-1.2131504433e-01 -5.5377437931e-01
9.6196930918e-01 1.7999298975e-01
5.2533025570e-01 -2.3979643437e-02
1.2062588817e+00 3.0947037616e-04
-8.2378765895e-01 5.1499924441e-03
-6.1639629672e-01 5.7310230925e-01
-1.0463478600e-01 6.1815405021e-01
3.6872192592e-02 3.5778707714e-01
-5.3814299988e-01 5.9280413657e-01
1.1312684776e+00 -3.1019006636e-01
-1.1367107939e+00 3.6965678969e-01
-1.1146827788e-02 -6.3776333642e-01
-1.0725003938e+00 7.4518381717e-02
5.4421820774e-01 3.5042784256e-01
-1.3202955850e-02 -4.5253308419e-01
3.1938357648e-01 1.1694822867e-01
6.8237933703e-01 3.7330362551e-01
-1.0813729957e+00 -1.6994144030e-01
7.1633902351e-02 -4.5684754517e-01
3.0851966960e-01 4.7423353227e-01
5.4836909156e-01 -6.2308726831e-01
5.6340567122e-01 -5.6729326424e-01
-6.6547289759e-01 6.5939067358e-01
6.2135303410e-01 -1.8255066017e-01
8.9337844323e-01 -3.9234749922e-01
-7.7705922663e-01 3.7955210667e-01
-4.8889246756e-01 5.0373559608e-01
-1.1306672059e+00 1.0348926814e-01
1.0338497440e-01 3.6792600113e-01
-8.4654452954e-01 2.9453125226e-01
2.5993694720e-01 -5.2073165459e-01
-7.9238381400e-02 3.9955055208e-02
9.2265003952e-01 2.3759474995e-01
-7.7509390487e-01 -1.5874364537e-01
1.7272935482e-01 -5.0021045280e-01
7.6237903630e-02 5.3540773023e-01
1.3413202454e-01 -6.6765204938e-01
-6.5969950517e-01 -1.7972108092e-01
8.5355728248e-01 -3.5365483743e-01
-6.5119974929e-01 2.4754878245e-01
-3.3500208547e-01 -5.7316058122e-01
8.8724529439e-01 2.3110770096e-01
1.1355499249e+00 -2.1787401197e-01
1.2158908692e+00 -1.1476947361e-01
-1.0647186879e+00 -1.8040336331e-01
1.0768319468e+00 8.4950885065e-03
-6.7301176801e-01 6.2229480237e-01
-1.9522643978e-01 4.7505708571e-01
8.1719523106e-01 -5.1571976820e-01
-9.1063379497e-01 2.7948611290e-02
4.0463709208e-01 -4.4672604159e-01
-7.7117077316e-01 6.1881200260e-01
9.3868145435e-01 1.7714760815e-01
6.8364297691e-01 -3.3222732070e-01
-4.2819559462e-01 -4.0713951420e-01
2.2887486463e-01 -6.0406122042e-01
-8.1668256714e-01 -2.3172696264e-01
9.5221756692e-01 -1.7422039512e-02
-1.1065896288e+00 3.4042446019e-01
-1.2705351998e+00 3.1442219188e-01
-5.2604091137e-01 5.9641416695e-01
3.0568004432e-01 3.3126674153e-01
-3.5357510774e-01 1.1434982928e-01
-3.5736303003e-01 -4.4026950568e-01
-7.6420149061e-01 6.3992659274e-01
-1.1551306461e+00 1.1494238546e-01
-2.7942850220e-01 6.9820161949e-01
-3.7076486801e-01 5.2773410629e-01
2.5451938519e-01 -5.7535915629e-01
-1.0626867000e+00 4.4062652202e-01
-8.4787154508e-01 8.3957792796e-02
-9.2725180783e-01 5.1315974623e-01
-5.8199037869e-01 2.0111431127e-01
3.4424650220e-01 -5.2721047651e-01
4.1008211395e-02 -4.5282955422e-01
3.2943960352e-01 4.1299384071e-01
8.4322618072e-01 -2.3228335357e-01
-9.8556665784e-01 -2.7226363735e-01
5.6832484911e-01 4.4078323110e-02
7.6211432003e-01 2.8491549227e-01
9.4277384502e-01 1.4491648374e-01
3.1520431594e-01 -3.2064176363e-02
-3.4938084667e-01 6.4751744222e-01
5.5038547233e-01 -5.2533815298e-01
1.2852802070e-01 -3.9932462608e-01
9.1552324118e-01 -3.6139357167e-01
8.4698648063e-01 2.6343481050e-01
8.7290420011e-01 -1.1421480526e-01
-3.6363775975e-01 6.1710607010e-01
7.1084703715e-02 -5.7338860309e-01
8.1373297099e-01 1.0327433489e-02
-9.3640356356e-01 4.2333011709e-01
-1.0026867648e+00 -1.3842410728e-01
-6.9304696611e-02 5.7527407628e-01
-2.0471835395e-01 5.9381273427e-01
4.0992264954e-01 5.8173020272e-01
4.1249361177e-01 -5.9766427283e-01
4.3848621748e-01 7.0077460457e-02
-1.7611811751e-01 4.3295719833e-01
-4.2662430990e-01 6.2360516054e-01
-9.1047059703e-01 1.3400048640e-01
-2.3238905212e-01 4.3260172349e-01
7.2393788451e-01 7.9049132332e-03
-7.0666793248e-01 -1.6539282889e-01
8.8291147960e-01 -4.8470014762e-01
-7.1842698100e-01 2.0862358018e-01
4.5609066106e-01 -6.3172105785e-01
4.9024041463e-03 5.1795049626e-01
-2.6162950959e-01 -5.0080810078e-01
8.8739128265e-01 -4.7741176779e-01
9.6916341582e-01 -5.8570338370e-02
-1.0274865168e+00 -2.1709165230e-01
-2.6819362627e-01 5.8891684892e-01
-1.6739539522e-01 -5.4859055716e-01
-2.0661426747e-01 -3.7925933399e-01
-1.2224275773e+00 3.6790362775e-01
-9.1998956850e-01 2.0999678560e-01
1.0201587525e+00 -4.3181294774e-01
-7.8539971579e-01 1.3005747533e-01
3.6306534439e-01 1.4052743670e-01
1.2015503303e+00 -1.3980893542e-01
-8.0215390289e-01 -1.3108122733e-01
-1.2684803667e-01 -4.9439282135e-01
-4.7430523311e-03 -6.3920420733e-01
1.1538421992e+00 -1.9399744504e-01
2.8081589442e-01 -2.8453447363e-01
-3.7769565974e-01 5.9177664437e-01
9.4071496938e-01 -5.0584537626e-01
-3.6172643815e-01 -4.4660155649e-02
-5.6681033470e-01 5.0774253736e-01
-1.6182248399e-01 1.9771035362e-01
4.8941890535e-01 3.5810697843e-01
-8.8008994508e-01 -1.1914858128e-01
-1.1233793237e+00 2.0456439965e-01
8.5035003885e-01 -3.1423732817e-01
7.7831644754e-01 -2.4996982045e-01
-5.2952286370e-01 -1.4122473149e-01
1.2216508419e+00 -2.2313996264e-01
-3.9256332390e-01 6.3055298488e-01
2.9005927648e-01 5.5718630949e-01
3.7867306677e-01 -4.1589240272e-01
-9.0414939635e-01 6.0697641234e-01
5.3269552547e-01 -5.4975335082e-01
-8.2714932542e-01 -3.6103339489e-01
2.8574709086e-01 4.8783006690e-01
5.0319531947e-01 -5.3091852586e-01
-3.9654713987e-01 6.6347137094e-01
-8.0169338957e-01 1.0519447500e-01
1.0437175639e+00 1.7466269332e-01
1.1322330609e+00 -1.3762635746e-01
-9.5868680860e-01 -1.6505796627e-01
-6.8735557802e-02 2.1580917903e-01
-3.7891186043e-01 4.2499251505e-01
9.2934275557e-02 -6.4834052115e-01
8.2996820232e-01 2.7912256614e-01
-4.8503964618e-01 5.6245734392e-01
-1.0573101210e-02 -5.7622558483e-01
8.2913060125e-01 -2.9804207641e-01
6.8075290678e-01 -3.3583933126e-01
-7.8986959869e-01 5.3704898977e-01
9.1768623533e-01 -3.1866096318e-01
-3.0187495138e-02 -3.8871728751e-01
-9.1982643324e-02 5.2979913141e-01
7.7323794939e-01 -8.2576319088e-02
-1.0853536363e+00 2.8768892249e-01
-4.6739461644e-01 -5.4553378090e-02
3.7243861126e-01 -6.0870488590e-01
7.1582068132e-01 -3.8552362221e-01
-6.7695977020e-01 6.4540887992e-01
2.6717413874e-01 -1.3777808726e-01
1.9515790351e-01 -6.5157724083e-01
1.1822529272e-02 5.5929090440e-01
1.2409967082e+00 -2.1110454168e-02
-1.0542718823e+00 4.6223750018e-01
-1.1804121255e+00 9.1358267881e-03
-5.0003280291e-01 3.5930956192e-01
3.0996501448e-01 -4.6547581100e-01
-9.0548680192e-01 6.5331726983e-03
-1.6425460648e-01 6.7791146325e-01
5.2076123889e-01 -3.0636245925e-01
-4.6221083178e-01 6.0439844035e-01
1.0273879887e+00 -2.3791637237e-01
9.6489784883e-01 1.6032702235e-01
5.8917315916e-01 -5.4282310604e-01
1.0898438654e+00 -4.9646805356e-02
-1.2427528664e+00 1.2067071955e-01
5.0497152519e-02 3.7852991514e-01
-3.8907796019e-01 6.1995570948e-01
1.3959338638e-01 -3.4712538770e-01
-9.0763217880e-01 -2.2711875576e-01
8.8047092330e-01 -1.0640822266e-01
-9.5593489908e-01 5.3148812016e-01
4.8247301801e-01 -5.9656416917e-01
1.2438460448e-01 -6.1994358942e-01
8.4877234220e-01 1.6262217816e-01
-9.4734969204e-01 1.3676691758e-01
3.0277540453e-01 5.5648079942e-01
-5.5915506078e-02 -4.5932023406e-01
-7.8266886677e-01 -3.7631663234e-01
5.8904299855e-01 -5.5995382647e-01
3.7755572396e-01 4.6443641508e-01
8.0134378411e-01 1.4535063204e-01
-5.8704360888e-01 -4.0979584341e-01
-8.2036184246e-01 2.8916000352e-01
7.7917744118e-04 -5.7773075407e-01
1.5233711969e-01 4.2978390352e-01
-5.2136423543e-01 6.3642929537e-01
-4.3873384911e-01 -2.1255898264e-01
1.3222393439e-01 4.5405167277e-01
5.4360567123e-01 -6.9581511944e-02
-8.1716461818e-01 -2.0193534069e-01
-6.3381223871e-01 -3.4338324695e-01
9.4466363263e-01 -2.8343365519e-03
-1.0337468501e+00 1.4756552117e-01
7.3449195594e-01 1.8366316226e-01
-1.2491572588e+00 3.2605024514e-01
-2.0757602081e-01 -5.3421120692e-01
-2.5901718230e-01 5.1812538534e-01
3.2775581006e-01 2.1856356908e-01
-9.4136291088e-01 -6.7599411911e-02
-4.0681481574e-01 6.1007931074e-01
7.0412759253e-01 3.3142804552e-02
-6.2866299325e-01 -3.3338207310e-01
4.7879714087e-01 -4.5531644059e-01
3.9394544934e-01 -6.6705510546e-01
8.1238135392e-01 -1.6097339346e-02
3.7794733957e-01 -5.7515204339e-01
5.2210048857e-01 -6.5144301411e-01
2.6938500993e-01 -2.2928656141e-02
-1.0841942332e+00 3.7043062588e-01
3.5729974060e-01 -6.3415199735e-01
-1.2991888757e+00 2.3807622300e-01
4.7213784421e-01 4.2805161371e-01
-9.3956756521e-01 7.1307253843e-02
9.7215937337e-02 5.4268075180e-01
2.2332909412e-01 -5.8676223096e-01
-2.4129390526e-01 5.7408300652e-01
1.1138874417e+00 -1.1886752524e-01
-9.7245839436e-01 3.1571214178e-01
9.4018908693e-01 1.1070679085e-01
-5.6726707507e-01 6.3367081965e-01
3.4066132888e-01 -5.9533590777e-01
3.7271301431e-01 4.5145157840e-01
7.8421382694e-01 -2.0339083585e-01
-1.4904462840e-01 6.2389601701e-01
-4.2913451775e-02 6.2206914671e-01
-7.8213778249e-02 2.5055689899e-01
1.4672937490e-01 4.7991290935e-01
-9.2105939072e-01 -1.0736556920e-02
1.2507369071e+00 4.5743037018e-02
-1.0688865509e+00 1.9154363127e-01
7.4823902297e-01 -5.5105007809e-01
9.9769389388e-01 1.9611158353e-01
-3.4220461098e-01 5.1666178028e-01
-2.0019863305e-01 -6.1843527011e-01
-1.8164582779e-01 -5.8961698187e-01
-1.6889254877e-01 -2.0174154427e-01
6.8583562955e-01 -4.6191517090e-01
-5.4388397543e-01 3.7555957350e-01
-6.9140523236e-01 -1.6169267862e-01
9.6450525805e-01 1.9849013399e-01
-5.5518076751e-01 4.1633184196e-02
1.2651956519e-01 -4.4027183333e-01
5.1126305516e-01 -6.4958679156e-01
1.1791436469e+00 5.3512325182e-02
-2.3470499642e-01 -4.5563807453e-01
9.7702925653e-03 4.8875050007e-01
6.4644578123e-01 -5.7400358939e-01
-2.8528846903e-01 6.2787997555e-01
4.0764707553e-01 4.1470578736e-01
-2.0100333437e-01 -4.7986621797e-01
8.3034223686e-01 -2.1586861895e-01
-9.0682119297e-01 7.7510527401e-02
-1.1029617643e-03 6.3238969125e-01
-8.4917395848e-01 2.2604009058e-01
-5.0486787508e-01 6.2480762996e-01
3.8379613557e-01 -4.6555109923e-01
-1.1620193730e+00 4.5284037548e-01
3.9992893036e-01 4.4257326384e-01
5.2842088407e-04 1.6123974494e-01
2.3982397903e-01 -5.9566640168e-01
-6.1373106379e-02 3.7185342123e-01
-9.0437336177e-01 3.5281762462e-01
-7.9835183707e-01 1.4944312939e-01
-1.1077203396e+00 -8.5734914834e-02
5.2191695542e-01 3.2259827724e-01
1.0087863589e+00 8.3642067755e-03
1.0852639040e+00 1.4935118086e-01
-8.5426840803e-02 2.4067696073e-01
-3.2286635047e-01 5.7554031569e-01
1.7634175094e-01 -6.2341272463e-01
6.1562396336e-01 -1.2387579687e-01
1.1338098396e+00 -2.8567846217e-01
-8.9311302172e-01 -2.1926106275e-01
5.6619114042e-01 -4.4688716450e-02
-3.1547609382e-01 -5.0477082455e-01
8.8293942864e-01 2.5515697817e-01
1.3985346107e-01 4.8241277163e-01
1.1526907636e+00 2.2877021979e-01
8.1677452747e-01 -5.7389159572e-01
-8.9803648475e-01 -7.5679500683e-02
-9.3402720641e-01 1.0044825303e-01
-3.4619160685e-01 -4.8886363875e-01
-9.6013785847e-01 -1.3036514066e-01
-4.3579928483e-01 -3.7981248997e-01
2.5777955343e-01 4.2379257921e-01
6.8894142907e-01 -8.1748071794e-05
-4.0818954103e-01 8.9724986472e-02
1.9209040795e-01 -3.0972382423e-01
1.0400514017e-01 -1.7062651936e-01
7.0881943231e-01 3.9590251540e-01
5.8960326097e-01 4.6297587319e-01
-1.1035821057e+00 -8.9565552196e-02
9.5879406070e-01 1.8930778025e-01
5.3686144604e-01 3.5619552719e-02
-8.1356158207e-01 6.3604079614e-02
1.0271096976e+00 -3.1795567265e-01
-6.1785294658e-01 4.4304007540e-01
4.3315748100e-01 4.6935684399e-01
-3.6846555020e-01 2.9401828194e-01
-5.3715922901e-01 5.9200705121e-01
-1.1279203848e+00 -5.8686939678e-02
-6.3924749388e-02 5.2409223256e-01
-5.7244026715e-01 2.9786776977e-01
7.6882504499e-01 2.3885864271e-01
1.1929822591e-01 -4.6090876827e-01
7.3136908363e-01 -3.1898530564e-01
9.1082154441e-01 -3.3143483809e-01
3.8372284394e-01 -1.1684017402e-01
-1.0012252868e+00 2.1819219874e-01
-2.2452148909e-01 5.6104148288e-01
1.7727766356e-01 -6.0944624027e-01
6.8196377450e-01 7.6004405439e-02
6.8501386616e-01 7.1111335623e-02
9.7575708138e-01 2.4541765397e-01
-2.7684542831e-01 -3.6840199273e-01
4.7032080247e-01 3.7293793441e-01
-3.5953542616e-01 5.0613334640e-01
-2.7345096991e-01 6.5187217863e-01
1.7754349673e-01 -5.3180803343e-01
1.1358477693e+00 -2.0635041544e-01
-6.3913554237e-02 6.5450788766e-01
-7.3241100003e-01 4.3466158150e-01
-1.1989715723e-01 -4.5270985818e-01
-3.2690142852e-01 -4.0313395812e-01
-5.3579215721e-02 5.9782575215e-01
1.1156583487e+00 1.4724936660e-01
1.2162584996e+00 1.6419817770e-01
-8.7085413723e-01 5.2758129635e-01
7.1727830884e-01 -3.0707448666e-01
-4.5032226206e-01 6.5369049945e-01
-6.8289060668e-03 -6.5580905122e-01
3.1238659060e-01 -3.5097519418e-01
-1.7631750803e-01 4.3922895699e-01
-7.3059199420e-01 1.1437219514e-01
-1.0547969792e+00 -9.0357495616e-02
-5.6563240456e-01 -3.7350013498e-01
1.1611972611e-01 4.5112021740e-01
8.2127213948e-01 -4.7762896475e-01
-5.0640098252e-01 -2.0446127104e-01
6.8474007334e-01 -5.7862845874e-01
-6.8494501206e-02 1.7070236134e-01
8.4318440774e-01 -4.9151412984e-01
-1.0955905142e-02 -4.6651774656e-01
1.2676461734e+00 1.6235919215e-03
-5.2595643212e-01 4.1310504928e-01
7.9430011702e-01 -9.7472901406e-02
-6.7837350274e-01 1.5696342127e-01
8.3350407184e-01 2.0476743517e-01
-8.8587673995e-01 2.1909008730e-01
8.3341925428e-01 4.0978014154e-01
-7.0510916621e-01 -2.7228989093e-01
-3.5777773918e-03 4.5523026972e-01
6.5713212893e-01 5.5840468456e-02
-5.9657620657e-01 7.5935919697e-02
3.7732055127e-01 -4.1139081460e-01
-5.3341573565e-01 -8.6309623726e-02
-1.0197470019e+00 -1.1050889445e-01
-4.4228752387e-01 6.0895665190e-01
4.1174130584e-01 -5.2622259142e-01
-8.0093878561e-01 -3.3997321607e-01
-4.2839285404e-01 4.7859530599e-01
1.1571968076e+00 1.8009470649e-02
-5.7481872209e-02 -4.0474623958e-01
6.3629316577e-01 -1.5748627949e-01
-8.9018008562e-01 -1.6734192851e-01
8.3979112440e-01 1.8420648896e-01
-1.2651360161e+00 3.2334795130e-01
-2.9753133665e-01 -5.9977685500e-01
-3.0111701757e-01 6.5239145618e-01
2.8702230578e-01 -5.3297818214e-01
5.5744150613e-01 -4.9459431431e-01
1.1430209289e-01 5.6720813727e-01
7.9174392653e-01 -2.3763350351e-03
-5.1858362151e-01 -2.5313913031e-01
-6.1338543050e-01 -3.4322808847e-01
-8.6711772076e-01 1.4014763172e-02
6.5563886429e-01 -4.0417789226e-01
-5.7811994949e-01 -2.7316511058e-01
1.0792619091e+00 2.4094077336e-01
-4.3557307226e-01 1.8073435334e-01
8.4029775859e-02 -9.8636758032e-02
2.7566248439e-01 -1.7089681193e-01
-6.5082886270e-01 6.1077548104e-01
4.9584220757e-01 -2.1939455496e-01
-4.5465326234e-01 2.5406658579e-01
5.0946087140e-01 4.1419639467e-01
-9.1487837418e-01 4.7703904363e-01
5.6230643242e-01 4.4587123997e-01
7.1557636040e-02 5.0176854472e-01
-4.2350521530e-01 -3.6533941161e-01
6.4086594804e-01 2.5718728310e-01
4.3878083763e-01 3.5389393507e-01
1.4797053391e-01 -6.5410450899e-01
4.2388981237e-01 -5.9421008554e-01
-7.8577893518e-01 -3.0672167595e-01
4.4895587744e-01 1.2866296087e-02
-6.8260764180e-01 3.5276182720e-01
-6.8364491474e-01 3.8957140143e-01
4.8628732699e-01 -6.0015354039e-01
1.8903837272e-01 -4.6867562391e-01
-1.2340875388e+00 -1.2351882321e-01
6.5417711211e-02 -2.4837206027e-01
6.0502974368e-01 -3.8824331118e-01
-8.5787701549e-01 -2.6788153825e-01
-5.9864586229e-01 3.1288023458e-01
6.7430928971e-01 3.7129306402e-01
8.3905571625e-01 2.2427203879e-01
-9.0198672447e-01 4.2670001437e-01
-8.3830790361e-01 -3.5793365692e-01
-1.1660829319e+00 3.0126452603e-01
-1.2432245005e-01 5.3543001745e-01
1.0169490210e+00 -3.7590521318e-01
8.6415926617e-02 -4.7785361726e-01
1.9209536017e-02 5.3224437492e-01
8.2059671607e-01 -2.0871960221e-01
7.3933142012e-01 4.3247647203e-02
5.5993740122e-01 4.1289131050e-01
-6.3567674145e-01 6.0344156328e-01
-8.1433187629e-02 5.7326353157e-01
1.1292678293e-01 -2.5510477614e-01
7.8883050144e-01 2.4269920258e-01
-4.0480807680e-01 5.3547591814e-01
4.5244103165e-01 -6.3200033240e-01
2.7315342835e-01 -4.8325293319e-01
8.4321469296e-01 -1.3980115864e-01
2.5326879439e-01 1.5011507903e-01
-9.1061602162e-01 -1.0517623109e-01
-1.2979488735e+00 9.9025290448e-02
6.2880357265e-01 -1.2336477823e-01
-8.9335078733e-01 3.6347536696e-02
-7.9448895983e-02 -6.0742037195e-01
1.6221249656e-02 5.6863079982e-01
5.7628707848e-01 -5.2918793497e-01
3.4539548240e-01 3.2227166986e-01
3.0938430784e-01 -4.1265561861e-01
-1.1547722174e+00 4.0825537052e-01
-1.2638496729e+00 3.8155919994e-01
-9.9804780516e-01 -9.5716902346e-02
9.0011752268e-01 -5.2303303808e-01
-4.8759585121e-01 3.6496483029e-01
6.7263227788e-01 -5.8714590246e-01
5.3370489119e-02 -4.7666298098e-01
-2.5821985293e-02 -5.4718085416e-01
2.1789722434e-01 -5.1291112894e-01
1.2134309924e+00 -1.3221875312e-01
-7.7450290833e-01 1.8621940734e-01
-6.2675304560e-01 -1.2760683211e-01
-6.2521831338e-01 -3.2744291994e-01
-8.1150230332e-01 2.9314933248e-01
4.4790389049e-01 -6.1181269297e-01
-5.6136938343e-01 6.1535503149e-01
7.2229307324e-01 2.8047059395e-01
-5.5048155353e-01 6.5459854020e-01
-9.5751420926e-01 -2.6239970673e-01
1.1926902692e-01 4.9999850467e-01
9.1897119230e-01 -9.1537257226e-02
-1.0936701363e+00 -1.7530511752e-01
-9.7845894423e-01 3.0558465218e-01
3.0091423672e-01 8.4641810912e-02
6.7328390637e-01 -4.1261578160e-01
-5.2694303277e-01 4.0788262383e-01
-2.4753719933e-01 -5.8011436165e-02
4.3951203911e-01 -5.6998809105e-01
6.2687103043e-01 -6.6190983754e-01
2.1677080375e-01 5.3657629516e-01
1.2261530256e+00 -6.1294608153e-02
-5.2597535726e-01 -6.7755072648e-02
-2.5176790497e-02 2.5712815869e-01
-4.3328126097e-01 5.8183099850e-01
-9.8951213956e-01 9.8330769474e-03
3.2447150302e-01 -5.5587436408e-01
-8.7194061400e-01 5.8621306045e-01
-1.1814119600e+00 2.2411067760e-01
-2.5684039714e-01 -6.1300665157e-01
6.0508721384e-01 -5.4162968485e-01
1.6832133424e-01 -3.7352656561e-01
1.1543845027e+00 -1.6417977975e-01
-1.1690746983e+00 3.5337774257e-01
5.2802980889e-01 -2.2967539570e-01
-5.7277203260e-01 5.7247015476e-03
6.9877241675e-01 3.3192289575e-01
-7.6266315994e-01 4.8882514182e-01
2.0990492534e-01 -6.6640954752e-01
1.0542862855e+00 9.7493695144e-02
-4.6615852141e-01 5.3600811221e-01
1.1317136890e+00 -2.9335241134e-01
-8.9491519471e-01 -2.1843599784e-01
-4.3110429247e-02 6.1919076107e-01
-7.4342123992e-01 5.0162045447e-01
-3.9481621080e-02 4.6638507145e-01
9.2432447314e-01 2.3609565881e-01
4.3379924010e-01 -5.9653228517e-01
-1.1410591079e+00 -5.5727638251e-02
1.0431100015e+00 -2.5842392919e-02
5.0075711236e-01 -5.8692719394e-01
-1.1429243819e+00 2.5320179640e-01
8.2294688760e-02 -4.9153759600e-01
-7.5452378567e-01 2.1296279590e-01
7.5813733320e-01 2.7220107474e-01
-1.2448171555e+00 -1.8638215070e-02
1.5364560086e-02 -4.8567033540e-01
-2.5676996339e-01 6.4069344393e-01
6.9225628964e-01 -5.8833975594e-01
6.2870063413e-01 -4.3476968981e-02
-5.0277540477e-01 5.9828301379e-01
6.1776124217e-01 4.0417475846e-01
2.4456848687e-01 -6.5474849076e-01
1.0588265566e+00 2.2184878069e-01
5.8847532900e-01 5.0001841849e-01
-1.0434918044e+00 -9.8130928764e-02
1.0925333406e-01 -4.8489183229e-01
3.2210129684e-01 4.3226622415e-01
2.2359020117e-01 -6.3064705361e-01
-1.2586688988e+00 -5.4794190425e-02
9.6437302087e-01 -3.2742419944e-01
-6.3766835844e-01 4.1759182597e-01
6.3119949662e-01 -1.7504143503e-01
1.1749291272e-01 6.3363906511e-01
9.3177643143e-01 2.0023490155e-01
7.7089390335e-01 -1.0629291012e-01
7.9263564949e-01 1.3401087580e-01
-8.8527957912e-01 1.3546166285e-01
4.1130554965e-01 3.7868819811e-01
-9.4335139494e-02 6.2497859598e-01
-1.3427186691e-01 5.6183093804e-01
-7.9256811254e-01 5.0169222356e-01
6.4348730393e-01 -9.8655661782e-02
-1.0312573049e+00 4.3870801584e-01
9.8987796372e-01 2.0809336456e-01
-9.3160233560e-01 3.1424172876e-01
1.2142695196e-01 -6.0545944826e-01
-6.3926928386e-01 -2.0855952832e-01
-5.4882113417e-01 -7.7175420831e-03
8.5705704981e-01 1.2363017489e-01
-1.0894536281e+00 -1.7041226824e-01
-4.8367435423e-01 5.9436654696e-01
8.0005753921e-01 -3.1527280581e-01
-2.4859621765e-01 5.3447223041e-01
1.0182569253e+00 -4.6534531055e-01
1.3846628731e-01 -4.6821254044e-01
5.8905611831e-02 3.6902394995e-01
-1.5813792488e-01 -2.5383344805e-01
-1.2423710739e+00 1.7460025717e-01
1.0048797791e+00 1.3886434490e-01
7.7656571501e-01 3.0943625019e-01
5.6471892421e-02 -5.5499378840e-01
2.8163825663e-01 -6.2336326002e-01
-9.7286692978e-01 5.0893604267e-01
-1.2691432040e-01 5.5867793451e-01
8.8484151928e-02 3.1004807985e-01
-4.0894158913e-02 5.5884192720e-01
-9.6421831322e-01 3.8720683168e-01
-6.9431288686e-01 5.6968070316e-01
8.2868391529e-01 -1.5106751637e-01
-1.0520657682e+00 1.9698862042e-01
6.4667871702e-01 -3.5360080927e-03
-4.2570405138e-01 6.5182890847e-01
5.4603588206e-01 -4.1451590321e-01
-8.7849175940e-01 5.9346824376e-01
-5.5785111482e-01 5.5870145556e-02
-9.9775112989e-01 2.0550806030e-01
1.9813969094e-01 5.4298907700e-01
-8.5224965463e-01 -2.0369878354e-01
7.7574261281e-01 -1.6314238629e-01
7.1941442745e-01 3.4935768649e-01
7.7904442349e-01 -5.6270926303e-02
-1.0820486163e+00 -1.5379526603e-01
6.0997337380e-01 1.3260476993e-01
4.5407973903e-01 -3.8268163392e-01
-6.0237994899e-02 -5.6060720789e-01
-7.3226781661e-01 4.3501043837e-01
-6.6557331362e-01 -2.7426256722e-01
-4.8105583353e-01 4.8046217428e-01
6.5852367665e-01 -5.9789382075e-01
-1.9374387593e-01 3.5021976475e-01
4.4581791049e-01 4.4752226706e-01
-3.2417931802e-01 -3.8487001262e-01
-1.2603595174e-01 5.6757842381e-01
-4.5862131890e-01 5.3058664250e-01
8.3036505610e-01 2.4782277089e-01
5.8725882786e-01 -3.4419608158e-01
-5.5494995606e-01 2.3108666843e-01
-7.1961957760e-01 2.6136842103e-01
-1.5003660759e-01 4.7726691335e-01
7.2851084729e-01 1.7899847985e-01
-3.6320629136e-01 -5.4430385566e-01
-8.4998752439e-02 -5.5558037409e-01
1.0345340556e+00 -4.1836101383e-01
7.9080243947e-01 -4.5620597187e-01
1.1981270498e+00 -1.7644929553e-02
-5.7841626733e-01 3.6598180991e-01
4.7626448589e-01 4.5157033403e-01
2.7655765907e-02 -5.0322185948e-01
-8.5670905394e-01 -1.9274158266e-01
-1.5532601972e-01 4.7897079577e-01
-6.6581557945e-01 1.5393829883e-01
1.0490864038e+00 2.2813350994e-01
7.4877648794e-01 -5.6041021453e-01
5.6857572631e-01 -4.7949987237e-03
2.6281450249e-01 -6.8275919456e-01
1.2073622686e+00 -1.3143613962e-01
-1.4714661723e-01 2.8400346154e-01
-2.8788697555e-01 6.1744296001e-01
-8.5963967793e-01 1.2224639895e-01
-1.0461142819e+00 1.2546814808e-01
9.2422264493e-01 1.2253414363e-01
-5.9422891972e-01 -1.2203187335e-01
7.1402069922e-02 -5.4229155998e-01
-9.8379554949e-02 5.1267968877e-01
-2.2712443520e-01 1.5138374227e-01
7.2434833476e-01 -3.7025288343e-01
-7.4826150328e-01 1.8689731143e-01
-4.5761082129e-01 4.3405366146e-01
4.8497275384e-01 -2.5213180194e-01
-5.1732130778e-01 -3.3098828025e-01
1.1442997833e+00 1.4417204359e-01
1.5008451929e-01 5.5484006243e-01
6.0200150421e-01 -5.1738918257e-01
1.6237149356e-01 5.3113347366e-01
9.9496760097e-01 1.8180669795e-01
-7.6782042723e-01 -1.8305599551e-01
5.7885929338e-01 6.7425006510e-02
-4.1068913982e-01 5.7558144897e-01
7.5575829369e-01 3.6091995496e-01
-8.3471373714e-01 -2.0443124973e-01
-3.5535557434e-01 6.6942984386e-01
4.4656649703e-02 -5.6704268619e-01
9.2405844036e-01 -1.5284192316e-01
-1.6644287971e-01 5.8498658516e-01
5.4833228618e-01 -5.5949479962e-01
6.3829674942e-01 2.1755134226e-01
-5.3812711789e-01 4.5522467193e-01
3.0370330415e-01 6.0742252906e-01
2.5314144052e-01 -5.8419460768e-01
-7.7163909976e-01 5.3116319153e-01
7.7373195800e-01 2.0118672997e-01
-8.5608147359e-01 -5.0926489263e-02
-2.9489163521e-01 1.2817521707e-01
2.3162764049e-01 -5.8163212721e-01
-8.7035772783e-01 -3.3782352572e-01
3.4188229771e-01 4.9931733733e-01
7.0555040326e-01 -1.1653640086e-01
-1.1242218709e+00 -1.7262172205e-01
1.2103445028e-01 -1.2513540921e-01
1.0679825071e+00 2.9267204795e-01
8.4301108299e-01 2.9909612528e-01
2.3704056216e-01 2.9979005605e-02
-2.1907486455e-01 3.8269076891e-01
4.0288482161e-01 -6.0758788040e-01
-9.6751665298e-01 4.1090589257e-01
-4.1185495045e-01 5.1667124084e-01
6.2352177907e-02 -4.1922650695e-01
2.6752683104e-01 -2.3692002378e-01
-4.7490839640e-01 5.4354949934e-01
3.4056199541e-02 -4.7187614046e-01
7.0613504822e-01 3.4505682876e-01
7.0755168234e-01 -6.0630336563e-01
4.6612892457e-01 -9.2155559848e-02
-4.1358186897e-01 5.9595729501e-01
6.5153616202e-01 2.3013067932e-01
7.4581260316e-01 -6.2005823517e-01
3.4945129681e-01 -6.1387822737e-01
-4.3900263338e-01 6.4303004683e-01
-1.3320899373e-01 5.3081627806e-01
-6.1692207622e-02 2.0131212233e-01
-6.7009006229e-01 2.9331912370e-01
-1.0079092167e+00 2.3670404503e-01
1.0372394271e-01 5.6224421171e-01
-1.7227784239e-01 5.2360862560e-01
-2.1385265597e-01 -6.0261170236e-01
-3.9813112594e-01 -3.1962481089e-01
7.4052522223e-01 -3.3108533527e-01
1.0882642965e+00 -1.4977762102e-01
-1.0879999332e+00 -2.2558470003e-01
-4.2407963970e-01 3.4901314114e-01
3.2409637974e-02 2.1478667217e-02
9.4542177608e-01 -4.9539617789e-01
-6.8896213473e-01 -9.0574996550e-03
-6.9705894222e-01 5.2155124628e-01
-6.1194869817e-01 5.3854590546e-01
-8.0874762966e-01 -2.6007636075e-01
9.4942378050e-01 2.5022712674e-01
-7.7845558065e-01 1.1504021841e-01
6.0373889540e-02 6.4490086901e-01
5.6384554800e-01 3.8992346695e-01
-6.9500982118e-01 7.9413269291e-03
2.9711815936e-01 -4.3804084690e-01
3.8154052650e-01 5.4311917343e-01
-2.7756629008e-01 6.2864114101e-01
1.8593767123e-01 -5.5968012105e-01
-5.9722304835e-01 -2.3845688816e-01
-6.0073636114e-01 1.5403829998e-01
-1.2228145951e+00 1.0214878938e-01
8.0856493675e-01 1.9839920392e-01
-1.5501076191e-01 -4.5810198078e-01
4.4966271941e-01 1.7844216078e-01
7.9457130287e-02 3.9504906414e-01
-1.0999449805e+00 2.5398892011e-01
1.0065737412e+00 3.1368040347e-01
4.8060214327e-01 -6.0851441742e-01
6.5809682332e-01 -1.4209435802e-01
-7.3439533675e-01 -1.6691438101e-01
1.1168401963e+00 2.6072523888e-02
-4.6047854423e-01 5.6544784387e-01
-7.3542162077e-01 -1.5233079617e-01
-2.2300278660e-01 -3.9134058608e-01
4.6969277246e-01 4.1980485366e-01
8.6297241847e-01 -3.6439839866e-01
-6.8482725923e-01 -2.6731628203e-01
-7.2575266936e-01 5.5683389515e-01
5.5835341407e-01 1.9707747160e-01
-7.2570961964e-01 3.3624283495e-01
3.3777357078e-01 -4.4659329776e-01
-1.0564187455e+00 -1.2732569480e-01
1.0698052875e+00 3.2560829399e-01
-6.6328608226e-01 1.7892490105e-01
8.9831969927e-01 -4.7728119423e-01
8.1268192882e-01 1.6683131408e-01
7.5341471395e-01 2.4617306404e-01
-2.6382224346e-02 5.8353001654e-01
-4.7161610331e-01 6.2803436486e-01
9.0144025222e-01 -4.6633641676e-01
-8.1242945939e-01 -1.1230697657e-01
-1.3854530136e-01 6.0525564321e-01
-4.1998065177e-01 5.8838996224e-01
4.3178961744e-01 1.1772163252e-03
3.4013268378e-01 -5.9830506127e-01
-2.6285236738e-02 2.7750926719e-01
6.4339662534e-01 -2.1885648615e-01
-2.3872014638e-01 -4.2459786053e-01
8.2178771083e-01 -2.6469806229e-01
2.7515837749e-01 -4.0575644481e-01
-1.9501678746e-01 7.3101988241e-02
-5.7075867068e-01 5.0045542270e-01
-3.9789094820e-01 -3.2259920677e-01
3.4633295745e-01 -5.9946560422e-01
5.4695856041e-01 3.5059923598e-01
6.3797973409e-01 -2.7490037761e-01
-9.4916286836e-01 -1.2094599763e-01
-6.1624162687e-01 2.2742679972e-01
2.6363283478e-01 4.6953270521e-01
-3.3197233940e-01 -5.5280284713e-01
4.1828567936e-01 -5.5392815969e-01
-1.3182634831e+00 1.9741420467e-01
8.5474064469e-01 3.4781062893e-01
-1.8850673043e-02 -1.1677947041e-01
-5.2106038088e-01 5.6859726725e-01
-7.8028294154e-01 -3.9094978012e-02
-2.8937401519e-01 3.6737637518e-01
-3.2218260005e-01 5.4738663439e-01
-7.8687095035e-01 -1.8653809698e-02
2.8421022481e-01 3.0946517431e-01
-6.5884029232e-01 6.0371798832e-01
-1.0329124254e+00 -1.7277721638e-01
-2.2461704765e-01 2.1810365574e-01
-8.2282358256e-01 -2.4988504092e-01
9.1819492691e-01 2.6867785090e-01
1.2832190282e+00 -6.6844902235e-02
8.1271468515e-01 1.2108989206e-01
-7.5963888269e-01 -1.2994417134e-01
-3.7895371014e-01 6.1409083589e-01
4.5870742665e-01 -4.7413608770e-01
1.3379948509e-01 -3.9497055769e-01
-4.1442863071e-02 2.0777614266e-02
1.1116946921e-01 -1.7463133604e-01
-4.1487210292e-01 6.0853952499e-01
4.6595967936e-01 -5.9193922649e-01
5.9066813613e-01 3.4474485329e-02
-7.6654695944e-01 1.1469967123e-01
4.9381468078e-01 -5.2910399995e-01
-9.9982972407e-01 -1.6353808010e-01
3.4390343103e-01 2.5338663652e-02
-8.9348536761e-01 -1.5381468008e-01
8.7324407534e-01 2.0489888125e-01
-7.1602008137e-01 -4.0910159023e-01
-6.8453296051e-01 3.6078478100e-01
1.0863281728e+00 -2.7640489345e-01
1.0489188858e+00 -2.6905283905e-01
-2.8485205400e-01 -1.2330256201e-01
-1.0226722767e+00 -6.9174108358e-02
1.1602783523e+00 -1.2363085377e-01
-5.9325690792e-01 2.5807349337e-01
6.1046657598e-01 4.1887968898e-01
4.9467960896e-01 5.2013575748e-01
4.4118863462e-02 -4.7373445387e-01
-5.7214485841e-01 -3.7458585365e-01
9.6731343338e-01 1.4866178733e-01
-9.2817760132e-01 7.3851493756e-02
-1.6331390963e-01 -5.7226546798e-02
1.3076787759e-01 -3.2252968109e-01
2.0384309058e-01 6.1419148065e-01
-1.0167232041e-01 2.9707335167e-01
1.0785402298e+00 2.0594680160e-01
-5.8928626357e-01 -2.7468849031e-01
4.9276719455e-01 3.5239905968e-01
3.6674108972e-01 -1.5479729829e-01
-6.4563826823e-01 2.5826049485e-01
-6.0375227549e-02 4.5646080931e-01
-6.0828554100e-01 3.4317290003e-01
-3.0054665430e-01 3.6504701219e-01
-4.6174313311e-02 5.8459529959e-01
4.0080334292e-01 -4.7779873454e-01
7.2968114854e-01 1.1446227503e-01
5.3794661062e-01 -3.2776080565e-01
-1.0962768135e+00 2.9539421746e-01
7.0460594733e-01 -4.1690722860e-01
-7.8782727554e-01 -2.8686869585e-01
9.6083998157e-01 2.0090745478e-01
-7.3637513247e-01 -1.7170473589e-01
-9.1570038268e-01 -2.9327679304e-01
-3.0098444996e-01 6.4143758985e-01
1.0879538851e+00 -4.9742235528e-02
-5.2581301920e-01 -2.4640240708e-01
4.2065619731e-01 -6.1711715390e-01
8.7681363855e-01 9.8648820290e-02
1.2814640512e-01 -3.3379336926e-01
-2.8434381603e-01 6.5191823615e-01
7.8371943354e-01 -8.8275745747e-02
-3.4409229092e-01 6.1770294116e-01
2.6439287226e-01 1.2303324869e-01
-5.8717829659e-01 1.7520160524e-01
-2.2412555517e-01 -4.7723814119e-01
1.2245216370e-01 5.4897406879e-01
7.5833295056e-01 1.4968382702e-01
-5.2353074914e-01 6.0327199149e-01
-4.8503472871e-01 2.8483689226e-01
3.3491971694e-01 -5.5767141265e-01
-8.1148751001e-01 1.8395387878e-01
-1.2693494168e+00 1.8637059904e-01
-9.1566571469e-01 4.3132684772e-02
9.6755079838e-01 3.2795092713e-01
4.6732146831e-01 -1.1449092597e-01
5.5618499002e-01 -6.4715634686e-01
-1.9361360809e-01 -2.9308384690e-01
2.1937839510e-01 -7.9431487065e-02
3.0830863607e-01 -4.8696628018e-01
-5.2737397064e-01 2.4786744949e-01
4.4905387907e-01 -6.3058234975e-01
-7.8735162605e-01 -3.7483974241e-01
-3.1244486671e-01 6.6821348350e-01
-2.4638620332e-01 6.3400658951e-01
-5.3185128983e-02 -4.3505018209e-01
4.2606141174e-01 -6.0691587230e-01
4.7409824466e-01 -2.2732579680e-02
-9.6085185129e-01 -2.6976678126e-01
-2.1688116925e-01 -3.3086902024e-01
-9.5301511906e-01 4.8409741549e-01
-4.3730876837e-01 6.4335588203e-01
-3.7894805638e-02 3.2972156863e-01
6.7729507397e-01 1.5045825467e-01
8.2132669492e-01 -4.8196852213e-01
9.8074317893e-01 2.4723505043e-01
-1.1730162328e+00 6.4662743289e-02
-1.1048494067e-01 -1.8360069452e-01
-1.0144480315e+00 4.0274657534e-01
5.7497343246e-01 -2.0265316835e-01
-3.7927220418e-01 2.0321412621e-01
8.3061116314e-01 -2.6362483429e-01
-5.4194995005e-01 -4.7788963737e-01
-1.1453789562e-01 -4.0589911334e-01
-5.4410827902e-01 -3.0004329985e-01
-1.1932373694e+00 3.2131196592e-01
-5.7176836826e-02 1.5925700607e-02
6.4274877295e-01 -6.0865820731e-01
-8.2701915843e-01 -2.1244934084e-01
3.8688949997e-02 -5.6673572942e-01
-5.2044484915e-01 3.6991109297e-01
4.7851625177e-01 3.8855594063e-01
-6.7109336781e-01 4.4224405576e-01
-9.9883879719e-01 -6.4422862675e-02
3.9178644392e-01 3.5335821204e-01
1.2447272649e+00 -1.9563339419e-01
2.9615939185e-01 -4.4580736942e-01
4.8387168547e-01 5.5560671535e-01
1.3640348953e-01 -6.4410571108e-01
-6.7326705341e-01 -3.6459964324e-01
2.3403930378e-01 5.7961671727e-02
2.1803138489e-01 3.8765345261e-01
-1.2467728899e+00 1.7725216738e-01
-4.2312825673e-01 5.2457243557e-02
-9.1434500310e-01 -1.4161094906e-01
7.7688195499e-01 1.7183484852e-01
7.2756553399e-01 -3.5682339067e-03
-5.0415178270e-01 -2.2114134539e-02
1.1084470193e+00 9.5920042932e-02
-4.5022310556e-01 4.9817075096e-01
9.3174713742e-01 2.4938295251e-01
-3.4543235539e-01 5.9673922397e-01
5.8045818390e-01 -4.5084358186e-01
4.3332905774e-01 -4.7065608858e-02
1.0063089685e+00 -1.7158907115e-01
-8.2185857262e-01 -1.6340715853e-01
-1.0156799816e+00 -1.3170701332e-01
-6.1838815454e-01 -4.3636522152e-01
-1.6583649154e-01 -4.1698647873e-01
5.2354344070e-01 3.4679565672e-01
3.4059779405e-01 2.7443131325e-01
-8.6309579534e-01 4.2093072374e-01
7.2408551880e-01 -4.5754145437e-01
-1.0673021770e+00 3.0378448128e-02
2.4429652945e-01 -6.6618764447e-01
-7.8801545955e-01 5.2728542937e-01
-5.9434230628e-01 -3.5725439177e-01
6.1633434859e-02 4.7705231641e-01
-5.5931139674e-01 6.3890229440e-01
8.1466124354e-01 2.8785001497e-01
6.3522634648e-01 3.4365967001e-01
-4.6080272469e-01 2.5620824575e-01
1.0148574000e+00 -4.4764027225e-01
9.6205970523e-01 2.4519229509e-01
-3.0772288459e-01 4.4627384943e-01
5.1308130914e-01 2.3218510090e-01
2.0224886319e-01 -4.5376867882e-01
6.4774758741e-01 1.9485765725e-01
1.2004434595e+00 -2.9250008224e-01
-7.3193983034e-01 -1.0890818476e-01
2.8004025049e-03 -6.0043436668e-03
-4.2838452262e-01 -7.1720804455e-02
1.0239864516e-01 2.9192517929e-01
4.7550439171e-01 4.5703339767e-01
-1.2842460611e-01 4.5945346568e-01
6.8668880934e-01 8.6915925630e-02
-1.1764544350e-02 -5.3102925589e-01
-4.1649502433e-01 3.4124403483e-01
4.6989207273e-01 2.4975629009e-01
-5.1404452424e-01 1.5488873889e-01
-8.8314283954e-01 4.4855090749e-01
1.1012962570e-02 -6.1645113817e-01
3.1903215274e-01 2.5757498011e-01
4.3298590479e-01 8.1804327330e-02
-7.3710620688e-01 3.6317178774e-01
-4.3964103058e-01 -4.2567449815e-01
-8.3638997476e-02 4.7722471282e-01
5.4853597012e-01 -2.9628376477e-01
-3.3465973341e-01 5.3335964201e-01
-2.3556791525e-01 1.6777645212e-01
-2.4363554022e-01 -2.1940977842e-01
4.1304512419e-01 -3.7266606738e-01
5.7472120972e-01 1.3691355862e-01
1.0759110430e-01 -5.0167158327e-01
6.2920596145e-01 -5.9079527681e-03
-5.6414636729e-01 1.0954407344e-01
-6.0791937160e-01 1.5805148125e-01
2.5217989542e-01 -4.4665999038e-01
-1.6024533817e-01 -4.3250408955e-01
-8.0432814034e-02 2.6112072246e-01
2.2858535785e-01 2.1973109981e-01
-9.7061358052e-02 -5.7138065447e-01
3.9176977928e-01 -5.4017003944e-01
4.9820839232e-01 -1.1763262397e-01
-9.4971403332e-01 1.0715745551e-02
-7.4585901960e-01 1.4102352748e-01
-6.2913014982e-01 5.4520732503e-01
4.0395994695e-01 -4.8229326391e-01
-4.7571755408e-01 4.9614083826e-01
3.1784731341e-01 1.6489479258e-01
3.2580365869e-01 4.8986844093e-01
3.5336352619e-01 -4.4318521250e-01
-2.3505691560e-01 -4.9081776944e-01
8.0572512034e-02 5.1461579245e-01
2.9920661991e-02 4.8491405167e-01
8.2096633971e-02 -4.9779736959e-01
5.9882812489e-01 -1.4614308935e-01
-4.1751716146e-01 2.5070040129e-01
-2.2048737038e-01 2.0424896518e-01
4.4148121151e-01 -4.3322167594e-01
-6.1686964592e-01 -4.0443488392e-02
-8.0586274391e-03 4.5189928413e-01
-5.3377376439e-01 1.0345697576e-01
1.0586885792e-01 -4.7162393104e-01
-1.0022453831e-01 2.1427119159e-01
6.0791917133e-01 1.8084666725e-01
-6.5748440349e-01 1.7987740030e-02
-5.3083570076e-01 4.7287649540e-01
5.5348265830e-02 4.5918651503e-01
3.8702621991e-01 4.9982728387e-01
8.0837698844e-01 -4.3414417923e-01
-4.4623818760e-01 2.3031516649e-01
-1.6098425297e-01 4.7849531479e-01
-5.8063943115e-02 -5.3132655068e-01
5.6984279365e-01 -8.6270380952e-02
2.4545722230e-01 5.3718774708e-02
7.2813091052e-01 9.9744817833e-04
-9.2144664318e-01 -1.3133582130e-01
-3.6406504162e-01 4.9801322711e-01
-3.7741731208e-01 5.1417282637e-01
6.8794217530e-01 1.9224755288e-01
-6.0209058679e-01 2.7704694802e-01
7.5857675415e-01 -4.3386499891e-01
-7.0451766292e-01 3.4769320016e-01
-8.6018327723e-02 4.4526381274e-01
-3.9583808087e-01 -4.2955569751e-01
-1.7976551612e-01 -2.3780694014e-01
3.2526356331e-01 3.4037562247e-01
5.7273018304e-01 5.2214622445e-02
-5.6443487252e-01 -4.9061704977e-02
1.4362652465e-01 -3.7512152157e-01
-1.1562323282e-01 4.3408691558e-01
3.6217587763e-01 -5.6392378360e-01
-5.1106031288e-01 -1.5500175866e-01
6.7146023613e-01 -3.3204146662e-01
-4.2228724434e-01 3.4851287081e-01
6.4591452624e-01 -4.3715852322e-02
-6.8999808659e-01 -5.6293728991e-03
1.4273913361e-01 3.2232006860e-01
1.2038903170e-01 -3.6697240692e-01
1.3260633195e-01 -6.8900818163e-02
8.6794134998e-01 1.8629699876e-01
-6.9877727309e-01 -2.8295975482e-01
3.0696085927e-01 -5.3257638412e-01
-3.4992043120e-01 3.5206912818e-01
-1.8710322309e-01 6.0914652612e-01
-5.3454054578e-01 -7.3921565545e-02
-3.1126989381e-01 5.6600831443e-01
8.4794719105e-01 -3.4919854675e-01
-1.0669728817e+00 8.1439064527e-02
1.0514233991e+00 -1.8712777556e-01
8.6302754541e-02 -4.6273352854e-01
3.6296050051e-01 -5.6819587255e-01
5.5687168260e-01 4.9959967521e-03
1.4196933894e-01 -5.3459461913e-01
3.9817883067e-01 4.0310084637e-01
1.0044523327e+00 3.5049852519e-02
-5.3863152167e-01 1.7591152809e-01
3.5445338999e-01 -4.6800685583e-01
-1.8495889709e-01 -4.2735977983e-01
-7.8845548294e-01 8.0066404668e-02
-3.5226337313e-01 5.0752649350e-01
-7.8389745569e-01 1.0802092109e-01
4.3939597908e-01 -4.9758133261e-01
-3.1906348038e-01 5.3815557048e-01
6.9113757570e-01 1.0604665358e-02
-2.6216834460e-01 4.6654698127e-01
2.4701773802e-01 -4.0893378543e-01
-4.2900045573e-01 -2.3319925342e-01
3.0228322282e-01 4.9222293607e-01
9.1072083022e-01 1.1706572389e-01
-5.1041419224e-01 1.3275079076e-01
-9.5118424354e-01 4.3108951144e-02
-4.3916495852e-01 2.2209591057e-01
-2.5797618577e-01 -5.7381528336e-01
4.4484204949e-01 -5.7324173865e-01
-1.3810176094e-01 2.2122272711e-01
4.2255605773e-01 2.6466893807e-01
-2.5748524209e-01 9.0806581700e-02
-5.9323049104e-01 1.1970415223e-01
3.3966121479e-01 -4.2070948005e-01
-2.0276223822e-01 4.9097297881e-01
-6.6326820761e-01 5.7564826114e-01
-4.9108719866e-01 -2.3742612045e-01
9.8119223416e-01 -2.1345838053e-01
-3.8599985349e-01 1.6815182278e-03
3.8018910898e-01 3.6195875795e-01
2.1098492494e-01 5.4377582456e-01
-8.1419402379e-01 -3.9841225383e-02
4.7867755521e-01 1.0016570340e-01
-6.5556003381e-01 3.0771546994e-02
2.8340816468e-01 -5.5530953160e-01
4.7910055530e-01 -1.4483779926e-01
3.7115248637e-01 -5.6432584271e-01
-7.0398620031e-01 -3.1098664802e-01
1.0272996807e-01 1.4988511805e-02
-7.4793964546e-01 4.5661480427e-01
7.4958304610e-01 -1.8165055339e-03
-2.3302206630e-01 5.7481961754e-01
1.6714680591e-01 -2.0462492541e-02
9.5470920130e-01 9.4404548356e-02
-5.5628212549e-01 -2.9538049980e-01
-3.2466795525e-01 -3.1685684147e-01
-3.2483656008e-01 4.6266158502e-01
3.9642372582e-01 1.6647033592e-01
-3.5402596837e-01 2.5110236700e-01
4.7452374617e-01 -4.0704614602e-01
-9.6292645413e-01 3.1938008004e-01
-5.3896969319e-01 3.3396610145e-01
4.1894400223e-01 -4.3784900237e-01
-8.7097794915e-02 -2.2107099151e-01
7.0827343490e-01 1.0224043238e-01
3.3433584901e-01 -3.3093919501e-01
-1.1918740122e-01 4.8042561048e-01
5.7225631075e-01 1.9194274163e-01
-9.9062447550e-01 1.5349079131e-02
1.5835541648e-01 -4.1328336371e-01
-2.9473734577e-01 4.4696165040e-01
-1.6940394036e-01 5.3158837987e-01
2.7990151525e-01 1.1242489883e-01
5.1010181653e-01 -1.7623001655e-01
-5.1677176405e-01 2.6167927891e-01
5.3668415842e-01 -4.3775102162e-01
1.7907840933e-02 5.5740041258e-01
1.2015256286e-01 -4.3987757584e-01
1.4573113527e-01 2.4166836032e-01
-4.5113138738e-01 2.5173075480e-01
9.1598180642e-01 9.0361202777e-02
-9.3887281925e-01 5.0031021346e-02
2.4107988969e-01 -1.9933155475e-01
4.0196663416e-01 -5.5866756184e-01
8.2860105857e-01 -3.5178963286e-01
-3.9843148064e-01 3.4261677421e-01
-7.2953471295e-01 -2.6543204892e-01
-1.0715883178e-01 -2.2040038706e-01
2.0157135624e-01 4.2668721895e-02
5.6160194307e-01 -2.7879391079e-01
3.3745443712e-01 -4.6538523622e-01
-8.0034376608e-01 5.1247693002e-01
4.3058689910e-01 6.9402736460e-02
-3.9975803077e-01 5.1668958156e-01
3.2770737589e-01 -5.2406366891e-01
-9.5914299149e-01 1.4620185876e-03
-3.4456370929e-01 3.9692457773e-01
6.9310532992e-01 -2.8320572917e-02
-5.7033852083e-01 1.7428211017e-01
8.6994837353e-02 4.5017708175e-01
7.9178577941e-01 -4.0898729915e-01
-3.1312053608e-01 5.1413346203e-01
9.6406277182e-01 7.4330442563e-02
1.5752877008e-01 -6.0025560874e-01
-3.4395883183e-01 5.2265877494e-01
1.8263739607e-01 -4.9818620813e-01
1.4139507137e-01 5.2443637745e-01
8.6354036759e-01 1.5863375186e-01
-6.6383706109e-01 4.9806080305e-01
2.7544521682e-01 -1.5419727734e-01
-3.0618544994e-01 6.4018693517e-02
-1.3797145330e-01 5.8080697831e-01
9.6498682522e-01 -2.3025349836e-01
-1.7398391054e-01 4.7924743049e-01
3.4077868476e-02 3.9051422981e-01
-2.4717941492e-01 -4.9336893129e-01
4.8241900184e-01 -4.2260317221e-01
5.1155797842e-01 -2.8456624046e-01
-8.7348246143e-01 -6.5648455553e-02
8.1070055294e-01 -1.0812699200e-02
3.5512139376e-01 4.7857990554e-01
-4.2095164203e-01 -2.0407086094e-01
5.8232152001e-01 2.4299915181e-01
2.5877412429e-01 -2.6760035345e-01
-5.8515453986e-01 2.9166307526e-01
-6.8066793647e-01 5.6458381015e-01
1.7481335098e-01 -4.1027448975e-01
-3.0037426455e-01 -3.8902506493e-01
-3.0436179329e-01 4.1908361356e-01
-1.6168498246e-01 4.9950847496e-01
-2.3842026699e-01 4.5951934053e-01
2.8988349017e-01 -4.2284708481e-01
4.3537956792e-01 1.2314024488e-02
4.4122891189e-01 -3.9752135148e-02
-3.7958035672e-01 3.0411265968e-01
-2.5677136562e-01 2.1641163290e-01
3.8413637358e-01 -4.1364283782e-01
-6.5618344138e-01 -3.5077420881e-01
5.2495179726e-01 2.3772650050e-01
9.4338313416e-02 4.0116240674e-01
-4.9039629404e-01 -3.6133798301e-01
-4.0644024798e-01 5.7666070323e-01
4.4296066615e-01 1.9584762093e-01
-9.8160742307e-01 1.6637779652e-01
2.8944315183e-01 6.7171600792e-02
4.5713023970e-01 -3.2663198089e-01
5.4473945563e-03 -5.8643860786e-01
-7.0819933103e-01 -1.3560019950e-01
4.7263748205e-01 -5.5541646400e-01
-3.9181076168e-01 -2.4578926658e-01
3.9386849837e-01 2.3545863084e-01
-5.4076908325e-01 -2.8604009248e-01
2.1273177192e-01 -1.2044648474e-01
-2.8283567626e-01 3.3573116755e-01
4.5671618991e-01 -3.8193853238e-01
3.1375620937e-02 -2.1395796148e-01
-3.7614059418e-01 -1.1429027320e-02
6.2173120507e-02 3.7045564239e-01
-9.0213973784e-01 3.5892436141e-01
1.6727714879e-01 -2.7647780668e-01
-9.9177927584e-01 1.3811088434e-01
-1.8760704338e-01 4.5990159269e-01
-6.9691225103e-01 -2.5817096502e-01
7.6852879281e-02 -3.7605958467e-01
5.7010828471e-01 1.9668995312e-01
3.0733001757e-01 -1.6474837470e-01
5.5895417526e-01 -5.5685397276e-02
-5.2482305376e-01 -1.8522888888e-01
7.1540633134e-01 9.3189160235e-02
3.0188765251e-01 -4.6751432716e-01
2.9784088247e-01 3.0661130708e-03
-5.3623654051e-01 4.8413307452e-02
6.4299685374e-01 3.6886425983e-01
-3.5559164072e-01 2.5864472399e-01
-5.3945294273e-01 -9.4448487359e-02
4.5209767116e-01 2.9731851592e-01
-1.2463803301e-01 -5.5191749705e-01
7.8148202110e-01 2.2414046381e-01
-2.4754767159e-01 3.7139768159e-01
-7.6890014597e-01 3.7979781410e-01
1.5315578744e-01 -5.9926106610e-01
-6.2755663158e-01 5.0489395357e-01
2.0933705060e-01 4.9636968588e-01
8.4144120520e-02 -4.7830260061e-01
3.8373370389e-01 -4.8850649928e-01
-3.6729798289e-01 4.1542296426e-01
8.5741308744e-01 -2.9145960646e-01
-1.0567640587e+00 1.0537265669e-01
8.5925823774e-02 5.1411428528e-02
-3.9843481201e-01 2.2483697726e-01
-8.2128846220e-01 -9.0325831015e-02
7.3491204810e-02 -4.8359575167e-01
6.1945178721e-01 4.0724773046e-03
-8.5303445617e-02 5.5794817753e-01
1.5731790970e-01 -5.3590597106e-01
-6.5564869367e-02 2.0266906032e-01
2.2683677016e-01 1.6766655908e-01
-3.9304438502e-01 3.8484203664e-01
4.8631397777e-01 -3.7195126078e-01
-5.0352614852e-01 3.0653937048e-01
1.4036704792e-01 3.2128903360e-01
1.4636603539e-04 -3.6926917374e-02
7.1466481859e-01 6.5527846346e-02
7.5781802798e-01 -4.6734634645e-01
-3.6626855420e-01 5.2397734516e-01
-5.2357193196e-01 -1.6287256036e-01
-3.2543096943e-01 4.5080389687e-01
3.3169198895e-01 -5.2347193596e-01
1.9657983861e-01 -3.1830397420e-01
7.7907649013e-01 2.6684025990e-01
8.2587495774e-01 2.6237464944e-01
-7.3136365783e-01 4.0698073602e-01
-1.4574940554e-01 -3.4225996596e-01
2.5592208345e-01 -1.5139111308e-01
7.0612816155e-02 3.8686662673e-01
2.9145572859e-01 -3.6936706877e-01
-1.0226016089e+00 2.2511224906e-01
6.2546816929e-01 4.0811195569e-01
-5.6991775555e-01 -9.9054244806e-02
5.1043828543e-01 -2.9798553486e-01
-3.0555600639e-01 5.3531576288e-01
-9.1726572783e-01 -1.3536965226e-01
6.5565728512e-02 3.6884952092e-01
-4.4609429315e-01 -3.9327513361e-01
5.7036303753e-01 2.0414230347e-01
1.8232062358e-01 -3.7368611253e-01
-1.8698188704e-01 -2.7395393511e-01
3.0796381186e-01 3.4991247749e-01
5.5480175085e-01 2.3240660275e-01
8.5961651208e-01 2.4802556576e-02
-2.8670026269e-01 5.7068257251e-02
8.8682675019e-01 7.9627292491e-02
3.0024360087e-01 -1.6308737802e-01
-4.6606370306e-01 -2.1050440755e-01
-8.2908738435e-01 -1.4381433700e-01
4.0895644445e-02 5.5060414538e-01
9.4820011893e-01 -5.1826237305e-02
-4.1140452654e-01 -3.4344957180e-01
-1.4353820165e-01 -3.4359929835e-01
-2.0071039111e-01 5.0038321389e-01
7.8943127458e-01 -1.1211552230e-01
3.1510427835e-01 -3.1385500773e-01
-8.8394012409e-01 1.6973703203e-01
-4.6358537666e-01 -1.5497749959e-01
8.0237364041e-02 1.1457997555e-02
-4.7561610311e-01 -2.6761328018e-01
7.8673299479e-01 2.6940774734e-01
3.0798264383e-01 -5.7520990852e-01
7.9643684752e-02 5.6519865462e-01
7.5290787939e-01 -3.0556019979e-01
2.0673924444e-01 -6.3921876874e-01
-2.7810226486e-01 4.9885637732e-01
2.4500175797e-01 -3.9544635305e-01
4.2981303485e-01 -4.1521241382e-01
-3.2100839729e-01 -6.7006856604e-02
-8.2388274801e-02 5.7514838157e-01
-9.1598527250e-01 -1.1452961816e-01
3.0658977476e-01 -3.6966766518e-01
-1.5447564072e-01 2.6343855395e-02
4.5420607883e-01 2.1681329649e-01
-8.2043639016e-01 3.0440716302e-01
-1.2016875086e-01 -7.8186878322e-02
-6.3839431938e-01 -2.3583665865e-01
9.1827902230e-01 5.5832422550e-03
-1.6315135808e-01 5.5509373514e-01
-7.3285291270e-02 5.3927059973e-01
5.0482757471e-02 2.7118947760e-01
4.0877365689e-01 -1.6621570813e-01
-8.1422076209e-01 5.0488028968e-01
-5.3624870868e-01 5.0933766733e-01
6.2198991994e-01 -1.9732612894e-01
8.4810072780e-01 2.6957084439e-01
-8.9899071389e-01 1.2368064354e-01
6.9698905405e-03 -4.2815140998e-01
1.1705138720e-01 -4.7732077319e-01
6.1198612098e-01 6.6186598248e-02
4.4709959449e-01 -1.3250934264e-01
-5.1970248147e-01 2.5403341868e-01
-1.0328511281e-01 4.5626409275e-01
3.6060273640e-01 -4.3111000020e-01
-1.3076997894e-02 -4.7506132795e-01
-5.1651991160e-01 3.8919130835e-01
6.3727943948e-01 1.5346341231e-01
-6.4126226528e-01 -3.7481169909e-02
5.3305072248e-01 -4.7207928633e-02
-1.1468336032e-01 -5.4057986845e-01
-1.6347356632e-01 2.6417719582e-01
-8.1716252903e-01 -6.4789365333e-02
1.6841233135e-01 2.3339438128e-01
2.4439475472e-01 -1.5763030293e-01
-3.2976721118e-01 -1.6813429813e-01
8.4458810771e-01 -4.0350348981e-01
-7.2014617556e-01 4.1508112791e-01
2.9882567227e-01 -3.5129148226e-01
1.1815891505e-02 3.7240487245e-01
3.5461841026e-01 -5.4245011643e-01
9.3682470032e-02 -3.3654414267e-01
-1.8187337044e-01 3.2175540861e-02
6.3398036324e-01 3.8189973922e-01
-6.1445113969e-01 -1.2266952461e-01
-6.1795991840e-01 1.6657990239e-03
1.3679991278e-01 5.2884231049e-01
-5.4653685278e-01 4.6199050679e-01
4.6365257194e-01 -4.3768638988e-01
-1.0605076871e+00 2.9324604348e-01
-1.7322956734e-01 5.3320713091e-01
5.3178817642e-01 -2.6995532184e-01
5.5424991332e-01 -1.8818484505e-02
-5.8542652139e-01 -1.3768040517e-01
-1.8291110051e-01 4.3575032296e-01
-4.7421063812e-01 -3.8135090776e-01
1.6042349621e-01 -3.3542115997e-01
6.0691650151e-01 1.8146893777e-01
-4.0064966860e-01 5.5879544199e-01
1.7241337330e-01 -4.1391461628e-01
9.1780472961e-01 -1.3892498190e-01
-5.0002567895e-01 5.5939678143e-02
-3.3190590682e-01 4.4239039243e-02
3.4377820500e-02 -4.5264568101e-01
-2.1419208393e-01 -4.8935001948e-01
-5.4670770908e-01 -1.9718018184e-01
4.7022216895e-01 -5.7508357244e-01
-1.5390831453e-01 2.6332621529e-01
9.5173834065e-01 2.1948308140e-02
-3.5145590363e-01 -4.6926032377e-01
9.4429893506e-01 -1.3767287192e-01
-3.8812479105e-01 -8.3104383410e-02
-1.5038154422e-01 4.4641482416e-01
4.7557054454e-02 5.5824873060e-01
-8.6586866441e-01 4.7108896699e-01
-3.7748167577e-01 -2.4331709673e-01
3.0800683688e-01 5.4643330059e-01
2.5542737201e-01 -2.4381816565e-01
2.6391917508e-01 4.8324673321e-01
2.9982055024e-01 2.1238958045e-01
6.0198918171e-01 3.9969993569e-01
8.4691000798e-01 -3.5709881046e-01
-4.2083721513e-01 -5.5350201392e-02
9.1113238370e-01 -9.6788641528e-02
2.2726249181e-01 4.6963535431e-01
-7.1967418763e-01 5.4538473696e-01
2.1824085285e-01 -3.8082432205e-01
-2.8826398126e-02 -5.8537276558e-01
-6.1533257595e-02 4.1006849751e-01
4.4106752450e-01 -4.3799169506e-01
-4.3188139325e-01 1.2623931210e-01
-6.9009122011e-01 -1.5162531281e-01
-2.2361481701e-01 5.0811243256e-01
5.6690271094e-01 2.0865110445e-02
7.0334150301e-02 1.1085663195e-01
2.4986166549e-01 -2.6461119550e-01
-3.0261508724e-01 -4.8099313604e-02
5.0561874386e-01 -1.9021277373e-01
7.9903350179e-01 -4.5612134382e-01
2.3325414413e-01 5.3994323176e-01
-3.9027893661e-01 3.2027067548e-02
1.3988100218e-01 -3.6324082064e-01
-7.1747254356e-01 -1.3146584108e-01
2.2646726188e-01 5.3260051093e-01
7.1446823927e-01 2.8270474324e-01
-9.1194771236e-01 -1.3756879694e-01
-5.5370044584e-01 -2.0082100201e-01
6.1666203324e-01 1.7368995299e-02
8.0151333390e-01 -4.2069604872e-01
-7.6141042342e-01 4.4671460535e-01
5.7431496059e-02 -3.7561022977e-01
-2.3328336617e-01 4.1686380727e-01
-3.5806826491e-01 5.2136936180e-01
-6.0335433712e-02 -1.1029391158e-01
1.0162632871e+00 6.4422133960e-02
-5.0310897501e-01 -6.8197979960e-02
4.0619845688e-01 -4.8554703904e-01
2.1551495438e-01 3.4878464421e-01
-8.2824359065e-02 -4.4167045067e-01
-9.0180472151e-01 -6.4084730040e-02
2.6401179287e-01 -5.2087213566e-01
-5.5031014852e-01 -4.0262745699e-01
8.2618476534e-01 -4.1126832628e-01
-8.1619628541e-01 3.9741431258e-01
-6.1805561548e-01 4.8727861177e-01
3.4123903550e-01 -5.5412085565e-01
4.0690493004e-01 -4.2526224779e-01
8.3074917897e-01 2.3631303823e-01
-9.0185081613e-01 1.5069196493e-01
1.2909369607e-02 5.7750716836e-01
1.1187599207e-01 -4.4948008381e-01
-6.5975393038e-01 -8.0010095379e-02
-5.5490539541e-01 -1.5502741828e-02
-3.1113183891e-01 -4.1471155294e-01
6.3759336986e-01 -1.5531611634e-01
-5.6182946172e-01 5.2577771008e-01
5.0855014124e-01 -4.4269263210e-01
7.5696491806e-01 -8.5030096984e-02
7.6682555609e-01 -3.0113234934e-02
-4.8809357773e-01 -1.7376367435e-01
7.8784342858e-01 -8.5656121633e-02
-7.6970810412e-01 1.0528007033e-01
5.4642999037e-01 -3.6314508652e-01
-4.1547765952e-01 9.9559149685e-02
2.5537073390e-02 -5.0921430962e-01
-2.5595059183e-01 6.1715688736e-01
-2.4533643024e-01 4.2482288763e-01
6.1301660039e-01 -5.5408748941e-01
-5.1638006162e-01 -3.5011781383e-01
-1.9934367021e-01 5.4199416953e-01
3.2767275848e-01 -1.6783277558e-01
-4.1825974557e-01 4.2600655315e-01
-7.2485898169e-01 -1.4033554664e-01
3.7087521197e-01 -4.8464972722e-01
1.8100953170e-01 5.0601654498e-02
-9.9185452637e-01 1.4413465230e-01
8.7470034469e-02 -5.8731621100e-01
-8.9817396862e-01 9.4675062538e-02
5.8474228293e-01 3.3486768809e-01
-4.3008425234e-01 2.8116027389e-01
2.1120102120e-01 -6.0823759240e-01
-5.4351244646e-01 5.0914261576e-01
5.7037374380e-01 3.9269645218e-01
8.0491304668e-01 -4.7209685175e-01
2.8015478431e-01 3.0810379907e-01
8.4978064766e-01 -3.3365190078e-01
-9.6626306493e-01 1.5629793887e-01
5.2760300510e-02 1.0009796134e-01
-3.8416847078e-01 3.4805725820e-01
-3.7993202644e-01 4.9973014549e-01
5.1140393628e-01 2.3159476354e-01
5.2692723542e-02 -1.8360500460e-01
-6.5858598396e-01 5.5135370731e-01
1.4242048655e-01 4.2939898679e-01
-8.4744428074e-01 3.6682501727e-01
4.7145098392e-01 2.4979179397e-01
4.0416054734e-01 -2.0080986323e-02
-1.0465514423e+00 1.7696000120e-01
2.7442132256e-01 5.9323627618e-02
3.8767469453e-01 -5.7325132527e-01
1.3357522251e-01 -3.4831315788e-01
8.5181012583e-01 1.8649905240e-01
8.4266761622e-01 -4.1556095179e-01
-4.2164322743e-01 4.9904652900e-01
-3.8278940910e-01 -1.8834321661e-01
7.8205667973e-01 2.9624345224e-01
-7.5279567240e-01 4.3969253028e-01
2.8095441545e-01 -5.6394198204e-01
7.0437996737e-01 -4.0155302011e-01
-2.1084429664e-01 3.1065789436e-01
-2.7319922609e-01 -2.0062132812e-02
2.9880106964e-02 -2.3302701576e-01
-5.0790838909e-01 -2.4773684775e-01
3.2943412372e-01 -3.1609139110e-01
5.6158558152e-01 -1.6562402739e-01
-1.5785829405e-01 -3.1657790553e-01
-7.1093157250e-01 -2.3828594546e-01
5.4755551811e-01 2.0149264358e-01
-3.9816543995e-01 -3.0891244372e-02
9.9106109795e-01 -8.2389097706e-02
2.7745233228e-01 4.6023028837e-01
-6.7609710383e-03 -4.7563653793e-01
3.1366344171e-01 -5.1471357267e-01
7.3919021417e-01 2.4648860758e-01
9.1333933425e-02 2.4847197029e-01
-6.2045665432e-01 2.3717291784e-01
3.7793423276e-01 1.5900066690e-01
-6.0260853400e-01 5.1187913762e-01
-6.3757153987e-01 -6.4760441774e-02
9.7021745920e-02 3.0223410830e-01
7.4320142419e-01 -1.0967154911e-01
1.0287531421e+00 -1.7208083140e-01
-3.1505182344e-01 5.7281796423e-01
-3.8628989680e-02 5.9478456471e-01
-3.0980742933e-01 4.8534779123e-01
3.7268720347e-01 -4.5245992842e-01
-6.6974638970e-01 -2.5067908322e-01
3.1090869196e-01 5.1218581568e-01
1.6149662612e-01 2.0962327724e-01
-3.2429682858e-01 -6.7694446150e-02
-5.5300507396e-01 -1.5306408004e-01
5.7938801940e-01 1.9808217419e-01
1.0350953641e+00 -9.6059436760e-02
1.9511795609e-01 -1.8443459415e-01
3.9547017671e-01 -4.2598390827e-01
-1.0274186510e+00 2.7233501694e-01
3.1339285746e-01 -4.7962117442e-01
-4.4411613705e-01 4.5864147618e-02
7.4783291285e-01 -1.0951503556e-01
-3.6259427771e-01 -1.6686092705e-01
-2.7467537369e-02 3.7152039880e-01
-1.7933398315e-01 -5.3798937884e-01
4.6230151120e-01 4.1685800542e-01
-6.2406637980e-01 -2.4100150428e-01
-5.9010871734e-02 -3.5585388977e-01
2.0447404216e-01 4.6506426322e-01
6.9174927094e-01 7.8408687730e-03
-5.5783016280e-01 1.5325054622e-01
3.1004528894e-01 9.1201133040e-02
-3.6276590136e-01 5.3666505793e-01
3.3117396087e-01 -5.1247105422e-01
4.8763116092e-01 5.7937493445e-02
8.7195806328e-01 -4.2346059835e-01
-2.7579430976e-01 4.4825043188e-01
4.8475493865e-01 1.0563023464e-01
-4.6558182276e-01 -3.1812198753e-01
-7.5521361523e-01 -1.3329635214e-01
4.2611329197e-01 -5.6481352587e-01
5.9176730931e-02 -2.3407710679e-01
-4.8368271593e-02 3.1093170960e-02
5.4943400486e-01 2.8873158313e-01
-3.4264754516e-01 5.4547908255e-01
3.6848629082e-01 -4.8447760569e-01
-1.9202536972e-01 3.3609089210e-01
-1.1276559664e+00 4.2946164919e-02
5.2271258082e-01 1.6500198877e-01
-4.3533059164e-01 -1.1213916007e-02
1.2086005583e-01 -3.3943023556e-01
-4.1079842497e-01 -2.2561507357e-01
9.3825746130e-01 -2.3747356562e-01
-1.0443881951e+00 1.9511709436e-01
1.4202758075e-01 -7.9498508862e-02
-5.6337804922e-01 4.9467765582e-01
-8.2058432464e-02 5.4340007962e-01
1.5192933223e-01 -5.5361715277e-01
-4.0550309397e-01 -4.7101701025e-01
-1.4798710697e-01 4.6829675541e-01
3.5030079774e-01 -3.1162606566e-01
-3.6837125912e-01 3.0489636596e-01
1.5179996950e-01 5.1333366263e-01
7.9532030809e-01 3.7051345546e-01
-4.6561118885e-01 3.6644297395e-01
2.6518480153e-01 -9.5641751461e-02
-3.1575453021e-01 1.1997257809e-01
-4.6571741879e-01 4.6951298472e-01
5.1439565082e-02 -3.8794451981e-01
6.8922821772e-01 -2.2320259485e-01
-3.0851660394e-01 5.3929363906e-01
2.2543021599e-01 4.3283957169e-01
-1.2862970021e-01 -4.6537755597e-01
3.0357822255e-02 -3.7361898823e-01
4.9798257438e-01 2.8647536690e-01
4.2157799125e-01 9.3831928180e-04
-1.9991083563e-01 -2.2729139047e-01
9.2735923194e-01 1.6669369854e-01
-6.9574823082e-01 2.8075700685e-01
3.0812790646e-01 -5.3967798400e-01
-1.0004677517e+00 2.5168657153e-01
-1.8265435373e-01 -4.4542325562e-01
-3.1800641856e-01 4.3213131217e-01
-6.3293921960e-01 4.2560934428e-01
-1.3857342363e-01 1.5414614260e-01
-4.9438098265e-01 -3.8814120101e-01
1.1473847224e-01 3.1502482100e-01
3.5608320286e-01 -2.2588449190e-02
-9.1384463372e-01 8.9650652156e-02
2.6247555908e-01 2.0443859913e-01
-3.2015501837e-01 5.0228581351e-01
5.6272293216e-01 -1.5005284081e-01
7.0480022082e-01 -6.5996987578e-02
-3.9377105820e-01 4.6484766292e-01
8.5465810271e-01 2.4007954383e-01
-7.6923508025e-01 1.2347856853e-01
6.5754377260e-02 5.0644149854e-01
1.7742425918e-01 -4.6687362541e-01
1.2170571083e-01 3.0758235174e-01
3.4649534391e-01 6.9455481588e-02
3.7186457981e-01 -3.1605833705e-01
3.9177113463e-01 -9.3399931070e-02
-6.3158857182e-01 5.2215205043e-01
-2.6324561518e-01 -5.0973360118e-01
-4.2071924214e-01 5.8952404659e-01
4.3108490045e-01 -7.6057864169e-02
3.7369594474e-02 -2.2889968115e-01
4.7115914529e-01 -4.7597550763e-01
-4.9904951402e-01 -2.4334772009e-01
6.0473876576e-01 1.9590957089e-01
7.5388563229e-01 -2.1718642424e-01
-7.5514322432e-01 -1.8083331402e-01
-3.7697868818e-01 -3.9930492118e-01
-2.2438463106e-01 4.7535570850e-01
2.8904619903e-01 -4.0576867411e-01
-1.1612210255e-01 5.2949040415e-01
4.2662478535e-02 -5.6340887545e-01
2.7885452055e-01 -2.8256160172e-01
1.3180036459e-01 2.5916202248e-01
9.8384915976e-01 -3.0997724744e-01
-7.2085411704e-01 1.3648625109e-01
-1.6451845354e-01 -3.1109258725e-01
-3.9688843099e-01 4.7107822120e-01
8.0816339494e-01 2.6259178404e-01
-2.3396765238e-01 1.8224071325e-01
3.4655131650e-02 -4.0379154321e-01
-7.2823074361e-01 2.8840731224e-01
3.4354543398e-01 -5.1681838782e-01
-4.8429729471e-01 5.1134468969e-01
1.5143806219e-01 -5.1149586825e-01
-7.5435207322e-01 3.4052411085e-01
-7.4129887706e-02 6.1511283415e-01
-2.0945901089e-01 -1.5510344435e-01
2.3677043348e-02 -5.5905442750e-01
5.6092262401e-01 1.6012424354e-01
5.6068712120e-01 -3.5355891481e-01
-9.9846088927e-01 -7.1403412394e-02
3.8953232037e-01 -3.0546640070e-02
-1.7764573880e-01 1.1476549912e-01
-3.4770873125e-01 5.2552104966e-01
2.4866623973e-01 -4.8672600277e-01
-6.6421971300e-01 1.8888749546e-01
3.6000517262e-01 -4.3797299779e-01
-2.8865206441e-01 4.6775999947e-01
3.0559934678e-01 -4.7145920531e-01
-4.8561309895e-01 2.6539741818e-01
6.1667294253e-01 3.6702882750e-01
-9.0124854798e-01 -8.6658224964e-02
-9.9539580887e-02 -4.7329222509e-01
6.8006856591e-01 -2.3226933862e-01
-4.3854976795e-01 -4.4713366280e-02
-2.6212327741e-01 4.8888847010e-01
1.6443760899e-01 -2.7999552480e-01
1.8091143926e-01 -3.2794044145e-01
8.8731406521e-01 1.8288243980e-01
6.9073168091e-01 -5.2079006203e-01
-3.5628554313e-01 5.2634595847e-01
5.0219541546e-01 2.6727113414e-02
-4.7693658097e-01 -1.6019837263e-01
7.8346591651e-01 1.5628758650e-01
-7.4948050338e-01 2.9887005446e-01
-9.1908816533e-01 -7.0687252356e-02
8.7236609993e-03 -9.1461284639e-03
2.8042472779e-01 -5.8625122355e-01
-4.2671738904e-01 3.7293474786e-01
-2.9991322857e-01 3.2601810188e-03
4.9180470170e-01 -4.8536904453e-01
-3.7395521204e-01 -1.1353680012e-02
-2.5159445982e-01 4.8154770015e-01
-3.5277247906e-01 -4.1712743673e-01
-1.0396662780e-01 -2.5368849700e-01
5.6959822984e-01 2.1311523600e-01
3.6103593498e-01 -3.8198172151e-01
6.6680234714e-01 -8.8240661236e-02
-4.5426283650e-01 -4.7641119585e-01
2.4984306053e-01 3.8425527148e-01
-2.9914520968e-01 4.6267637331e-01
2.1035337720e-01 -4.2134779029e-01
-3.5403941981e-01 4.6283963203e-02
8.7872042939e-01 -9.7093143077e-02
-4.4823720040e-01 4.7941284408e-01
-5.5308916383e-01 -2.2482659625e-01
4.9898958137e-01 4.8930306493e-01
4.0034846272e-01 9.4314607421e-02
6.2591532624e-01 -5.2419409984e-01
4.1218800023e-01 4.5293966261e-01
1.8556971853e-01 2.1278994892e-01
-4.9918475769e-01 1.1142295471e-01
2.1283366978e-01 5.2291228155e-01
3.6134661249e-01 -4.6675283782e-01
4.1148205731e-01 -1.3843185305e-01
-3.1782420271e-01 -7.9308231499e-02
7.8102508095e-01 -8.8424246854e-02
-7.8245518717e-02 5.5866533614e-01
-6.3763266232e-01 -4.0651265089e-03
-3.3110385138e-01 -2.9951943031e-01
-2.1340843856e-01 3.2720164950e-01
1.5824228641e-01 2.3273706674e-01
-4.4845243410e-01 3.5383937110e-02
-6.0505580794e-01 -2.1143819246e-01
-4.0310685189e-01 5.2529270287e-01
9.8762158045e-01 -6.6474114331e-02
8.7776120664e-02 -1.3341850359e-01
3.0047368633e-01 -5.0383216739e-01
-8.4523251874e-01 5.5218008158e-02
-1.6948611529e-01 -4.0339341078e-01
-1.6046534295e-01 -2.9284661933e-01
4.6845716448e-01 4.1687775853e-01
-2.8076779984e-01 2.3745751035e-01
6.1339008944e-01 -1.9358120729e-01
-5.0259328360e-01 -2.2851132009e-01
6.4294449643e-01 1.0290973140e-01
4.4495658881e-01 4.5225817535e-01
1.0250657976e+00 -2.0707344346e-01
-2.0525630881e-01 5.6310706129e-01
-8.9687544372e-01 -1.5693507794e-01
-1.9009918773e-01 5.1226808931e-01
3.0425314048e-01 -4.6830956461e-01
-3.3620883830e-01 5.1966366260e-01
2.6820124769e-01 -3.9954912024e-01
4.8064871667e-01 -7.7189175736e-02
5.8101431324e-01 -1.8169075659e-01
-5.0134815331e-01 -1.0808271101e-01
-1.7708379049e-01 -7.3020557583e-02
1.2903370080e-01 2.0883871704e-01
3.7934248144e-01 -4.7899750481e-01
-6.9411106744e-01 5.6149974822e-01
3.3351400848e-01 1.2131275598e-01
-4.6499654975e-01 -3.8194998075e-02
-3.3081125900e-01 5.2999784518e-01
2.7310241145e-01 -4.1645533477e-01
-4.2676943991e-01 -4.3658946837e-01
-3.1862652142e-02 3.2813259312e-01
3.4946845477e-01 -3.9964608350e-01
-4.9588150452e-01 -1.6992865638e-01
8.0399274910e-02 3.8496388675e-02
-5.6151711238e-01 5.4605638476e-01
6.0839029500e-02 -3.7072150754e-01
2.0528444935e-01 3.1422193692e-01
3.6093418891e-01 -4.4584501680e-01
-6.1104394778e-01 1.7776321564e-01
-3.5468560585e-02 5.8417654530e-01
3.2913762045e-01 -4.1122054285e-01
3.6316911183e-03 -1.9776631731e-01
9.9534749617e-01 1.2925300486e-01
-8.2140735839e-01 4.1261383718e-01
1.9860672255e-01 -1.5750355652e-01
-4.0958845458e-01 7.0336284983e-02
-1.2105483615e-01 -3.2684352854e-01
1.9448057953e-01 4.1559348538e-01
5.0010855528e-01 -3.4803909906e-01
-3.3068101477e-01 5.5688449873e-01
2.1893515923e-02 2.6323991409e-01
-2.1955583015e-01 -5.4704587548e-01
5.8836356293e-01 -3.9728938837e-01
6.6590126494e-01 1.6272987620e-01
-5.8968339803e-02 -5.2791229236e-01
7.8752303699e-01 1.9761688616e-01
3.7918811840e-01 -4.1707148714e-01
1.7764606465e-02 -2.1290212305e-01
-5.7547079362e-01 -2.6711414832e-01
2.1299722015e-01 -4.3982135799e-01
-6.7797440121e-01 1.3311647675e-01
3.2325739102e-01 -4.8887976114e-01
-1.0406206599e+00 2.3090412697e-02
1.5371639675e-01 5.5544491013e-01
-2.7562662600e-01 -3.5376877553e-01
2.1133666371e-01 2.6451670070e-01
4.4064881000e-01 3.8228962885e-01
3.9107201002e-01 1.7999076901e-01
-1.0141304955e+00 2.4405326483e-01
5.3032180114e-01 -5.6355490451e-02
-3.3957631897e-01 5.1623959579e-01
3.8231103771e-01 7.8904068634e-02
-7.6818957599e-01 9.7161307935e-02
1.9587365119e-01 2.7233327122e-02
-5.5920734705e-01 5.5568595225e-01
-1.3333390642e-02 3.4968752977e-01
-6.1658377440e-01 -1.4175343534e-01
-1.7459363230e-02 3.5513372907e-01
-4.2939402194e-01 3.4018246167e-01
-1.3791159867e-01 3.2521412955e-01
-5.6728088514e-01 2.8182785636e-01
2.1198426999e-01 -4.8793337813e-01
3.8583946058e-01 -9.1232877894e-02
7.6001901863e-01 -4.2228700351e-01
6.1297938518e-01 2.6143369623e-01
-3.1585222293e-01 5.1250420730e-01
-4.4201238981e-01 -2.5269345212e-01
3.0914688359e-01 -4.5072695706e-01
-1.1388005466e-02 -2.9710841665e-01
5.6693510628e-01 8.8691270248e-02
8.4893060169e-02 -4.2545408757e-01
-1.6410098311e-01 5.5424351297e-01
-2.8988060324e-01 -2.7807713486e-01
-1.7443885047e-01 -4.0750067131e-01
-5.2151403479e-02 5.1017027883e-01
3.3359879880e-01 6.3485867229e-02
-1.0807019674e+00 2.2865009682e-01
4.9133731892e-01 -4.9862927888e-01
-2.1790671929e-01 5.3830822896e-01
7.0537638141e-02 -5.7065513754e-01
1.8019243016e-01 -3.9352891629e-01
3.8345070415e-01 4.8211404658e-01
-1.3173618493e-01 5.6645904335e-01
1.0252956176e+00 6.2568193838e-02
-4.4737995007e-01 1.3601780419e-01
4.3994289651e-01 -4.4495276358e-01
-5.5001284543e-01 2.0325582546e-01
-9.6162304719e-02 3.5747428195e-01
-5.2992830663e-01 4.8631508842e-01
-7.8497407216e-01 1.0962135010e-01
2.8474766817e-01 -4.9873186304e-01
-5.3551895947e-01 3.2993535618e-01
-9.9555569636e-02 4.9838042695e-01
-2.6793996900e-01 -4.6247848275e-01
4.0657450448e-01 -2.5101191087e-01
3.7438970921e-01 -4.6511754265e-01
7.2278322718e-01 -4.0625157109e-01
-1.0538952352e+00 -1.2120837263e-02
4.1169183296e-01 -1.9052206176e-01
-1.4072955450e-01 -1.9080967927e-02
7.2628074778e-01 1.3946321079e-01
-8.8544479205e-02 -3.0295196569e-01
1.9118286820e-02 -5.4729535387e-01
3.3017442508e-01 -4.7777123449e-01
-8.4967449144e-01 3.7494005408e-01
3.6464869266e-01 3.7810307698e-01
-6.9558607709e-01 1.1885757780e-01
3.6574338566e-01 -4.9494058735e-01
-1.0492534422e+00 1.6708560050e-01
-3.3699139787e-01 5.6826327847e-01
-5.6410382582e-01 -4.6524799842e-03
7.3941410640e-01 -3.2729787253e-01
-4.4784639259e-01 -5.6187730441e-02
2.3642128876e-01 6.8264856346e-02
1.2669806121e-01 3.6886882058e-01
-2.3615448407e-01 -4.2096690009e-01
9.8014678734e-01 -3.3030940208e-01
-4.2057695957e-01 5.0449639129e-01
4.6320226109e-01 2.8563330848e-02
-3.2858083313e-01 4.9827822303e-01
1.9594180795e-01 -3.5934188164e-01
8.6209710909e-01 -1.2631449234e-02
6.9019990162e-01 2.3111154864e-01
-5.2270016467e-01 5.2771659690e-01
-5.4903386192e-01 -1.9142117175e-01
-3.9295561765e-03 2.4370313325e-02
-4.1187244269e-01 -3.1417423957e-01
-2.0004238700e-01 1.5089503095e-01
-4.9135661481e-01 5.0947801541e-01
1.6686614445e-01 5.4502295070e-01
1.8830522654e-01 3.2679584129e-01
3.4605734501e-01 -4.4031051393e-01
-9.9740346578e-01 2.7617630256e-01
4.6310619278e-02 -5.7761481178e-01
6.2556913512e-01 7.0967620676e-02
5.6207868828e-01 -1.5568200727e-01
9.2535619665e-01 -3.5100240697e-02
-5.2772609720e-01 -1.6886790290e-01
-8.7600531624e-02 4.7817100702e-01
2.2390832374e-01 -6.1876289346e-01
5.0549067147e-01 -1.5315471883e-01
-4.4894570656e-01 2.4332069360e-01
-2.0499553353e-01 3.3907254339e-01
-5.3656654880e-01 -5.2074178753e-02
4.8140632002e-01 5.3642672925e-02
9.1788966584e-02 -4.2462270711e-01
-6.6378563743e-01 1.0364126203e-01
5.6697478469e-01 1.6046492586e-01
-8.5584528205e-01 -1.6821659289e-02
3.0558878063e-01 -3.3453160461e-01
4.8252968506e-02 3.7764763797e-01
3.3914248402e-01 -4.8176821874e-01
4.0621506362e-01 -1.4941286958e-01
-3.1420311645e-01 -8.6242651700e-02
2.1380746859e-01 -2.4923994629e-01
-5.3845245289e-01 3.3376998111e-01
-6.5494635964e-01 4.0326319386e-02
-1.5904279733e-02 -5.1551498141e-01
-6.0468536065e-01 -7.9172036045e-02
5.0474030896e-01 2.5226646988e-01
-2.5596809563e-01 -4.1639882795e-01
4.1212918253e-01 2.1502922029e-01
6.9606443156e-01 3.6084177159e-01
-7.8393809217e-01 -1.0496564030e-01
6.6249884274e-01 3.4885868481e-01
-5.3190508633e-01 4.0243102030e-01
6.2199169364e-01 -2.4566590963e-01
-7.8964724284e-01 4.8778563668e-01
1.3464888974e-01 4.1674983156e-01
-1.0792263644e-01 -4.4097000812e-01
6.0458715339e-02 -3.0391150113e-01
5.4259267002e-01 2.1517209904e-01
2.4932903250e-01 1.6970491946e-02
5.4437456125e-01 7.3097456065e-02
-5.5924393596e-01 -1.7136275645e-02
9.5624097783e-01 -1.0107973776e-01
-1.8510580841e-01 -1.5859901662e-01
-1.0242615310e-01 4.5099110895e-01
7.6933973513e-01 -4.8763540152e-01
-1.9298386439e-01 3.5342289753e-01
6.9529069851e-01 -4.2048286257e-01
3.3895557159e-01 -2.1918362845e-01
-4.7487952438e-01 -2.5068558923e-01
5.6845101853e-01 -2.0544260035e-01
-2.8524648182e-01 -3.4712055171e-01
-2.0590337550e-01 1.7077116912e-01
3.0319422378e-01 4.2382691486e-01
-1.5066315705e-01 -4.4240885738e-01
4.0073788929e-01 -4.1901682236e-01
-2.3834620962e-01 4.1479344121e-01
4.7057293744e-01 2.1380327466e-01
-5.2760606466e-01 2.3414929946e-01
-5.2381119290e-01 5.7242499375e-01
-6.8238236302e-01 -1.5445569832e-01
1.5581744434e-02 5.2417059949e-01
9.3763389836e-01 -1.6248609466e-01
-6.6828384790e-01 1.3331319838e-01
9.6130057755e-01 1.0411108984e-01
6.3963537586e-01 2.8248819368e-01
8.1425857602e-01 2.2615762156e-01
3.8651130212e-01 -4.3603359792e-01
-3.8879613312e-01 2.0316507584e-01
-8.9106075520e-01 5.1173309933e-01
-4.9874297294e-02 -5.0308837356e-01
2.8932717886e-01 5.1778030418e-01
6.4517488323e-01 -5.6068170194e-02
-6.6170927543e-01 2.1408721476e-01
3.2315293972e-01 -1.8398641943e-01
-1.6834274834e-01 2.8150311731e-03
-3.0936852368e-01 5.1040672887e-01
2.8597436049e-01 -2.7861838899e-01
2.1426050350e-01 5.2936438425e-01
-2.3653266063e-02 4.3595887635e-01
-3.5299846512e-01 -4.2279765675e-01
-2.3187947572e-02 -4.0076626627e-01
-5.3907818553e-01 5.4536103426e-01
7.5906057982e-01 2.8384020815e-01
-7.9572988078e-01 -1.7120490565e-01
-4.1029789765e-02 -3.7827996431e-01
-4.6323560442e-01 6.1115184990e-01
7.5221334196e-01 -4.7249279995e-01
-9.1661101905e-01 4.2561697836e-01
5.4644597462e-01 3.0710803175e-01
1.8116953194e-01 -4.0518075352e-01
-6.5654699202e-01 -2.7642295263e-01
-5.0393054417e-02 3.4885569606e-01
4.3047693355e-01 -4.7633458916e-01
3.1268486505e-01 -3.6696550025e-01
5.6178599465e-01 1.2672026908e-01
-5.4015243006e-01 4.1238638880e-02
2.7985407636e-01 -5.0325761605e-01
5.5158390833e-01 -4.4547657164e-01
-7.0609162629e-01 -2.6454759608e-01
9.8881756939e-01 -2.8405153587e-01
-4.6136514975e-02 6.3234183682e-02
-1.1908665666e-02 5.1990393022e-01
8.3539179946e-02 -4.7729419832e-01
-6.7929216038e-01 2.2348258470e-02
-9.8163497646e-02 -5.3049853767e-02
9.8910361720e-01 6.8561288026e-02
-8.4711181487e-01 -1.4177636020e-02
4.9000811782e-01 -4.6071787547e-01
-8.9203197686e-01 -4.7339679843e-02
-4.9587869160e-01 -4.2276027302e-01
4.6037015506e-01 -3.8559608281e-01
-8.4227615173e-01 4.1730787994e-01
-6.9623153423e-02 4.9325874098e-01
-5.8916255105e-01 8.3740045599e-02
-4.6772188744e-01 4.5284600160e-01
1.6806809328e-01 -1.4743320288e-01
-2.6435254846e-01 -2.2062733531e-01
6.5306525802e-01 1.5969088445e-01
1.7381586946e-01 -4.4259978040e-01
-6.3028044658e-02 5.2801417835e-01
7.5902657666e-01 8.8376541027e-02
-4.9729104175e-01 -1.6197994826e-01
1.3342566535e-01 -4.9211838630e-01
-2.1565524528e-01 4.9449159697e-01
2.3351789657e-01 -3.9960301203e-01
5.4565181098e-01 -2.1320767715e-01
-5.4875755556e-01 2.3131576314e-01
3.3864313809e-01 -7.4251045917e-02
-2.1395450525e-01 5.2593307295e-01
6.7876890359e-01 -4.9638872670e-01
-1.5469781323e-02 -3.6051355598e-01
-3.2712563660e-01 6.3046655054e-01
4.0567293921e-01 1.2381044303e-01
-8.4506744027e-01 4.3895824085e-01
-3.7338676468e-01 -4.5632734895e-01
-1.0024431428e+00 1.0940587855e-01
-7.1877288227e-01 -1.3623671043e-01
6.4464255116e-01 1.4875224600e-01
-6.2861355181e-04 -5.9486718653e-01
-7.2865868716e-01 5.3928715056e-01
5.0146464858e-02 3.5164341352e-01
7.1728619201e-01 -2.2050997021e-01
-2.9256052093e-01 1.3262623484e-01
9.3942644874e-01 -3.1172525911e-01
-1.0125477171e+00 1.7037092568e-01
-2.4205879083e-01 4.0022697753e-01
6.5811135949e-01 1.9282281236e-01
2.2190850098e-01 -4.6499817621e-01
7.2515595268e-02 -1.8408142683e-01
-6.9047845182e-01 5.3572399161e-01
3.4969061539e-01 5.0854478642e-01
-1.0326520121e+00 1.5748563469e-01
-2.7651988780e-02 5.0360149390e-01
-3.2196586742e-01 5.8348700648e-01
3.4208095767e-01 2.1724309459e-01
-1.0899239610e+00 1.8663150441e-01
1.5170856051e-01 5.3153714890e-02
2.3225008412e-01 3.1736111929e-01
3.4959618273e-01 -5.4894566899e-01
-3.8258621283e-01 5.0015365932e-01
-5.2505087204e-01 -1.7332658088e-01
-4.0383490527e-01 4.5131288649e-01
4.0738154923e-01 -6.0630679153e-01
-3.3589748951e-01 -5.1174934980e-01
3.1775681007e-01 2.6037360184e-01
5.6690650592e-01 4.3674252971e-02
-9.4191387953e-01 1.8209857616e-01
3.1339970268e-01 -5.1145690319e-01
7.9525851713e-01 -3.2411272320e-01
-4.6036463619e-01 3.9990502773e-01
5.2467048099e-01 2.9345043770e-01
5.4404636124e-01 -2.6449088063e-01
5.6337944400e-01 -4.2847323934e-01
-8.1217245444e-01 -2.3374554281e-01
-2.4070201799e-01 1.6802711019e-01
3.0395483272e-01 4.1680107030e-01
-3.7147339865e-01 5.2802231026e-01
3.2666545812e-01 -4.1326148326e-01
-9.8870892179e-01 5.3957206704e-02
-3.9290399519e-01 3.9617166528e-01
3.7863151216e-01 -4.7077682997e-01
2.8315200346e-01 1.4918893247e-01
5.4951324808e-01 1.9395754774e-01
-4.5212478935e-01 3.4368463628e-02
4.1764556252e-01 4.3073220217e-01
4.4569526254e-01 1.2310104854e-01
-4.4192264903e-01 2.8825262806e-01
-3.1687617653e-01 5.0050907120e-01
1.5790948489e-01 -4.9449139526e-01
1.0257367405e+00 -2.9730820560e-01
-2.7542607581e-01 4.4485106231e-01
7.7251056837e-01 1.4444749050e-01
-5.7054880361e-01 -3.9679481798e-01
-1.3016305309e-01 5.2008043080e-01
1.0293367336e+00 3.9167479440e-02
-8.2869261788e-01 4.1838144353e-01
2.8943679557e-01 -1.4268815517e-01
-2.9754922602e-01 6.8213621244e-02
4.2045793692e-01 -4.8836927897e-01
-3.4068348194e-01 3.8284225405e-01
1.9750110903e-01 -4.0906148987e-01
4.9591383236e-01 3.6269364920e-02
7.0297063458e-01 -4.8047645608e-01
-2.2239278339e-01 6.0011306467e-01
5.7842483849e-02 3.6027362372e-01
-2.6557578216e-01 -4.8992299979e-01
-1.1922829479e-01 -3.2271083800e-01
-1.2079232122e-01 3.9196675331e-01
4.1112034591e-01 -4.7230218492e-01
-4.3626210542e-01 -1.4775917609e-01
6.0688249919e-01 -2.5852247533e-01
-1.0203018321e+00 -2.0674959030e-02
6.3413295835e-01 -3.2771706660e-01
1.3127083484e-02 2.2478952031e-01
-1.3877268444e-01 5.3527269600e-01
1.0383092827e-01 -5.4177113273e-01
3.6091750696e-03 -5.1191998237e-01
-2.8823960664e-01 4.0911831756e-01
-5.6230943196e-01 3.8362833777e-01
3.7497650190e-01 -1.9410388014e-02
4.5451298637e-01 1.0796255446e-01
-1.0799297718e-02 5.4406873880e-01
3.4473172466e-01 -4.0470697887e-01
-5.7602178452e-01 -3.1599809053e-01
-5.4458363414e-01 5.7485763050e-01
-4.3833445944e-01 4.3584931186e-01
-9.7184036030e-02 -7.9057036072e-02
-8.8013992869e-01 -1.6686415995e-01
3.9534126887e-01 2.7673568580e-01
4.2616177575e-01 2.5183132152e-01
3.9837544211e-01 -8.7962368003e-02
5.8487852324e-02 -5.2700325427e-01
-9.5833690182e-01 1.0117389173e-01
-2.4465725294e-01 3.7061255342e-01
8.2244707348e-01 -1.6510509116e-01
-4.6840128987e-01 -2.0080152585e-01
3.7519184423e-01 -5.4422692179e-01
6.0959587880e-01 1.6243637853e-01
-2.3287523271e-01 1.7672307245e-01
-1.0354192564e+00 2.0725727439e-01
1.5648104721e-01 -3.1411059222e-01
-1.0810152187e+00 4.7540394309e-02
2.5931362152e-01 -1.4668493744e-01
-3.5331449957e-01 -2.0012472825e-01
-7.8419780083e-01 -2.0290869820e-01
-2.2763072463e-01 -3.6988621197e-01
-8.7831118224e-01 1.9915173525e-01
6.6743015757e-01 -2.0098497521e-01
-4.4594182216e-01 3.3663928805e-01
2.6602810778e-01 -3.2951448152e-01
2.9241859074e-01 -4.5860432701e-01
-2.8177918806e-01 -4.6889258472e-01
6.4725316338e-01 3.5655571977e-01
4.7087917318e-01 4.6616361790e-01
-5.2928168082e-01 -5.5321892730e-02
-4.5557537065e-01 3.8659819451e-01
5.6001121305e-01 2.2289653332e-01
-7.9372547752e-01 5.4773641930e-02
4.1833667260e-01 4.8948222161e-01
3.5674532676e-01 -4.5811130288e-01
5.2844424702e-02 3.5364332989e-01
6.9575378749e-02 -2.8516855520e-01
-5.6507681219e-01 -2.1218962163e-01
3.0411664923e-01 -4.3937312962e-01
-5.1190138338e-01 -1.8157840683e-01
1.8272721161e-01 1.9356110600e-02
-3.2198284058e-01 1.7156657415e-01
-1.5928447968e-01 4.8336260233e-01
1.9897559663e-01 -6.2390840789e-01
2.2858747262e-01 -3.6233824569e-01
-5.6488342640e-01 5.9883321286e-01
4.4424867379e-01 -1.7460817236e-01
4.3827627125e-01 2.3496441533e-01
-3.6883794239e-01 -2.7985767417e-01
-3.0365782277e-01 3.9072615876e-01
3.4091328762e-01 1.2478840135e-01
-8.3239083563e-01 4.4133833517e-01
3.5930398001e-01 -5.8213221699e-01
-3.3717524984e-01 1.4281444828e-03
-8.3724130452e-02 2.3418260558e-01
2.1722888760e-01 -4.8576580764e-01
6.1690584063e-01 1.7525988595e-01
8.3562248735e-01 -3.6996549926e-01
-3.9783366586e-01 4.9401345828e-01
-4.6281076860e-01 -8.4820022283e-02
4.5230149067e-01 2.9558969647e-01
7.8235430632e-01 3.1085810722e-01
-5.0999220813e-01 5.3171716925e-01
-1.5692444353e-01 -1.5199362489e-01
8.0314628343e-01 4.7157413016e-02
-2.3522008535e-01 5.2457431263e-01
3.6114987675e-01 -4.9450994411e-01
1.4973945695e-01 -4.8275636274e-01
3.0793422171e-02 -1.5416206170e-01
-6.0157497084e-01 5.8241740603e-01
7.4043765587e-01 3.5172740182e-01
-5.8514985200e-01 -1.7131363662e-01
4.6920788944e-01 -3.0250325621e-02
-9.9455000005e-01 1.9689784729e-01
5.4708805379e-01 2.3232336037e-01
6.8481686135e-01 3.1432287085e-01
-6.1015379288e-01 -1.5288027009e-01
-1.5652124326e-01 4.2621915746e-01
7.8059144678e-01 -2.9601536182e-01
-5.3816740431e-01 -1.9367995679e-01
8.8614653985e-01 1.3785256272e-01
-1.5169999604e-01 1.8664998699e-01
1.9552850899e-01 -4.8872489641e-01
-8.3652585642e-01 -1.7074330881e-01
1.3333318908e-01 5.3904111769e-01
8.5149021543e-01 -3.7330403381e-01
8.0571126057e-02 -3.2453125934e-01
1.7375412720e-01 -4.6339943755e-04
-5.1144692554e-01 -2.4420707417e-01
7.7296354078e-01 -9.8693790461e-02
3.8173636048e-01 -3.5960000722e-01
-9.1765615732e-01 -9.2784774821e-02
-5.5551260413e-01 -2.3534912660e-01
-2.1513844645e-01 4.9545157674e-01
3.2601782008e-01 -5.9347632213e-01
2.2968339409e-01 5.1306155350e-01
9.6522025170e-01 -1.0860906688e-01
-4.3170948583e-01 -2.0116183910e-01
-4.7142286096e-01 -2.1758644998e-01
6.7190042671e-01 2.0266474579e-01
-2.1211487388e-01 -3.6217603069e-01
-9.3041732281e-01 -4.1215262627e-02
1.9514191645e-01 -5.6495167553e-01
-2.5607665788e-01 -4.1058531034e-02
1.0173916456e-01 -5.2149108416e-01
-2.9385048486e-01 5.1381914342e-01
4.0114364378e-01 -3.8007647015e-01
4.9742968171e-01 2.0629205227e-01
-9.8921100741e-01 2.7946675505e-01
-1.3691375427e-01 5.9915440396e-01
1.2043934650e-01 -4.2260823994e-01
-3.6511961554e-01 -2.7484529327e-01
-2.9716597418e-01 3.5800182022e-01
-2.8229881836e-01 -1.1685666688e-02
1.0342972355e+00 -9.9376344874e-02
-1.0112324498e-01 5.2019763907e-01
3.2793623180e-01 -6.9251573541e-02
-9.9224412611e-01 3.7398651257e-02
2.1958614359e-01 -4.9702828850e-02
5.6802896088e-01 2.6319159337e-01
-2.9530525255e-01 4.2681435384e-01
2.5724165233e-01 -3.8882304226e-01
-3.5569191192e-01 -5.0431583810e-01
2.9358521837e-01 2.4072965942e-01
-1.5857546186e-01 -4.9563190920e-01
-3.5462527553e-01 2.5721479954e-01
4.1602936453e-01 1.8187798137e-01
-5.1042894388e-01 1.9156275309e-02
-3.1871488224e-01 -4.3184371305e-01
9.1384115939e-03 -3.9706661345e-01
4.6335440527e-01 -1.9243871997e-02
-8.4624764297e-01 2.1427364881e-01
-2.7867356860e-01 4.6874134749e-01
2.9925173537e-01 -3.9636654234e-01
3.9694345705e-01 -4.4066156827e-01
-5.7698949099e-01 -1.4987066754e-01
1.5244924221e-01 -2.6456951352e-01
-5.3731428676e-01 5.7495365258e-01
2.6589257941e-01 3.7670979162e-02
-3.6453398700e-01 -2.7805447622e-01
1.8516892370e-02 4.6400168277e-01
2.6185150969e-01 4.9234040167e-01
-4.4746033673e-01 2.2474646886e-01
-6.3167701707e-01 1.3392016701e-01
4.2525039586e-01 -4.4086776483e-01
-1.2449496902e-02 -4.2967497655e-01
6.6124575950e-02 -1.7305663330e-01
-3.1638551837e-01 4.7060789461e-01
1.3423660967e-01 1.2259640232e-01
-7.6423803965e-02 -5.7927382777e-01
4.6439198668e-01 -8.9930796403e-02
-1.0242350575e+00 8.2782434528e-02
3.0240985979e-01 2.9404836999e-01
-3.2010104299e-01 5.3775221217e-01
-8.6636060682e-02 3.7346702518e-01
3.6694052881e-01 -4.4779596800e-01
-3.7658081797e-01 -4.2015032055e-01
1.3544381642e-03 5.1932608523e-01
-4.7927074613e-01 4.0524132146e-01
5.2464773567e-01 2.3382913647e-01
-3.0298016569e-01 -2.0981973888e-01
4.7418240943e-01 -2.2748759649e-01
-4.7001307578e-01 1.6157909038e-01
2.3518335242e-01 -3.7150309652e-01
-2.4357627775e-01 4.5998396690e-01
-9.1418614478e-02 -5.6208015782e-01
1.7673573023e-01 -3.8352794416e-01
-3.9912296499e-01 -1.6598465414e-01
7.1398672723e-01 1.0296225796e-01
-5.5655056188e-01 -1.2510665130e-01
-5.6181603711e-01 6.8234317128e-02
-3.9067679494e-01 3.4706840129e-01
3.2597311636e-01 -3.1198190977e-01
-7.8553909715e-01 1.5998005079e-01
-3.4749239450e-01 3.5074587219e-01
2.1260942345e-01 3.6919617660e-01
3.4075157381e-01 2.5280363696e-03
8.6156402507e-01 -3.7386235338e-01
-3.6843331081e-01 3.1914878269e-01
2.9103748523e-01 -1.1751582092e-01
-1.7261165884e-01 2.7539232072e-01
6.4566344300e-01 8.9556685680e-02
-8.9837577546e-01 -1.0738861053e-01
-1.5137311379e-01 5.0903420159e-01
-2.7818169613e-01 -3.3445308233e-01
-1.2842032768e-01 -2.4687574876e-01
5.5259180327e-01 2.1537764201e-01
4.7694442901e-01 3.4341189649e-01
3.6036271873e-01 4.3028694319e-01
5.7703469851e-01 -3.9423341575e-01
-9.9923247805e-01 3.5650079884e-01
-3.6238712192e-01 5.8117329607e-01
-4.3408604277e-01 2.6575868276e-01
2.4639798502e-02 1.3159465912e-01
7.3625039228e-01 -5.1586274802e-02
-4.8615761196e-01 -9.9099819377e-02
-1.3716523685e-01 4.5400302978e-01
-5.4688794883e-01 -3.7513673403e-01
7.8450426659e-01 2.9282612057e-02
3.5254275711e-01 -1.1058629989e-01
-2.7434847065e-01 -1.3160958218e-01
9.6478640772e-01 -2.9632201953e-01
-5.5670314482e-01 5.5631914834e-01
7.3315887444e-01 -4.3409175654e-02
2.0687317794e-01 4.8677353724e-01
3.5843994676e-01 -4.9869207593e-01
1.9034531484e-02 -4.4682750403e-01
4.1392872479e-01 2.1720832851e-02
3.9581991751e-01 1.8299050007e-01
-6.1144492663e-01 -1.6597667541e-01
-6.2897640433e-01 -6.3856477638e-02
4.0906327433e-01 3.0454716544e-01
-5.4269284790e-02 4.4167993281e-01
-5.9261007321e-01 5.8213021401e-01
3.6516516326e-01 -5.9234881364e-01
-3.2957060455e-01 5.4456044332e-01
-2.6452595224e-01 4.2098100060e-01
-6.5418259643e-01 3.6000208753e-01
8.5433820183e-01 -1.9808798303e-01
-9.4262168440e-01 1.5241167413e-01
1.0010209536e+00 1.1440483732e-01
-2.6615780446e-01 4.5043365390e-01
8.3136009024e-02 -5.9328399314e-01
2.6717692494e-01 -6.0155458942e-01
2.2017814938e-01 3.6312324138e-01
4.3376862806e-01 -4.2732427665e-01
-3.2176081489e-01 -1.3520512157e-01
-4.9859209148e-01 -2.8182491006e-01
9.3900884061e-01 -3.7302687368e-02
6.0352776267e-01 -5.3016837309e-01
-3.2509338070e-01 9.6389778479e-02
-1.2871724834e-01 1.2920899206e-01
-1.2573382975e-01 -2.8330534542e-01
5.2650306358e-01 4.5024361225e-01
7.0130203126e-01 -3.7445991500e-01
-2.5003100774e-01 5.2236554834e-01
6.2012005313e-01 -2.0036659913e-01
-7.7946963322e-01 1.4347398784e-02
9.1921465155e-01 1.7417837445e-01
-5.2668361817e-01 2.2840531573e-01
-4.7914565856e-01 -2.0928684941e-01
-6.7259060323e-01 -1.7912672246e-01
-4.1516939065e-01 5.0767561772e-01
-6.1235903878e-01 -1.4459656785e-01
-2.4759448659e-01 5.0902578029e-01
-5.8556973689e-01 9.0035304228e-02
2.9442935747e-01 -5.1888323093e-01
-2.4948608267e-01 1.9505035911e-01
5.7895207757e-01 2.7141899295e-01
-2.7084235825e-01 -1.0450739281e-01
2.4627273254e-01 3.4297554808e-01
1.3484706372e-01 -4.6297848145e-01
8.2678934594e-01 -3.3535744990e-01
-4.4891631566e-01 -5.5718825653e-02
4.8395542667e-01 9.2065304257e-02
-1.0414181690e+00 1.0089752194e-01
3.8346771945e-01 -4.3253087869e-01
3.1592250576e-01 4.8981913327e-01
-2.7030526649e-02 -3.6652212893e-01
-5.9550599103e-01 -2.3364544419e-01
-1.6361248318e-02 3.3298442648e-01
4.5262639753e-01 -3.3800121124e-01
-7.3100658359e-01 -1.7450524181e-01
9.6446524632e-01 -3.2297461412e-01
-7.0412505416e-01 4.5096831720e-01
5.7512465821e-01 -4.7547121479e-01
-6.3175438299e-02 -5.5483714275e-01
2.4983142765e-01 -5.0423039841e-01
1.3090826315e-01 -1.0251075386e-01
5.2503882369e-02 3.4715297351e-01
6.5558610320e-01 2.1402735798e-01
-8.5707429822e-01 -1.2923221680e-01
-3.2128687227e-01 5.2970756877e-01
-3.5557772231e-01 -2.9811343493e-01
8.1221612401e-01 3.1154367278e-02
-4.2455116395e-01 2.3054078514e-01
8.7968229609e-01 -3.0462914287e-01
-6.9168507829e-01 5.4289654252e-01
2.0660237363e-01 -3.8068795951e-01
-8.8729681434e-02 3.9204919919e-01
-3.9653377870e-01 5.5466286150e-01
3.2025885883e-01 -2.1368857141e-01
-1.8279059543e-01 4.8986369171e-01
6.6643880385e-01 -3.4290811825e-02
-4.3422139114e-01 -1.9058759914e-01
2.7638290748e-01 -3.2783725961e-01
-8.0158818976e-02 -2.8258520081e-01
8.1736535967e-01 9.4550697908e-02
7.5220594341e-01 -1.4321139718e-01
3.4930505162e-01 -1.6745081940e-01
-1.0228831987e+00 3.4784303859e-01
-2.3336450964e-01 -4.4115941786e-01
-1.2178434741e-01 5.4697377185e-01
-9.7271738502e-01 2.9490170535e-01
8.0899864833e-01 6.2806781638e-02
-1.0091298772e+00 -2.9705553592e-03
-7.0122501328e-01 -1.3320689034e-01
1.0499719973e-01 5.2395368482e-01
1.0458451082e-01 -4.5964660525e-01
-5.4319690514e-01 -3.5352856025e-02
-1.4963495267e-01 -3.0140484294e-01
9.1800524140e-02 -5.9681475698e-01
6.2039297663e-01 -2.9181615557e-01
-4.9632060470e-01 4.0239702913e-01
3.0647477642e-01 -5.2428030392e-01
2.3546534769e-01 -5.5414393052e-01
-4.7482380249e-01 4.2968164441e-01
6.0083055614e-01 -1.1945173949e-01
-3.6234278164e-01 5.1831218391e-01
5.3427683594e-01 -5.2098865672e-01
-4.0331489832e-01 -3.4428472144e-01
3.4716031211e-01 4.2604887288e-01
6.6025228938e-01 -8.7287402947e-02
-8.5331626149e-01 5.6381515471e-03
-7.0276435002e-01 -2.6908997600e-01
-1.3311956378e-01 -1.5475656526e-01
-6.8838854764e-01 -1.6000466970e-01
2.5553965813e-01 -4.0791398346e-01
-7.2979759202e-01 5.1781778968e-01
6.2343533059e-01 3.6220290701e-01
-6.0980763102e-01 -2.4283609825e-02
-2.4216960509e-01 5.5602848981e-01
-5.5555780035e-01 -1.0872623695e-01
-5.2277462432e-01 2.9870260337e-01
4.5156464789e-01 -4.4106364038e-01
6.0632352908e-02 5.0565371345e-01
8.3460129180e-01 -2.2804858555e-01
-4.3827316924e-01 2.1779710562e-02
9.8495894262e-02 3.7634235916e-01
8.1171763141e-02 -4.5323347739e-01
3.4458025961e-01 -5.7450405174e-01
-5.2543392397e-01 5.7228206761e-01
-1.7200389161e-01 4.5934703761e-01
-1.1416324588e-01 1.2531866092e-01
-5.3522908142e-01 5.4055639968e-01
6.9589029189e-01 6.7643089141e-02
9.8340147915e-01 -1.7612157041e-01
-9.9346834263e-01 2.5327362120e-01
6.6183806913e-01 8.3274335330e-03
1.2017292088e-01 -4.6328279499e-01
4.0764924024e-01 -5.5347127539e-01
-3.8463157754e-01 3.3684323126e-01
-2.6326512969e-01 4.3065568586e-01
3.0143211627e-01 -5.6462776315e-01
2.1849844030e-01 -3.7887764151e-01
3.7815721636e-01 4.7318511862e-01
9.8459915020e-01 2.9101354529e-02
-7.3096636995e-01 3.3586201790e-01
1.8916576159e-01 -5.8789482071e-01
-5.7916044717e-01 -1.3026889367e-01
-9.9599941940e-01 1.3645515537e-01
-5.5666665730e-01 -2.3361894784e-01
-4.3397616722e-01 5.1517496346e-01
3.7083788735e-01 -4.9026547835e-01
-1.1748425346e-01 -2.6523896668e-01
6.1244503365e-01 9.4211381795e-02
-2.2829983603e-01 -3.7983224618e-01
-2.9249419647e-01 5.4097969208e-01
4.1480931579e-01 8.0175785534e-02
-8.9084357457e-01 -1.2451311120e-01
1.0882331919e-01 -4.1430887438e-01
-3.3056015335e-01 4.0160531095e-01
-1.4865829197e-01 5.0313992673e-01
3.0077653391e-01 5.8518163593e-02
-9.2402032870e-01 4.3238295461e-01
-2.7658321961e-02 4.8630602582e-01
1.8560046394e-01 -4.8362552100e-01
-9.9188797047e-01 4.4887676589e-01
9.1763975481e-01 1.6993875686e-01
-8.2008875686e-01 5.6392942323e-02
3.4754545237e-01 -5.2833533724e-01
4.3160483392e-01 -4.6906155149e-01
4.1828743329e-01 -5.7907698420e-01
5.6840686586e-01 -2.5893885541e-01
-7.2326945576e-01 4.5988295070e-01
4.6034333216e-02 5.7429558476e-01
-1.3462328026e-01 -3.1587967195e-01
-8.1853764654e-01 -1.9283347890e-01
4.2267665554e-01 1.5701203726e-01
-8.4068919086e-01 1.7631880483e-01
3.4710792800e-01 -5.0782236636e-01
2.4488229449e-01 -2.5834565876e-01
-8.9880422428e-01 -1.3122417790e-01
1.2218409813e-01 4.8559994624e-02
-6.3939648242e-01 5.5813990283e-01
8.3264016699e-01 -1.9984606518e-01
6.9676485549e-01 7.0438035648e-02
7.8568702452e-01 1.5863449567e-01
-4.6850349061e-01 -2.7133634974e-01
3.6087638240e-02 -4.1111740146e-01
-6.6679139221e-01 3.1796642625e-01
4.3731393721e-01 2.0681490467e-01
-2.5522289331e-01 3.4674833112e-01
4.2518925102e-01 -5.7328551796e-01
-9.0537709467e-01 3.1434741370e-01
9.4739651905e-01 -1.8685758893e-01
-9.0766406538e-01 2.4223497544e-01
1.9646665137e-01 -1.3705789696e-01
-3.3785566359e-01 4.4578867570e-02
5.5591480335e-03 -5.1714079536e-01
-3.7705721749e-01 4.3521234383e-01
-1.8437556143e-01 3.8830582954e-01
-4.4540816275e-01 -4.5106058596e-01
5.6629116949e-01 -4.3247993953e-01
-2.2413367055e-01 -3.7684837220e-01
9.9502866891e-01 -1.5889354191e-01
-1.0207540180e+00 2.5463551780e-01
-9.1695793303e-03 2.9443943864e-01
-2.6488276390e-01 5.6078443279e-01
5.9288859426e-01 2.7853330532e-01
6.0059716661e-01 8.1598084815e-02
3.5216575284e-01 -2.0716048116e-01
-4.5157707807e-01 4.4724781589e-01
-2.4501668543e-02 4.9844906498e-01
3.2919356718e-01 -4.0394397477e-01
-1.5507075453e-01 -5.3914354037e-01
1.6302208344e-01 4.7865072462e-01
4.5740944976e-01 -1.1914024253e-01
-1.0022281391e+00 -1.3425164836e-03
-1.6753488019e-01 3.3074751754e-01
3.2014754050e-01 4.7992839816e-01
6.3503227341e-01 2.0175854093e-01
-6.4364608348e-01 4.5647466545e-01
1.1627302436e-01 -5.2484794938e-01
-4.6292240532e-01 4.6096258777e-01
3.8950665541e-01 2.5377395763e-01
-4.4691634877e-01 5.5693857817e-02
-5.4744856455e-01 5.8230984453e-01
3.6309634358e-01 -4.8054426136e-01
3.8926867784e-01 -6.3899312372e-01
-3.9506067740e-02 3.6106671913e-01
4.9373755474e-01 -2.7142664640e-03
-6.3305972828e-01 1.8015334035e-01
-7.5758824064e-01 -2.1909640570e-01
-2.1902982697e-02 4.2666278618e-01
6.5529689007e-01 -4.3273596246e-01
-3.3542097712e-01 5.1345580557e-01
2.9879946807e-01 -5.6219091897e-01
2.3186644352e-01 -2.7210397334e-01
5.1382282410e-01 -6.0904558688e-02
2.4881160759e-01 -4.4038500980e-01
1.0344844793e+00 -3.0812681668e-01
4.4077890176e-01 1.0590789983e-01
-4.5210208453e-01 5.1705856752e-01
9.0678900613e-01 1.8435627755e-01
-8.4946767806e-02 2.1921303230e-01
8.3760008117e-01 -3.9032227242e-01
-3.8815967435e-01 2.2799808553e-01
3.2502963399e-01 3.4597801322e-01
6.1712312695e-02 -4.5073655881e-01
5.9414208045e-01 3.9232325179e-01
7.0904906573e-01 4.0203613194e-02
-5.0394977301e-01 -7.7973305602e-02
-1.2349742438e-01 4.7260343918e-01
4.0020443802e-01 -4.7313814072e-01
4.5529947333e-01 -7.8799333390e-02
-3.0318579051e-01 -4.3989392407e-02
6.3918356609e-01 -1.6082478362e-01
3.3840291245e-01 4.1622434323e-01
-6.4730810591e-01 -4.6433315211e-02
4.8523973470e-01 2.8227263886e-01
8.6908499668e-02 -5.2320510854e-01
-5.1372096419e-01 -3.6924836210e-01
2.7515151030e-01 3.1991888829e-01
4.9646573145e-01 1.7752315426e-01
-4.1194429176e-01 -2.4280467488e-01
2.6192993874e-01 -3.7312659347e-01
-1.8291165845e-01 4.4902659793e-01
-2.9682175095e-01 -4.8148676593e-01
-3.0789644990e-01 -1.5406737467e-01
7.5823456664e-01 -2.5494448052e-01
-4.5593978287e-01 1.6290151217e-01
-3.4898283939e-01 4.3630413011e-01
4.1261541549e-01 -2.8145825252e-01
-6.3940110080e-01 9.9455919900e-02
-4.4707679341e-01 3.8883132604e-01
1.9198966626e-01 -4.0343145793e-01
-1.2009199278e-01 3.9466990996e-02
6.8497205571e-01 2.2261755794e-01
-4.4780676831e-01 -4.0534216963e-02
-3.8472917067e-01 5.2904446218e-01
-7.8331412440e-02 5.3311118876e-01
-7.4663958760e-02 2.4370750650e-01
4.5815527800e-01 -4.3737326988e-01
-3.6793537437e-01 -2.2731923365e-02
-6.0724613333e-01 4.2586203196e-01
-2.4009017285e-01 4.8228912556e-01
-3.3925514582e-01 -4.6756653054e-01
4.6603477167e-01 3.0197359147e-02
4.2307718828e-01 -1.6146971395e-01
4.9506342025e-01 -4.2209985269e-02
-3.9747529068e-01 -5.0097429760e-01
9.0427164496e-01 -2.4914479641e-01
-5.3380036967e-01 -1.2753178789e-01
-3.8759599700e-01 3.6686781751e-01
2.3584852456e-01 -5.9782380452e-01
2.5685303182e-01 -3.0143062871e-01
9.5276608409e-01 8.6293175105e-02
5.1857503410e-01 4.2232776024e-01
-5.7939239384e-01 4.8579312338e-01
1.2489695495e-01 -2.9757409362e-01
5.1421857580e-01 -4.7159269888e-02
-1.2384416379e-01 4.2043528741e-01
-4.8265960221e-01 2.6131653685e-01
3.0801762987e-01 -3.3535175854e-01
-8.2481220752e-01 3.0339345574e-01
4.1317237856e-01 5.0584492528e-01
-9.6579889408e-01 1.2246117397e-01
-2.0721857685e-01 5.9096198464e-01
1.4867543519e-01 -5.0685139342e-01
-7.6252576956e-01 -2.9071477791e-01
1.9692250365e-01 6.8962911724e-02
-2.4869005590e-01 -3.4040615180e-01
-4.8968965558e-03 -5.0887480369e-01
-9.3020076303e-01 3.4149152458e-01
4.7594233292e-01 2.7330704491e-01
3.1165091971e-01 -6.1023257514e-01
3.1771021085e-01 -4.6942434060e-01
-4.0220334124e-01 4.4280827600e-01
1.1972234216e-01 -4.8917257531e-01
-5.3335254353e-01 -1.9284033133e-01
6.7973548243e-01 -4.6518692722e-01
-9.1015988108e-01 -1.6661306722e-02
-6.5897982500e-01 3.1387025997e-01
1.4981150197e-01 -5.1918544239e-01
2.8340375354e-01 -2.0852139458e-02
-3.7818928942e-01 5.2567728742e-01
-3.3677691270e-01 5.6727417758e-01
-9.0763173590e-02 4.8203816475e-01
3.5018648431e-01 -5.4189635679e-01
1.4095431268e-01 -3.4321274894e-01
-6.4702385385e-02 5.9849053692e-01
2.2180874628e-01 1.3225458192e-01
-7.3839094836e-01 4.7852101497e-01
2.6331550538e-01 -2.8089070105e-01
-6.8020393242e-01 3.6017294764e-01
4.9647845563e-01 1.9027709754e-01
-1.1643222153e-01 -3.3253511626e-01
9.8697184216e-02 -1.4399175614e-01
-2.3416679831e-01 -2.7177673832e-01
8.1388854490e-01 1.2739394822e-01
-5.5188635931e-01 -1.5823714728e-01
3.3420495060e-01 -3.0894652390e-01
-1.3077731572e-01 5.1541117996e-01
9.6682477184e-01 -1.4464493995e-01
-4.8821997379e-01 -1.9157087377e-01
5.1852630959e-02 -6.0979331667e-01
-1.7205060172e-01 5.1093947245e-01
4.1526732167e-01 -3.2236634717e-01
-3.8105096207e-01 4.6214168904e-02
-8.5760121486e-02 2.7633842753e-01
-5.7604468358e-01 -1.8849326965e-01
2.9379881093e-01 -3.0097637195e-01
-1.5953182408e-01 9.0581881477e-02
-7.9156852713e-02 2.6678321320e-01
-7.8601504386e-01 4.2030689562e-01
-6.9872093293e-01 1.6205496876e-01
-1.3393350163e-01 -3.1284337189e-01
8.3029953842e-01 2.3369409705e-01
-2.6893767738e-01 5.6597439384e-01
4.4899963130e-01 2.3755466977e-01
1.3761464055e-01 -3.9003933952e-01
-2.3558765380e-01 -3.0645178544e-01
2.9737971942e-01 2.9156130234e-01
7.9888059953e-01 8.7012447119e-02
-5.7811055464e-01 1.0020484664e-02
3.1559107108e-01 -1.9895794062e-02
-8.5026937427e-01 2.2874173219e-02
9.0159755973e-01 -3.0862600816e-01
-2.0119384485e-01 1.7892256018e-01
-5.8985757345e-01 -1.3826270264e-01
-7.2952138668e-01 -2.3223583751e-01
2.2318803802e-01 4.8622719215e-01
7.4203673937e-01 -2.6352522731e-01
-9.3511630469e-01 -1.8628578725e-03
3.1583943330e-01 -3.1541896592e-01
3.8787019467e-01 -1.9243354661e-02
-3.0534480256e-01 -9.6917803518e-03
2.8195209348e-01 -3.8435663695e-01
-1.0271866107e+00 -9.2152412814e-02
8.0241546413e-01 2.4095660030e-02
-6.9497818236e-01 4.6171960261e-01
3.9302620279e-01 -3.3092058687e-01
-1.9688533356e-01 -4.5110693035e-02
-3.0658017598e-01 -2.7479480728e-01
-2.7296019956e-01 5.2848368467e-01
9.4483169876e-01 -3.5701580346e-01
5.6990722493e-02 4.8999331046e-01
-1.6930614137e-01 3.8931261908e-01
-3.9499951964e-01 -4.7336101625e-01
3.7021892806e-01 -2.5723781563e-01
-4.2441660266e-01 5.0481339486e-01
3.0416258177e-01 -4.0317678186e-01
-1.8230076825e-01 -1.7822376731e-01
9.1921127891e-01 -3.5741053555e-01
5.6932717981e-01 2.1511840909e-01
2.7612779358e-01 2.8462201864e-01
1.4687977954e-01 -1.1340068769e-01
-3.6618762154e-01 -7.1109292278e-04
-5.8103026473e-02 2.4729651001e-01
1.4524953680e-01 -4.3103007231e-01
2.8182193053e-01 -3.2940262597e-01
5.5960766649e-01 -1.7005656763e-01
-5.2651717975e-01 -1.9290797792e-01
-4.6017675822e-01 -1.8536383568e-02
-1.4858971927e-01 2.1654963190e-01
3.2357129792e-01 -3.3613243191e-01
-1.9044987962e-01 5.1256881919e-01
4.7646067012e-01 1.1200835070e-01
-3.5508745053e-01 5.3864610492e-01
3.5127708851e-01 -4.4949276678e-01
-6.1848433184e-01 -1.7921509072e-01
1.5145870484e-02 5.4983176720e-01
3.1903525422e-01 2.0013958381e-01
-3.3497157766e-01 1.3855452515e-01
-2.0941216124e-01 4.4924285356e-01
3.5407631996e-01 3.7258613294e-01
1.0554906374e+00 -5.6147186248e-02
7.7457408079e-01 1.5389053871e-01
1.5078526640e-01 -4.7147910631e-01
-1.8018664552e-01 5.1316986274e-01
3.5380654585e-01 1.5807694116e-02
-4.0860284781e-01 5.1452921726e-01
1.2681203001e-01 -4.8732229737e-01
3.2199988587e-01 2.9138524849e-01
-7.0856603181e-01 2.8726279294e-01
3.0058422977e-01 -4.5947291957e-01
-1.0906486161e+00 1.6288587214e-01
-6.9700287025e-01 -2.1234998533e-01
-1.5005048083e-01 -3.2018959955e-01
3.2244016510e-01 2.7341493735e-01
6.3867806509e-01 -1.0431156889e-01
-4.6901658453e-01 -2.0237387934e-01
5.3638878501e-01 2.5227507969e-01
3.5081654035e-01 -4.5573956581e-01
2.9830962741e-01 -6.3603342690e-02
-3.8364684863e-01 -7.2486280942e-02
8.7734357864e-01 -5.6094755540e-02
-2.9807450658e-01 4.5528163184e-01
-2.8794180551e-01 1.0747084806e-01
-5.9215601108e-01 -6.4822505494e-02
-2.0864146679e-01 -4.3570662922e-01
2.5311705957e-01 1.4525872172e-01
3.1580854356e-01 2.8807799150e-01
-1.0283482406e+00 1.4250730396e-01
2.0376306554e-01 5.5766660358e-01
-1.9436699983e-01 4.8159841776e-01
2.8549698941e-01 -3.9123013651e-01
9.3809774494e-01 -1.5200605723e-01
3.7736376814e-01 7.9001052020e-02
-1.8646316920e-01 2.8882012020e-01
-5.6715013112e-01 -2.0560282032e-01
5.3954367677e-01 2.0000369326e-01
-1.2721321213e-01 -5.3437407272e-01
-2.2711362549e-01 5.8686818751e-01
2.2079126801e-01 1.9076466076e-01
-7.2267326642e-01 1.4804462641e-01
-7.5528775671e-01 4.9250484715e-01
1.2284320571e-01 3.0139933026e-01
2.2727303030e-01 -1.2702037574e-01
5.0744885948e-01 -5.3999195779e-01
-8.1144992906e-01 1.9253878429e-01
-7.6812855267e-01 -1.1737213720e-01
1.9294390257e-01 -5.9961290558e-01
-2.5421370338e-01 -2.1979984491e-01
5.3035950258e-01 2.3962472553e-01
2.6751864031e-01 -2.4759998771e-01
-2.5259579925e-01 2.1647934026e-01
8.2681224991e-02 1.3216976571e-01
-5.8835028768e-01 -1.6486470508e-01
-3.5618968869e-01 4.1443705780e-01
3.7532223079e-01 -4.5700383935e-01
6.7352377610e-01 1.4776233178e-01
-1.0533953126e+00 1.2244300159e-01
-2.2603221142e-01 5.3984087221e-01
4.9333826580e-02 -4.3016516747e-01
-9.3143064303e-01 6.0277101285e-02
-9.5788169906e-01 5.1046586190e-02
-6.6247248894e-01 -3.0016013168e-01
8.5017914182e-01 -1.7429248122e-01
-3.3121580167e-01 4.5246711758e-01
5.4662110027e-01 -2.7962710432e-01
8.3579422655e-01 -3.6154440750e-01
9.2495391591e-03 4.5816961610e-01
9.8340106389e-01 -1.4858437178e-01
-4.9450114175e-01 -2.1006161979e-01
-3.7524137952e-01 5.1676212052e-01
9.6308134521e-01 -4.4514842362e-02
4.2746122088e-01 -4.2928218916e-01
-3.1688364148e-01 -5.5557781806e-03
1.0219684481e-01 -5.0497984313e-01
-3.1398289664e-01 6.0835636950e-01
-9.4580031794e-01 7.3977904687e-03
-6.9504651406e-02 5.1801526141e-01
7.4568638728e-01 1.5657482046e-01
-7.2235191449e-01 -2.7749410336e-01
5.9213750806e-02 -2.4323257772e-01
9.8181812874e-01 8.1257042424e-02
8.3956531391e-01 -3.7660496941e-01
-8.1246968767e-01 4.8491757067e-01
-9.4038371229e-02 4.3630964580e-01
-2.0397232044e-01 5.7987982554e-01
-2.2193958667e-01 5.5066322144e-02
9.4525961307e-01 2.0301362201e-01
2.5220168688e-01 3.0942397297e-01
-1.5999330598e-02 -4.8934842129e-01
-7.4445905655e-01 -1.2728995621e-01
-1.7112503922e-01 3.9284668164e-01
4.2856681290e-01 -5.0401542224e-01
8.1229473601e-01 -3.8356508288e-01
-1.9166699849e-01 -3.6959877521e-01
8.9541494043e-01 -3.2163077374e-01
-2.9715713159e-01 2.7009756977e-01
2.0665910858e-01 -5.0573476222e-01
-1.4148255789e-01 4.8427165242e-01
5.2210114229e-01 -1.5504124679e-01
-3.2394084891e-01 5.5421187169e-01
2.6414341405e-01 -4.5041277305e-01
5.1096349486e-02 -2.1597855502e-01
-7.8344089119e-01 5.1963151920e-01
4.2629796815e-01 4.0425080509e-01
-6.5040914090e-01 8.3534715968e-02
1.1129446493e-01 3.7943661520e-01
-2.2116341477e-01 -3.3510259291e-01
5.0538801384e-01 -1.4622103936e-01
-7.0091802612e-01 7.4195483969e-02
2.3239326398e-01 7.6641989808e-02
9.1905997973e-01 -4.4160030545e-01
-5.7934999587e-02 -3.4420860347e-01
7.1054829852e-01 3.3618373584e-01
4.8776529576e-01 -4.7139193359e-01
-3.3767351046e-01 5.3812726000e-01
-2.1069665946e-01 -2.8606035838e-01
9.5290477791e-01 2.1364892273e-02
-5.9600981139e-01 9.5680151538e-02
8.4558896069e-03 -4.8562572841e-01
3.8235839496e-01 -5.7878539362e-01
-2.8372112757e-01 4.7181770330e-01
-4.5414765910e-03 -5.9280346784e-01
-4.0796917513e-02 -3.8771112941e-01
-1.5566633353e-01 6.3029203186e-01
2.7779554320e-01 -2.6809547405e-01
-4.4382207662e-01 3.2129752507e-01
-4.0350450487e-01 -3.3126198895e-01
5.5270016888e-01 8.3165052161e-02
1.4576522019e-01 7.0063294212e-02
-9.5064830354e-01 2.7364675888e-01
3.6961617346e-01 -5.2490724124e-01
-6.5507144865e-01 1.4951988505e-01
-1.1190158070e+00 3.1951766658e-01
-7.9896480120e-02 4.8191434104e-01
5.9706344072e-01 -5.3491824473e-01
-1.3577446679e-01 5.8580303934e-01
-2.6527382121e-01 3.9019180281e-01
9.8227889918e-01 -2.1959042251e-02
7.0626338406e-01 1.8826728536e-01
9.9988746046e-01 -1.5493205155e-01
-9.8424857392e-01 2.6997283268e-01
1.6303379193e-01 1.1797810556e-01
-5.2467420376e-01 -1.9470886075e-01
2.7592765664e-01 2.5742157705e-02
-4.9700619933e-01 -4.5380058886e-02
5.9757871289e-01 -6.7648594149e-02
-3.0758178052e-01 2.8826261374e-01
3.5656529881e-01 -3.0614117474e-01
2.1403931812e-01 2.9944627165e-01
2.9020182843e-01 -5.1535033583e-01
-2.4795001004e-01 -4.8677252213e-01
4.8632188512e-01 2.0023061249e-01
2.8035863368e-01 4.2941828409e-01
-3.3423195666e-01 -1.7695719446e-02
-3.1540674069e-01 1.7541008091e-01
2.1745878489e-01 2.9798420561e-01
-2.4781842350e-01 6.2342169733e-01
-4.3938811169e-01 5.1482132833e-01
3.2359521898e-01 -2.8978147254e-01
-9.1406229259e-01 2.6946892772e-01
1.0349359432e-01 5.5114526012e-01
2.3492444629e-01 3.5169062415e-02
4.9990306289e-01 3.9397862089e-02
-7.0869798911e-01 -1.0345695556e-01
-5.5626356935e-02 4.3981433891e-01
-3.0328648629e-01 -3.9219448189e-01
5.1074282033e-01 -3.6578173292e-02
1.2997762735e-01 2.9280418536e-01
2.0073170181e-01 -1.3293412878e-01
-1.2017996793e-01 -2.5107092929e-01
-7.5510878225e-01 2.8945212902e-01
1.6487255786e-01 -7.8167063060e-02
-2.1072375724e-01 3.0433176286e-01
7.4754825822e-01 1.8549172423e-01
-5.9189326832e-01 -7.0411245458e-02
1.3336118359e-01 3.7066473404e-01
1.7604786473e-01 -5.0614831219e-01
-2.3839132706e-01 -2.8120081499e-01
5.9542283832e-01 2.0613800447e-01
1.5297363835e-01 -3.6117487354e-01
4.1654870582e-01 -5.2820782673e-02
-7.4322085125e-01 3.8280751007e-01
1.1626309688e-01 -3.9392856039e-01
-3.0097047005e-01 4.5817982912e-01
1.1902708845e+00 -1.1508689805e-01
-9.7944407928e-01 2.6422748683e-01
4.0751413929e-01 1.2319252064e-01
-8.2258070070e-01 -9.0127869942e-02
-4.2474192889e-01 3.0926698402e-01
3.2486363967e-01 -3.5981044432e-01
-8.0651367120e-01 1.9502289706e-01
4.2555895610e-01 4.7900381868e-02
-4.6347430576e-01 -1.5748032114e-01
7.6852391224e-01 2.1667022233e-01
4.3603725138e-01 -4.3382442771e-01
1.0032894910e+00 -2.3571625050e-01
-6.6061440399e-01 6.4289182333e-02
7.1943049113e-01 1.6257812232e-01
-1.0556835723e-01 5.1888577858e-01
-7.3119717177e-01 5.5701556693e-01
1.9137448165e-01 -3.7690372756e-01
-3.6156480477e-01 -4.6783164190e-01
-1.6222511982e-01 4.6364985872e-01
4.3116075071e-01 -2.7647997331e-01
-3.5328199202e-01 2.8122450682e-01
-5.1836151666e-01 -2.5253732362e-01
-7.6190756023e-02 5.1614231106e-01
8.5480070798e-01 -3.2756417641e-02
-5.4233192615e-01 3.4998776258e-01
-7.2030678847e-01 1.0495278238e-01
6.2212824298e-01 -1.0083803359e-01
9.7111866603e-03 -4.4145811281e-01
3.7390865957e-01 -3.4576739068e-01
7.1232899972e-01 -4.6628565404e-01
-1.6501636097e-02 5.7878749714e-01
-9.9636614811e-02 7.5625885755e-02
7.1152234082e-02 -4.4148293816e-01
-1.6843421942e-01 -3.6389840502e-01
5.8146845219e-01 -9.5430328848e-02
-5.8176736890e-01 7.4398780608e-02
-1.8328921308e-01 -8.7975982215e-02
-2.7135137622e-01 -4.8002882051e-01
4.9844483769e-01 2.6056986847e-01
3.9484364690e-02 -4.1970274969e-01
3.5223571318e-01 -5.1433753361e-01
-5.3553435745e-01 4.3454480526e-01
7.0336406823e-01 -1.9471506662e-01
-4.1863305463e-01 -4.8474504734e-01
-9.3243468221e-02 5.3385433963e-01
9.8695990021e-01 -9.3208018586e-02
-6.1221834545e-01 1.5962805612e-03
1.3685985507e-01 1.7078326705e-01
4.2754978450e-01 4.0365745971e-01
-4.0144520423e-01 5.7733577472e-01
3.5452549994e-01 -4.4574473671e-01
-4.9764109831e-01 -3.2374739205e-01
2.4173024445e-01 3.6919112509e-01
2.9473920708e-01 -3.8915022672e-01
-1.7971098253e-01 5.8732837043e-01
5.1838104382e-01 2.1255074413e-01
-4.8709775550e-01 4.7994219774e-02
-2.3970564543e-01 2.6237874429e-01
6.8087532726e-01 1.8447179733e-01
-9.5088349630e-01 2.3284796423e-01
-4.3135254543e-02 5.5922431611e-01
5.2824223558e-01 1.9637183177e-01
1.5073573907e-01 1.7031538949e-01
2.0827033192e-01 -1.9386902230e-01
8.1118732931e-01 -2.6701028462e-02
-5.1956995639e-01 5.7133845062e-01
1.1370426344e-01 -4.6214842886e-01
3.6370061330e-02 5.5444003136e-01
4.6607315542e-01 3.0624784096e-02
-7.7170547330e-01 -1.3463557866e-01
6.8663654705e-01 -2.4465018783e-01
3.2672419009e-01 -3.9462661015e-01
-4.4426021816e-01 -2.0238028280e-01
6.3254302284e-01 1.9312432090e-01
4.1427656495e-01 -1.5353364759e-01
-9.3389838410e-01 4.3775170290e-01
6.0545840781e-02 -4.6422320391e-01
-1.9731549943e-01 4.9434410949e-01
2.5445840478e-01 -3.9566456075e-01
-3.6412491842e-01 -3.1356795683e-01
4.9753749787e-01 3.8825329592e-01
6.4187717700e-01 -2.4927837403e-01
2.5407090633e-02 -2.6597837922e-01
1.3716722007e-01 1.5537539924e-02
7.7745930130e-01 2.0763169853e-01
-4.9366093468e-01 1.3626218746e-01
3.2930818020e-01 -4.3401187148e-01
-1.0570225034e+00 2.9333588974e-02
-4.5341264268e-01 5.3334935386e-01
-9.2025743319e-01 -8.7160249902e-02
-4.0944050585e-01 5.0936209435e-01
-2.1076749030e-01 -6.2559428017e-03
4.9818277668e-01 2.0662568771e-01
-8.6250871568e-01 2.6720781394e-01
3.7995368990e-01 3.8767622436e-01
-7.1567802682e-01 -2.1173106940e-01
6.6462406742e-03 3.6325681186e-01
8.0135002820e-01 1.2130744519e-01
5.4824775259e-01 -3.6502394397e-01
-7.4142747640e-01 -2.1416077761e-01
8.3535901987e-01 -1.1442309690e-01
-3.1798490356e-01 4.6456614192e-01
3.1013440552e-01 -4.8046664415e-01
-5.1550394559e-01 5.2262606928e-01
6.8926602786e-01 -3.0616582435e-01
-3.6530078207e-01 -7.3618618090e-02
1.8751632755e-01 -4.9532791087e-01
-4.3213344918e-01 5.0477895737e-01
1.5032548614e-01 -4.5528097297e-01
-6.3973016805e-01 -1.6466062928e-01
2.1515455119e-01 -5.4262493224e-01
-1.1933367432e-02 -3.9402753756e-02
8.0849273229e-01 2.6966472879e-01
-6.5379803203e-01 -2.8134343740e-01
1.1653912807e-01 -4.6384356975e-01
7.6342987652e-01 -2.9106404885e-01
-3.9389034003e-01 -5.0458243625e-02
-1.7914870944e-01 5.1003537914e-01
1.3173168742e-01 -2.2840236581e-01
1.9952199958e-01 -2.7175260445e-01
7.7749691773e-01 1.9058480108e-01
1.0422597831e+00 -2.6157821165e-01
-1.8772903745e-01 4.8573198864e-01
5.2628913943e-01 8.5044625332e-02
-2.9835805936e-01 -3.1039373299e-01
7.2352236753e-01 2.4596276016e-01
-3.2020596301e-01 4.1414668980e-01
-6.9546186822e-01 6.3034430442e-03
-2.9845871097e-01 2.8202287555e-01
-2.5328074863e-01 4.8260675798e-01
-1.1271450066e-02 -5.8260587975e-01
2.8527399244e-01 -3.2600950509e-01
6.0874713589e-01 3.9225090216e-01
8.8427621403e-01 -3.9952287243e-01
-5.5280485976e-01 -2.4136257692e-01
-4.0725790224e-01 5.2919848576e-01
7.8738602409e-01 3.0405304176e-01
-1.9471435185e-01 7.1909220228e-02
5.5261422724e-01 -5.0396739344e-01
-2.7529758607e-01 1.0554467200e-01
-3.7757382944e-01 5.4237266639e-01
3.2226217534e-01 -4.4511451903e-01
-5.8337517618e-01 -1.6787719840e-01
-3.8499394816e-01 5.9969183249e-01
-5.7178344935e-01 -1.8692836168e-01
-8.0378219090e-02 -5.6007159704e-01
3.2412608884e-01 -3.1104387571e-01
-2.7721447086e-01 -2.8779116982e-01
6.4535460252e-01 -2.3773747629e-01
4.0388027763e-01 -3.7131031578e-02
-3.6725582309e-01 -2.7516830223e-03
9.4699200577e-01 -3.3870240566e-01
-6.2621227079e-01 5.2290106280e-01
4.9666947933e-02 5.3201331219e-01
3.0116673579e-01 -4.5106830595e-01
-4.8758540254e-01 -3.9343717504e-01
4.8121345115e-01 3.9097674327e-01
5.1938647103e-01 1.8279059515e-01
-8.3728732592e-01 -8.5255946718e-02
3.4022132335e-01 2.1666844705e-01
-6.0533874491e-01 -1.5461604139e-01
5.3401452642e-01 1.9336599169e-01
8.6190907520e-01 3.2727182644e-03
-8.5316471757e-02 -6.0184454748e-02
2.0409177281e-01 -3.1574930901e-01
-1.0956557038e+00 1.0204970308e-01
-4.3983661720e-01 1.6485154142e-01
-3.3122814216e-01 -2.0920298740e-01
1.6188779515e-02 -3.9583405475e-01
-5.4996356206e-01 -3.1864652167e-01
-2.7090628686e-01 -2.3697957487e-01
2.4863200091e-01 3.3556713002e-01
1.8479925862e-01 3.4889092901e-01
1.4096591190e-01 -8.9485116043e-03
-7.2915316138e-02 -1.2719900401e-01
-6.7596846298e-01 3.5753198935e-02
3.0523155714e-01 -1.5741771204e-01
-1.9838331769e-01 2.1805743893e-01
9.3761290522e-01 -1.9343626632e-01
-7.1087101597e-01 -1.5744264406e-01
-3.5860520312e-01 -3.9664392743e-01
-3.0104332310e-01 -2.7817249061e-01
5.3141855034e-01 2.0771988202e-01
6.9466795225e-01 1.1411503780e-01
2.9522110593e-01 3.6549686306e-01
-3.2277394488e-01 4.4621648335e-01
1.4628614792e-01 -4.6546436803e-01
2.0105011504e-01 -5.3304715705e-01
7.3881834544e-01 2.3245632183e-01
-6.3814227094e-01 4.1334116714e-01
-6.7831912555e-01 2.7230382906e-01
-5.8721329277e-01 -1.7357813637e-01
4.8262196780e-01 2.3067241905e-01
-3.8010749037e-01 -1.8593585487e-01
1.3662622260e-01 -4.4677815546e-01
3.8147991855e-01 -4.7295484835e-01
3.7361984288e-01 -2.1617190596e-01
-9.1538090598e-01 -1.4718941295e-01
-4.6954002456e-01 -2.1632037551e-01
-8.8820911113e-01 4.1051263805e-01
1.4020264305e-02 5.0656347031e-01
3.1661032022e-01 -5.3447353728e-01
-5.8349315937e-01 -3.5764292924e-01
-2.2876409258e-01 4.3881548169e-01
-7.9371236505e-01 3.4323341748e-01
4.4870132770e-01 3.4499457772e-02
6.4218174512e-01 2.9963916462e-01
-5.0344694257e-01 2.0905914870e-01
-5.4250564784e-01 2.2596353016e-01
-2.4176716976e-01 5.5087538382e-01
4.7093205248e-01 -4.5335781565e-01
-4.9469854199e-01 -2.4032207968e-01
2.6495443146e-01 -3.5615177474e-01
-2.9752284777e-01 5.0917358960e-01
5.6770186252e-01 3.0027639560e-01
1.9761177420e-01 -5.9083943353e-01
4.1881930902e-02 -3.8214341925e-01
1.4367410235e-01 5.4642918960e-01
3.3248416500e-01 1.9706007813e-01
-4.2827712077e-01 2.9301686020e-01
3.4722341131e-01 -9.0156108029e-02
3.4741040757e-01 -4.0957034043e-01
5.4316787516e-01 -1.2157059905e-02
9.6899259373e-01 -1.7401904170e-01
-3.3525646814e-01 4.9797107107e-01
1.0484846198e-01 4.3696373107e-01
-8.9895678115e-01 -6.2547383276e-02
6.1999718683e-01 1.9043828200e-01
1.3231937867e-01 -3.3376616670e-01
-6.5333846863e-01 -1.3994513916e-01
2.7703441031e-01 1.6557706217e-02
7.8213803715e-01 2.5543038376e-01
-3.4792998650e-01 4.6225053776e-01
2.6118259170e-01 -4.2113018732e-01
-1.4978106869e-01 -4.1859076613e-01
-1.7333705877e-01 3.4965546395e-01
-8.6154018585e-01 3.5105021105e-01
5.0596095249e-01 1.7362251406e-01
-5.5878702350e-01 4.9032927175e-02
-2.4147310590e-01 5.3533859395e-01
1.8291115035e-02 3.0679601996e-01
-4.2693944235e-01 2.1873940643e-01
5.8680066012e-01 2.3367542591e-01
-9.5736426276e-01 2.8774888406e-01
-1.2571533039e-01 -1.2949609976e-01
3.3995558709e-01 -5.5404019446e-01
7.9704559718e-01 1.4924587722e-02
-3.8854797576e-01 5.7760000305e-01
2.9996218890e-01 -1.9069304297e-01
-3.8487241316e-01 -2.3485376065e-01
5.9566564910e-01 1.7809301289e-01
5.8324321079e-01 -1.8006511277e-01
4.8153510926e-01 -4.8818884831e-01
1.0445627680e-01 5.4526189973e-01
3.6128184922e-01 -1.1220782006e-02
-2.4377051663e-01 -2.1074123373e-01
-3.7935619392e-01 -4.5744275385e-01
-2.3051239301e-01 4.8603820583e-01
2.4231852423e-01 -4.0195110183e-01
-1.0338480669e+00 2.1051379257e-01
1.6409426059e-01 -4.3833828694e-02
-5.5925557907e-01 -1.8261424262e-01
5.7070665915e-01 1.6019172006e-01
-2.1816020161e-01 -3.6424502587e-01
5.1725840422e-01 3.2095891383e-01
9.7570861515e-01 4.7744460342e-02
-4.5780990316e-01 -2.6644662996e-01
-4.6081360875e-01 -2.7145886758e-01
-3.8717278567e-01 4.4945179719e-01
2.7018852468e-01 -4.2933724445e-01
2.4218455103e-01 6.3262393833e-02
-4.2789016061e-01 7.0522000096e-02
4.9873715583e-01 -4.6036100717e-01
-1.0793235871e+00 2.9548162610e-01
-9.8087552048e-02 4.5075559974e-01
4.5987351038e-01 4.2711870176e-01
-1.2178341266e-01 -3.3303485701e-01
4.1561830617e-01 2.8253276017e-01
3.8738953890e-01 1.9102790767e-01
-8.2982050390e-01 2.2067702777e-01
4.5826734345e-01 -2.9828224926e-01
8.0067742832e-01 -9.4104463505e-02
-4.0602245172e-01 -6.3567592353e-02
7.8355296296e-01 -1.3734947518e-01
-4.6873075380e-01 4.9564010253e-01
2.3233305072e-01 -4.0160071255e-01
-7.7798139538e-01 1.3994204685e-01
8.1339871754e-01 2.8017722921e-01
-3.9927188239e-01 -2.8404764012e-01
-4.2810641528e-01 4.9948911184e-01
1.7529729393e-01 -4.5745157643e-01
-6.3704752054e-01 8.1341255906e-02
3.5968244856e-01 -4.1736758851e-01
-9.6646621346e-01 2.2489982210e-01
3.0095331715e-01 -5.2607213891e-01
-2.8094676968e-01 -1.8533245813e-01
2.0409414016e-02 4.1083976777e-01
-2.3086675121e-01 -5.0934526486e-01
8.1111483178e-01 -3.3697000445e-01
-2.4410261780e-01 5.0393256786e-01
7.2073102482e-01 -7.7596282601e-02
-2.4138817677e-01 4.7273762233e-01
7.4399011092e-02 -9.5591414077e-02
2.4158206436e-02 -3.0295796149e-01
6.2982983222e-01 4.0466302189e-01
7.9049454708e-01 1.5103428474e-01
-2.5876256152e-01 2.6811158224e-01
-7.4765864459e-01 -1.6945278553e-01
-2.5803247388e-01 5.6835774055e-02
-6.3332955478e-01 -1.7937676516e-01
9.3801869917e-01 -2.0605348081e-01
-3.4796071045e-01 4.9466490328e-01
-9.4095647115e-02 -5.1540802629e-01
5.9304997338e-01 1.5917821585e-01
4.5207595997e-01 2.5194300503e-01
7.6563705546e-01 -3.1740941351e-01
-1.0519580302e-01 3.3266674979e-01
-5.2724158548e-02 3.5240943868e-01
-6.1703230158e-01 5.9471174936e-01
3.1624383986e-01 -5.3299145474e-01
-2.2341574660e-01 3.7240683382e-01
-3.5627399130e-01 5.5734436458e-01
-5.7353916053e-01 -3.3125913828e-01
3.7221625942e-01 -5.0072710367e-01
-1.0733984550e-01 5.2221700834e-01
6.3741611505e-01 1.6848917018e-01
6.7420621518e-01 -2.3032626391e-01
-9.3497016117e-01 -6.1854170276e-02
6.9403860549e-01 -3.1234968075e-01
7.3343228912e-01 2.6883597126e-01
3.4668260331e-01 -4.1199007890e-01
3.2481677754e-01 -3.7503582283e-02
-3.7592622403e-01 -4.2549618147e-02
1.0267689061e+00 9.0653325663e-02
-3.0306510784e-01 5.3077245307e-01
5.3083316787e-01 2.4619796490e-01
-3.5298074724e-01 -4.2493828172e-01
2.3754252467e-01 2.6621048998e-01
5.2952958538e-03 2.9459653318e-01
-6.6743398498e-01 4.3346408593e-01
-3.1728192995e-01 5.1370316459e-01
-4.7219587659e-01 -4.5694320995e-02
7.9228917845e-01 2.6717793814e-01
-8.5355778022e-02 1.8829751156e-01
4.3407666084e-01 -3.6275081907e-01
-1.0494697982e+00 2.6659918276e-01
-3.8421074133e-01 -4.1942107028e-01
-4.7452085700e-02 -3.4255533448e-01
6.4197715331e-01 2.5868887296e-01
6.0616439517e-01 -2.2897380715e-02
-4.9294476335e-01 -1.6297803523e-01
-1.6579068351e-01 2.4145736259e-01
-4.8150400103e-02 -1.4972719318e-01
2.6460041389e-01 -5.1155573580e-01
-8.8069326617e-01 -4.6374536602e-02
-2.6921887134e-01 -7.8604937467e-02
-5.3616351058e-01 -1.8338813991e-01
2.1581430419e-01 2.8827363655e-01
2.0366341664e-01 -1.8910768449e-01
-1.9551469840e-01 2.2163560462e-01
5.5775417969e-01 -2.9642863859e-01
-2.1565053606e-01 -5.3653474548e-01
-2.3108549405e-02 4.6562755140e-01
-2.9037761318e-01 4.5145633435e-01
1.9909163571e-01 -4.4864634121e-01
-3.6970963273e-01 -2.4305871408e-02
4.6669821552e-01 -8.2552284507e-02
-4.3635222987e-01 2.7338448685e-01
2.9798263650e-01 1.6740507288e-01
-2.4219495667e-01 3.3280265552e-01
-5.0246511643e-01 -2.1744093144e-01
6.4968420694e-01 2.3588482651e-01
1.9956062684e-01 -5.9711149977e-01
9.6035430920e-02 4.6866679267e-01
6.4583350451e-01 1.5837814122e-01
-5.7106681007e-01 -6.5111532814e-02
4.0922983636e-01 -3.1394530411e-01
-6.5283638444e-01 -1.3948100512e-01
-2.6004640794e-01 1.0739139766e-01
-5.8653876632e-01 4.8988589089e-01
5.4364542485e-01 2.7110291688e-01
3.8065310850e-01 -4.8873760020e-01
-8.7522476941e-01 3.6059912367e-01
4.2860147320e-01 1.5921764499e-01
4.2473004491e-02 5.2837420250e-01
2.3813389477e-01 -3.6300301257e-01
-6.4661997299e-01 -2.7224763731e-01
-2.4882986735e-01 4.3404246202e-01
3.8860433662e-01 -5.2007362959e-01
7.0018627071e-01 3.9896050849e-01
-3.8950044432e-01 3.1704610241e-01
-7.3256842637e-01 3.1851736116e-01
-2.9969282145e-01 -3.0761593580e-01
2.9261265915e-01 3.5146877509e-01
2.2252195789e-01 -7.2946621894e-02
-2.5963654776e-01 4.1270946407e-01
2.9386606401e-01 3.3417091261e-01
3.0116265276e-03 -5.5569920767e-01
5.0613148438e-01 -4.2695271031e-01
4.3809510285e-01 8.0195928162e-02
-6.1624365534e-01 3.0002207031e-01
3.7671539136e-01 -1.0554997716e-01
7.0061120976e-02 -4.2382362256e-01
-6.2737824973e-02 4.9193505507e-01
9.4886854270e-01 -3.6247497919e-01
-3.4026033714e-01 5.0029208647e-01
-1.7668291001e-01 5.4298179466e-01
-9.7978273215e-01 -5.7854829631e-02
-2.0028592597e-01 6.2361629981e-01
3.2793813586e-01 -3.5609878030e-01
3.5763276240e-01 6.9723436999e-02
-1.5351726701e-01 4.8781823762e-01
3.5104161307e-01 -5.0291016179e-01
6.3517806060e-01 1.2912208639e-01
2.5480202595e-01 -3.8254788319e-01
-5.4015901663e-01 -1.4640977189e-01
1.0665634342e-01 -2.9472424314e-01
4.0619215600e-01 -4.4066289438e-02
1.7198062992e-01 -4.6449194614e-01
-8.7697986416e-01 3.8738373490e-01
-4.7621240333e-01 -1.2847469193e-01
-3.5794146671e-01 4.8438398775e-01
3.4605065606e-01 -4.7147335564e-01
6.4833353048e-02 -5.6661810580e-01
-7.4393312336e-02 2.8244427282e-01
-1.2363387834e-01 5.5760841721e-01
8.9317585941e-02 -4.4226463050e-01
-6.6816789607e-01 -1.6798179358e-01
2.3531761463e-01 -3.7204285861e-01
5.8243833725e-01 1.7336960692e-01
-1.0353001981e+00 1.4651120539e-01
1.6383214844e-01 -4.7281194325e-01
-8.3622634770e-01 2.3574515564e-01
-6.7811167762e-01 -1.1451574240e-01
8.2935505719e-01 -1.9137068893e-01
-4.0355154765e-01 4.7316087301e-01
-3.0589611854e-01 4.5892262625e-01
9.7546917516e-01 5.0868157686e-02
-5.1845072177e-01 2.3094356746e-03
6.3337246534e-01 -3.8371359825e-01
9.1160365292e-02 4.8885553998e-01
8.4033261488e-01 1.7453634248e-01
-3.4636245340e-01 -1.0192144560e-01
3.4427859020e-01 -3.4934989389e-01
-6.1687755691e-02 3.9415332349e-01
-1.4058334457e-01 5.7055604727e-01
7.8751765357e-01 -3.7349551110e-01
-4.2128262500e-01 1.1496362995e-01
-9.6553648015e-01 1.1233353776e-01
-1.2457142354e-01 4.8516214729e-01
8.5591610783e-01 -3.5383595970e-02
-3.2267136093e-01 -2.9355753216e-01
-3.2696759874e-01 -2.7340886259e-01
-1.7411047610e-01 5.8176864611e-01
-3.5607000263e-01 6.0332258756e-02
7.8463019719e-01 8.5891410088e-02
3.6557429606e-01 -3.9345620450e-01
-9.2091316667e-01 1.7641078345e-01
2.8568464104e-01 2.6903297829e-01
2.6335280872e-02 -4.9151728724e-01
-9.7622406834e-01 1.2079819237e-01
-2.7169722589e-01 2.3985409924e-02
7.1019716574e-01 8.9710366257e-02
-4.8770057297e-01 -1.8716898832e-02
2.1481269892e-01 -5.8907048686e-01
5.7738949622e-01 -5.1088653798e-01
-5.0496797240e-01 -4.2413162065e-01
8.4765675093e-01 -3.3157649557e-01
-7.3486579582e-02 1.8466658004e-02
3.8821295667e-01 -4.1628446065e-01
-3.9664284461e-01 4.9804680936e-01
1.6077605773e-01 3.8464599691e-01
-8.1738578879e-01 2.8487118499e-01
-4.3889180699e-01 5.8125676352e-01
5.1132881103e-01 2.5448191897e-01
6.2141727643e-01 -2.2495856738e-01
-1.1551956612e-01 4.7633153820e-01
4.6248537792e-01 -1.1956140495e-02
-9.7735093763e-01 3.0862585132e-01
1.3106974157e-01 1.3006807149e-01
3.1094370166e-01 3.3128337646e-01
3.7812169823e-01 -4.9087628472e-01
-3.8903892440e-01 5.6689283589e-01
-4.7804329953e-01 -1.6720332509e-01
4.7957042398e-01 -8.9598688635e-02
-3.0675323305e-01 4.4869979386e-01
3.2536405917e-01 -5.4405271951e-01
-3.4159822939e-01 -4.0221950749e-01
4.2611808420e-01 3.5865304491e-01
7.8797960238e-01 -7.7056369583e-03
-6.9487933298e-01 3.3329589216e-02
-1.5436948536e-01 -3.2402042050e-01
4.2721871747e-01 -1.3686020618e-01
2.3348527392e-01 3.3081637429e-01
3.0644835476e-01 -2.2588370773e-01
-3.5249680235e-01 5.3803518757e-01
6.9094058422e-01 -3.6482170275e-01
1.3271962347e-01 -4.0689923949e-01
-9.1442524803e-02 5.9308200772e-01
8.2145423356e-01 4.2053113713e-04
-9.5160350272e-01 3.6181506205e-01
9.6084518578e-02 -4.2707298423e-01
-5.9291391177e-01 -3.8713255166e-01
8.2355733931e-01 1.2064596812e-01
-7.8476198005e-01 2.5265319508e-02
3.2091092320e-01 -5.8542819432e-01
-4.6577720575e-01 5.0206284675e-01
1.2685255860e-01 4.2230931664e-01
3.5864004538e-01 -1.9009223098e-01
-1.9272822959e-01 5.0487868441e-01
-2.7944535063e-01 2.8373745935e-01
-1.0888879285e-01 -3.6620370557e-01
8.7192684514e-01 -2.5769992013e-01
-1.0495660100e+00 1.1037440829e-01
-2.4693752110e-01 3.0392984933e-01
4.9176229185e-01 2.7439384961e-01
1.3090838483e-01 -4.7028692074e-01
2.3395275401e-01 -3.6769532270e-01
-8.1540559591e-02 4.0603583472e-01
1.6106836661e-01 -5.8151941020e-01
-4.9679438975e-01 -1.3784495271e-01
-2.1082401376e-01 -1.1607481457e-01
-4.1250201149e-01 2.4316101868e-01
3.7039539168e-02 3.1163224988e-01
-3.7249832423e-02 -4.4614610001e-01
4.9809099351e-01 4.4276411555e-02
4.8673119037e-01 4.3534693674e-01
-6.3519320620e-01 -9.0552195346e-02
-7.0190425349e-02 5.0015813407e-01
3.0859414394e-01 2.6857378262e-01
-8.9043679593e-01 3.5163755021e-01
3.0254406177e-01 -1.7862776189e-01
-8.8941295240e-01 3.8112005598e-01
1.7776218257e-02 4.8949494084e-01
-1.8407104565e-01 -3.5774564055e-01
8.1786623453e-02 -3.5663428195e-01
5.2999896290e-01 2.1289484172e-01
2.7006339157e-01 -1.0021547345e-01
-7.0698459485e-01 -5.8730334870e-02
-4.5943732177e-01 3.3770870780e-01
2.4505307257e-01 4.6669686827e-01
5.4065359848e-01 3.7351830935e-01
1.2492603521e-01 -3.9830044089e-01
-1.0242810608e+00 3.2429860111e-01
-7.3478399641e-02 4.5965738741e-01
2.7114151618e-01 -5.3774582232e-01
8.6868974101e-01 -2.6895309378e-01
4.9123642906e-01 5.2488864707e-02
4.0345252636e-01 1.8988894876e-01
-4.6655171438e-01 -1.4123018181e-01
-1.4108896028e-01 4.9529624440e-01
3.4987301497e-01 -5.3294566211e-01
4.3904114501e-01 -3.0445263733e-02
-4.0580819315e-01 3.7917404315e-01
-2.6746191828e-01 2.5829585695e-01
4.1045510765e-01 -4.2559325880e-01
-5.7562002016e-01 -1.9969660538e-01
-9.3160964116e-03 -4.3681874721e-01
-6.8241732519e-01 3.6417172273e-01
5.4079903584e-01 2.0510565070e-01
-1.0002990999e+00 3.5646816352e-02
8.4945638280e-01 -2.3180072519e-01
-1.0757492182e+00 1.2184121369e-01
6.7360980913e-01 -1.2684202557e-01
4.4065454545e-01 3.8620819062e-01
2.7651766405e-01 3.3049192229e-01
4.2313997679e-01 -4.6374938184e-01
-6.0691937706e-01 7.5670111388e-03
4.4444938509e-01 -3.4198176427e-01
-3.1983540304e-01 2.6867706533e-01
-4.3880835494e-01 6.1842039382e-01
1.2094004250e-01 -4.3637274986e-01
-3.3115093550e-01 -4.9574837010e-01
-1.1026361561e-01 4.7259941859e-01
9.3350004948e-01 -2.5937765593e-01
-1.0091344658e+00 1.5995897487e-01
-4.0265575206e-01 2.1513229263e-02
5.1144715873e-01 2.6913695418e-01
4.6390400799e-01 -4.6998788413e-01
-1.8603611375e-01 4.8178091996e-01
2.2931745145e-01 6.6659134988e-02
-6.2802954906e-02 -5.1657145840e-01
4.4440892262e-01 -4.3011151934e-01
1.9308635732e-01 -4.2967920506e-01
6.7362669534e-01 -1.4870487415e-02
-5.0313216923e-01 1.3907486915e-01
1.1805791432e-02 4.5733853242e-01
8.3188782984e-01 -4.2654222503e-01
-2.8447890814e-01 4.6407893032e-01
6.9928501941e-01 -1.8918306409e-01
-3.2914194608e-01 -4.8636453654e-01
-5.1179926636e-01 1.7581377436e-01
-4.2615546149e-01 -3.3547297943e-01
3.2380728904e-01 -5.8625758377e-01
4.6543197603e-01 8.7367680513e-02
9.9532680347e-01 -1.4592697864e-01
-5.6935392427e-01 -3.1299585674e-02
2.4278685900e-01 3.9700868303e-01
3.8318341410e-01 3.9951927360e-01
3.4643269576e-01 -4.6570271574e-01
-2.2139563203e-01 5.8293309376e-01
3.3167060545e-01 2.9622935195e-01
-3.9742768673e-01 1.0651133326e-01
-8.7152777123e-01 5.1323554431e-01
-5.1442550242e-01 -2.6881147260e-01
-8.2304100123e-02 6.1687632746e-01
-3.0646610945e-01 3.0785987085e-01
1.0109130002e-01 -5.8440915397e-01
-6.6462630791e-02 -3.6996590074e-01
7.3247320282e-01 2.4615100048e-01
3.2912352270e-01 -4.3209670739e-01
-3.9216696272e-01 3.9994299576e-01
-4.6612347518e-01 -1.2526203389e-01
-2.3999949737e-01 3.9562652084e-01
6.4742995009e-01 2.4921716936e-01
-8.5771407956e-01 3.8348223990e-01
2.5713776084e-01 -3.6328639041e-01
8.1383839308e-01 -7.2938758324e-02
2.4637664474e-01 -4.6448512785e-01
-1.4621558120e-01 5.0538694771e-01
4.4545547440e-01 -4.4709902890e-01
1.3706380320e-01 2.8655875875e-01
-6.7379280232e-01 3.5663573432e-01
5.9548887408e-01 2.7678453235e-01
-8.2674833273e-01 -2.1392776290e-01
-1.8580815483e-01 -3.7359456785e-01
-1.0103693671e+00 9.6529944085e-05
3.5575616488e-01 -5.8758593939e-01
4.1609675698e-02 -4.8788719410e-01
-9.3628184905e-01 3.2241605200e-01
4.6939399567e-01 4.2631108614e-01
6.3579033087e-01 -4.3198342897e-01
2.3241967585e-01 3.0857920113e-01
4.2252279308e-02 -5.2173765473e-01
6.6579100475e-01 -4.8939659254e-01
-6.5205909535e-01 -1.0937944352e-01
-3.2803435735e-01 3.2585745454e-01
-9.9450070803e-02 4.9661993380e-01
2.6914008547e-01 -5.6056430476e-01
-7.6782308176e-01 5.3903246412e-01
2.7175485669e-01 3.6805408752e-02
-9.5386370717e-02 -3.3744310877e-01
-1.5666311577e-01 2.0519484933e-01
4.5485035923e-01 2.0704927992e-01
-5.1533697845e-01 5.6387985720e-01
1.7534457322e-01 -2.6405840296e-01
-6.8615853893e-01 3.6261844103e-01
2.7840039469e-02 -5.0646468482e-01
-1.0197502597e-01 5.8490149886e-01
8.9540001885e-01 -2.5373419573e-01
-1.9118387657e-01 -1.9901587887e-01
8.9761293895e-02 -4.4329871206e-01
-9.4608325104e-01 1.9502840885e-01
6.1547824027e-03 2.3249474310e-02
-5.4599178884e-01 -1.8366095970e-01
5.7600849621e-01 2.2124426608e-01
4.7871739791e-01 -3.8074404986e-01
-5.3580237873e-01 7.8722306234e-02
-2.2419402697e-01 -5.5724801582e-01
-2.8719555839e-01 4.8313597262e-01
1.9219877469e-01 -4.0906301157e-01
5.3189242539e-01 2.7241018122e-01
2.6471929653e-01 -2.2089859712e-01
-7.8454853880e-02 1.4931020202e-02
8.0377430535e-01 1.5860674098e-01
-9.4887964624e-01 1.1698895579e-01
6.8017705842e-02 5.7178578640e-01
1.3525878082e-01 -4.4085284689e-01
-4.2002143114e-01 -2.3933471608e-01
3.6035384669e-01 2.4947725034e-01
-2.3540591897e-01 1.5482318267e-01
-1.6667009147e-01 -1.9140174950e-01
7.9717660821e-01 -2.2000873648e-01
-5.3426987304e-01 5.0225869711e-01
1.1784531783e-01 2.2862467306e-01
3.0582984861e-01 2.4317383617e-03
-4.3836726646e-01 -2.4379598731e-01
8.8420483252e-02 3.4004189472e-01
5.4803369061e-01 -1.8149204479e-01
-6.9793813112e-01 -1.5603933538e-01
9.5838278783e-01 1.7550312474e-01
-1.3822511147e-01 2.9482866250e-01
-6.4819385758e-01 -1.8002180941e-01
3.6512124296e-01 4.5541729473e-01
9.4451635659e-01 -6.3255291755e-02
-3.0597320750e-01 -2.9928665324e-01
-6.3275121188e-01 -2.0270093748e-01
5.5251529785e-01 3.4768544895e-03
3.9396759931e-01 -4.9395562815e-01
-1.0807220722e+00 2.4720565829e-01
-3.9139150837e-01 -3.8593802598e-01
-2.7734436995e-01 5.0702058374e-01
-2.5846443981e-01 5.8361047884e-01
5.9651423359e-01 1.4196095086e-01
-4.0485918762e-01 5.4355512406e-01
4.0178367998e-01 -1.6619084761e-01
-2.3411110386e-01 5.2431064625e-02
-3.9703447494e-01 4.6517348751e-01
9.8745732362e-01 -2.7258482805e-01
-1.8170780519e-01 4.4490137084e-01
-2.5491984316e-01 5.6468559197e-01
-6.1645359310e-01 -2.8800683522e-01
-1.5241693747e-02 4.7996461744e-01
8.8279238814e-01 -3.0793577630e-01
-6.5190701180e-01 1.3235499601e-03
8.2566131839e-01 -3.9758339707e-01
2.2997799266e-01 1.4303424184e-01
3.5988018829e-01 -5.0395916205e-01
-3.1666971234e-01 5.8582692674e-01
2.4521550086e-02 -4.7967932668e-01
7.3523033966e-02 -6.1381551323e-01
7.6969924528e-02 4.0204338436e-01
5.1263655984e-01 -3.6218445214e-01
-4.2420682185e-01 2.5738355314e-01
-5.2281195085e-01 -5.2239284714e-02
4.1964582508e-01 -4.4877932784e-01
9.9229649994e-02 -3.3613799231e-01
-1.8168013442e-01 -3.9764523138e-01
-5.7455722214e-01 1.4370856256e-01
-8.6923566707e-02 3.3862256399e-01
-3.4684779522e-01 5.7106264503e-01
3.8405669367e-01 -4.7047766551e-01
-9.5215383731e-01 2.8864545328e-01
-4.7058923070e-01 -1.3079118859e-01
5.0130422281e-01 1.7100791358e-01
-1.6639251838e-01 -3.1206768078e-01
1.7731921880e-01 3.6845080975e-01
6.4197026659e-01 9.0162096179e-02
-3.4206149939e-01 6.3982636318e-02
-1.4698405336e-01 -5.1249662283e-01
2.8549864785e-01 1.4338262175e-01
-2.4108967538e-01 5.1506251947e-01
-3.8292208370e-01 4.2602590396e-01
9.3655661914e-01 -3.3709306468e-01
-2.3342441728e-01 3.8735736878e-01
1.0034593254e+00 -3.6611091313e-02
-1.7014718106e-01 -5.2191957418e-01
2.4242871883e-01 3.0049861851e-01
-8.2072104077e-01 3.1666723459e-01
5.3120600556e-01 -4.1029816735e-01
-1.0445315778e+00 3.3087398333e-01
6.0028552629e-01 -5.2820313283e-03
-5.0043826993e-01 -1.0304140331e-01
-1.8902236706e-01 4.2423659509e-01
-3.9569547820e-01 -4.5405534037e-01
-1.4651333341e-01 -3.1237512912e-01
3.7102614330e-01 4.1640877279e-03
-4.1343994557e-01 4.1200263153e-02
9.4946545613e-01 -1.6116535898e-01
-3.8491535491e-01 4.2523474785e-01
3.4299182869e-01 2.8736459346e-01
-2.8421079787e-01 4.7981920761e-01
-4.4158869702e-01 -3.6490732595e-01
5.2236970196e-01 4.1417924207e-01
4.9404554079e-01 3.4361735896e-01
-8.8936586556e-01 6.6070670143e-02
-2.7049461904e-01 1.0792571748e-01
-5.5015400182e-01 -2.4180390617e-01
5.4635200064e-01 1.4066411866e-01
7.2751582023e-01 -1.0369600569e-01
-4.3564401599e-01 2.7858489919e-01
2.6300770820e-01 5.5226970285e-01
2.2868745190e-01 -5.2368613260e-01
-1.9925773141e-01 -3.4072343838e-01
-7.0158922436e-01 4.2849495775e-01
1.7024196917e-01 2.1913117710e-01
-6.6067389789e-01 1.7316378127e-01
-1.9455122750e-01 1.7050306873e-01
-9.3793303268e-01 -6.8382589091e-02
1.0400674091e-01 2.8086080284e-01
4.9184686608e-02 4.7271701953e-01
4.4106442105e-01 1.2303614097e-01
3.1119078276e-02 3.0261013107e-01
-3.2507967067e-02 -5.4172320652e-02
1.8241479768e-01 -5.7462879371e-01
-6.6402722088e-01 -6.4438237174e-02
1.6826441231e-01 -8.5776904922e-02
-2.0324589804e-01 2.7592752622e-01
7.9575163810e-01 -3.0938049984e-01
-8.6924879683e-02 -2.0731553246e-01
6.3820947810e-01 -4.3523787422e-01
-2.4993355368e-01 -2.5189058871e-01
5.3137574172e-01 2.2335763300e-01
-3.5688579465e-01 5.1190873138e-01
3.2221193781e-01 -3.1896004072e-01
1.5014977754e-01 -3.3183432842e-01
8.5847382166e-01 2.3200478325e-01
6.6639053679e-01 -4.0329974507e-01
7.8622040025e-01 -4.8751029803e-01
-4.0222445828e-01 5.1345488070e-01
4.6037208900e-01 -5.9726022722e-02
-6.2623917047e-01 -1.2938174185e-01
7.8762624405e-01 2.2433766293e-01
-8.8470601777e-01 3.6923469456e-01
-5.5502701608e-01 -2.2866105325e-01
-4.4682836680e-01 -1.5188790336e-01
-3.1259163382e-01 4.7680491656e-01
-5.7548960610e-01 1.0275422963e-01
-4.6312926823e-01 5.9798540038e-01
-4.9929712588e-01 -1.3350218738e-01
3.3936388494e-01 -5.1894303927e-01
-1.6126791728e-01 2.5935042772e-01
-7.6433199883e-03 3.5029178818e-01
-6.4829878732e-01 3.0246386809e-01
3.8290753357e-01 2.7989107126e-01
8.6651317645e-02 -4.3091186732e-01
6.5719567595e-01 -1.3634776618e-01
-6.1767156568e-01 9.0012300892e-02
-5.2413803043e-01 5.1799199706e-01
6.8264110547e-01 2.3243134669e-01
3.1172397241e-01 -5.4944524351e-01
-3.9066972219e-01 5.7392428517e-01
-3.4109477418e-01 6.0226227332e-01
-2.3471526300e-01 -7.8215262379e-02
1.4948690681e-01 -4.7748137817e-01
9.6915766269e-01 -1.9624315961e-01
-1.0769857871e+00 2.4781466431e-01
7.3763989264e-01 -1.3183602953e-01
-2.4354562368e-01 4.2247325476e-01
3.8367491934e-01 -6.2052345093e-01
5.5653416614e-02 -5.9459100195e-01
2.1633559276e-01 4.0962478090e-01
5.4290764506e-01 -3.4773093680e-01
-3.1510666115e-01 2.4955649548e-01
-5.2233410363e-01 -2.7957848479e-01
9.6835539454e-01 -2.5866863104e-01
-2.3767323648e-01 -6.1640115377e-02
2.9835082106e-01 -5.7536090544e-01
-6.9738873813e-01 -7.9603167624e-02
1.9368098840e-01 6.4305714864e-02
-2.9215920091e-01 5.0682142486e-01
3.6073683824e-01 3.4413331542e-02
-5.9291811264e-01 -1.8313890701e-01
3.5270177000e-01 -4.9460031671e-01
7.6209248027e-01 -1.7154810919e-01
4.0010139997e-01 2.0856365123e-01
-9.6730564117e-01 3.8823326197e-01
5.9977133273e-02 -3.9381187210e-01
-2.9736365725e-01 4.3864005540e-01
-1.7111936914e-02 5.6107177081e-01
-8.9826108915e-01 3.5168181763e-02
-8.2171213223e-01 4.6457645019e-01
6.3079616718e-01 2.1742635265e-01
-9.6684702625e-01 2.3333332356e-01
2.9946049171e-01 4.8477352033e-01
1.9935808546e-01 -4.4519899722e-01
-5.4507735082e-01 -9.1595338237e-02
4.2085938251e-01 -2.4901155287e-01
5.5845966331e-01 -5.4109074550e-01
5.8289930669e-01 -7.7526527373e-03
-5.7529739832e-01 5.7439430859e-01
1.4377490495e-02 -1.5298806152e-01
4.5759176429e-01 9.3102521243e-02
-1.0116550274e+00 -5.4324024353e-04
-9.2318400559e-02 4.8732312432e-01
-3.5346275254e-01 -2.6809151644e-01
-7.0056078654e-01 2.4282973984e-01
4.7177308914e-01 -4.6683014292e-01
5.4085437985e-03 3.8404167309e-01
-1.2481540194e-01 -2.8989888394e-01
-6.3415700118e-01 -2.6576051794e-01
4.9881711466e-01 -2.3570159938e-01
-8.1846282712e-01 4.7491027000e-01
3.9819243803e-01 -5.7702756394e-01
7.1181536269e-01 -2.8968858217e-01
3.2013455025e-02 -4.7427450056e-01
6.0085654027e-01 2.7231476012e-01
7.1040241134e-01 2.7908884063e-01
-6.2865782256e-01 -1.5915923361e-01
8.5449551346e-01 1.1376826001e-01
-1.9839052270e-01 5.2718709297e-01
-8.2088852021e-01 2.9855098658e-01
7.3496235746e-01 -4.3977991893e-01
-9.4024640605e-01 4.2554713939e-01
-6.9043894056e-01 3.4319648209e-01
1.7805599501e-01 -4.1286152528e-01
-8.9348244010e-02 3.6299145006e-01
-3.8871855722e-01 4.8664790712e-01
-6.8136841596e-01 -1.5490926881e-01
-7.0028879696e-02 4.9217699241e-01
5.5193391374e-01 1.3335328429e-01
-7.7629779165e-01 2.6960425968e-01
-2.2796545539e-01 -1.2934983686e-01
5.0951892360e-01 -3.4252988517e-01
2.8569223987e-01 -4.9978157879e-01
-4.6072201861e-01 6.0422469000e-01
-2.4467859156e-01 -1.1985849117e-01
2.6733292747e-01 -3.0994373737e-01
4.5269708842e-01 3.0434731149e-01
4.8875778470e-01 -3.4630091192e-01
6.0244053151e-01 -1.7823776406e-01
-1.0450352568e+00 5.8541140751e-02
5.9485630220e-01 3.6297625211e-02
-2.3583248512e-01 5.8807564239e-01
-8.5669332567e-02 5.9437614876e-01
2.8945621795e-01 -3.8004781769e-01
-2.2645664958e-01 -4.6634402844e-01
-2.2171655724e-01 4.3904816376e-01
4.8020980499e-01 -3.3578168890e-01
-4.1791270292e-01 2.2417775252e-01
6.0231539459e-01 1.0284280332e-01
-1.0203464478e+00 2.6411431720e-01
-5.0698584018e-02 5.4476432180e-01
2.6968678463e-02 4.5905419179e-01
-9.6589277245e-01 4.9857196895e-01
-5.0025900471e-01 -3.5592274100e-01
2.7372057729e-01 3.3515209515e-01
3.2198569105e-01 -5.7630730401e-01
-3.4049707414e-01 4.9065657095e-01
8.4719970499e-03 -4.1318574189e-01
-1.2057535960e-01 4.6201761035e-01
5.6730207724e-01 -5.2312290298e-02
-6.1065013314e-01 1.2879847353e-01
4.9030097212e-01 2.5631719880e-01
3.5732095944e-01 -5.1138548847e-01
-4.3286866213e-01 -2.5349885628e-01
2.3482802798e-01 -5.7517121998e-01
4.6153081353e-01 -1.1283516614e-01
5.0952259607e-01 -4.6805823229e-01
-4.4755048783e-01 4.9363306226e-01
4.6188992459e-01 1.2176096974e-01
-6.4633460025e-01 -3.1953791850e-01
8.8303624480e-01 2.4588719577e-01
7.7570448672e-01 6.4280055262e-02
5.4775032782e-01 -5.5649434259e-01
-7.2224457733e-01 1.6321854672e-01
-3.9760790027e-01 5.2949786549e-01
8.7230280595e-01 -1.5233546915e-01
-1.1985878132e-01 4.2034438872e-01
-3.7799937381e-01 -4.6434028350e-01
4.2671908439e-01 3.5845974063e-01
4.2726611885e-01 -1.0440595671e-01
3.6862028399e-01 -1.7127336455e-01
-2.3104123589e-01 -1.5605580993e-01
5.6143229148e-01 -1.4150949874e-01
-2.5505887500e-01 5.3560836650e-01
-1.7480093144e-01 4.7912477087e-01
3.7213875470e-01 -5.0295743483e-01
-6.6245941982e-02 -3.8062532801e-01
-5.3882606062e-02 9.8882969776e-02
5.0565621402e-01 2.0989301448e-01
-3.1725549127e-01 -1.9890519083e-01
-8.1576232162e-01 1.4009111746e-01
-2.9996321979e-01 -8.2625656163e-02
9.0541608862e-01 -3.3111160211e-01
-5.1101454229e-01 6.0252090259e-01
2.4741084732e-01 -3.6397463363e-01
-1.7759935799e-01 4.6743490224e-01
-7.9334488742e-02 -4.9437389284e-01
3.1941824977e-01 -5.0109990206e-01
6.7326649866e-01 2.5851811456e-01
6.5777224063e-01 1.8798265113e-01
-5.0811424412e-01 -2.6812882986e-02
-4.0134483745e-01 4.9362034302e-01
-5.8423270149e-01 -4.3509088218e-02
-1.7960361285e-01 3.6847976726e-01
-1.5027706420e-01 -4.5296583785e-01
-2.4691236776e-02 4.8023298484e-01
1.0798661544e-01 1.0615990098e-01
5.5971456803e-01 -2.7340293829e-01
7.6446831801e-02 1.6894405408e-01
-3.5335416907e-01 5.4446512108e-01
8.4204936149e-01 -3.1538265679e-01
6.1445270897e-01 5.5319294765e-02
-7.7457760563e-01 -1.7065589650e-01
-2.5060335674e-01 5.4783213231e-01
-6.8947682855e-02 -4.0395849821e-01
5.4593067849e-01 2.9810063694e-02
3.7067005226e-01 2.2074434515e-01
4.1645750052e-01 -2.4542481937e-01
-5.5032084004e-01 1.5432611598e-01
5.4248201406e-02 -4.5958289288e-01
-7.1911952835e-02 4.2660591112e-01
4.9103863207e-01 1.2673849842e-01
6.4445254220e-01 5.4608310777e-02
-6.4305867607e-01 -1.3699700435e-01
-4.4904579608e-01 4.7603795696e-01
2.3276201496e-01 -1.9184842060e-01
7.2823979171e-01 -1.3832678692e-01
-2.1969009284e-01 -1.8230542836e-01
-1.8298351407e-01 -4.8036755350e-01
6.0230179743e-01 -2.0425288639e-01
-6.9482878342e-01 5.1720743270e-01
3.3137352747e-01 -3.4732011905e-01
-2.4821956765e-01 3.7654751231e-02
6.8603103769e-01 3.7907940715e-01
-7.1451442071e-01 7.1359119873e-02
1.5862361697e-01 5.3536724643e-01
1.5265869408e-01 -4.3341335151e-01
-6.2669647502e-01 -1.1188532181e-01
7.5117100309e-03 3.1546986116e-01
3.4238935778e-01 -5.3863984162e-01
-7.7004353934e-01 -2.7464349704e-01
8.5525225695e-01 -3.9141718687e-01
-7.7313248932e-01 4.0732965049e-01
4.0110403524e-01 -1.7487187725e-01
3.4726403831e-01 -4.1832331410e-01
3.6764804916e-01 -5.1887137080e-01
5.2991764590e-01 6.5266921869e-02
-5.8955990087e-01 -4.0538552750e-02
2.7501280902e-01 4.3297521194e-01
1.1108124605e-02 -4.1563594647e-01
-8.4620149562e-01 -1.5327645710e-01
-3.9997951136e-01 2.7938504334e-01
4.6239014533e-01 4.0566093625e-02
-3.8190439739e-01 7.2450000168e-02
4.3510517617e-02 -3.6521965008e-01
-8.4949014609e-01 4.4369909906e-01
1.6413539931e-02 -3.9947468537e-01
-3.7292693480e-01 4.8951359155e-01
-4.7882406816e-01 -1.7134739287e-01
3.1361838314e-01 4.4843281407e-01
6.8403827462e-01 3.5874611259e-01
-8.5985760699e-01 -1.2820925381e-01
-2.4517976201e-01 5.3662659582e-01
-7.6871314548e-01 1.6674454804e-01
-5.3083274749e-01 -2.1894293776e-01
5.8497737238e-01 1.2296605484e-01
-6.4256649068e-01 -1.0777127307e-01
6.2363531482e-01 1.4340587731e-01
-1.0171946795e-01 2.0783168940e-01
-5.9374706217e-01 -3.2157200497e-01
-1.9486766974e-01 -1.6788169985e-01
6.1089568204e-01 -3.9628842621e-01
-2.1288972137e-02 -2.8950076201e-01
-3.1072650545e-01 6.1967405578e-01
5.3401817609e-01 -2.5748010592e-01
-5.6569303860e-02 4.8752751137e-01
5.2778001344e-01 -7.4877939323e-02
-5.0821344548e-01 -2.1626722814e-01
4.5158745941e-01 4.5008369286e-01
1.6419584937e-01 -4.2632791627e-01
8.3124228972e-01 -2.1293440615e-01
-4.6234382840e-01 -6.3595356094e-04
-6.8809092107e-01 4.0729017513e-01
-5.7885860389e-01 -1.9804779667e-01
3.8233188417e-01 -5.6328268779e-01
-3.3071389110e-01 3.2625999232e-01
1.1183158343e-01 2.5145398411e-01
4.7685362966e-02 4.1966072910e-02
5.6169674065e-01 -1.6835758074e-01
-8.3720939777e-01 -5.0636434802e-02
7.6111759966e-01 -2.2590235459e-01
2.0300172656e-01 3.5915051406e-01
-3.8363875667e-01 5.4013117528e-01
8.4375781320e-03 -1.9192915399e-01
2.8386512190e-02 3.3035399762e-01
1.4846097737e-01 5.5441019892e-01
-2.5159178874e-01 -2.8725895813e-01
1.0068554385e+00 -1.4337448453e-01
-7.6690774875e-01 1.7785479618e-01
4.5268178432e-01 -4.7982170658e-01
3.7775464081e-01 -1.8979675795e-01
-3.3826449260e-01 4.5835178492e-01
-3.0768162248e-01 -4.1502095707e-01
-1.2551789240e-01 -5.7091324707e-01
2.6645623747e-02 4.5305587405e-01
3.9531530673e-01 -4.9167090904e-01
-4.2260381363e-01 -1.7936516521e-01
6.9923063387e-01 -6.2548275612e-02
-4.5761862043e-01 -1.5786241165e-01
-2.0048929028e-01 -4.7293906041e-01
7.7609084741e-01 1.4671359401e-01
-4.5214871768e-01 5.1963759184e-01
6.1802668260e-01 4.1487857011e-01
-5.9015829703e-01 5.2104862290e-01
5.5522067019e-01 -4.6499519968e-01
-3.4883477888e-01 6.0834885012e-02
-2.4214617178e-01 5.4217065102e-01
-4.9232190887e-01 2.0399630268e-01
-2.3128344545e-01 -3.6469820945e-02
6.8875526667e-01 3.3252054759e-01
-9.1801023626e-01 -1.1488020539e-01
-7.9185036153e-01 9.3547437791e-02
3.4198707008e-01 -2.2209509407e-01
-4.5866186589e-01 -1.9484119620e-01
8.4940366719e-01 -3.9981264431e-01
-7.5932869364e-01 4.9719667363e-01
5.9432507745e-01 -3.0086558896e-01
2.0928254890e-02 3.9578904122e-01
4.0405656226e-01 -4.9942477434e-01
5.5509214279e-02 -5.0727156846e-01
-2.2826492556e-01 3.9678615047e-01
7.8541882324e-01 1.4124873080e-01
-5.1357497743e-01 -8.6063400594e-02
-6.8715790985e-01 1.0202916865e-01
-2.4473835300e-01 -3.9970404703e-01
-3.3034610133e-01 4.2581273079e-01
-6.9471436133e-01 -1.1537326559e-01
3.0494540377e-01 2.1933838289e-01
8.3788197089e-01 -2.8062292934e-01
-4.2550607167e-01 2.0869115380e-01
3.1706229968e-01 -2.9206371124e-01
-4.0190730127e-02 4.3921889861e-01
2.0656373683e-01 -4.7786733677e-01
5.9245093488e-01 -2.4653274781e-01
7.4126940987e-01 1.4963701152e-01
-1.0136833379e+00 1.1475756978e-01
-5.0022050224e-02 5.0841002898e-01
6.5048442837e-02 -4.8266418213e-01
4.0053431704e-02 -2.5019594114e-01
-2.2617808007e-01 5.6069370552e-01
5.2928055304e-03 2.5538203471e-01
5.6906535990e-01 -1.9632516751e-01
-6.4987662772e-01 4.7633705435e-01
1.0378501948e+00 -1.3015496793e-01
4.1547251565e-01 -4.0655463285e-01
-3.5041979471e-01 5.8799611582e-01
4.3251540676e-01 -4.4832869093e-01
2.1705530513e-01 -3.3961614707e-01
-1.3446711908e-01 4.7359209584e-01
1.0107074390e+00 2.3043339691e-02
-7.8908467298e-01 3.3296982098e-01
-1.0224190132e+00 3.7938401416e-03
-1.2276762712e-01 5.0804711190e-01
2.5904731074e-01 -3.7701560880e-01
-5.0139324662e-01 -3.8348321151e-01
-1.7458481565e-01 5.1684896380e-01
-3.4784411864e-01 5.7152271338e-01
5.4010323614e-01 2.2409515135e-01
6.5407606518e-01 1.8621861889e-01
3.3016438889e-01 -4.5838278288e-01
7.5298062180e-01 -2.3081093231e-02
3.6311525046e-01 -1.0708521117e-01
-9.7507327048e-01 -3.1237164560e-02
2.4306698514e-01 9.3806517510e-02
-4.1419747090e-01 5.7694973202e-01
-7.1192085488e-01 3.9792882585e-01
-2.4061396839e-01 -4.7977494578e-01
5.5741572035e-01 2.2102793431e-01
3.1329968337e-01 -5.2260692589e-01
-4.3268739160e-01 5.1926683807e-01
-7.2057353811e-01 2.5840760810e-01
7.4654064505e-01 1.3212656966e-01
4.7686490968e-01 -2.1320816972e-02
-9.9722491152e-01 7.8785684492e-02
4.2519025454e-01 1.0023831648e-01
7.7496619821e-01 2.7375875616e-01
-3.3183892170e-01 3.8471505384e-01
1.1636828994e-01 -4.5235361835e-01
5.7685954770e-01 -1.3242245439e-01
-2.8388833117e-01 5.0884135218e-01
3.3952515642e-01 -5.1077712826e-01
5.2601657192e-01 2.4237986269e-01
2.3568211792e-01 -2.7718797250e-01
-3.6013303146e-01 5.5146910811e-01
3.1510784146e-01 3.1207626616e-01
-8.8657767354e-01 -1.5123344342e-01
-8.9387452390e-02 -3.8076175744e-01
3.3692597009e-01 5.6698381298e-02
-9.8447244993e-01 3.4155345135e-01
-4.7535293046e-01 3.0147110461e-02
-5.5823220190e-01 -1.1390732878e-01
-2.5678653567e-02 -5.4084689965e-01
-3.5217013294e-01 4.6340467483e-01
2.0505475993e-01 -4.1005212436e-01
3.3348617776e-01 -5.4684165461e-01
3.4283222217e-01 4.3087047994e-01
6.7805103039e-01 -3.7440962565e-01
1.5539236131e-01 -7.4013881091e-02
-5.5240974939e-01 -2.0373829612e-01
6.1590975396e-01 3.2233490312e-01
-5.3113931881e-01 3.3433361721e-01
-4.5655399623e-01 -5.5382555858e-02
9.2758207528e-01 -1.9231414241e-01
-2.7170628365e-01 4.4902022134e-01
6.1335487298e-01 -5.6450593274e-02
2.2964187509e-01 -2.9402939929e-01
-2.0460190863e-01 1.2075087550e-01
4.6397639694e-01 1.7947317871e-01
-2.1321232409e-01 -1.8192546123e-01
-2.5868720787e-01 5.6760274088e-01
3.1505701898e-02 -3.9258585528e-01
-5.0310013854e-01 -2.0525947061e-01
3.4831084636e-01 2.6709204778e-01
9.3861621000e-01 -2.9101192967e-01
3.4975676502e-02 -3.1377468224e-01
9.3273122744e-01 1.9343581330e-01
-1.7567853734e-01 3.4635750758e-01
4.0645637439e-01 -3.5537472109e-02
-2.8952564175e-01 2.0152136098e-01
9.8588412939e-02 2.8095298323e-01
8.8807936541e-01 1.0953148042e-01
-5.1740025121e-01 -1.8431361627e-01
-6.6534660310e-02 4.0371041927e-01
6.1830787837e-01 4.1612651604e-03
2.6968270513e-01 -3.2095441971e-01
-6.5592090766e-01 4.1608995694e-02
-3.1100978049e-01 -2.8955321742e-01
-2.7127275221e-01 5.2940447129e-01
-7.1411608638e-01 -1.1980346922e-01
1.5461735126e-01 5.3982364654e-01
9.1887832381e-01 -8.9157418746e-02
-2.8449173554e-01 -3.4753191510e-01
2.8454463819e-01 -2.6238845679e-01
5.5200124132e-01 8.5250312728e-02
8.0852672887e-01 1.9923513357e-01
-9.2952274336e-01 3.9809368983e-01
-1.6359485064e-01 -2.0893342441e-01
1.3323189728e-01 1.4207767680e-02
-3.4254910316e-01 4.9336178585e-01
3.6743915678e-01 -4.7740680122e-01
2.0945998760e-01 -3.6441438859e-01
7.7942787080e-01 1.4732388388e-01
5.2628507982e-01 -5.6757754549e-01
-3.2187261143e-01 4.7984620753e-01
4.0777721939e-01 5.3227940368e-02
-3.6318612159e-01 -1.3076029288e-01
5.6948855891e-02 -3.7203541856e-01
-1.8493269637e-01 -4.3964410602e-01
5.6126787713e-01 -1.9227595906e-01
-6.4916378108e-01 -3.8762951080e-03
-2.2492788665e-01 5.1068587512e-01
3.1428089767e-01 -4.9551970687e-01
2.0611431264e-01 -4.5268525704e-01
2.9326993328e-01 -4.5690091882e-01
-9.7364308240e-01 4.4873088125e-01
5.4883635640e-02 4.9093133259e-01
-9.0318016243e-01 -1.4792589533e-01
7.7550799222e-02 -5.6122463722e-01
7.3855880910e-01 -4.2227280655e-01
-1.0032565940e+00 -4.8038856477e-02
2.5576757329e-01 2.7132802997e-02
-2.5470973887e-01 2.5774220718e-01
-4.3724930445e-01 4.7521180023e-01
9.5779279885e-02 -4.7594485714e-01
-8.7602530492e-01 3.8395486969e-01
1.7515607025e-01 5.3924603431e-01
-2.2714492789e-02 -2.0318222645e-01
4.0042776018e-01 2.0434337745e-01
-2.5647116570e-01 -3.0011642501e-01
-2.3081339014e-01 3.3117062066e-01
7.6584258801e-01 1.9868426875e-01
-3.6772553373e-01 2.6510961116e-01
-4.2935052313e-01 -3.1269615462e-01
-8.7687320269e-01 3.1425320579e-01
-1.1308374345e-01 4.9746165649e-01
3.9213016066e-01 -5.1210812095e-01
9.1869204415e-02 3.2655894438e-01
6.5352195171e-01 -2.1420709376e-01
2.5015481149e-01 -9.2914898219e-02
-7.0831245844e-01 -1.6719331042e-01
-1.7224731772e-01 4.5285642581e-01
-4.8434245161e-01 -2.0706330897e-01
-7.5979724353e-02 -3.5226410936e-01
4.4884072174e-01 2.2785402987e-01
5.7547855567e-01 6.7928908597e-02
-6.8806347571e-01 1.2333719999e-01
-7.6610500683e-01 1.0286155195e-01
2.2108342871e-01 -5.0406960195e-01
1.1490593642e-01 -4.6932778587e-01
5.4665187111e-01 2.6608285442e-01
1.2912128344e-01 3.1901371438e-01
-1.0065629513e+00 2.5186701139e-01
-2.5544514090e-01 1.5367402026e-01
6.0329912420e-01 2.0111876292e-01
-5.5296698946e-01 1.4876114370e-01
8.0002353026e-01 5.1323716234e-02
-3.3365502582e-01 3.0141989924e-01
4.1398292145e-01 3.0142253228e-01
2.3826422886e-01 -4.5265554213e-01
-3.4217900012e-02 -5.2025906575e-01
-4.6330023528e-01 4.4748931934e-01
-8.7002720007e-01 2.9653705801e-01
4.4887916291e-01 1.6688848809e-01
-1.2425551606e-01 3.9502628680e-02
-9.7131395189e-01 -5.6853874010e-02
2.8355538452e-01 3.2482569944e-01
3.0480421940e-01 8.3605331346e-02
-4.0756436511e-01 4.9575855571e-01
-2.0946513068e-01 6.1088110074e-01
2.3624053308e-01 -5.2202430167e-01
-2.6717277030e-01 4.0775627832e-01
7.8656113368e-01 -3.2056443531e-01
-2.9614235316e-01 -2.2117543230e-01
1.5514089290e-01 -5.5158451786e-01
6.3240210934e-01 2.8415608331e-01
3.9093564194e-01 1.8687941773e-01
7.4754535246e-01 -2.3619500209e-01
2.8035843283e-02 -5.6926192660e-01
-9.8973558398e-01 -2.6815580795e-03
-2.8285488915e-01 5.3765355783e-01
-4.1832015180e-01 5.2216659322e-01
2.5084493232e-01 -4.1027251863e-01
9.1280542555e-01 4.9591362386e-02
-2.1795139526e-01 4.3673250149e-01
-1.0845027495e-01 5.2226959899e-01
-2.0976073639e-01 -4.2789114385e-01
7.3948661086e-02 5.7289490009e-01
6.9253109478e-01 2.6218411786e-01
-4.3263935287e-01 4.2266135565e-01
3.8286863856e-01 -1.4341437428e-01
-1.1154522983e-01 2.3895418110e-03
7.0316109044e-01 1.7120561429e-01
-1.9081695939e-01 5.6848525892e-01
6.5630195960e-02 -5.0901674130e-01
-1.6243370751e-01 -5.4061717356e-01
-1.8086591184e-01 4.3741237971e-01
4.9148686734e-01 -4.3940633164e-01
-2.8073020984e-01 2.0027205745e-01
1.7448147040e-03 -3.0920995884e-01
3.5290899491e-01 -2.2356323609e-01
-6.5829053705e-01 -1.5179489991e-01
9.3533324284e-01 -3.0195589838e-01
-6.1552298685e-01 3.4593390506e-02
3.5676025191e-01 -1.9022633427e-01
-6.0565682853e-01 4.9853901496e-01
-3.3143627881e-01 5.4542301551e-01
2.6081656092e-01 -3.8592507230e-01
-6.9951624501e-01 1.8619113010e-01
-1.0990825681e+00 2.5839747579e-01
4.4945977303e-01 1.5268285183e-01
-2.5047439454e-01 -3.6406271946e-01
5.2030066402e-01 -5.3592350263e-01
-4.2540006819e-01 -2.9795645673e-01
-1.0610713612e-01 4.5589916416e-02
3.1481317397e-01 2.8481063664e-01
-2.8486328605e-01 5.0341066997e-01
2.9984369145e-01 -5.1555840137e-01
8.5468046126e-01 -4.4579321137e-01
-1.7286247941e-01 3.7056480210e-01
5.3358008133e-01 8.8880623188e-02
-5.5885776315e-01 -3.8461506690e-01
-1.2236418383e-01 -3.4757193244e-01
1.9937488441e-01 3.8073664281e-01
8.0583958944e-01 1.5806536966e-01
7.1527981618e-01 1.4474821286e-01
4.8904292633e-01 -9.8035144211e-03
-9.0595467443e-01 2.2460422770e-01
3.2828595890e-01 7.0868155227e-02
5.7933055610e-01 2.3791239187e-01
-1.7045135331e-01 4.5633078544e-01
2.1951238504e-01 -2.9375402818e-01
-4.5380346242e-01 5.9827863170e-01
8.6662617175e-02 5.1467815835e-01
-6.7092573650e-01 4.7057727017e-01
2.6130521583e-01 -4.5567085839e-01
-1.4029706939e-01 4.8676516685e-01
7.4249022013e-01 1.6730434744e-01
5.7392488651e-01 1.9200707773e-01
3.5002022843e-01 1.8148645315e-01
-8.7313985427e-01 2.6778611302e-01
4.2219758655e-02 -2.9867397764e-01
3.8722867388e-01 -8.5267539362e-02
-1.0102944182e-01 -4.9893206148e-01
-2.7598535272e-01 3.3513269986e-01
-3.6253264144e-01 -1.5391584310e-01
-3.9580715863e-01 4.0524402488e-01
2.3961857328e-01 -6.0438434852e-01
-3.2980162091e-01 -4.6730603269e-01
4.3929083462e-01 2.6242636966e-01
4.2053114051e-01 4.7658852194e-02
-8.9995119793e-01 3.2829969298e-01
-9.8303060828e-03 -4.4907831860e-01
-9.5358489532e-01 -6.8073424868e-02
-7.4878741844e-01 -1.2598340645e-01
4.0852407422e-01 -1.4027940605e-01
-4.6413513241e-01 4.4404500019e-01
1.0168517282e+00 -3.2217331071e-01
-4.3064126884e-02 -4.2309422468e-01
1.4130690347e-01 5.6887703023e-01
-7.6090108542e-02 -1.6947070176e-01
-5.9416704486e-01 -5.9717259114e-03
2.8908745162e-01 -5.1705057429e-04
-2.6407769522e-01 2.3775434043e-01
3.2552877141e-01 2.7356611472e-01
1.8764917615e-01 -4.7758383986e-01
-1.3995017761e-01 -5.1606101468e-01
-8.7344949896e-01 4.7285654446e-01
4.0080320456e-01 4.8101475178e-01
3.7903067794e-01 -3.8342606906e-01
-1.5434026555e-01 4.7743862396e-01
1.0969280319e-01 -4.8930053981e-01
-2.8508663822e-02 -1.4009882395e-01
7.8752160286e-02 -4.8627762304e-01
9.3639639997e-01 -3.5063041047e-01
-2.9382970152e-01 3.1336033720e-01
1.0480342418e-01 4.6125972029e-02
-2.4833697264e-01 4.3498182238e-01
1.7423231995e-02 5.5950563833e-01
1.7382467546e-02 -4.4329974277e-01
-6.7579341774e-01 -1.2063599263e-01
6.0917003631e-02 2.7572198817e-01
-4.1851021296e-01 2.0004500136e-01
8.9248838001e-01 8.1309756578e-02
-1.0261742724e+00 3.7209566076e-02
2.0318051292e-01 -3.9207435775e-01
-2.6092174698e-01 4.5188227243e-01
-3.7629815769e-01 5.8142251044e-01
5.5271235834e-01 -1.5874645182e-01
-4.0577607273e-01 1.9957759862e-01
-1.9244320245e-01 5.0262033846e-01
-4.8589439966e-01 2.4296443794e-02
2.7679031067e-01 -3.1590087282e-01
9.0566354313e-01 1.0622041977e-01
6.9829697737e-01 -3.2934635152e-01
-6.3778677550e-02 4.4029848053e-01
5.4421734248e-01 1.6428105462e-01
-7.4546575297e-01 -4.8700366072e-02
-2.4945369068e-01 -3.0299550843e-01
-3.7674673512e-01 5.3725356870e-01
2.9892855009e-01 1.5029622935e-01
-2.7457838359e-01 1.5195318121e-01
4.5685151590e-01 -3.6442503808e-01
-9.6499906911e-01 3.2701880437e-01
-3.5777938957e-01 -2.9901425121e-01
2.6550942021e-02 -5.2679964786e-02
-3.1449818025e-03 4.0961682572e-01
5.0794501690e-01 7.1657188118e-02
-5.5352927982e-01 -3.3426481464e-01
1.4804685904e-01 -5.3407237666e-01
5.1406441951e-01 -5.2821874320e-01
-7.8970382985e-02 -5.4944419827e-01
9.3780669402e-01 -3.3031013696e-01
-7.3727246268e-01 4.8091008893e-01
2.6840220218e-01 5.1235932027e-01
1.3936993706e-02 -3.8216681648e-01
-6.6779179850e-01 -1.2292947458e-01
-2.0818942846e-01 -4.5168796982e-02
5.9075616962e-01 8.5554329285e-02
-5.6190030822e-01 5.4172890966e-04
4.3949362753e-01 -4.4487481611e-01
-3.6199812300e-01 1.4565801221e-01
-3.6121159126e-01 6.0671353060e-01
2.0319542211e-01 -3.7598126551e-01
2.5827963856e-01 -5.8918529820e-01
2.6721456752e-01 3.2105308566e-01
8.9350504428e-01 -2.3780733851e-01
-1.7267277889e-01 -6.9130274273e-02
8.4610065355e-01 -1.1402974803e-01
-7.6090313910e-03 4.6665618877e-01
7.9820007516e-02 4.9270329225e-01
5.6606758124e-01 2.5936025974e-01
4.7831926589e-01 -5.7756678213e-01
-1.9242821612e-01 5.3123138153e-01
-9.8311640853e-01 4.3712524533e-01
-4.6424205918e-01 -3.8475184505e-01
1.1026968552e-01 -4.0978113585e-01
3.0604243270e-01 -2.4793909935e-01
9.4693615926e-01 -1.8218624804e-01
-9.4530645345e-01 2.1041712295e-01
2.7428181988e-01 -3.3543151856e-01
-7.2866599910e-02 -9.6324092445e-02
-3.6193318189e-01 -2.9173149629e-01
1.3768636018e-01 -4.5074922004e-01
6.4605372276e-01 -3.9113554345e-01
-1.1187380864e-01 2.0059745396e-01
8.5461544622e-01 -1.9393935879e-01
-3.0630409732e-01 -4.4619647209e-01
3.5400110072e-01 -5.9392969194e-01
-1.6222473632e-01 -2.7188994929e-01
1.6600260707e-01 -4.8727468932e-01
9.6624232197e-01 4.0150389447e-02
-2.6330944971e-01 -2.8789153089e-02
-4.2381208842e-01 -2.5493293384e-01
3.7656564069e-01 -4.6094929993e-01
-5.7348404076e-01 5.6485371234e-01
3.1049627250e-01 2.0694476872e-01
-5.6977822236e-01 5.3340293311e-01
-6.9836448800e-01 -1.6344989558e-01
9.7403584517e-02 4.2461943802e-01
8.2968536789e-01 -2.2532462044e-01
-7.9517401205e-01 -1.1858198213e-01
-7.4067510670e-01 4.9023186794e-01
-2.4512855168e-01 5.9702289496e-01
2.0099450910e-01 -3.3262154982e-01
2.2178893004e-01 -2.0909769658e-01
8.5957050695e-01 2.2494545510e-01
-6.1334217169e-01 -2.2248316055e-01
1.3527166644e-01 -3.5397603390e-01
-1.2523384564e-01 4.3000470498e-01
4.7150372921e-01 -6.0130126525e-01
-4.2041172046e-01 -1.9049271986e-01
6.7504197106e-01 -3.7238052066e-01
-8.8162658341e-01 4.3061848939e-01
-4.0824836788e-01 5.2941397817e-01
-4.4889776953e-02 4.6578608207e-01
-3.0981911276e-01 -3.2592397922e-01
-1.2669130101e-01 -2.7296670369e-01
3.3044556188e-01 3.3100741289e-01
5.1363244014e-01 6.9930979976e-02
-1.0409194390e+00 6.0147319561e-02
6.0725394567e-01 -3.4175889853e-01
5.5708271103e-01 2.5498874733e-01
-6.6810945686e-01 2.9575932814e-01
6.3761041736e-01 -3.4017271517e-01
-8.8501073778e-01 4.5087841015e-01
-1.2203747196e-01 4.7353644775e-01
3.5729833812e-02 -5.6481964491e-01
6.9682616859e-01 -8.9151444874e-02
5.0549591440e-02 1.0072962861e-01
9.1506566405e-01 -3.8639196343e-02
-9.0811888964e-01 -1.0601036987e-01
-2.3811649394e-02 -4.1229966362e-01
-4.3798566227e-01 4.7249309508e-01
2.7849218925e-01 4.8030965574e-01
7.0894996858e-01 3.2291102529e-01
5.9018915972e-01 -4.6005044666e-01
-6.4609377785e-01 2.3525241820e-01
-6.6397892445e-01 -4.3850371654e-02
3.9716208165e-02 2.8792529316e-01
6.4181629724e-01 -2.6794076767e-02
6.5102264660e-02 -4.8310260808e-01
-5.4129479234e-01 3.4533993424e-01
4.8436171800e-01 1.9366084294e-01
-9.4013811151e-01 1.7021735747e-01
7.2030999882e-02 5.2999936445e-01
1.1870522283e-01 -5.1660830301e-01
4.3485451194e-01 -7.1925100358e-02
-4.6029283448e-01 3.3819199455e-01
5.6254890001e-02 -1.8718752161e-01
1.1215384862e-02 3.7862440583e-01
-4.2827974303e-01 -3.8255941027e-01
-1.1209835531e+00 1.1518600006e-01
6.2333021138e-01 2.4824268876e-01
-3.4323383392e-01 -1.7684496487e-01
-4.0447949098e-01 8.3131277387e-03
-3.7335267747e-01 5.2179119344e-01
8.3178072051e-01 2.1848162918e-01
-5.7825642989e-01 4.0714005057e-01
-5.7990294277e-01 -2.4829028415e-01
-1.6013706228e-02 -6.8269411893e-02
8.8686576049e-01 -4.1314406442e-01
-1.3431195365e-01 4.9655037144e-01
4.2936077653e-01 1.2891716298e-02
-5.5487777072e-01 -1.6782098052e-01
-3.6659653872e-01 5.1249439503e-01
3.4167165647e-01 -5.1763405871e-01
5.2187144037e-01 2.6289677832e-01
8.8306221454e-01 1.4359017775e-01
-5.7307619169e-01 3.7404956494e-01
5.9312036183e-01 -4.5768824001e-01
-1.0086188996e-01 1.3747670852e-01
1.5668901171e-02 3.7104473331e-01
-4.2078929838e-01 5.0815459088e-01
5.3951290802e-01 -1.1855504053e-01
-4.4757472090e-01 -9.3220497275e-02
-2.3694706633e-01 5.8593914071e-01
5.1546560977e-02 -5.1612963775e-01
2.9491303586e-01 -3.0588764689e-01
1.9806837708e-01 3.7912297040e-01
8.4471374391e-01 -2.7070154159e-01
-1.0000917905e+00 1.0087405390e-01
2.8299416241e-01 -6.3486184185e-02
-2.8488373025e-01 1.3612767411e-01
5.4352028165e-02 -4.8040127795e-01
4.5007292428e-01 -5.9059509213e-01
-4.5639201961e-01 5.2874903126e-01
5.6812610606e-02 5.3219682780e-01
-3.6386778225e-01 -3.2840514564e-01
2.3125723548e-01 -4.8205734768e-01
1.9263867959e-01 -1.1561732580e-01
1.9979802124e-01 -4.5217628227e-01
4.3144446589e-01 1.9585233102e-01
3.2053495991e-02 1.9063295875e-01
5.5792128623e-01 3.8287818459e-01
2.8224580320e-01 -4.4553941090e-01
-4.8599089323e-01 -8.6243698880e-02
-6.2863371159e-01 3.8213057511e-01
4.3287008691e-01 2.9697164742e-01
-6.7044567034e-01 2.4128890698e-01
-5.5766858564e-01 -3.8041022047e-01
-1.7623497479e-01 4.7529340518e-01
3.3507041928e-01 -3.8453411407e-01
3.9011821566e-01 1.9341304521e-02
-9.8360502170e-01 7.0155140951e-02
-4.1267300112e-01 -1.3127619120e-01
6.6719740458e-01 -4.3433124535e-01
-3.4033170333e-01 -3.4026702007e-01
5.5460073107e-01 1.6485196743e-01
-6.1313161505e-01 -1.6339684990e-01
-3.7808727990e-01 5.3959177012e-01
5.9034666559e-01 -2.6468069423e-01
6.2061038625e-02 -2.5359482337e-01
1.1270521204e-01 -5.1408504760e-01
-3.5607185961e-01 5.0171843369e-01
2.4732254804e-01 6.9831643858e-02
-6.5679470246e-01 2.0272313077e-01
3.5792620721e-01 -5.6701734974e-01
-9.8735229668e-01 3.2833897350e-01
6.5230622415e-01 1.0620340450e-01
-5.1100823078e-01 -2.8290776934e-01
-1.6493243589e-01 -4.2046659586e-01
6.8072915768e-01 3.3054197815e-01
4.4250166108e-01 1.6433700885e-01
-3.0028395403e-01 -1.8378539424e-01
-2.3812360683e-01 3.7897160315e-01
-9.9495089905e-01 3.4232615316e-01
1.0179033037e+00 -9.5885853287e-02
-3.2147487734e-01 4.6159147627e-01
3.1873245296e-01 5.0082474969e-01
1.5697066412e-01 -3.4697664641e-01
-1.6346452318e-01 -3.9821879328e-01
3.4654886325e-01 2.5448975339e-01
2.8106162258e-01 -1.3315788644e-01
4.4018745533e-01 2.0927129071e-01
-7.1820605820e-01 1.5736028140e-01
-8.4018530739e-01 4.5175657654e-01
-2.6794942883e-01 6.1753801396e-01
1.6238479287e-01 -4.2050649488e-01
-4.1523561367e-01 -3.2296281272e-01
-3.1188969926e-01 4.0316075470e-01
2.2353940581e-01 -9.4451986301e-02
-9.7208175476e-01 -9.0627416811e-02
7.2873138934e-01 -1.8154711789e-02
2.9648376161e-02 5.2192558257e-01
6.9601859785e-01 -1.1663582014e-01
4.7892528583e-01 2.7888898448e-01
4.3803890511e-01 -4.2535534168e-01
7.6782269016e-01 -1.6011679020e-01
-2.4358718116e-01 4.6123227546e-01
2.2964197605e-01 3.3420060859e-01
1.5179992324e-01 -5.7983346401e-01
-6.2525990516e-01 -9.6412646891e-02
8.5659938774e-01 2.4014238328e-01
-4.5607566109e-01 3.8637159759e-01
1.4163399784e-01 -5.3206386425e-02
-3.6171918226e-01 9.5251664898e-02
-1.1145326797e-01 5.8547745484e-01
-6.2158462184e-02 5.1513751425e-02
-3.2245850177e-01 5.3306893310e-01
9.4188489729e-01 -3.4284870551e-02
-5.7554067450e-01 -3.8992758009e-01
-3.3066288366e-01 5.2586297232e-01
3.1733678110e-01 -5.0352722287e-01
-3.3019177867e-01 5.6892570951e-01
2.5924445447e-01 -3.9887620765e-01
5.9139836387e-01 -7.1045165817e-02
4.3565950722e-01 2.5838479185e-02
-6.8679197201e-01 2.4104543227e-01
1.4392513049e-02 4.6214045308e-01
-1.3652412650e-01 4.8698080927e-01
3.2968024508e-01 -5.0301104053e-01
-8.8220274509e-01 4.9960498015e-01
3.3777873500e-01 9.3188048129e-02
-4.6708379345e-01 -6.5864759321e-02
-2.9341529121e-01 4.1974354962e-01
3.2406585986e-01 -5.0608548534e-01
-9.6289326295e-01 -2.9914060190e-02
-2.4905911204e-01 3.8673247952e-01
6.8008775416e-01 -3.3645583121e-01
-8.7053071127e-01 -1.5514685769e-01
-6.2640310898e-02 -1.8227687534e-01
9.4308553154e-01 3.5237529443e-02
4.7424387521e-01 -2.3985294642e-01
-1.0312390080e-01 -8.1679971287e-02
-8.4907770468e-01 -1.9093376241e-01
-5.2357792168e-01 -2.7523409387e-01
1.0535437379e-01 4.0649573642e-01
-1.4809314220e-01 3.3934127714e-01
5.3981757634e-01 -2.5857518697e-01
3.5115159422e-01 -4.1919394365e-01
7.3873369123e-01 -2.1495683327e-01
9.0756120086e-01 1.6460961225e-01
-3.2271624072e-01 5.2298554691e-01
-1.2915310530e-01 -4.9739614411e-01
-6.1338156907e-02 -3.1368087099e-01
5.7974835861e-01 3.7776827902e-01
9.1269132185e-01 -2.6560868143e-01
-6.9502420659e-01 1.5573007364e-01
-5.6159930249e-01 -2.4029557420e-01
-4.3140722139e-01 5.2554009368e-01
8.9699027957e-01 5.7764211351e-02
-2.8707443082e-01 4.4663225288e-02
3.5349563054e-01 -5.6997007403e-01
-3.1052752869e-01 -1.9615238793e-02
-2.6721818863e-01 -4.6949649687e-01
-1.9567968589e-01 -2.5745541281e-01
2.9970971390e-01 -3.8104625848e-01
6.7960402450e-01 -1.6415738683e-01
-2.8203842158e-01 -2.7527303299e-01
-4.9300019519e-01 2.9532343905e-01
-4.0410589615e-01 -5.9468474484e-02
2.5506182626e-01 -4.6138776317e-01
-4.9080310448e-01 -1.9672824106e-01
-3.7105316670e-01 5.3461988195e-01
-6.1765712426e-01 -1.4119247978e-01
4.5341370849e-01 2.4579539724e-01
3.4882579941e-01 -5.8755409244e-01
2.5098479091e-01 4.9444148274e-01
5.9049958539e-01 2.9564774404e-01
-4.0581798660e-01 -1.5897127072e-05
2.6196703463e-01 -3.3318688175e-01
-1.0042556312e-01 4.5960819941e-01
-3.0322861095e-01 4.5993151616e-01
1.8204973015e-01 -4.3200646631e-01
8.1558339082e-01 -2.7882526777e-01
-1.1693620262e-01 4.4322952847e-01
5.5781415454e-03 -4.3555898855e-01
6.4000049073e-01 -1.0154231356e-01
-7.6852548533e-01 1.2283277066e-01
-2.8421547987e-01 5.3025564710e-01
2.3802019794e-01 -4.8797964617e-01
-5.9775232067e-01 -1.0414422184e-01
-4.5053437974e-01 1.5536700678e-02
2.5978593350e-01 -5.0484832852e-01
2.2257920127e-01 -3.6268524196e-01
-7.9331720398e-01 5.3248710050e-01
7.8422808851e-01 2.9590836022e-01
-2.8613885635e-02 -4.3022878747e-01
4.4170086792e-01 1.5484298861e-01
-2.7276497661e-01 5.2843861214e-01
-1.6699507839e-01 -1.0151161359e-01
1.5349115015e-01 1.4330479648e-01
-2.7744236554e-01 4.4312081096e-01
3.2132918918e-01 -4.7189415607e-01
8.9906223195e-02 1.5434814929e-01
1.0430294920e+00 -2.1942257400e-01
4.4814554718e-01 7.7090966352e-02
-3.3719106993e-01 -9.9417837679e-02
-3.3618036473e-01 -3.1176641493e-01
-4.4635347831e-01 4.4238508550e-01
6.4571479407e-01 5.6798847526e-02
-9.0174950229e-01 4.1824928280e-01
5.0281198960e-01 -5.6899620160e-01
-4.0308516710e-02 -9.5040553824e-02
-3.3852533329e-01 4.4153557284e-01
9.0562714979e-02 -6.0057236005e-01
2.3091969811e-01 -3.5473495532e-01
2.8220343995e-01 4.8347608960e-01
4.5154153274e-01 -2.2390444695e-01
-4.4534036019e-01 3.5769869807e-01
-5.7673561864e-01 -2.9006179350e-01
4.3602926502e-01 -4.0850832302e-01
-8.7163907679e-01 -2.1972202718e-01
5.0565162028e-01 -9.9461280762e-02
-2.2104595986e-01 1.2894384650e-01
3.0533707090e-01 -3.8345347916e-01
-6.4980002356e-01 1.1129168172e-01
2.3410857565e-01 5.3930092831e-01
1.4517381630e-02 -3.3959178753e-01
4.5258543521e-01 1.4454977438e-01
5.3358586773e-01 -2.4193110875e-01
5.4319933083e-01 6.1110122908e-02
-3.8129878827e-01 5.1454047625e-01
2.3296327826e-01 -7.6112566870e-02
-2.3629858015e-01 3.8157367604e-01
2.6805528531e-01 5.7774201639e-01
-6.2065322607e-01 1.6429074321e-01
5.2320339408e-01 3.8994663057e-01
3.0909239316e-01 -4.7901703216e-01
-4.2285749922e-01 -2.4689943675e-01
3.8711291142e-01 2.2622479287e-01
4.0147048384e-01 -4.3605196021e-03
-7.7951890848e-01 1.8859199208e-01
-1.2241710573e-01 -4.1212255618e-01
-1.9806544902e-01 4.8525219780e-01
3.4261665561e-01 -3.8596352279e-01
3.7129405941e-01 -5.4856602749e-01
-4.3056401638e-01 -3.9037414799e-01
-3.6736027473e-01 5.4636530259e-01
5.0353258201e-01 -3.1911591124e-02
-3.0627772653e-01 -2.0419998908e-01
2.9880560608e-01 -4.4135487768e-01
-3.3121120056e-01 -3.5033136293e-01
6.1628906713e-01 1.7259641161e-01
-3.3352903818e-01 -3.3051514943e-01
-3.6800266698e-01 -1.1366182180e-01
-6.1160509139e-01 1.6480484846e-01
9.4011175829e-02 -4.8512959973e-01
-8.7484582222e-01 1.0449567657e-01
-3.3076824603e-01 -5.0085452491e-01
-3.9353534689e-01 4.8831763519e-01
1.2239981244e-02 -4.2780490746e-01
5.8603921150e-01 3.4540465904e-01
4.1202487295e-01 -1.3312600255e-01
-1.0811942770e-01 -2.2936947666e-01
5.4341588019e-01 1.1094076917e-01
-1.9088712959e-01 -2.6896202110e-02
-1.0421084194e+00 2.3682820698e-02
9.4807416773e-01 -5.8772615880e-02
-3.2941097119e-01 4.9703976798e-01
3.0616141123e-01 7.9889659456e-02
4.1316532087e-01 -4.8389097054e-01
5.3501503570e-01 2.2258015456e-01
-6.7338232608e-01 2.0241195988e-01
1.1101132042e-01 5.0216627737e-01
-6.6072913756e-01 -3.1104328829e-01
-9.9909267341e-02 5.0830205338e-01
2.4976002403e-01 -5.7850966103e-01
-3.5695241009e-01 -4.1822977123e-01
-3.2226808732e-01 4.0371903749e-01
-6.0238452512e-01 5.6138392852e-01
-3.3005909133e-01 -3.0101479922e-01
4.1266193591e-01 -4.8906672140e-01
8.1068502425e-01 -3.7075144429e-02
3.4939512122e-01 -1.5329348532e-01
-9.9690858230e-01 -6.3622280058e-02
6.1180132877e-01 -3.8130306669e-01
-3.5813394541e-01 2.5925922784e-01
2.0601693516e-01 -5.1037809633e-01
-3.4855780928e-01 6.3036051614e-01
5.3490157148e-01 -3.9212820270e-01
-2.6777260538e-01 5.8793141939e-01
1.6181600444e-01 3.9858116650e-01
8.0460336623e-02 -5.4285387493e-01
-3.7287804237e-02 5.1113704918e-01
1.0306290908e+00 9.7074196083e-02
-8.6017271039e-01 3.9948634375e-01
-4.9346084523e-01 1.6149827077e-01
-6.2214775847e-01 -1.7156656247e-01
7.7158204645e-01 -1.5520939059e-01
2.8732533402e-01 -4.9272209017e-01
5.5411925502e-01 1.2670698394e-02
1.0011377770e+00 -3.0285857552e-01
-3.5967318633e-01 5.1290822641e-01
7.0074990400e-01 1.5381839330e-01
-6.1041418866e-01 -3.5882286106e-01
-1.8394352140e-02 -3.6111069877e-01
3.1031946542e-01 4.8907880709e-01
3.6829988055e-01 1.1356114501e-01
-4.2448297010e-01 5.5269981885e-01
-2.3725605541e-01 3.9737307994e-01
2.8592463238e-01 -4.1954218834e-01
-8.8419471258e-01 3.1227027789e-03
-2.5811629419e-01 4.1221065198e-01
3.7464555212e-01 -4.8679400410e-01
-9.5228677858e-01 4.5050618403e-01
-5.1514204351e-01 7.4712277047e-02
6.1609676740e-01 2.3303256939e-01
5.0388025169e-01 -4.0080584836e-01
-8.3341909870e-01 -1.6434395465e-01
-4.0742795343e-02 1.1999535313e-01
4.6318269541e-01 4.0657505406e-01
-7.1254818363e-01 -1.9794607632e-01
-1.7223072505e-03 5.2510565744e-01
5.5267297300e-01 2.1008380345e-01
-7.5562096019e-01 -1.4980214111e-01
-6.7259816128e-01 -1.2246969339e-01
5.6563297268e-01 -7.1544399022e-02
7.8897182576e-01 -1.8836658939e-01
-4.7454628170e-01 5.7309959626e-01
-2.7532332520e-02 4.2905240887e-01
5.4287349426e-01 -3.7146530806e-01
-4.7481550200e-01 -2.4034948270e-01
4.2015537990e-02 -2.9480225803e-01
-3.3102677725e-01 -2.3116191712e-01
1.7961628177e-01 3.7227477461e-01
-3.0525467256e-01 -3.3333370380e-01
6.2653826815e-01 -6.6567757087e-02
-5.6385031588e-01 -8.2112859681e-02
2.8290208738e-01 -5.0206815553e-01
-1.6970918810e-01 -1.3073575952e-01
-5.0993377230e-01 1.8700385055e-01
5.1451542675e-01 -3.2534026768e-01
6.7651998602e-01 -1.1478878194e-01
-4.8826881815e-01 -3.4919366081e-01
-1.8415987310e-01 4.7268786457e-01
-1.4964221420e-01 -5.4539894052e-01
8.9094233486e-02 -3.4123852643e-01
-5.0483699430e-01 5.3441751616e-01
-2.2532045696e-01 1.4419478413e-01
5.4849835783e-01 -5.4600098841e-01
-4.8088384616e-01 -1.6638017347e-02
1.8833967285e-01 -5.7535481712e-01
-6.7358240218e-02 4.6616475558e-01
-1.5757995690e-01 3.2793866834e-01
-8.8353768543e-01 4.1036500114e-01
-5.5315254658e-01 -9.4875897659e-02
1.3047335142e-01 2.9492635585e-01
1.0274630837e+00 1.4163899957e-01
6.8452497980e-01 2.9991677924e-01
1.3604789559e-01 -4.6034572811e-01
8.2396918050e-02 -4.3519025342e-01
-9.2524210356e-01 1.1187249560e-01
2.4460242169e-01 4.8729240596e-02
-1.0825976781e-01 5.4682612943e-01
4.0325988847e-01 2.8620435930e-01
2.0201999716e-01 -3.2457910521e-01
-8.2566379152e-01 5.0485808464e-01
2.1238793250e-01 5.7441599383e-01
-1.0035092034e+00 2.4445939505e-01
3.9745780769e-01 2.9455583116e-01
-8.4634042271e-01 3.4903504850e-01
-4.1055352484e-02 -4.6028711319e-01
1.4818427169e-01 -5.7090881316e-01
9.5956850133e-01 -2.7052146252e-01
5.3222079846e-02 -5.6901014142e-01
5.8617526433e-01 2.0437097301e-01
7.7770415940e-02 -4.5051382461e-01
-3.7866727311e-01 4.1201121095e-01
-2.0825489854e-01 -3.6207143675e-01
8.0515883929e-01 -8.6450732659e-02
-9.9764994695e-01 2.8908899689e-01
-6.5462407783e-01 -1.4465824624e-01
-9.1955788749e-01 3.6262603511e-01
-1.8531354507e-01 4.4184077083e-01
4.4139214349e-01 -4.7049484960e-01
-3.0979912910e-01 -4.9039287693e-01
9.0347339612e-02 5.3758337952e-01
3.6171740520e-01 -1.2477072356e-01
-4.0363322153e-01 4.7829519742e-01
5.2083778687e-01 2.6794395604e-01
7.4576891995e-01 -1.6028020352e-01
-6.9803183300e-01 1.4140566081e-01
1.1383709503e-01 9.7051407006e-02
-2.5509231240e-01 2.8125645787e-01
3.8241176677e-01 -4.0307078914e-01
-1.2735217122e-01 4.5864568750e-01
-3.1669155585e-01 2.1554195371e-01
-2.1795291809e-01 -4.9815988976e-01
-1.9988374909e-01 2.8823080263e-01
1.9030417626e-01 4.8323421139e-01
9.8813636673e-02 -1.4905264556e-01
-3.1284235085e-01 -3.5979169109e-01
-2.0834614899e-01 -5.3879181606e-01
7.9491406752e-01 -3.7272795009e-01
-4.9119654108e-01 3.5538066787e-01
5.0925925084e-01 -4.5075170643e-01
-7.3864575311e-01 1.7863023169e-01
5.9537760719e-01 1.0269754588e-01
-8.3317219881e-01 -1.1031845059e-01
-2.1662171572e-02 5.6706501209e-01
6.5340695998e-02 -4.7332928129e-01
-7.2193622977e-01 6.4407997927e-02
4.2305501948e-01 -2.2814279116e-01
-6.6909855129e-01 1.8941717554e-01
-2.4007122103e-01 -5.1312181110e-01
-2.7028450874e-01 5.7404752736e-01
4.9494279475e-01 -1.8005590463e-01
-1.0555418062e-01 4.6438410195e-01
9.2782275213e-01 -7.3808760528e-02
-4.3495731930e-01 -1.8012832331e-01
2.2589313197e-01 -3.2601458875e-01
8.0068018460e-01 1.4789024054e-01
-5.1507751018e-01 8.2349666339e-03
-8.9638530734e-02 5.4271370074e-01
3.0156416833e-01 1.2536659867e-01
-3.7616713121e-01 1.7155188447e-01
8.0460160485e-01 -3.1544409404e-01
3.0198457231e-01 3.7514211442e-01
1.4284219274e-01 -3.9845378656e-01
-1.6070083929e-01 4.2062152937e-01
-2.8615514249e-01 5.4642783133e-01
-2.1750328569e-01 -7.5622897881e-02
9.7935972854e-02 3.9633393216e-01
5.6422742214e-01 2.1155326488e-01
-6.9529684708e-01 -1.4761444382e-01
7.8543799455e-01 -9.3216485758e-02
-4.7544394682e-01 -2.4846826047e-01
6.3040759472e-01 6.2985453565e-02
6.0972115318e-01 -3.3798304846e-01
-6.1486997845e-01 -2.3088594280e-01
9.6711752536e-01 -3.3262454643e-01
-5.4108931581e-01 3.7934338056e-01
-4.5937018478e-01 1.7130629293e-01
5.3531573181e-01 9.9197189775e-02
-5.9358434828e-01 2.6841858677e-03
3.6694657304e-01 -5.1173721817e-01
3.6585513607e-01 4.4849971034e-01
1.2561026909e-01 -3.7983715025e-01
-4.0071962251e-01 -2.4145959079e-01
5.4558243597e-02 3.2967498625e-01
-8.0840587550e-01 4.7096861148e-01
1.5351875523e-01 -5.9108384494e-01
2.4068209176e-01 3.8456677768e-01
1.5685733759e-01 -5.1258501833e-01
-3.8750220011e-01 1.4205944958e-01
7.4586057296e-01 8.4649490607e-02
-6.1736092376e-01 -1.5626610638e-01
8.9672404309e-01 -2.3449335232e-01
-4.4990269352e-01 -1.4865545907e-03
9.1768565490e-01 1.6874865552e-01
2.2064311015e-01 5.2460548278e-01
2.6998272460e-01 -9.3643721614e-02
-2.4526281406e-01 -4.0819571434e-01
8.1644266120e-01 -3.7475160874e-01
-1.0878006263e-02 5.3649790268e-01
-6.2305047636e-01 3.3129169782e-01
-3.7683142469e-01 -3.5866787563e-01
-5.3081812590e-01 -2.2319345627e-01
-2.6326159099e-01 5.2195550124e-01
8.7532063134e-01 2.7317989865e-02
-8.1219232013e-01 4.6899670720e-01
2.7091934892e-01 -3.6390977357e-01
3.6591549758e-01 -5.9511127479e-01
-5.4443533563e-01 -1.9295243492e-01
4.7108623464e-01 -5.7233164106e-01
-1.3405658725e-01 2.4526857878e-01
9.9029331743e-01 -1.4548792584e-01
-3.6770973068e-01 -4.9798288090e-01
-3.4918011710e-01 -2.8093126867e-01
1.4167703148e-01 -4.4544662851e-01
9.8463429601e-01 -2.2768522960e-01
-1.4532392419e-01 -6.6036706364e-02
-3.0442623201e-01 6.1646497977e-01
3.5422545763e-01 -3.8406741744e-01
-5.8214977924e-01 -1.9466507023e-01
1.8285382470e-01 4.7642395896e-01
3.5129584603e-01 -4.6276086235e-01
-5.5083867156e-01 5.7363925868e-01
6.6443320593e-01 1.6067940560e-01
2.3383288731e-01 -3.1452040964e-01
8.8255384154e-01 -2.8765782413e-01
-6.2350865736e-01 -1.5911910740e-01
-6.8671861012e-01 1.6459597303e-01
-1.9118408929e-01 3.8881599502e-01
5.3811948607e-02 -4.3905948079e-01
9.6667099405e-01 -2.7514742864e-02
6.6678491262e-01 2.4117137780e-01
-7.5898121426e-01 -1.9264992632e-01
-5.8150950776e-01 -4.0609302989e-02
4.3985700377e-01 2.8348378230e-01
-4.6381374006e-01 -9.7191266429e-02
9.4115791699e-01 -3.3342223451e-01
-6.7912755286e-01 5.1022134864e-01
2.0056861788e-01 3.4737157762e-01
3.1514887384e-01 -5.0264725841e-01
7.9833096518e-02 1.4363426061e-01
5.2028571863e-01 6.0978626489e-03
-6.2292023968e-01 -7.0886882505e-02
-1.8351598503e-01 4.6070513038e-01
-4.9282054142e-01 -2.6460046017e-01
8.1722093253e-01 -2.2811689863e-01
-1.0157473866e-02 3.1153295578e-01
-2.7817820733e-01 5.8589887216e-01
1.4863082274e-01 -1.5118150720e-01
-9.5342985023e-01 4.0631844830e-01
-4.3461204937e-01 5.9736318156e-01
9.3596785621e-02 -1.2395972530e-02
8.8979831640e-01 3.5526874488e-02
-9.7560139890e-01 -4.6319235370e-02
-1.3161620795e-01 4.8395428368e-01
-2.0981664749e-02 -5.2710725405e-01
5.7783134970e-01 2.1685574677e-01
3.0947550018e-01 2.9231146598e-01
5.9176985147e-01 -7.2625041343e-02
7.6188984333e-01 -3.8724348048e-01
-5.2367757261e-01 3.4690909454e-01
1.2161456075e-01 -4.2244600290e-01
-5.1043821075e-01 1.2507347205e-01
4.9659608189e-01 1.4129925032e-01
-7.0597824376e-01 -8.0980681896e-02
6.6068538151e-01 -7.3529164070e-02
9.3163359342e-02 -4.6839704301e-01
-2.2308358672e-01 2.5102731518e-01
4.3791050802e-01 -4.0188933946e-01
-8.6044956797e-01 9.8611368233e-02
-2.1438272662e-01 3.2713732523e-01
4.1945112347e-01 -1.7027295949e-01
-6.1639554382e-01 3.0277049607e-01
-3.4873137631e-01 4.5004489204e-01
-2.0225278976e-02 -5.4689409314e-01
-4.0212878880e-02 -5.4952208859e-01
-3.5485617879e-01 5.1126379813e-01
-3.8692221792e-01 4.5395126327e-02
3.9328652155e-01 -3.6491735416e-01
-4.2898122505e-01 1.7849783882e-02
-3.3812323881e-01 -2.1579382382e-01
1.4483559863e-01 -7.2810940449e-02
-3.6360064499e-01 -2.9013607430e-01
7.6464850118e-01 3.3232168237e-01
6.2336001435e-01 -5.3218523195e-01
4.4688468688e-01 1.8671078304e-01
9.3743038503e-01 -2.4760708842e-01
-1.9237586025e-01 -2.2646619563e-01
-3.3750893791e-01 1.6517068836e-01
-3.6480394414e-01 -1.7909871452e-01
4.0598829218e-01 1.7479941169e-01
-1.9644604787e-01 4.0745506112e-01
-1.0269936257e+00 3.1072164465e-01
-6.1191517552e-01 -1.5672000978e-01
2.4473947212e-01 -3.9387991600e-01
-1.4187306410e-01 2.9415786711e-01
-5.5928791173e-01 4.8101793689e-01
2.9417285477e-01 8.4320192330e-02
1.0083773353e+00 -1.7836311336e-01
2.5299967177e-01 -2.3344874660e-01
1.0008236925e+00 -2.0035860952e-01
-3.1842437204e-01 3.4325614625e-01
2.9597534963e-01 3.8957368643e-01
7.7733534109e-02 -4.2547253306e-01
-4.4542508140e-01 -2.3362355646e-01
4.3951537564e-02 4.0168934634e-01
-2.3621564134e-01 2.0812479390e-01
5.7742298847e-01 1.4647747503e-01
-5.6671879838e-01 2.6308018550e-02
-4.8746249557e-01 -2.9227934128e-01
-3.0972690528e-01 4.8672562570e-01
7.6211633985e-01 -1.2655365710e-01
3.0073288542e-01 -3.3265194533e-01
-7.8334811770e-01 -5.5531835610e-02
2.4578675038e-01 -2.3556707134e-01
-5.8189031234e-01 -1.8132341370e-01
-7.1612440387e-01 -2.5838083612e-01
1.2995583509e-01 4.8417362430e-01
6.6580615465e-01 -1.8043713010e-01
-7.3458538929e-02 -3.6391050677e-01
7.0619326735e-01 3.4173037386e-01
-5.6292540078e-01 5.5101826620e-01
-1.9880339160e-01 -2.3288329003e-01
2.6138102030e-01 -5.0391395530e-02
-4.0469125078e-01 2.7047229630e-01
6.7791284608e-01 -2.3260675583e-01
-3.7373640156e-01 5.1116986055e-01
3.9846378809e-01 6.3921884148e-02
-4.1422108217e-01 -1.2635153464e-01
-3.5550742074e-01 5.0158658476e-01
3.5168253546e-01 -4.8079611208e-01
8.5109817752e-01 -7.4024198796e-02
4.9880674998e-01 -2.1148342798e-01
-4.7473562079e-01 -7.5600216661e-02
1.2625533912e-01 3.5521192469e-01
-2.7755919004e-01 -4.1348716981e-01
2.5016322336e-01 -4.0966017211e-01
-9.5586860205e-01 4.1614646479e-01
3.8100174679e-01 5.1414164613e-01
-9.2866131761e-01 1.9739070179e-01
4.7097438191e-02 -5.3952694397e-01
-7.3929098071e-02 5.4815095940e-01
3.7313900061e-01 -4.8884601831e-01
-4.9407176412e-01 -1.4187294911e-02
7.3178544032e-01 -4.2887929365e-01
-1.0246394047e+00 1.9914959038e-02
2.8648672773e-01 -1.2510988912e-01
-2.9283981414e-01 7.1519438953e-02
7.1277570009e-02 -5.4681067950e-01
2.5976539592e-01 -5.0599377560e-01
-7.4395213853e-01 4.7359817401e-01
3.7213649089e-01 4.1950414824e-01
-1.0864972749e-02 -4.8509813878e-01
-1.8454175336e-01 4.5529809294e-01
1.0183740004e+00 2.6186140076e-02
-8.0318336437e-01 2.9825462726e-01
-1.3022048943e-01 -4.0526090989e-01
-6.7637378086e-01 1.8587835413e-01
-2.4586340406e-01 -3.3833172215e-01
-4.5945668998e-01 4.9139661385e-01
3.4961426083e-01 2.1148360223e-01
5.0348316293e-01 -4.2780857653e-01
-1.3302729318e-01 5.0497539668e-01
2.1547982535e-01 -6.0497077850e-01
1.7721527099e-01 -3.7982763288e-01
1.6836120556e-01 5.3539591468e-01
-4.1678817834e-01 5.5190517341e-01
-8.6170500699e-01 -1.3378568082e-01
-5.0335257453e-02 -3.7592859675e-01
4.8880082323e-01 2.0477361515e-01
-2.5380945690e-01 -2.5549578973e-01
-2.2829728132e-01 5.0467422400e-01
3.3155501271e-01 1.1151997800e-01
-9.2166595904e-01 1.9153250908e-01
-9.3474376851e-01 -7.8588867261e-02
-2.2970216595e-01 1.1060221508e-01
1.2703289703e-01 3.7310347197e-01
-2.1109355200e-01 -5.1068801411e-01
8.3150646613e-01 1.8598584672e-01
-5.1463150846e-02 4.0422387808e-01
-9.4140737015e-01 3.4001495165e-01
4.3441262187e-01 2.8013843706e-01
1.2452506631e-01 -5.2285973168e-01
-8.2670512292e-01 5.4833089884e-02
9.3652758898e-01 5.9862322137e-02
-3.2135483952e-01 4.1116273630e-01
-4.9494550830e-01 -2.2470906816e-01
5.8037214129e-01 1.9295709958e-01
7.3997570167e-01 4.3178809250e-03
-1.3276740287e-01 -4.1734190371e-01
-1.4030722966e-01 5.9043991022e-01
4.4321954141e-01 2.2332987040e-01
-8.5980464710e-01 2.3850668813e-01
-5.7813399022e-02 5.4901395863e-01
-2.5320222611e-01 4.5989246207e-01
2.8540986166e-01 -4.2606718451e-01
2.3849819693e-01 6.9179703465e-02
-3.6151136979e-01 5.3275202177e-01
-1.1938207041e-01 4.5465190636e-01
1.1445489775e-01 -5.6436655911e-01
5.9700400954e-01 2.1276921975e-01
-2.4169620513e-01 3.4083835724e-01
9.6339333079e-01 -6.7173715137e-02
-5.4390682715e-01 -1.5656650711e-01
4.0792556259e-01 -5.0400786074e-01
4.4974334010e-01 1.4217772376e-01
5.8111563622e-01 -2.3386025675e-01
1.8151092287e-01 -4.5139352876e-01
-1.0350812071e+00 2.2663907250e-01
6.8682483032e-01 -3.7148042054e-01
-1.7267323712e-01 5.6093822186e-01
-2.9254777548e-01 3.7021037836e-01
-3.3035599238e-01 -4.8584537348e-01
-4.6691028553e-01 5.2916674857e-01
4.5738459669e-01 -3.2051021107e-01
5.6709297490e-01 2.2385197862e-01
9.4624762981e-01 1.1196929210e-01
-7.8479307197e-01 4.4271499373e-01
2.8495980969e-01 -1.6256645696e-01
-1.8473791265e-01 -1.6574471405e-02
7.7872837590e-02 5.2377781904e-01
-5.5158696940e-01 1.0386326669e-01
-6.5981118476e-02 5.9386562215e-01
1.6234492031e-01 -4.7280173829e-01
7.1711498019e-01 -2.1974949470e-01
2.6492464121e-01 -4.3516780800e-01
-2.0522848790e-01 -1.7946290414e-01
4.2196168480e-01 -6.3250609067e-02
-3.4363273749e-01 5.5208231877e-01
-5.5950114136e-01 -1.3587106531e-01
2.8488816544e-01 2.8047340053e-01
5.6480702862e-01 -2.5639329290e-01
3.3179455825e-01 -4.6107370651e-01
-4.8643692010e-01 5.8295324220e-01
3.9608944078e-01 1.1144447724e-01
-4.0537625800e-01 -5.5197898253e-02
-2.8536323204e-01 5.3715510557e-01
1.4317116504e-01 -2.8958943187e-01
-6.5280781327e-01 -3.3132026999e-01
2.8395343123e-02 3.4393465220e-01
6.9012699180e-01 -1.3381340918e-01
-8.3606383870e-01 -2.3997855025e-02
-9.3725927961e-01 9.1987860754e-02
8.5999465735e-02 2.7396865273e-01
-3.7114940525e-01 -3.0627488618e-01
8.7286552523e-01 -3.3408949798e-01
5.5552807985e-01 3.1379949383e-01
-8.9890352221e-01 -1.7061916776e-01
-3.4991710608e-01 5.2855340896e-01
2.5710372718e-01 -4.8436410084e-01
-2.3686158048e-01 4.9947415396e-01
1.4715874383e-01 -4.2983591155e-01
7.9689267389e-01 4.8239628111e-02
3.3995681691e-01 3.8845497921e-01
1.8349741122e-01 -4.2882780686e-01
-2.8113290639e-01 4.3956336042e-01
-1.6475546562e-01 4.9444440849e-01
3.5437522479e-01 -3.9517390171e-01
4.4494320124e-01 -1.3167760463e-01
-5.4980644519e-01 2.4621917740e-01
9.4174415821e-02 4.1452490841e-01
5.2559621372e-01 -1.3110578055e-03
-3.5479259371e-01 3.7546533258e-01
3.6632398327e-01 -2.6281426810e-01
-4.2012449701e-01 -2.7066256522e-01
6.3933837207e-01 1.9088626591e-01
-3.7270486737e-01 -3.2557717126e-01
-2.5118399674e-01 5.6402205063e-01
5.9450249162e-01 1.3394746248e-01
-6.0119080012e-01 -1.1227186572e-01
3.8524438338e-01 -5.1951380169e-01
-4.7501898871e-01 -2.7467728457e-01
-2.7461606629e-01 -5.3433460448e-01
2.6137232053e-01 -3.3009276371e-01
-9.4454591540e-01 4.0247502537e-01
4.2795456836e-02 4.7149756231e-01
2.8889684696e-02 -5.1019688456e-01
-6.6888000782e-01 1.0435155298e-01
-7.5918328975e-01 -4.5535691732e-02
1.0042402419e+00 4.1575307083e-02
-6.7627724315e-01 -1.0486773360e-01
3.2904374865e-01 -4.8256667848e-01
4.4118624505e-01 -1.6179854923e-01
-2.7346839458e-01 -1.3625686628e-01
-7.9142453216e-01 -2.0290939495e-01
1.0239144442e+00 -2.2694329805e-01
-5.6250199975e-01 4.6227645832e-01
6.0446963923e-01 3.6507936943e-01
1.4220162451e-01 -4.2397039820e-01
-6.4788644380e-01 -3.2165717891e-01
4.5946991889e-01 1.5277555031e-01
-6.7534847088e-01 8.3905752551e-02
-9.9940904612e-02 -4.3211452455e-01
-4.8021470426e-01 6.0023279258e-01
3.0801053987e-01 2.0381132576e-01
6.3042921276e-01 -5.1272773528e-01
-8.5373453416e-01 3.8374651828e-01
-5.3343701721e-01 3.2866909161e-01
7.2763577220e-01 -7.7582750711e-02
-6.2982630131e-02 1.9996682778e-01
-1.8364175575e-01 4.2644056992e-01
7.0404939963e-01 2.2769663599e-01
-4.7420822750e-01 -1.6976470297e-01
9.2239945288e-01 -1.6228031061e-01
-2.9807068389e-01 -8.9644646298e-02
-6.0374029606e-01 -2.9997390217e-01
-2.5115686790e-01 -9.8330746174e-02
-6.9744593787e-01 -1.3742853469e-01
2.8097254857e-01 -3.1786275717e-01
5.8098915985e-02 5.5879231318e-01
5.1715832644e-01 -2.7576837866e-02
-4.6582896265e-01 -2.0235942302e-01
-2.4522714885e-01 4.3403194334e-01
3.9164049101e-01 -3.8114554262e-01
-5.5455888774e-01 -2.2242242934e-01
1.7706979114e-01 4.3726774884e-01
-5.4529646977e-01 -2.3234010717e-01
7.6942347821e-01 -2.0695739368e-01
-4.5962579616e-01 5.0594147658e-03
9.3352148030e-02 4.2555501709e-01
3.8415751231e-01 -5.6491287712e-01
-4.0049169337e-01 3.5841980599e-01
6.4378242928e-01 2.7839552108e-01
4.9408930302e-04 -2.4988533086e-01
-2.5304725918e-01 6.5581305133e-01
-3.3233752018e-01 4.0443876271e-01
5.2672190968e-01 2.3773827580e-01
5.0117095856e-01 -1.3900057447e-01
-2.0400279080e-01 -3.2671502476e-01
5.7285728774e-01 -4.3035831238e-02
3.5829206764e-01 -5.2731891032e-01
-8.8832001917e-02 3.7666686244e-01
-5.1700419347e-02 5.2475682512e-01
-2.2857827377e-01 3.6101901197e-03
-4.8989251452e-01 5.2679544222e-01
8.9522689947e-01 2.1868310626e-01
-3.2845288841e-01 1.2162154034e-01
3.6018270620e-01 -5.4964224622e-01
-2.4020647662e-01 -1.3544844423e-01
-4.5971353246e-01 5.0246992776e-01
6.2900336555e-01 -2.8499901307e-01
-5.2975962249e-01 -1.8657505715e-01
-3.7649178656e-01 4.9521270732e-01
-1.1367919716e-01 -4.0389163595e-01
1.5778352223e-01 -4.1891378574e-01
4.4918169403e-01 4.7016398534e-01
2.3700824348e-01 3.2497149099e-01
-5.2160818138e-02 -4.5963110047e-01
9.5215703568e-02 -3.2828443775e-01
7.5923446954e-01 1.5955673277e-01
1.2224160811e-01 5.7128760570e-02
9.1958142951e-01 7.3981136793e-02
-4.9087633507e-01 -1.5373740137e-02
-6.1026197144e-01 4.5050957414e-01
-2.5796330577e-01 5.4925707271e-01
7.5965013347e-01 3.2512617142e-01
-3.6041438893e-01 3.7758067724e-01
8.6296997631e-01 -3.4549510224e-01
-7.5850783591e-01 4.4452382136e-01
2.0474847360e-01 -5.6672845502e-01
-7.5290010086e-01 -5.2394456459e-02
4.1019075153e-01 2.7706050201e-01
-1.5588389880e-01 -3.6825783307e-01
4.8849551064e-02 2.0179218546e-01
7.5060232793e-01 2.4303354894e-01
-9.0534700611e-01 -1.2439384265e-01
-1.2079804102e-02 3.9687405517e-01
3.8112691135e-01 -4.8037809648e-01
6.5031985402e-01 -4.2562324820e-01
4.2960087042e-01 -1.9223370042e-01
8.5526373674e-01 -3.9433371341e-01
-6.2379615407e-01 3.3694492900e-01
-2.9130057860e-01 4.0984293180e-01
-9.5339642496e-01 4.2080034386e-02
3.5818300712e-02 3.0930929901e-01
-6.5948994502e-01 1.9235608848e-01
1.4512884759e-01 -4.3170505621e-01
-5.1796785683e-01 1.5105887622e-01
6.3370541594e-01 1.5860313646e-01
-4.0278611729e-01 -7.9817738828e-02
3.0014829417e-01 -3.5734530410e-01
-8.4487499589e-02 4.4234206910e-01
1.3936495508e-01 -5.7494531362e-01
6.7209599512e-01 -2.3031674514e-01
-3.7244760656e-01 1.9930745369e-01
-1.9377172263e-01 4.6828645699e-01
-1.6031538310e-01 -5.3493815297e-01
6.2885549084e-01 1.3952230049e-01
6.2058140327e-01 -1.8815577289e-01
1.0116212976e+00 -8.0309634096e-02
-6.8757077765e-01 -1.3002502056e-01
7.6329135481e-01 1.5041064414e-01
-2.4286950657e-01 5.7938729353e-01
2.0405502112e-02 3.0399325234e-01
3.9925954964e-01 -5.0039839475e-01
-7.9177845760e-01 1.5465856659e-01
2.4695164515e-01 -4.9255365492e-01
-4.2236431188e-01 5.9909239927e-01
6.5516992086e-01 2.3449341235e-01
3.3821098560e-01 -4.6619081175e-01
-9.6453619446e-02 -3.9232225568e-01
3.1644755362e-01 -5.1966913495e-01
9.7846438092e-01 -2.9622038243e-02
-9.1152076115e-01 3.2028935132e-01
-9.8212369932e-01 3.9993967031e-01
-4.3650820036e-01 4.9754702929e-01
3.8742929150e-01 2.5809311405e-01
-5.5563608851e-01 4.2752708332e-01
-1.8135620250e-01 -3.4453410164e-01
-3.1621700652e-01 6.0066699469e-01
2.2736864127e-01 4.6188905651e-02
-9.7404892110e-01 1.9518185985e-01
3.8798734357e-01 4.8464635314e-01
-3.2148367288e-01 5.1014039770e-01
7.1237430195e-01 1.3108039068e-02
1.9772198486e-01 -4.7978659071e-01
-7.3752331049e-01 3.8612968955e-01
-6.3960694166e-01 1.0037298551e-01
-5.0373631116e-01 2.2962841163e-01
-6.5267884358e-02 1.4990054849e-01
2.4066692504e-01 -4.1989339766e-01
-5.2843899881e-01 -4.0150832399e-01
9.2926169773e-02 2.8864248751e-01
5.1824700110e-01 -2.5008820073e-01
-9.1691280831e-01 -1.3118562940e-01
6.3016247226e-01 -7.3946123973e-02
8.3465881188e-01 1.6442883603e-01
6.3532952928e-01 1.6504683585e-01
8.2686738526e-02 -6.6172808046e-02
-2.3105548201e-01 5.7285486031e-01
2.8596215769e-01 -2.4463029370e-01
1.8444246824e-01 -2.4562550322e-01
9.2806604801e-01 -4.0473669485e-01
5.6966431076e-01 2.0941203939e-01
4.5085494489e-01 3.5936167518e-02
-8.1755827203e-01 3.4964546330e-01
-8.2418288723e-01 -1.5578058695e-01
-1.6579240783e-01 4.8777118827e-01
2.1955423759e-01 -4.4741423103e-01
-1.8170587093e-01 1.4267353566e-01
8.4626710884e-01 2.5925397320e-01
-5.3665419744e-01 -1.0447071672e-01
-3.5775663495e-01 5.1237307607e-01
-7.4634495340e-01 1.0229823335e-01
-3.4124503684e-01 3.7113908828e-01
-2.6791876921e-01 -1.2937604223e-01
8.3927435491e-01 -3.4679454727e-01
-4.5170260305e-01 1.3465662976e-01
2.8691399873e-01 -3.8704294946e-01
1.1253757968e-02 -5.8668912474e-01
4.4025386391e-01 -4.1516425555e-01
7.4325246403e-01 -5.0666345479e-02
-9.2471529422e-01 -1.4847311336e-01
-2.0968875726e-01 5.0403214047e-01
-9.2359694925e-02 -4.8564921382e-01
-1.2319434611e-01 -2.4820044263e-01
-7.5861572465e-01 4.9977051217e-01
-6.3970984678e-01 1.3477692356e-01
6.4523852237e-01 -4.8544319828e-01
-6.0218927626e-01 2.3401311038e-01
9.5151578109e-01 -9.5174520109e-02
2.3770452149e-01 -3.9976623629e-01
1.7169749633e-01 3.0739992532e-01
-1.3368070136e-02 -5.4898834457e-01
8.1548774840e-01 -2.0276144014e-01
4.8840786685e-01 3.1603600536e-01
-1.1891922975e-01 4.9108587966e-01
7.1642155612e-01 -4.9316281458e-01
-1.1227515336e-01 -3.5985404888e-02
-7.2413198926e-01 5.7023349301e-01
-2.8011420792e-01 -2.0735243374e-01
-3.0968158114e-01 3.0383553577e-01
4.2421737599e-01 2.5045750288e-01
-6.0894627401e-01 -7.5483797300e-02
-8.8455878139e-01 9.0935604761e-02
4.7028095232e-01 -1.0733819409e-01
6.3758388854e-01 -2.8729620712e-01
9.8712457705e-01 -2.4270408243e-01
-3.8657590926e-01 5.7445185175e-01
3.3966087225e-02 4.3302340730e-01
2.2766365746e-01 -3.3716853463e-01
-4.4288661969e-01 5.6270125774e-01
3.8302173017e-01 -4.7709584286e-01
-6.0016221808e-01 -3.5779747831e-01
1.7381175646e-01 3.2499680781e-01
3.5060215134e-01 -4.5188773168e-01
-4.0558505275e-01 5.8979345057e-01
-5.6719609332e-01 7.9469991696e-02
6.5056042143e-01 2.3441626828e-01
8.3669075368e-01 -1.6257449112e-01
-7.7217645887e-01 8.0772120076e-04
1.9645657358e-01 8.1386963583e-02
7.6082095680e-01 2.7460443502e-01
2.6013938964e-01 -5.9118118064e-01
5.8432583923e-01 2.1463448017e-01
-4.1856225918e-01 4.6065473331e-01
1.8476135442e-01 -4.4226306631e-01
5.7111685035e-01 -1.5408397855e-01
2.4142116653e-01 -3.4344320123e-01
-5.0825763056e-01 5.0521197375e-01
7.0726294509e-01 -1.1900625354e-01
-5.4113493855e-01 -3.4541819478e-01
-1.6541343295e-01 -3.4770008412e-01
-2.1468598158e-01 4.6568417332e-01
4.3020285977e-01 -4.0586738912e-02
-8.0965275878e-01 1.6783640944e-01
5.0829327471e-01 -4.8558372748e-01
5.5721391405e-01 -4.4576976268e-01
-3.0445747464e-01 6.0314939242e-01
6.6578330826e-02 5.1514571226e-03
4.8429178855e-02 -4.7092061944e-01
-8.3850924204e-02 5.0738454120e-01
9.4176948737e-01 -7.9394148735e-02
-8.8014357840e-01 4.0710732070e-01
-6.9718882276e-01 7.9061371689e-02
-5.5286027025e-01 5.2608283360e-01
2.2277483454e-01 -3.4219046959e-01
-4.3658413783e-01 -4.5422760784e-01
-9.3554363045e-02 5.1018596417e-01
2.9361215983e-01 -2.2785573540e-01
-4.9592120629e-01 5.1048426280e-01
8.5436615982e-01 -1.1292101454e-01
6.8495341887e-01 1.9362270960e-01
9.0339655330e-01 -2.0562535486e-01
-9.9526388375e-01 1.8686038255e-01
5.3250960553e-01 2.5076008644e-01
-2.2811105393e-01 5.4011396360e-01
7.9371983934e-02 -8.8713592389e-02
-9.2559120562e-01 -6.3387712804e-02
4.3615209931e-01 -1.3248130361e-01
-7.0135333169e-01 5.2477244377e-01
4.5073200994e-01 -4.7788661923e-01
3.0269110335e-01 -4.2537076604e-01
4.4984943850e-01 1.3388109668e-01
-6.7927574834e-01 7.9788893883e-02
1.8151124108e-01 4.8719139387e-01
-9.7114838775e-02 -3.6936593942e-01
-5.6627798562e-01 -3.6531130782e-01
4.4596510306e-01 -4.3960244822e-01
3.5170134678e-01 6.4098316405e-02
-4.2985616022e-01 1.3498219706e-01
-2.0832499370e-01 -2.0664980806e-01
-4.9732884978e-01 2.2786919222e-01
2.4793997986e-01 -3.9156886848e-01
-3.6982690704e-02 3.5987133433e-01
-4.0369600213e-01 5.2388118358e-01
-4.3901197161e-02 -2.8574025081e-01
3.6570209439e-01 2.9558931099e-01
5.5988267148e-01 4.0110120292e-01
-6.8166697068e-01 -1.1699866448e-01
6.8078434572e-01 3.7194833573e-02
3.2981576871e-01 1.2799582852e-01
-9.4220732612e-01 2.8661782775e-01
9.4800624291e-03 -4.2586107291e-01
2.0517624376e-01 5.5297205535e-01
-2.6510127741e-01 -3.8781850959e-02
-2.6155205629e-01 4.8488821940e-01
5.1285092209e-01 -2.3870951052e-02
-5.3462408430e-01 -2.0609310427e-01
2.5531596077e-01 -3.3380246733e-01
3.1587898550e-01 -2.8217532217e-01
5.7587511712e-01 -3.9718407558e-03
1.6665929341e-02 -3.3001357221e-01
7.4370973934e-02 -5.6408301293e-01
1.9540067268e-01 -6.2114872519e-02
-6.9348383834e-01 4.5866603741e-01
3.7417071645e-01 -5.2053418216e-01
-6.7487561427e-01 2.5693758848e-01
5.9910707156e-01 4.4392408200e-01
-6.1474659318e-01 6.0388517408e-02
1.1534567015e-01 4.8315052867e-01
1.8006111490e-01 -4.6601617133e-01
-5.0092715707e-01 2.3013901811e-02
5.1453149978e-01 2.9366823661e-01
-2.3507592651e-01 4.8416007500e-01
8.8901749395e-01 -1.4647272819e-01
-9.6936051580e-01 2.7791820442e-01
3.2015349917e-01 5.4859360289e-02
-5.0279283457e-01 4.9331843002e-01
3.8472975409e-01 -3.7027614014e-01
-9.3243685450e-02 5.6694482689e-01
-2.3895878502e-02 4.4538708943e-01
1.6770347490e-01 -1.9849136307e-02
-1.7599626751e-01 3.5956721624e-01
-5.8190073320e-01 -8.4139846390e-02
1.0313628034e+00 -1.1942952376e-01
-9.0858350908e-01 2.8285696263e-01
4.9817414428e-01 -4.8292423654e-01
2.6042146900e-01 -5.7725830912e-03
-3.3491299206e-01 4.7659973634e-01
-9.6435682369e-02 -5.4620189147e-01
-6.1002903675e-02 -4.2473649946e-01
1.1913160103e-01 5.7606849038e-01
4.1657753797e-01 -3.1910968383e-01
-3.2424042555e-01 2.9378027231e-01
8.8046579208e-01 2.3041733966e-02
-4.4182643858e-01 4.4451778592e-02
1.2439084879e-01 -3.8050374729e-01
1.3974000463e-01 -5.7903492564e-01
1.0489623711e+00 -2.6245043582e-01
-8.2410226725e-02 -3.4086291850e-01
3.0530269544e-01 5.4079902761e-01
4.6770050611e-01 -4.9441192868e-01
-2.7858854988e-01 5.4710067431e-01
1.7211421994e-01 3.6816012922e-01
-6.8912183415e-02 -4.0544292321e-01
5.9187367483e-01 -1.4141806188e-01
-5.0112291499e-01 1.7382710165e-02
-2.2747983232e-01 5.0822820185e-01
-5.2337232758e-01 1.1544190504e-01
-3.7855122411e-01 5.2751328519e-01
-4.6806348234e-01 -8.5160871654e-02
2.4603219959e-01 -4.1536731101e-01
-7.8058650503e-01 5.0725087497e-01
3.4893892912e-01 2.7306707714e-01
-1.2920373599e-01 -1.0343001088e-01
1.7650649763e-01 -4.9595383299e-01
-1.9981246407e-01 3.2661659672e-01
-8.7883989769e-01 4.0074785101e-01
-1.1100205498e-01 4.0085181087e-02
-7.3627392548e-01 -1.1841192842e-01
2.8236575039e-01 2.6345765693e-01
5.2647120572e-01 4.6243623089e-02
4.9806841914e-01 4.8973235594e-02
-4.3642040627e-02 5.4952432053e-01
1.5680347313e-01 -4.6333004121e-01
2.2223712843e-01 -1.3374377025e-01
9.7266084015e-01 -1.7932426998e-01
-5.5432395871e-01 -1.7898124349e-01
-9.1185587502e-02 -4.8176110272e-01
5.9962559007e-01 1.9710497986e-01
2.7107304841e-01 3.7082099140e-01
9.3009163886e-01 -8.1824952606e-02
4.8379014986e-01 -5.5341773622e-01
-7.4876135490e-01 1.0875801952e-01
-2.7481541951e-01 -7.4641189518e-02
-5.0483788200e-02 -2.0198873336e-01
-9.1197524058e-01 -5.8213622546e-02
-3.4118397974e-01 -2.7851027469e-01
1.5106882314e-01 3.3942654264e-01
7.6085932846e-01 1.1430119871e-02
-4.3220822065e-01 3.9835040441e-02
-1.0409306044e+00 -3.2443587443e-02
-3.3874687157e-01 -4.3155355706e-01
7.0157806554e-01 3.0266776776e-01
6.5391569948e-01 3.0252322348e-01
-9.6418663899e-01 -3.5698299677e-02
5.4594065155e-01 1.7407563691e-01
2.9382605415e-01 1.9494975375e-02
-4.2397481092e-01 2.4864378835e-02
9.7186300708e-01 -3.0960511929e-01
-5.3978383684e-01 4.1826992218e-01
1.4124804529e-01 4.0067766468e-01
-3.6488934866e-01 3.7799439285e-01
-4.2616150868e-01 5.9152126742e-01
-8.7985832312e-01 -8.6067873652e-02
-2.1663988815e-01 4.0104739309e-01
-7.7041808934e-01 3.6698919664e-01
5.0124572028e-01 2.0562462548e-01
7.0274320024e-01 -4.5348932176e-01
-6.2723202731e-01 -3.2581660839e-01
-4.9524444210e-01 2.4118046643e-01
-7.3412144745e-02 4.5729169339e-01
-4.0316767943e-01 5.2443708476e-01
1.7669597715e-01 -5.2171986965e-01
7.7380818833e-01 -1.2824890150e-01
8.5563860879e-01 2.0211975857e-01
-4.6038675474e-01 -3.4677128467e-01
-9.9402788050e-02 -3.2378636429e-01
2.8937947353e-01 3.4465142646e-01
7.9438835069e-01 3.6313814554e-01
-3.0341240865e-01 6.0877186947e-01
3.7345129084e-01 -3.2688890727e-01
8.9474253075e-01 -4.1064039477e-01
1.6478140841e-01 5.3489268824e-01
-3.7516553264e-01 5.4745417495e-01
-4.4641239965e-01 -4.0344483064e-01
-1.1015168424e-01 -3.3516955466e-01
-1.8288269546e-01 5.2432255361e-01
6.8313712155e-01 1.7698910681e-01
9.6630062876e-01 9.1789853177e-03
-7.5816938557e-01 4.6827830464e-01
5.1032359157e-01 -2.9590542812e-01
-3.1569263531e-01 5.3505745910e-01
-7.5250205815e-02 -5.4680863240e-01
2.2770187524e-01 -5.5639100020e-01
-2.5228482124e-01 3.8216647841e-01
2.9714020783e-01 -5.0250567365e-01
-2.4844319191e-01 -1.6158052826e-02
-5.4809586990e-01 -1.4560466777e-01
-3.1410802893e-01 -3.4023679653e-01
-1.2591615788e-01 4.0205821177e-01
6.2641949466e-01 -5.0568681716e-01
-3.6131984478e-01 -1.8372799552e-01
5.8524543681e-01 -5.2307007733e-01
-2.3349126190e-01 9.8962727665e-02
6.1257725249e-01 -4.3295244721e-01
-3.8774924512e-01 -3.8224285780e-01
1.0492557672e+00 -1.8051957106e-01
-3.5407537782e-01 4.4216843753e-01
3.5103786028e-01 1.8605725348e-02
-3.3107009326e-01 6.9151124537e-02
3.9450047435e-01 1.9169358543e-01
-7.0258611125e-01 1.7422733054e-01
5.8117495853e-01 3.6426670958e-01
-5.9317637272e-01 -2.0864331602e-01
-6.9864349343e-02 3.6919425106e-01
3.7309692855e-01 2.3239072597e-02
-3.3585068079e-01 5.5715131059e-02
2.6721013688e-01 -4.0583210886e-01
-9.7011338915e-01 3.1713657038e-02
-7.5113846569e-01 -1.3848267452e-01
-3.7570173753e-01 5.0492396141e-01
3.3585739053e-01 -4.0128657487e-01
-5.9919548746e-01 -2.2422371341e-01
2.9273213096e-01 5.1769873589e-01
9.4142519298e-01 -1.5391163326e-01
-9.0017773601e-02 -2.5370488389e-01
2.5383958836e-01 -4.2915724629e-02
-5.9241252773e-01 -1.9271276772e-01
5.3498185196e-01 1.6900557567e-01
-8.0934533345e-01 2.7050024249e-01
-6.3162402934e-02 -4.9995172426e-01
-2.7826849087e-01 4.9021665169e-01
2.2044665596e-01 -4.1584979532e-01
5.4036173347e-01 -5.0257673070e-01
2.1774223247e-01 5.0310722690e-01
6.0543449358e-01 -2.4289459878e-02
-5.3320963364e-01 -1.5921096004e-01
-3.0446694644e-01 -3.7500504312e-01
-3.7778229591e-01 -6.5297074429e-02
1.6515030505e-01 -2.6341969512e-01
-3.7811041795e-01 -2.1348204051e-01
7.6418048616e-01 2.4017206859e-01
-1.3422371725e-01 2.6608802723e-01
-2.5537472429e-02 -1.1471653114e-01
9.4355904379e-01 5.0769012116e-03
-4.1070116574e-01 5.8026624101e-01
2.1281545473e-01 -1.8108883176e-01
-1.7725775537e-01 2.2066272293e-01
4.2476570466e-01 1.9827525378e-01
-8.7121122043e-01 2.7495806684e-01
-1.8326349845e-01 5.3851359498e-01
-2.4828353790e-01 -2.9896813514e-01
5.1291042618e-01 1.9427885160e-01
2.5628454248e-01 2.8207647096e-01
2.6163423859e-01 -5.7419067511e-01
3.6355863131e-01 -5.5111507312e-01
-5.1707017794e-01 -1.8122963979e-01
1.8566488715e-01 3.6158169087e-02
-3.9762697718e-01 3.3663540057e-01
-4.3848919964e-01 2.8203177755e-01
4.1900062614e-01 -4.4197400617e-01
1.7099720351e-01 -3.7845754272e-01
-1.0990010389e+00 1.5798183916e-01
4.9915867415e-01 4.6128292698e-01
3.6118640888e-01 -4.6167054841e-01
-4.3634226643e-01 -2.6357191341e-01
5.5291193112e-01 1.5490890697e-01
-6.9571524644e-01 4.7536915750e-01
-6.8376279399e-01 -1.6183144683e-01
-9.7818291540e-01 3.6759741195e-01
-2.0905873441e-01 4.5511202440e-01
4.4439268332e-01 -4.2947909156e-01
1.9679826221e-01 -3.4917847577e-01
6.6625315900e-02 5.3382407647e-01
4.2046694873e-01 -1.3161791440e-01
4.6206713721e-01 3.0363838810e-02
-4.6061600543e-01 4.8135247594e-01
1.6413996795e-01 4.2654237246e-01
-1.3134611718e-01 1.6363137747e-01
1.3797459700e-01 -1.7503237930e-01
4.9823973635e-01 1.1487510124e-01
-3.6323024008e-01 4.8692241993e-01
3.3625112812e-01 -5.0656042686e-01
2.9565204345e-01 -2.8103663153e-01
8.2714212036e-01 -1.5148103211e-01
9.2115125459e-01 -4.4185608376e-02
-5.9745266546e-01 -4.5152310758e-02
-3.1731965696e-02 -4.2069397582e-01
5.1209137537e-01 -8.0239205509e-02
-9.4635047532e-01 1.0552550591e-01
3.0577896647e-01 -8.1848304424e-02
-2.5743189366e-01 -7.1934496309e-02
1.1596054741e-01 -5.0112362341e-01
-4.3272623894e-02 5.0572994955e-01
4.4277145656e-01 -4.6053035343e-01
2.7802746436e-01 2.6234704272e-01
2.4040446030e-01 -4.1776132339e-01
-8.8099712877e-01 4.9348581146e-01
-6.0413905990e-01 5.7858549771e-01
-6.9749418681e-01 -8.8709297574e-02
6.5266666020e-01 -5.0370736011e-01
-1.6504916643e-01 3.4411039106e-01
4.6963691726e-01 -4.4877835751e-01
1.4557803626e-01 -2.8676037086e-01
-5.2582022850e-01 2.5267847838e-01
6.0540090334e-01 -5.4646751336e-01
5.6710597549e-01 1.3895107226e-01
8.8664494762e-01 -7.6588051623e-02
-4.8502848803e-01 1.2202662289e-01
-2.1273943611e-01 -1.2414082762e-01
-3.9433356985e-01 -3.4636032685e-01
3.2888554744e-01 -5.0782508022e-01
-5.2209220938e-01 5.2987662229e-01
5.1620501701e-01 2.2250068867e-01
-3.9092534117e-01 5.7133142482e-01
2.7224451286e-01 -2.7402361841e-01
-7.6105173520e-01 -2.6529974719e-01
-9.4838412383e-02 3.7713066681e-01
5.6261443073e-01 -1.5145586777e-01
-9.2903107462e-01 -2.1636534925e-02
-3.9827269747e-01 3.6038129906e-01
1.7736351459e-01 5.0051654710e-01
4.2335395654e-01 -2.9292250470e-01
-2.8399515890e-01 3.0272795802e-01
-5.5450534875e-01 3.4482556987e-01
2.2208268787e-01 -3.6232002978e-01
1.6664069135e-01 -6.2971370259e-01
1.3014613836e-01 4.1876643003e-01
1.0134856496e+00 -1.2610221589e-01
-3.4369154027e-01 3.2739574933e-02
6.7424945011e-01 2.5478600840e-01
-2.8436855256e-01 5.1822119527e-01
7.2522293208e-01 1.0030706519e-01
-5.6796566549e-01 -7.3083382466e-02
1.3226448792e-01 -5.6156103745e-01
-5.4236915723e-01 5.7962584776e-01
-6.8522186579e-01 4.7851284966e-01
-3.7515626709e-01 -4.5628229635e-01
4.5642834202e-01 -4.2749921329e-01
-1.1183442738e-01 -4.7791847269e-01
1.0023144217e+00 -1.8700223497e-01
-1.0353033411e+00 2.7086230072e-01
3.0531108351e-01 -2.1196999743e-01
-1.8963324741e-01 -2.0726376673e-02
4.3013524695e-01 2.8703599234e-01
-1.7781724660e-01 4.9585519518e-01
-1.3518875631e-01 4.5675319226e-01
2.4794152744e-01 -5.8799620627e-01
9.1404699981e-01 8.0067144940e-02
-3.4891263959e-01 4.8593379189e-01
9.6393908208e-01 -2.0660499976e-01
-5.0244480632e-01 -1.8838045149e-01
-5.9780984687e-01 4.0124807220e-01
5.2707412131e-01 3.5628488242e-01
7.5671594140e-01 -4.3445859008e-02
1.4715914094e-01 -5.3103987832e-01
-9.7069955028e-01 1.2092308783e-01
5.8333762804e-01 5.7454586904e-02
3.7943303889e-01 -4.8529433684e-01
-1.0020526033e+00 1.9112052910e-01
8.2129639276e-02 -4.1745992941e-01
-8.6793063950e-01 3.4739166105e-01
5.5890415404e-01 2.0319382113e-01
-1.0469152849e+00 5.9171246295e-02
1.5021684740e-01 -3.8805854596e-01
-2.4619611955e-01 4.7257947015e-01
4.1349530706e-01 -6.2025586010e-01
-5.7137223201e-01 5.3891178320e-01
1.9879849996e-01 2.3374605122e-01
-1.0023896289e-01 -5.0905624039e-01
3.2795705271e-02 -5.7936427166e-01
8.6693275156e-01 1.7407022469e-01
6.1929527128e-01 3.4179317913e-01
-9.5585543997e-01 -1.1133058987e-02
2.6849433246e-01 -3.5147319241e-01
2.4900102712e-01 -5.0522414694e-01
-1.0007519697e+00 8.0115248159e-02
9.2353800949e-01 -3.2732345248e-01
-4.9662514395e-01 3.6850275864e-01
1.3051829777e-01 5.3906948021e-01
-1.1115541672e-01 -3.4930978829e-01
7.3688319636e-01 1.2640215795e-01
2.0369354057e-01 -2.1232118872e-02
-9.9805595066e-01 1.7504184117e-02
2.2193615916e-01 3.0916271703e-01
-2.4457747935e-01 5.4450778488e-01
3.4731148927e-01 3.9548096315e-01
-6.8350905852e-01 4.9635419813e-01
3.7129376934e-01 -1.6341477503e-01
-7.9719382505e-01 4.6578524049e-01
7.9840823325e-01 6.5559330134e-02
-7.6817696922e-01 3.7631155587e-01
1.9399511951e-02 -5.5849815167e-01
-7.8153822515e-01 -3.4518315881e-02
5.2440396251e-01 1.2141020011e-01
-6.2355429104e-01 -2.2538201084e-01
-3.6948875649e-01 4.8253239489e-01
4.5607012331e-01 -2.2443106652e-01
-2.2002972867e-01 4.4261709052e-01
5.7013931198e-01 -5.8816008700e-01
2.4061132656e-01 -3.5761312551e-01
1.8479385805e-01 4.6179311314e-01
2.9836000356e-01 -1.4049238555e-02
-9.7137095584e-01 2.1383105542e-01
5.5570221642e-01 2.7933579360e-03
5.2921504229e-01 2.4684191159e-01
1.3317249459e-01 -4.5540722599e-01
1.1981221594e-01 -5.6651213979e-01
-5.9341779668e-01 5.6455983585e-01
-1.5759078736e-01 4.5013657815e-01
1.3030574303e-01 2.5353073157e-02
-7.6330541112e-01 2.1070464491e-01
-4.4981599080e-01 4.1248016527e-01
5.9006729970e-01 -1.0284716351e-01
-5.9591570238e-01 8.8787500736e-02
2.0449006631e-01 6.8541603200e-02
2.9297801282e-02 -4.4820090752e-01
-4.7102617550e-01 5.6366927797e-01
3.0195383179e-01 -4.2902890385e-01
-5.6652842636e-01 5.6740576394e-01
4.7289994883e-01 4.9460007502e-01
-7.0248965530e-01 8.0614669246e-02
6.5341771603e-02 5.2918208696e-01
4.2004050731e-01 -4.6681980578e-01
-6.3238338289e-01 -1.5631241094e-01
5.1075196739e-01 -7.5814455910e-02
3.6553579293e-01 3.3697398532e-01
6.1447993267e-01 -1.2985517194e-01
-9.8700787760e-01 -2.7967858223e-02
-3.9953648162e-01 -4.3596292467e-01
-8.6986409209e-02 -2.5283494810e-01
-1.1703556600e-02 -5.2388712870e-01
-4.6165059163e-01 3.8619661837e-01
4.6959851928e-01 -6.7496747704e-02
-5.0265751325e-01 -2.1451688618e-01
-3.7359994277e-01 4.7350611294e-01
5.2040597400e-01 -5.7894698328e-01
-4.8809966037e-01 -4.3447999068e-01
2.8128275140e-01 3.2252162222e-01
-1.0239925295e-01 -3.1579052498e-01
-3.6519567723e-01 4.2822904472e-01
-4.5180864540e-01 6.0909457195e-01
4.5544058225e-01 1.8923367654e-01
3.4845085806e-01 -2.8868879321e-01
-7.1954927740e-01 1.9814732542e-01
-1.6985001448e-01 1.0187301255e-01
-1.7374614903e-01 4.2351178195e-01
3.5444108754e-01 4.9383048406e-02
-3.5429111201e-01 -4.3111967976e-01
4.6811311863e-03 -5.0340585473e-01
8.0662651426e-01 -3.9756952107e-01
1.5600025579e-01 -5.1343849519e-01
9.7943038361e-01 -1.9680924952e-01
-3.1223959766e-01 3.6473789007e-01
4.1159383056e-01 4.0268925525e-01
9.0731424707e-02 -4.2372267237e-01
-6.1150970906e-01 -1.1871459840e-01
-2.5926184063e-01 4.3116616947e-01
-2.9801798965e-01 6.9385994456e-02
6.6768242880e-01 1.6042231803e-01
5.3765065567e-01 -3.3275960623e-01
-4.4269360173e-01 -2.6846304083e-01
-2.7813058968e-01 -4.9172096759e-01
9.0528956716e-01 -3.2006000747e-01
-5.4775396262e-02 2.4811576820e-01
-2.4369433245e-01 5.1778682257e-01
-2.9088499144e-01 -2.9583987446e-01
-8.8084339215e-01 1.6584154502e-01
-2.0592790343e-01 1.0403352700e-02
5.6144372240e-01 7.8399030207e-02
-6.8816285129e-01 -1.9918320478e-01
2.4407477329e-01 -4.1232620289e-01
-2.4275822777e-01 4.3581846415e-01
-9.6818254813e-02 2.2093296426e-01
5.8678987068e-01 -2.9088183002e-01
-4.1977606372e-01 9.1044400111e-02
-3.2040446359e-01 3.9825475243e-01
3.9047909610e-01 -2.4213374414e-01
-3.5832498421e-01 -2.7825098639e-01
8.8180492816e-01 2.0584594128e-01
-9.6572771147e-02 5.0736915237e-01
5.7764772821e-01 -5.4335317270e-01
3.6278230130e-01 4.5474110440e-01
8.4419159786e-01 9.6613147991e-02
-4.3395900311e-01 -1.4521729475e-01
-4.9624714952e-03 8.8367413298e-02
-2.3901924271e-01 4.4337629138e-01
6.6051068502e-01 3.6123018780e-01
-8.3167370057e-01 -1.2763483868e-01
-2.9761930648e-01 5.0861295260e-01
2.4436348126e-01 -4.2151689416e-01
5.0988907041e-01 -2.8881327032e-02
-1.6053857928e-01 5.0167559065e-01
4.4936710987e-01 -4.6146793261e-01
5.9827311470e-01 -6.9305046018e-03
2.5810222704e-01 1.8108582652e-01
-5.1814698698e-01 3.9517053797e-01
6.0804773947e-02 5.5342293705e-01
1.6159721950e-01 -5.0535519582e-01
-5.0085743791e-01 4.2143878217e-01
-5.7271060925e-01 -3.4740011008e-02
-9.6312145546e-02 1.4695061003e-01
1.4549340475e-01 -4.5907482950e-01
-5.6566158116e-01 -3.5010340708e-01
2.2580469876e-01 3.2190806840e-01
3.9159220267e-01 -1.2083291781e-01
-9.8548587750e-01 7.4836832326e-03
2.0582506850e-01 -1.7665097802e-01
9.3051440271e-01 5.4319488683e-02
4.8824151683e-01 3.0015194690e-01
-1.0431507382e+00 -1.3155803828e-01
7.7281693197e-02 5.8287612554e-01
2.6200752411e-01 -4.4871022999e-01
-4.6110806100e-01 1.6397404127e-01
-6.5908085012e-02 -2.4392366642e-01
4.0210193815e-01 -1.9808708500e-01
-4.6610598131e-01 4.5032349653e-01
4.4567194179e-01 2.9874920631e-01
4.8787104206e-01 -5.2616794902e-01
4.2100434286e-01 -2.6417991842e-01
-3.1849753153e-01 5.0174746262e-01
5.2897479436e-01 2.0282401425e-01
2.8590418083e-01 -6.2094032810e-01
3.5743483765e-01 -5.1787448714e-01
-4.2025438164e-01 5.3577746553e-01
7.9174762322e-01 2.8838206581e-01
-4.5714223981e-01 2.4849916808e-01
-6.0630193270e-01 2.0504045827e-01
-2.5799684416e-02 5.0185233669e-01
-1.7865040395e-01 4.5813066530e-01
-1.3893866057e-02 -5.6769532988e-01
-2.5132165319e-01 -2.2529418155e-01
3.4321976597e-01 -2.5303241133e-01
9.4071256670e-01 -1.1985664320e-01
-8.2212112458e-01 -1.1081949325e-01
5.0527071304e-02 3.4226594566e-01
8.9964686904e-02 -7.3380102370e-02
5.9526737216e-01 -5.3126306071e-01
-6.7430245780e-01 1.7484358369e-01
-8.7335995023e-01 4.0713786710e-01
-3.1105695851e-01 3.8441594506e-01
-4.5463102964e-01 -2.2648919024e-01
6.1971546308e-01 1.9070935510e-01
-2.8482250212e-03 -5.3320650808e-01
-3.2116220815e-02 5.7347096252e-01
5.5473785636e-01 1.9265435767e-01
-5.4837734103e-01 4.7615055257e-02
1.2601082061e-01 4.7504071793e-01
-2.4050808059e-01 4.7643330203e-01
2.1169297827e-01 -4.3441616369e-01
3.3823483630e-01 -1.5332628043e-01
-1.9555920598e-01 4.8082094352e-02
-9.5534139246e-01 -4.1592538971e-02
-2.6639995556e-01 -3.5980166645e-01
2.2091761777e-01 1.7738351730e-01
1.8016880142e-01 2.6493812687e-01
-7.1328837894e-01 1.8541340944e-01
6.8635794172e-01 3.1945183825e-01
3.6862094007e-01 -4.5010360758e-01
4.2709633256e-01 -1.2422554357e-01
-2.5118860258e-01 -1.0024603494e-01
1.0523900410e+00 -8.9068235335e-02
-3.5613592335e-01 4.9605373402e-01
-3.6622837596e-01 -2.3836966955e-01
-1.5923667089e-01 -3.0341888820e-01
3.6510826697e-01 3.2114167257e-01
8.5461595855e-01 -2.4950994807e-01
-4.9065860850e-01 -2.2130805425e-01
-6.6301096023e-01 3.9268490435e-01
5.6692175279e-01 1.8003763601e-01
-7.3170609823e-01 2.6653505007e-01
2.8330422657e-01 -4.7230823229e-01
-7.8239741919e-01 2.4553143400e-02
9.9164387222e-01 9.7449129511e-02
-5.3509888345e-01 2.6346440950e-01
7.0770763619e-01 -4.6265065697e-01
2.3729888209e-01 3.2804106342e-02
4.2933768195e-01 2.1404315395e-01
-3.4442887978e-01 4.2123227696e-01
-4.1660614437e-01 5.2646462733e-01
6.1145036387e-01 -3.1620033222e-01
-4.1609168970e-01 -9.0488639746e-02
-3.2478047779e-01 5.5604601256e-01
-3.2072961989e-01 4.6659444773e-01
-1.1252387703e-01 -5.6138943076e-01
1.5874678255e-01 -4.1657813179e-01
5.5683414095e-01 4.0924313052e-01
4.6904789659e-01 -2.2524092521e-01
-7.4031257293e-01 -2.6240660433e-01
4.5752230723e-01 -2.7895777477e-01
-1.8251789470e-02 -4.7470535978e-01
2.6579243392e-01 -4.5265167117e-01
-3.4436314603e-01 2.6942143416e-01
-2.6865672236e-01 5.0447428881e-01
-6.0507488567e-01 -3.5286792500e-01
3.2967274769e-01 -4.8292986867e-01
-5.6303283189e-01 4.5152174626e-01
4.2478815644e-01 2.7132279739e-01
4.6044590891e-01 -2.2189055803e-01
-4.4448147857e-01 -1.2945012494e-01
-3.6384435040e-01 1.8996281458e-01
9.6850108637e-02 3.9835711855e-01
-1.3835529839e-01 -5.2213654035e-01
3.3474261116e-01 -4.6414864766e-01
-8.9127592614e-01 3.3162378692e-01
6.5980000719e-01 1.9959270479e-01
-1.6391933518e-01 -2.5237940205e-01
-3.2306863909e-01 4.6490167390e-01
-5.1637609719e-01 -3.2499097138e-02
1.0802552340e-01 -5.4690522240e-01
4.4342076933e-01 1.9393871140e-01
-2.8810048709e-01 4.7892256550e-01
-7.5777213730e-01 -4.5347339238e-02
-2.7262832779e-01 1.8169106551e-01
-5.1989900305e-01 -2.5406994335e-01
9.6935513110e-01 -2.0823490711e-01
5.3540564989e-01 3.9152412608e-02
-2.8301861890e-01 4.9844346791e-01
2.1493881544e-01 -3.8547309588e-01
-5.7990759036e-02 3.5831561247e-01
3.2141203510e-02 -5.8939919225e-01
-3.4372310364e-01 4.9611020293e-01
3.6160445761e-01 -4.6629084066e-01
3.0301955885e-01 2.2980866544e-02
-4.9410852965e-01 8.9732755975e-02
3.6908711203e-01 -4.5600542691e-01
-1.0657449415e+00 7.2690489527e-02
-5.1838494269e-01 -1.5814327547e-01
-5.4586206903e-01 -3.4803420535e-01
4.6385792390e-01 4.2630476680e-01
7.1253778005e-01 -1.7556525145e-01
-6.0720386688e-02 -2.2580832035e-01
4.5663906823e-01 -8.4436562188e-02
-8.5263394968e-03 6.1259874854e-02
-9.5309455918e-01 5.5313795336e-02
9.2692201175e-01 -3.0999122341e-01
-3.6364384925e-01 2.9853003363e-01
2.3598457760e-01 3.9275211988e-01
3.5614904252e-01 4.7144388228e-01
7.5239438672e-02 -3.9536271177e-01
-3.6558087050e-01 -3.1074384075e-01
2.5447392315e-01 2.4230672869e-01
5.4196415370e-01 9.4828305190e-02
-6.4136147283e-01 -7.9333567750e-05
-6.8007433249e-02 1.8208925979e-02
-9.2392075141e-02 -3.1436494445e-01
5.6224548609e-01 3.6371322357e-01
-1.9415412807e-01 4.2067635350e-01
4.7693025403e-01 1.2033060101e-01
-4.5164222390e-01 -2.0320232432e-01
3.5979770639e-01 2.7723502241e-01
1.6558923199e-01 -1.6245473288e-01
-2.9294863301e-01 1.9908516207e-01
-2.5815652750e-01 3.0517522969e-01
-5.5314587968e-01 3.7024231043e-01
-1.4316194132e-01 -5.1515305266e-01
-1.4983186411e-01 4.8886582407e-01
3.1655397793e-01 -3.6595569694e-01
4.0215322424e-01 9.4962542112e-02
3.4157362014e-01 -2.8061723538e-01
-6.4064008761e-01 1.5345070815e-01
2.6847721477e-01 -3.1305659492e-01
-3.5692615382e-01 -2.3411537976e-01
6.5166572479e-01 1.6115029995e-01
-5.8743535318e-01 -1.8741154466e-01
-1.8043369980e-01 5.4013117338e-01
9.9119099993e-01 -1.5286870981e-01
-4.0784137308e-01 -1.8699538909e-01
-2.0327976265e-01 4.8115681439e-01
3.6440339314e-01 -5.0334155774e-01
6.1002665442e-01 7.4955776600e-02
7.1979786172e-01 1.7041325630e-01
-3.2090178990e-01 5.0929648142e-01
3.0280822737e-01 -1.0281106031e-01
-1.9069521490e-01 5.1099819735e-01
3.7661453238e-01 2.6548400867e-01
-7.5330235403e-01 -2.6351079343e-01
-7.4022778897e-02 -3.9222639644e-01
-3.7512055929e-02 4.7802729104e-01
3.9954891953e-01 1.2188361228e-01
-6.3732766928e-01 5.2052257380e-01
-1.0155338468e-01 2.5100233259e-01
2.3380968722e-01 -4.3267873076e-01
-5.1015228368e-01 -8.9857858669e-02
2.5352799272e-01 -4.7242085097e-01
-1.0831417143e+00 2.9625520253e-01
-6.2613777210e-01 5.4115173257e-02
5.6586286539e-01 2.3795629844e-01
1.9006522360e-01 -5.5097447809e-01
-2.8390582675e-01 -1.8367610114e-01
2.7065116823e-01 -1.1028952946e-01
7.8701142006e-01 1.7297870892e-01
3.0408804406e-01 -5.2229489775e-01
7.5004317629e-02 5.5996993767e-01
3.1840403293e-01 -4.6684998017e-01
-4.9720951980e-01 -3.9689585242e-01
-9.4936760923e-02 5.0807428946e-01
-5.0841208496e-01 5.7393043704e-01
1.4180334904e-01 -3.3223024511e-01
3.7868073526e-01 -4.7523792160e-01
2.8074376814e-01 -3.6898609250e-02
-9.1651293683e-01 -9.7820119629e-02
9.2957235270e-02 -2.6509820287e-01
-7.7634535142e-01 4.4086368008e-01
-3.8732222433e-01 5.1472696851e-01
4.3443593454e-02 -4.9709916904e-01
2.8787742557e-01 1.0143844154e-02
4.9157636340e-01 4.4597044777e-01
3.8315807120e-01 -5.3689689759e-01
2.9150828456e-01 3.9389093001e-01
-7.9323058424e-01 -1.0027173413e-01
7.4222849702e-01 3.5682657946e-01
-3.9671351493e-01 3.5121359166e-01
-6.7266481279e-01 3.6904044355e-01
2.7344019223e-01 -1.4726728235e-01
-1.1657844407e-01 2.0539015388e-01
7.9423818068e-01 -2.6489420600e-01
-3.6999897384e-01 -2.4049301782e-01
2.6979801472e-01 -4.5252045278e-01
-3.1152716161e-01 -2.4050412430e-01
4.7534618611e-01 2.3695466678e-01
-5.6255704752e-01 5.0207053134e-01
-4.7887973717e-02 2.1648919747e-03
3.4769114996e-01 -5.9306637065e-01
-8.5026775787e-01 5.2925022565e-03
7.3719138346e-03 -4.7413253290e-01
-6.9687192042e-01 3.8977704842e-01
3.9122108583e-01 2.1717172454e-01
-2.5815514089e-01 3.2093282412e-01
-7.0305324594e-01 -7.4372861806e-02
1.0120482679e-01 2.7893007943e-01
8.7595474384e-01 -1.5028952549e-01
-3.9288945071e-01 2.1942633984e-01
2.8736613533e-01 4.8349896318e-01
1.2618984223e-01 -5.0661803546e-01
-7.4897578480e-01 -2.2656856874e-01
3.1630860857e-01 4.7520033213e-01
3.8242357858e-01 2.3603297151e-01
-9.0388285243e-01 1.8405483703e-01
-6.0437358430e-01 -1.9195042193e-01
4.4951088099e-01 1.4168492663e-01
4.2128956342e-01 -3.4680095171e-04
-2.5024055238e-01 -9.0080541680e-03
1.0684034211e+00 -1.0230272450e-01
-3.3550151083e-01 4.5339438403e-01
5.6313770962e-01 2.5506418964e-01
-2.7337634163e-01 4.9456708073e-01
8.1809253455e-01 -8.8581927230e-02
-3.6532987552e-01 -1.5484473141e-01
-6.0072692111e-01 -3.4102525549e-01
-3.7594057867e-01 -4.5185001558e-01
-1.7907423371e-01 -3.0565742196e-01
3.4725703141e-01 2.7075833795e-01
5.3117825059e-01 2.1428460374e-01
-7.4118751026e-01 2.9553396034e-01
5.8454462520e-01 -4.8250785152e-01
-5.9182241094e-01 1.4612524877e-01
3.6093120419e-01 -5.2082570364e-01
-5.3747348356e-01 3.3725838115e-01
-3.5760417909e-01 -3.2188825911e-01
-2.1744243724e-01 4.1391110411e-01
-3.9056232894e-01 5.4655782515e-01
6.0758279567e-01 1.8541239233e-01
-2.7379821304e-01 3.2433566085e-01
7.8214955049e-01 -4.4649567685e-01
4.6377770509e-01 1.4364473910e-02
-3.1650320712e-01 4.2707995702e-01
-1.9793778865e-01 -5.4467244940e-01
2.5863634819e-01 -3.4687365846e-01
4.2070725080e-01 3.5308530459e-01
8.4609561974e-01 -2.3438072946e-01
-4.2657228602e-01 -9.4512517321e-02
4.3680320968e-01 2.7306836595e-01
-2.0808403126e-01 -3.7452417096e-01
4.9312417446e-01 -2.7427567005e-01
-7.5945700467e-01 -2.6386809377e-01
8.4196049265e-01 -1.7988466760e-01
-4.3729827107e-01 5.2221043249e-01
3.2397891754e-01 -5.2005624300e-01
2.5697256621e-01 -3.9485991962e-01
-2.4993724693e-01 1.5259790703e-01
-4.0058143882e-02 6.0229369481e-01
-3.4949546667e-01 -1.3659913396e-01
-8.2551309890e-02 -4.8930457302e-01
5.2340986793e-01 -2.7659309565e-01
-4.5282411243e-01 -8.5132620537e-02
-3.5347124780e-01 5.4005708454e-02
2.1664154745e-01 -4.5215212852e-01
-3.5764458360e-01 4.5579818356e-01
-4.5939682030e-01 5.0901109849e-01
2.4606044310e-02 -4.8946844108e-01
-5.7479996702e-01 -3.4593054072e-02
3.3345620895e-01 -4.5991377051e-01
-1.0406400835e+00 3.8723621821e-01
1.0089360660e+00 3.5474178708e-03
5.4878892989e-01 -5.7988766139e-01
4.6626769551e-01 1.6459448386e-01
-2.0533686170e-01 1.9774625532e-01
-5.1851766689e-01 -7.6086310066e-02
-1.5937476690e-01 1.8264035757e-01
-5.1251723849e-01 4.8739089013e-01
-3.1937783822e-01 4.7613670065e-01
3.1509350419e-01 -4.5981168100e-01
-5.7975210008e-02 -2.3712885122e-01
1.4873203908e-01 5.7012887365e-01
8.4211730562e-01 -3.9756744218e-01
-2.6266869117e-01 5.2725325618e-01
5.6438066023e-01 3.3168520452e-02
3.7465606506e-01 6.5790099992e-02
-3.2791791949e-01 6.6272458051e-02
3.4672138982e-01 -5.3297763887e-01
-1.0771729029e+00 2.5886714773e-01
-4.6599313104e-01 -4.1574038852e-01
-3.4815746628e-01 5.0370257551e-01
-5.1205220161e-02 -2.3536111927e-01
2.5482920620e-01 3.9057203651e-01
8.7492581200e-01 -5.8474920383e-02
-3.1690641843e-01 -2.2625330637e-01
-5.0536987137e-01 -2.4576064182e-01
5.5508723570e-01 1.2821539658e-01
-2.9091403633e-01 -2.4297764804e-01
1.3587926042e-01 -1.1073985389e-01
-8.1039061021e-01 -1.1935639960e-01
1.0224815086e+00 7.0331882944e-02
-2.0391636675e-01 3.7634267725e-01
3.0720456899e-01 -4.5822936127e-01
4.3551250571e-01 -4.7342818336e-02
2.3543487927e-01 2.2335729853e-01
3.1202139694e-01 1.5212803690e-01
-5.2094656025e-01 -3.1138519059e-01
1.2099183728e-01 3.2235912460e-01
3.1857210844e-02 7.3712944376e-02
1.4709950471e-01 -2.8646349410e-01
6.5845164117e-01 -1.9056175218e-01
-6.0790712247e-01 5.1470241430e-01
1.8860224495e-01 -1.7888326714e-01
-2.1241465054e-01 2.3224312578e-01
8.1429277752e-01 3.3209037059e-01
-9.2247640961e-01 1.1504769381e-01
2.0717208865e-01 5.2744445425e-01
1.5732016665e-01 -4.1756583939e-01
-3.0583743339e-01 -2.7857728211e-01
4.1494354413e-01 2.0562208221e-01
-5.5510711709e-01 3.4449315907e-02
-4.7222863229e-01 -4.1356207737e-01
2.3337408020e-01 -4.1143127494e-01
-2.4191744425e-01 -4.5441510453e-01
-3.4452502082e-01 6.0199156247e-01
5.9204353993e-01 -2.3067521991e-01
-3.5034282156e-02 -1.8673912246e-01
8.2096286349e-01 -1.4555739476e-01
-7.4406603237e-01 -2.5649396527e-01
5.2415396680e-01 2.3404509462e-01
-2.4547494360e-01 4.9164572813e-01
3.5453513353e-01 -5.0520647285e-01
-4.3250276825e-01 -2.5817378668e-01
6.4191868206e-03 -4.4881585361e-01
-6.2813292321e-01 2.0354419375e-01
5.1729662978e-01 -5.1559018659e-01
-1.7361967367e-01 3.3073501235e-01
8.2478727348e-01 7.6468495844e-02
-6.4617471493e-01 -3.5661312732e-01
8.7097379201e-01 -1.4382083399e-01
-4.8821822230e-01 6.8960152054e-02
-6.4693454929e-01 5.7806693465e-01
3.7869710829e-01 -4.6501411689e-01
-4.1484769989e-01 -2.9934508766e-01
3.3011740141e-01 4.3143272103e-01
4.4524337292e-01 -5.4424606320e-01
-3.7666358152e-01 5.2784051638e-01
2.2785853768e-01 2.3789096278e-01
7.6391968567e-01 6.7256398351e-02
-7.8316702364e-01 1.1386814945e-01
-2.6436202021e-01 4.6796459589e-01
2.2380794693e-01 5.2994559579e-01
-1.9110878328e-01 5.7570669648e-01
2.2049340425e-01 -4.0590034079e-01
1.8228057927e-01 -5.8000772087e-01
-1.5415106751e-01 4.2683394650e-01
4.7839845483e-01 -4.8201096637e-01
-3.4383972755e-01 2.0998369215e-01
-7.3586710744e-01 -5.6676687579e-02
5.5464935402e-01 2.6549738040e-01
8.9905812640e-01 -2.9392301310e-01
-7.8079621008e-01 -8.9678511774e-03
7.2161654530e-01 3.0314888452e-02
-1.9357991039e-03 5.7521198800e-01
2.4343974128e-01 -4.4151920600e-01
5.8246175422e-01 -2.4994547242e-01
5.1449665098e-01 -5.1589067086e-01
-2.9478007019e-01 6.1195177671e-01
-4.3109839987e-01 -1.5111903993e-01
-6.8865280357e-01 4.4965596221e-02
-1.4878637695e-01 4.9105345953e-01
5.3034893764e-01 2.6488356245e-01
1.0021871901e+00 -1.0285640000e-01
-8.7338781366e-01 2.8766150877e-01
-4.3548622367e-01 -2.0668798375e-01
6.9620608435e-02 4.8893975935e-02
-2.3752594058e-01 3.5744886804e-01
9.7505107292e-01 9.7043777266e-02
-6.9740981364e-01 -3.9663582230e-02
1.3535338213e-01 4.9540995030e-01
1.8895651411e-01 -4.7756481010e-01
7.0821363688e-01 1.1396284322e-01
7.2308057408e-01 2.2906494784e-01
9.6238548692e-01 -1.2920218858e-01
4.8376814888e-01 -3.2064887851e-01
-7.3017553661e-01 4.0857120408e-01
-1.5979013910e-01 -5.0634213557e-01
-4.0078963485e-01 5.0192925686e-01
5.3296456470e-01 2.0358219104e-01
-9.9164439954e-01 -1.3151027143e-03
3.6676644248e-01 -4.7939414460e-01
-9.5402750709e-01 -3.9830607883e-02
-5.2398791624e-02 -4.5801618677e-01
3.8619649071e-01 -4.2744264397e-02
-5.2457576364e-01 3.9129504485e-01
1.7939239230e-01 -3.6353706282e-01
-3.0656538943e-01 5.0565420823e-01
1.3589961442e-01 -5.1449846850e-01
1.2254066241e-01 -4.2317110921e-01
6.4601099171e-01 -9.7037718468e-02
5.8717787641e-01 3.5506147841e-01
-9.6491317599e-01 -3.8863174213e-02
-4.0179068493e-01 3.0322935853e-01
3.3598984323e-01 -8.0510578711e-02
-7.1301669186e-01 -1.1806835547e-01
8.8363352953e-01 -2.9728697068e-01
-5.4685416167e-01 4.4417811735e-01
2.3260836809e-01 -3.8476109843e-01
-2.7707571836e-02 3.5774316660e-01
1.8366373848e-01 -6.0655611352e-01
2.1840215943e-01 -5.3430589344e-03
-6.4351836828e-01 -1.4742843915e-01
-1.8299936464e-01 4.6899921392e-01
-4.6010761373e-01 -2.2132901595e-01
9.0516102214e-01 1.3601601673e-01
4.3442968762e-01 4.3848091393e-01
-6.8224395639e-01 5.1683916575e-01
-9.4402874132e-01 1.9279854450e-01
-1.1432391018e-01 5.4551460027e-01
-1.3783621486e-01 5.5893593485e-01
-4.8938972383e-01 -2.9413450185e-01
5.1990738730e-01 1.0469339789e-01
1.0017494175e+00 -2.1011736178e-01
-9.8195038988e-01 2.0083887936e-01
-4.5809839182e-01 -4.1413592404e-01
-7.7210082530e-01 3.9149129210e-02
-2.0494697215e-01 4.3646005069e-01
5.5979129629e-01 -5.9153129026e-01
-5.3122079959e-02 -5.2230048245e-01
2.8079674811e-01 4.6529685031e-01
3.5985841285e-01 -3.0286524109e-01
-3.8431968748e-01 3.1053788764e-01
1.6554621935e-01 -4.6971078867e-01
9.2759109872e-01 -2.1195748196e-01
-1.0314247025e+00 2.2093576067e-01
3.9919267792e-01 -2.7321042413e-02
-4.4295547475e-01 -2.6866730859e-01
-5.0777838185e-01 3.9424948275e-01
2.0455804725e-01 4.4720730015e-01
1.3087369829e-01 -5.6979589004e-01
-5.9392149810e-01 4.2630413458e-01
1.8037545846e-01 5.6541232939e-01
-1.8086375140e-01 -1.6131952357e-01
1.0250398056e-01 -4.4381301739e-01
4.6406987404e-01 -4.5957805266e-02
-6.2486208320e-01 1.0802665735e-01
-2.2190943865e-01 5.6347681756e-01
-5.8850979608e-01 -1.6037676984e-01
3.6786519726e-01 -4.8482517098e-01
-5.0271338169e-01 4.4313910828e-01
-3.9495523285e-02 4.6270220103e-01
-7.9003879627e-01 3.7230657004e-01
5.6791815930e-01 2.3414885877e-01
-9.4770192632e-01 3.5288616130e-01
-5.3956307416e-01 -3.9143416657e-01
-2.1204319265e-01 -2.4899677936e-01
-3.7525014279e-01 5.0975300052e-01
6.9084505175e-01 -5.3734670909e-01
7.0714360699e-02 -4.1507875016e-01
7.2893653370e-01 3.2705194154e-01
4.8702084854e-01 -5.6867698867e-01
-3.5117104971e-01 5.0413178629e-01
3.8737079084e-01 -5.4099352175e-02
-4.5555497385e-01 -2.4584650037e-01
5.3323415110e-01 -3.7320522649e-02
-4.1708171059e-01 4.8489414186e-02
3.8334263254e-01 -2.3282497236e-01
3.1457285597e-02 5.0231005968e-02
-3.2235910819e-01 2.4065987828e-02
9.0010153715e-03 -3.6588785053e-01
-3.0307420719e-01 4.3040977333e-01
-2.4103550555e-01 5.2094475609e-01
-7.7102547894e-01 -2.1976490990e-01
2.1885345515e-01 5.2894348523e-01
6.9842988384e-01 9.9376261487e-02
-5.3871112247e-01 -3.8287832412e-01
-3.9067813631e-01 -2.2955183595e-01
6.4788724071e-01 -4.7916148129e-01
-3.2285667509e-01 -4.5550243741e-01
7.9969597565e-01 -3.7993342388e-01
-3.1760271710e-01 1.7911532549e-01
-1.5013154614e-01 -5.1150386580e-01
-3.7513889550e-01 8.8560001544e-02
6.6626934515e-01 5.0312571286e-02
-5.5324884857e-01 -4.8196943647e-02
8.8594778795e-02 4.0408006258e-01
-1.7270257492e-01 -4.8098600031e-01
-5.9478796301e-01 1.4885126624e-02
-4.5946620489e-01 -1.7539941364e-02
-3.7476175701e-01 -3.1624062002e-01
1.0047847526e+00 -2.0015620694e-01
-2.6802052162e-02 4.2166399723e-01
-2.2650179922e-01 8.7640214726e-02
5.4784924060e-01 1.9600521765e-01
-6.0220165009e-01 -6.9059526385e-03
-1.8301923423e-01 5.8916592354e-01
9.0667160668e-02 -4.4521190549e-01
-8.4118765719e-01 -8.4233553954e-02
4.5777175850e-01 -3.4359155890e-01
-4.9298459177e-01 9.5639511289e-02
1.8272906944e-01 -4.3374892442e-01
-2.7455933411e-01 4.5105504491e-01
-6.7026559970e-01 5.9710517010e-01
9.9617746395e-01 1.2436815850e-01
9.8547338552e-01 6.2137940175e-02
-5.5342786750e-01 -1.7217908428e-01
-4.1654027349e-01 4.1378455840e-01
2.9502886718e-01 -2.9397345643e-01
-7.5048178806e-01 1.1327390476e-01
3.3698294454e-01 4.4865594511e-01
-5.0548648577e-02 4.6592474105e-01
-9.4841961725e-02 1.4978507194e-01
-6.0231524251e-01 -1.8399187221e-01
4.9525504063e-01 2.0325987258e-01
3.0873956367e-02 -5.5119785580e-01
-1.0114946215e-01 4.8656760580e-01
5.2355010251e-01 1.8344604440e-01
-7.8130345384e-01 -1.0400752365e-02
-9.7536127008e-02 5.1926924359e-01
-2.4384006214e-01 4.6674852304e-01
2.0790826152e-01 -4.3392204949e-01
-3.1207532445e-01 -4.3348250219e-02
3.4207492923e-01 -5.3361209441e-02
-1.4398972531e-01 5.4177335526e-01
1.3663322746e-01 -4.2016941824e-01
-4.7791366114e-01 -2.1005579335e-01
3.2177329688e-01 2.6147000966e-01
-5.2811416113e-01 -2.5987449686e-01
-2.4728938466e-01 2.7361525403e-01
7.8296417460e-01 -2.4539697243e-01
-4.2448618890e-01 -2.1191748515e-01
-3.1004195199e-02 2.0571487662e-01
1.7325014170e-02 -1.6514831791e-01
2.9633250063e-01 -5.8668387771e-01
-9.8155557859e-01 5.4653614128e-02
-2.4639525831e-01 4.3208778130e-01
-6.0574757747e-01 -3.2209968501e-01
-4.0793531194e-03 -3.4202365836e-01
5.0955618753e-01 2.3710532284e-01
-7.9567807060e-01 -1.2038699772e-01
-3.2120388253e-01 5.1694247589e-01
8.1604230016e-01 2.0534159296e-01
-3.6372765774e-01 2.1407359501e-01
1.4768389075e-01 -2.4470837340e-01
-1.0379006195e+00 2.1386459757e-01
-1.5798513811e-02 -1.3873008260e-01
6.7771413661e-01 2.1899663591e-01
-4.2150201122e-01 -4.5260777166e-01
6.7559574334e-01 2.7527398028e-01
-2.0884511582e-01 3.4250054221e-01
-3.8352778506e-01 5.5648535976e-01
8.9208157314e-01 1.5913105873e-01
-3.9593759271e-01 4.9734319647e-01
2.9925789755e-01 -4.5173804608e-01
1.8234892422e-01 2.7859452233e-02
-4.9825546532e-01 9.3107312146e-03
9.4703209077e-01 2.4462306550e-01
4.2907088149e-01 -3.9430659296e-01
-4.5977689952e-01 3.8378239663e-01
6.2831961914e-01 2.6916558143e-02
-9.2963545404e-02 5.3184431380e-01
-8.1505213183e-01 -1.4465635387e-01
-1.5607617050e-01 3.8001980019e-01
7.4556495130e-01 -4.3728846559e-01
-6.0840369307e-01 -2.6545200041e-01
-9.4218504905e-01 -2.9941401067e-03
-1.7916595165e-01 1.6934304876e-01
-2.4586062677e-01 -3.4380656750e-01
6.8432879566e-01 -3.8594644677e-01
9.2141628505e-01 1.4785679766e-01
-6.3065950866e-01 -3.0716814081e-01
-9.7748657425e-02 5.3972312588e-01
1.1890254819e-01 -5.5085747915e-01
-3.2125958048e-01 -2.6365344925e-01
1.0281456535e+00 9.1772636315e-02
-2.7408645199e-01 1.0941370998e-02
9.2437995284e-01 -1.9936602958e-01
-2.0755063859e-01 4.3819901228e-01
-4.6476816709e-01 5.4122238830e-01
-6.5359513101e-01 -3.2491437439e-01
-4.2761803707e-01 5.0681610317e-01
4.5876688498e-01 1.8322349311e-01
-4.5642942625e-01 5.6894887152e-01
4.3513156980e-01 -2.3175710973e-01
-7.1638449753e-02 -3.1663865831e-01
-7.8958505904e-02 5.7682512389e-01
-3.1963979778e-01 2.1862676903e-02
-4.1761553828e-01 6.0880646222e-01
1.8265791046e-01 -4.0672239892e-01
7.0396333678e-01 -5.5197931699e-01
-2.6397327419e-01 4.1311826106e-01
3.6855203259e-01 -5.7639573629e-01
5.4311984226e-01 -5.0361638113e-01
-4.8799635792e-01 -1.8129855601e-01
5.8725953889e-01 -1.4275830499e-01
-2.4025984186e-01 4.9413413334e-01
4.4855494575e-01 2.6536904591e-01
3.2692783689e-01 -2.1791261195e-01
-5.1316441658e-01 -2.2479062112e-01
-3.1464168899e-01 4.9415423809e-01
9.2273305386e-01 -1.2280707069e-01
-6.4373554844e-02 -1.7454054603e-01
9.5076064989e-01 -2.1230300397e-01
-4.9811713157e-01 4.9884203419e-01
4.7603226600e-01 4.3287532508e-01
1.8072115399e-01 -3.6743947149e-01
-2.4215921694e-01 -2.7630808801e-01
3.8625229266e-01 3.3439589085e-01
5.1855019041e-01 1.5370863757e-01
-6.3892726249e-01 8.3554930571e-02
-2.5220399565e-01 -3.0791226022e-01
-4.0902401981e-01 3.7588418548e-01
-3.7750484485e-01 5.0957391703e-01
2.9758707137e-01 -3.9782523463e-01
5.6098151604e-01 -2.1579094204e-02
-3.3505669252e-01 4.0050010987e-02
6.1851458553e-01 -4.6054644940e-01
-9.9004792470e-01 3.4835560031e-01
2.8699049985e-01 -1.0722042607e-01
-4.8692684836e-01 -1.7736036364e-01
6.2593176261e-01 1.8533934254e-01
-4.5772659253e-01 -3.2378318397e-01
4.8997239257e-01 4.3869167510e-01
8.5299066586e-01 6.8299621834e-02
-6.0356458322e-01 -3.3047724714e-01
-3.4432329953e-01 -4.9180558956e-01
-3.1900694588e-01 4.6872983183e-01
-8.7791784784e-01 1.5321383906e-01
3.5054035996e-01 -1.7066642005e-01
-3.9213935745e-01 -2.2672069384e-01
7.0348767363e-01 1.8870929633e-01
-4.9339433400e-01 -5.9979280398e-02
5.2247051220e-01 -4.8908588261e-01
3.3755168433e-01 3.9202833116e-01
6.1955102896e-01 -1.7295897780e-01
-8.0124204164e-02 -2.1473344125e-01
-5.2595999261e-01 5.4066695842e-01
-1.6252097974e-01 -6.1830995689e-02
-1.4661838998e-01 -3.6095438109e-01
1.0046363884e+00 6.5855907122e-02
-3.2868682816e-01 5.9842022640e-01
-4.7333698211e-01 5.3233846971e-01
-6.1841453206e-01 -1.4780238439e-01
7.8437848682e-02 3.0209260027e-01
3.4514417926e-01 -2.9121428671e-01
-2.0154983157e-01 7.7489503000e-02
2.7144456288e-01 2.0618431196e-01
-9.7995100217e-01 3.1953953228e-01
6.5102596603e-01 -3.0165084251e-01
-7.9256801250e-01 7.8715376530e-02
1.9747325725e-01 1.1973457051e-02
-4.3914837571e-01 2.6962726449e-01
7.0536529826e-02 3.5775412183e-01
2.8800149427e-01 -4.8212673218e-01
-2.2446307956e-02 -5.7428604631e-01
-8.2213438240e-01 5.2201552637e-01
5.4438820939e-01 4.0658207552e-01
2.3495400690e-01 -4.8821291434e-01
2.3481869182e-01 -3.1184452266e-01
-5.6512875203e-01 3.8333114357e-01
5.4661292234e-01 1.7864727233e-01
-4.5208462538e-01 4.3913877493e-01
-2.2578630668e-01 -4.5164378667e-02
-8.5141073670e-01 4.9096480512e-01
4.0106474252e-02 -4.0434966891e-01
-4.2086980027e-01 4.4640747303e-01
5.5521208200e-01 -1.1557271139e-01
4.8760839103e-01 9.2355239166e-02
1.8085046754e-02 5.0736635789e-01
3.1397315857e-01 -5.2887503532e-01
3.0179142684e-01 -2.8914309405e-01
-3.4317173628e-01 5.2019752878e-01
6.6787353842e-01 3.5858877401e-01
-7.9579568816e-01 4.6356915927e-01
1.0856199275e-01 -4.2470866630e-01
5.6990401967e-01 -1.6108792036e-01
-2.2421857286e-01 -1.4843518496e-01
-4.2959274670e-01 4.3695846092e-01
-4.9706874691e-01 -1.6020968953e-01
-4.1761272257e-01 5.0711740462e-01
4.1344461196e-01 -5.8089294779e-01
2.0187030563e-01 -3.8010578731e-01
7.4440798435e-01 1.1837927039e-01
-3.4832404419e-01 -2.1421954243e-01
3.7969014603e-01 -9.3269665703e-02
-8.5735456247e-01 -1.3131457471e-01
-1.0611084778e+00 2.2044963589e-02
2.8869301121e-01 4.9687663771e-01
-1.0175298993e+00 1.2767353996e-02
3.1203344113e-03 5.3619061193e-01
-3.7922017533e-01 -1.3599156366e-02
-6.6954215157e-01 1.4007781545e-01
-3.7192573930e-01 5.1892596421e-01
-7.5688139449e-01 2.9575907227e-03
-9.1747669612e-02 3.3368156187e-01
2.9515209052e-01 -4.7571020566e-01
6.1207448182e-02 2.4056344022e-01
5.1098832129e-01 1.9656107891e-01
-4.2239242355e-01 1.7022047831e-03
2.5856964599e-01 -3.6983977757e-01
1.4308487934e-02 3.9526779320e-01
-7.3503695419e-03 -5.6160304825e-01
-3.3218862619e-01 -9.0455389737e-02
9.6486845122e-01 -2.6927538604e-01
-2.2251589101e-01 4.9689832884e-01
-2.7259203384e-01 -4.5979169924e-01
4.7746400106e-01 -2.7791565701e-02
1.0775102708e+00 -1.4251853031e-01
9.6235541928e-01 -1.1749098542e-01
-7.5581328225e-01 -1.4366525891e-01
-2.4335994677e-01 5.6513930919e-01
-2.9034619758e-01 6.0304550059e-01
-2.3833308654e-01 4.7067011273e-01
6.4736181233e-01 -5.3330224853e-01
-4.6857383118e-01 6.9784103196e-02
2.9332830203e-01 2.6222776835e-01
4.3742328393e-02 -4.8095614192e-01
3.2024963128e-03 -3.1158801920e-01
6.0522813777e-01 3.7053436805e-01
-4.3030581008e-01 5.1233623945e-01
9.8867187869e-01 5.8072940829e-02
-4.4967091187e-01 -9.0650701859e-02
-3.2240541954e-01 5.3523778815e-01
9.0188038083e-01 1.1581232829e-01
-1.3967843274e-01 5.2342713004e-02
7.6396428287e-01 -4.5012265306e-01
-4.4554442028e-01 1.9057941479e-01
-8.2640679331e-01 3.2047176080e-01
1.8210820688e-01 -4.8066211651e-01
-1.3056399037e-02 -2.5314100697e-01
-4.9885168153e-01 1.0411102983e-01
7.1016442334e-01 1.7882095503e-01
-7.8102952790e-01 -2.1237020720e-01
1.2260743060e-02 -3.1125079090e-01
-2.6395717662e-01 4.5858476552e-01
4.0871300244e-01 -4.7327034800e-01
3.7968468621e-01 -3.0022104931e-01
7.7469082865e-01 -3.3304060499e-01
-7.9362167263e-01 4.8796054043e-01
3.7574616723e-01 -4.8946673302e-01
-5.0238915548e-01 5.6550132178e-01
-4.9903957556e-01 1.3686497069e-01
-2.0065238346e-01 2.0250829117e-01
-6.9588300065e-01 -2.9294730346e-01
7.6973547962e-02 3.6958619487e-01
8.7404587234e-01 -1.2949698870e-01
-7.1078467326e-01 6.5588938374e-03
2.9270324448e-01 3.2558875138e-01
3.9055421829e-01 2.8816664440e-01
7.8916003894e-01 -3.6211213736e-01
-3.5978309844e-01 5.1192906860e-01
6.0877576614e-01 -1.5426401572e-01
-3.0180455570e-01 -3.5420121637e-01
6.1535673737e-01 -1.6147980847e-01
3.5353033313e-02 -5.1999658957e-01
3.9781270608e-01 -5.8828290701e-01
5.0492841923e-01 6.4197524912e-02
5.1513244106e-01 3.7929573194e-02
-6.6827068669e-01 2.9945414235e-01
-2.5489060812e-01 -2.9623325533e-01
7.3167223552e-02 4.9945695186e-01
3.0450300946e-01 -5.9016390570e-01
-2.8708089567e-01 4.5921077821e-01
2.0791619994e-01 -6.5125211859e-03
2.7869645065e-01 -5.2468555885e-01
4.9642330074e-01 -4.8548264802e-01
4.2398991749e-02 -3.9625703326e-01
9.5179321532e-01 -2.9154715870e-01
-1.0621077624e+00 1.8404444009e-01
-6.7085061180e-01 9.4734393169e-02
1.5186038436e-01 -4.5597897039e-01
2.9683742023e-01 -2.6459502258e-01
-4.3488742748e-01 3.5532871658e-01
-2.5849902318e-01 6.1979801943e-01
1.3937853405e-01 -4.3501203947e-01
-4.7943658186e-01 -4.1969104914e-01
-1.1749780988e-01 5.1683213662e-01
3.2260618663e-01 3.9668188938e-03
-1.0728624941e+00 1.7112081315e-01
7.1097795433e-01 -7.1750214260e-02
-2.6830414305e-01 5.6229445203e-01
3.0533697919e-01 3.3950057263e-01
4.6112574534e-01 -4.7869069514e-01
5.7610401830e-01 1.2173424440e-01
4.8139070247e-01 -8.2203206381e-02
4.1309577256e-01 -4.8534663221e-01
-5.9113875208e-01 -1.2206655344e-01
-8.4684972766e-01 -1.8867160893e-01
7.3186673377e-01 -2.4575212203e-01
-7.5342378980e-01 5.1855952358e-01
1.6313317536e-01 4.6315555676e-01
-1.1214295204e-01 -3.7640766773e-01
-3.2587439771e-01 -2.0006505115e-01
-9.8492041520e-01 1.5042382262e-01
-1.5578475766e-01 -5.2561277828e-01
-3.4994717207e-01 4.7989149226e-01
-4.2833452528e-01 9.7020248930e-02
2.6018791591e-01 1.1562122748e-01
-4.1766162947e-01 2.2151994267e-01
2.6230033598e-01 -5.8045260205e-01
-7.7779555834e-01 1.8556282931e-01
7.2869113701e-01 -1.8099560934e-02
-1.2660066357e-01 -1.9105635973e-01
1.5310493056e-01 4.1375829273e-01
2.0245374190e-01 8.6434440822e-02
-3.3350246478e-01 -2.5166823116e-01
-1.3533908592e-01 4.6670141172e-01
2.1355992544e-01 5.0056530552e-01
2.8499709686e-01 1.2093410431e-01
4.2765679200e-01 -5.3719938167e-02
-6.0987708059e-01 3.6283732251e-01
4.2600534620e-01 -4.4152053064e-01
2.5131042352e-01 -2.7703434987e-01
6.2021026857e-01 5.7635223425e-03
-3.5742025701e-01 -1.3408375174e-01
-3.2462395309e-01 5.1652191518e-01
4.3719063957e-01 1.3282239565e-01
-9.2032143139e-01 -5.7642819889e-02
3.2907391577e-01 -5.0899898054e-01
4.1560536116e-02 -5.8622281950e-02
1.3569894505e-01 -3.9384654436e-01
1.9572723609e-01 -5.2472238599e-02
-5.2914746238e-01 4.1616203526e-01
2.8067304173e-01 3.3886668076e-01
2.5413459030e-01 -4.5353683477e-01
-6.4757353213e-01 -1.0493867616e-01
-7.9061427059e-02 3.3416803488e-01
-5.0587384733e-01 3.4204563318e-01
5.7427490764e-01 4.4465530441e-01
-5.8998135218e-01 3.2308410449e-02
8.3616332030e-01 -2.7927951495e-01
-3.6091590361e-01 -2.7309359308e-01
3.4480766675e-01 1.4632335624e-02
-1.9849091111e-01 2.4032071396e-01
4.6569204181e-02 -4.8442617437e-01
4.1856822206e-01 -5.8896149707e-01
-2.8623529160e-01 4.4653130113e-01
2.0698692855e-01 5.0573584065e-01
1.9331925619e-01 -1.5969301925e-01
-4.7347507664e-01 4.0061249085e-01
9.5997929199e-01 -6.5508449027e-02
-8.5842467986e-01 3.1876952782e-01
2.1840595169e-01 -5.0542408525e-01
-5.9921704081e-01 -3.1254808139e-01
-6.8850087719e-01 -7.1878725179e-02
3.7764094736e-01 -2.4229118525e-01
-4.4894068130e-01 3.3528001157e-01
2.8610751717e-01 -4.5222804515e-01
1.6219297749e-01 -4.0131273421e-01
2.3650594271e-01 5.1707962920e-01
9.0657885658e-01 -8.7483471778e-02
-7.3306039135e-01 1.1594945382e-02
-3.8149519909e-01 -3.5768396280e-01
4.5763905901e-02 -1.0090152626e-01
5.7633451811e-01 7.9490806052e-02
3.4332674693e-01 -4.5627893772e-01
-1.1114703408e-01 5.7313760893e-01
-4.7578278922e-01 -1.9451758854e-01
6.5004702320e-01 -3.9333138332e-01
-3.6237790088e-01 5.1287617224e-01
3.6104788417e-01 -5.0605156522e-01
-2.5309009394e-01 -3.2057690719e-01
5.3307252234e-01 4.2811773984e-01
5.8324104810e-01 -4.6959680643e-02
-6.4695285921e-01 1.6121262342e-01
-5.3820998388e-01 -2.0198062400e-01
7.4077559735e-01 2.5499129329e-01
1.0644595470e-01 -4.2284896385e-01
5.0841297032e-01 -4.9958700595e-01
-4.0091772373e-01 4.9134343284e-01
-3.4954041508e-01 3.4555475362e-01
-5.3628775690e-01 3.7343959941e-01
-7.2404813408e-01 5.6585590230e-01
4.9973277192e-01 2.3688224912e-01
-4.9659386964e-01 1.1068538714e-01
-3.7933975152e-01 4.9271473295e-01
1.0022753211e+00 -9.7247168181e-02
6.3521792140e-01 -3.6310513450e-01
-9.2868198787e-01 3.7566512865e-01
-1.9524331069e-01 -3.1908059025e-01
-3.6868086970e-01 4.1184648277e-01
-2.9573667253e-01 5.1489738599e-01
4.2504363354e-01 -4.5579140411e-01
-9.0556461673e-01 -1.1226984531e-01
6.3511610437e-02 5.7277787904e-01
8.4864212020e-01 1.6093805667e-01
-7.2645398725e-01 -2.8142114351e-01
3.2225967530e-01 -1.6574838319e-01
-6.9161875248e-01 -2.1472457922e-01
9.3590870579e-01 -1.6975711377e-01
-2.7605548735e-01 -1.3413221968e-01
9.9386796529e-01 4.0207732053e-02
-1.4103034896e-01 2.4623984339e-01
-2.5324536412e-01 1.2401556647e-01
7.0096904303e-01 2.6387130311e-01
8.8761790979e-01 1.4778504191e-01
-2.2963518012e-01 -2.7876460254e-01
3.8131670459e-01 3.5553437541e-01
-7.2812999334e-01 9.8720741564e-02
-6.2344887274e-01 -2.1739313543e-01
9.3909686968e-01 -1.0822228490e-01
-2.9781262531e-01 5.0139327462e-01
3.4478257149e-01 -4.7857003278e-01
5.4033073609e-01 1.9883459318e-01
-1.0195746946e+00 2.5957652583e-01
-3.5586620367e-01 6.0289851615e-01
-6.1585017009e-01 -1.7911502326e-01
-2.9603025747e-01 -1.1012470743e-01
7.0972242906e-01 -5.1758666209e-01
-2.7219687832e-01 4.8829040751e-01
2.1434559621e-01 -4.1379083918e-01
6.3494252387e-01 -5.2912116954e-01
3.2971258367e-01 4.6700638937e-01
5.0890657064e-01 -4.3118106362e-01
-1.0161760796e-01 1.6334973195e-01
-5.1250753770e-01 -2.1719699907e-01
6.7277037237e-01 1.9758018063e-01
-8.7890555255e-01 6.0428965495e-02
5.0743171226e-01 1.6619675756e-01
-2.2513402537e-01 -3.6240884610e-01
-3.8159311198e-02 3.5537518885e-01
-4.2980308161e-01 4.3256838482e-01
5.5065902448e-01 1.4740672268e-01
-7.1667577172e-01 4.2431488596e-01
5.3231508739e-01 -2.6442858801e-01
-3.5904993505e-01 3.4322527033e-01
-1.6165141306e-01 5.2797924341e-01
3.0853499098e-02 -5.4750121097e-01
1.6059769233e-01 -3.5355073918e-01
-5.3628929274e-01 6.3673454147e-01
5.6913495623e-01 -2.5751132345e-01
1.3082720568e-01 -4.9343156742e-01
-5.3890977345e-01 -1.5325069159e-01
7.9027737314e-01 -3.3323842865e-01
-1.0512905275e+00 8.4279847038e-03
7.2972712635e-02 5.6997998702e-02
-3.7145922829e-01 2.1092578697e-01
4.0359825765e-01 -4.8836364764e-01
-4.8266542588e-01 4.2604056727e-01
3.0826349977e-01 -5.0812945807e-01
-4.2631064233e-01 3.4436598855e-01
5.2485687299e-01 4.1309625707e-01
4.0513721967e-01 -5.3691189143e-01
5.8854863669e-02 3.7568731886e-01
-3.2971567358e-01 -3.2477379168e-01
4.0633096557e-01 -2.0728329931e-01
-6.4474981476e-01 -9.9412384866e-02
-3.4377416522e-01 5.3735015112e-01
2.8132211166e-01 -4.5764035425e-01
2.0674300135e-01 -2.8745643294e-01
-1.0761869656e+00 3.0837698105e-01
6.8155702147e-01 3.8318658069e-01
-7.6983183127e-01 -1.5307024820e-01
6.3243590085e-01 2.5970944719e-01
-3.1711956496e-01 4.4803215770e-01
-2.8453073203e-03 -3.4530820968e-01
7.3160107274e-01 -1.7287149456e-01
-3.2145715616e-01 4.3728114193e-01
4.0205748166e-01 -5.6145941288e-01
2.3160032765e-01 -3.1197833019e-01
7.6702856481e-01 2.1605805819e-01
-4.5245736374e-01 5.6431259879e-01
9.9619925343e-01 -3.0820779849e-01
-3.0491837140e-01 5.1217236407e-01
-4.8137122320e-01 -1.6177864481e-01
1.6078577821e-01 -8.8930268894e-02
-2.2811047543e-01 2.7746109767e-01
7.4672501532e-01 -8.1357281311e-02
-4.1822800621e-01 -1.8309474513e-01
4.2570985960e-01 -5.9630742351e-01
-5.2309834452e-01 -1.9914049848e-01
2.4732756631e-01 2.6531264750e-01
1.6844905638e-01 1.6717717159e-01
1.2966075045e-01 -1.8477902732e-01
-2.0974858437e-02 -4.0348221226e-01
-9.4083770577e-01 2.5641882594e-01
-4.1634947058e-01 -3.3875361490e-01
-4.9339112638e-01 5.4958828539e-01
4.3296594710e-01 1.9906484047e-01
-9.9951158886e-01 4.2826969011e-02
4.0187765986e-01 1.2822632929e-01
-1.6232692247e-01 1.6325923644e-01
-6.9875216776e-01 -2.5202329323e-01
4.9132382079e-01 2.2512472048e-01
3.5696476987e-01 -9.5795919772e-03
-4.5788710699e-01 3.9048565672e-01
9.0106509896e-02 5.2635861364e-01
-2.5304645179e-01 4.4076225948e-01
3.7325189245e-01 -3.9447877738e-01
-3.7861042407e-01 -4.4873702250e-01
4.7730023751e-01 2.6585799224e-01
-2.5492731257e-02 4.2799574988e-01
-5.4764728463e-01 1.6422974941e-01
-2.8821293542e-01 1.2668058186e-01
5.8737168759e-01 2.1495700711e-01
2.4265662437e-01 2.2992569696e-02
-6.1991618319e-01 6.9759809493e-02
5.9656903908e-01 2.0661272403e-01
-3.1637489471e-01 3.2979089808e-01
6.6098065215e-01 1.9200606753e-01
2.4260734662e-01 -4.4019013444e-01
2.8786538083e-01 -4.2929893354e-02
-4.4475172293e-01 -1.9411186096e-01
-6.5622466602e-01 -2.3021020055e-01
6.2133658378e-02 -3.8232746542e-01
8.8111585771e-02 4.5070070683e-01
-8.2988928516e-01 4.5045189997e-01
1.7959162855e-01 -2.8065846821e-01
-1.0324487901e+00 8.0414155054e-02
-1.2598100049e-01 5.0987681143e-01
-1.2349334813e-01 5.2334323558e-01
1.2727901327e-01 2.2086674343e-01
-3.9315085620e-01 5.1736392829e-01
1.0918540462e-01 -5.0881282891e-01
8.2302743852e-01 -4.7376499023e-01
-1.6561753288e-01 3.5080324844e-01
7.5391050959e-01 2.9348272070e-01
-6.8200876732e-01 -2.6754770095e-01
5.6793482778e-01 -1.3528980601e-02
-5.5477134412e-01 1.4045825216e-01
-3.5242858455e-01 5.2152674296e-01
3.3598529967e-01 -4.3913624701e-01
-9.3284328855e-01 -7.3681935841e-02
-3.9687624951e-01 3.6874897005e-01
9.3184750023e-04 1.3748110461e-01
3.7623787702e-01 8.4534805965e-02
-4.5157401270e-01 -1.1034716150e-01
7.2891312671e-01 -2.0738334771e-02
4.8647924893e-01 -5.2904681692e-01
-7.0118513122e-01 -3.0126356166e-01
-2.8242378649e-01 -1.9268093712e-01
2.4320777638e-01 2.3077938773e-02
-4.7479786562e-01 5.9678205390e-01
1.7019084251e-01 -4.1816566262e-01
-1.6557076972e-01 -4.9230173805e-01
-2.2010753590e-01 4.3208399138e-01
-5.3382485133e-01 2.2139089640e-01
4.2013735714e-01 3.5793254208e-01
3.9417492045e-01 -4.7739925721e-01
-4.4726886055e-01 -2.5174641559e-01
7.0958000802e-01 -3.8983720752e-01
-6.8207645297e-01 -1.1408832210e-01
5.5136933991e-01 -1.4836495591e-01
-6.4642284888e-02 4.7535422801e-01
4.7128168548e-01 -3.9205604312e-01
5.4587418198e-01 1.3073584404e-02
1.0231683874e+00 2.5444941027e-02
2.4563862740e-01 3.6649482717e-01
-1.5351652210e-01 -5.0419176582e-01
-1.5736218248e-01 4.6293915077e-01
9.1718721638e-02 2.0519193226e-01
-3.1644047365e-01 5.2634212903e-01
2.8069218661e-01 -8.2638617155e-02
-4.0495039761e-01 1.3509286649e-01
-1.1117033998e+00 3.2257416769e-01
-4.4615926870e-01 1.5249362499e-01
4.4490002925e-01 -4.5477879187e-01
-1.0456606319e+00 2.9683466311e-01
-1.3555760662e-01 -3.4549676470e-01
-2.8467404259e-01 4.3465709292e-01
-1.0542723068e-01 -1.7881852115e-01
1.3940375552e-01 3.9716318597e-01
8.6976560513e-01 7.6453206888e-02
-4.0337816893e-01 -2.5455276266e-01
8.6798079160e-01 -2.8098010189e-02
4.7185040136e-01 -5.5035512955e-01
-5.5115388827e-01 -4.0486004518e-01
7.9022603414e-01 -1.8462095009e-01
-6.2208386064e-01 5.3240130589e-01
6.2546422063e-01 -4.2849729608e-01
3.1009496443e-01 -5.9774635562e-01
-5.9365533883e-02 -8.8379486928e-02
4.4229845411e-01 1.5641117737e-01
-9.9202152786e-01 2.1738363321e-01
4.2664373258e-01 4.6596807468e-01
1.9235921023e-02 -4.0475993786e-01
-8.1152547989e-01 1.2984820257e-01
-1.1170568865e-01 8.8414597890e-03
9.4257005443e-02 -3.8638382809e-01
5.5841520575e-01 -2.8444829021e-01
-6.3801690718e-01 4.2184174972e-01
-3.7124622486e-01 3.3302949770e-01
8.6324879982e-01 1.1215224881e-01
-1.0069345431e+00 4.9531099536e-02
-7.7119940317e-01 -8.7615680302e-02
-9.4010292653e-02 5.0680042442e-01
-3.8145461226e-02 -4.9847372126e-01
-6.3114238328e-01 -1.5591650054e-01
-2.2157973892e-02 3.0655057397e-01
3.8252397772e-01 -9.9463915089e-02
-8.2781921261e-01 4.3025860857e-01
1.9808262322e-01 -4.1761912791e-01
-2.6834023300e-01 4.4331895148e-01
-1.1489669837e-01 6.1187744069e-01
7.3437231113e-01 1.0015679314e-01
-1.8670920711e-01 4.4979760519e-01
4.6638171858e-01 1.2425919049e-01
9.6084704827e-04 -3.4312110090e-03
-3.9193179998e-01 1.1272612875e-02
2.7577569656e-01 1.0412103858e-01
4.7996375128e-01 2.7187662260e-01
3.6003117765e-01 1.5134754757e-01
9.1582906394e-02 -4.9357951560e-01
-2.1005291212e-01 2.3365034185e-01
2.7526800462e-01 2.3003670695e-01
-4.4631733509e-01 1.6071220128e-01
-3.4203802326e-01 3.3404365136e-01
-1.5054682129e-01 -4.7319061991e-01
5.1727911373e-02 2.4013736516e-01
-5.9569432749e-01 2.8282415200e-01
-2.3180959114e-01 -3.9847691855e-01
-2.3065464481e-01 4.3106560810e-01
2.4927554720e-01 -2.5760546439e-01
-2.5588704328e-01 4.2836713898e-01
5.0332571980e-02 2.9236053097e-01
-5.1918703422e-02 -1.8008125053e-01
1.2526597805e-01 -2.0070831436e-01
2.9533895079e-01 1.4783803705e-01
3.7502529632e-01 -3.4561390968e-01
6.8693683630e-01 -1.3593729066e-02
-3.1388482453e-01 2.2161091727e-02
1.2995948201e-01 -1.1192467515e-01
-1.9187643950e-01 5.6366276993e-02
2.5397633472e-01 -3.3809481388e-01
-1.4911240819e-01 -3.7954752264e-01
-4.2066931785e-02 2.4016651021e-01
1.8040876844e-01 3.0463291921e-01
-2.6377450610e-01 -4.1526557427e-01
3.0436628210e-01 -3.8263272653e-01
4.2504645070e-01 -1.5697878213e-01
-7.7193097654e-01 1.0484134371e-01
-5.1012741387e-02 1.1968608647e-01
-4.9152225285e-01 4.6308769343e-01
-2.9225226207e-01 3.5058860967e-01
6.3582740860e-02 1.7998791551e-01
2.0698547076e-01 4.4294166751e-01
3.0428001245e-01 -3.1787474170e-01
-3.3712839189e-02 -3.8538360623e-01
8.7170184894e-04 3.9356014116e-01
-1.7150209386e-01 4.1743410538e-01
2.1831685032e-01 -3.8258535576e-01
2.6486043884e-01 -2.3267149347e-02
-2.2134821461e-01 1.3429547161e-01
-7.1815756945e-02 1.2158319231e-01
3.6600958192e-01 -3.5046775856e-01
-3.5989944934e-01 -9.3338609205e-02
-4.0666815680e-01 3.1240010026e-01
-2.6032889481e-01 -2.4806562211e-02
9.3380680930e-02 -4.1066173907e-01
-4.5482102037e-01 2.6281691488e-01
3.4362827764e-01 1.6260344555e-01
-6.2278019398e-01 8.0895501572e-02
-1.4201647523e-01 1.8940071649e-01
1.1085354083e-01 2.8024716009e-01
5.4618166815e-01 2.5386250890e-01
4.8393956133e-01 -4.5297317801e-01
-3.2676927034e-01 2.4356363097e-01
-2.4789144227e-01 4.2225899464e-01
3.6761824712e-02 -4.8715744982e-01
6.2625866834e-01 -1.3295822733e-01
-1.2841078018e-01 1.7021128490e-01
5.0674087926e-01 6.6129838282e-03
-7.1566583517e-01 -1.0801054242e-01
6.2824575046e-01 8.5782842160e-02
-5.9540030511e-01 1.5498925844e-01
5.6071302749e-01 -4.1363536886e-01
-3.8688353232e-01 3.2848477134e-01
-1.3367201958e-01 4.0231783510e-01
-2.6029123824e-01 -3.9245192255e-01
-8.9383551479e-02 -1.9808759964e-01
1.1652901682e-01 3.1724944374e-01
2.7759535502e-01 1.1344922535e-01
-1.9501118633e-01 -1.1746884424e-01
2.9083372258e-01 -2.9063155931e-01
-4.0630839178e-01 3.9319929882e-01
3.2302822703e-01 -3.7108304137e-01
-1.3972607239e-01 -1.3970549100e-01
4.0153454908e-01 -2.5179172864e-01
-6.1350381102e-01 2.5821405233e-01
2.0894870083e-01 1.1448972507e-01
-4.3028256510e-01 -1.0091897194e-01
6.2539377438e-02 -3.0364864086e-01
-6.2950843207e-02 9.4649398132e-02
7.3343800198e-01 1.0088857045e-01
-5.4272119432e-01 -2.4119815395e-01
2.0238584395e-01 -4.0151606999e-01
-2.3124130474e-01 3.5460622782e-01
5.2452287083e-02 4.8541596963e-01
-4.1655452424e-01 -1.4140187395e-01
-3.4468479591e-01 4.6378374582e-01
6.9249789830e-01 -2.9737259204e-01
-7.9411214326e-01 8.2788309546e-02
7.8692769405e-01 -2.3233965271e-01
1.8479883065e-01 -3.9874182183e-01
4.7490446972e-01 -4.6485125991e-01
5.9085370487e-01 -2.8428131596e-01
1.6981834574e-01 -3.7424523426e-01
2.0517655248e-01 3.1829123939e-01
8.1168299471e-01 -5.2053483277e-02
-4.0946255043e-01 2.3402759104e-01
2.4682381399e-01 -3.9744412306e-01
-4.5418627278e-01 -1.7655467063e-01
-5.7118555140e-01 -1.4642871001e-02
-3.3591348587e-01 4.0880381630e-01
-3.8005580167e-01 -6.5323613846e-02
5.1072582386e-01 -4.2967322067e-01
3.0726073731e-01 -3.7696558382e-01
-2.8007787420e-01 4.5773321307e-01
5.1362046309e-01 2.7580000942e-02
-2.5593445090e-01 3.8434294540e-01
2.1191210028e-01 -2.7480238837e-01
-1.2017180525e-01 -1.9047112838e-01
6.3830533301e-02 3.6874197907e-01
6.8024515473e-01 -8.8885121628e-03
-3.5858358665e-01 9.6398434094e-02
-6.1111762899e-01 1.4945086513e-01
-4.5129074729e-01 2.8587276862e-01
2.4479436903e-01 -2.8364032622e-01
3.1918900443e-01 -4.9959035260e-01
6.6612548847e-03 1.5770278007e-01
2.3722561140e-01 1.8012035366e-01
-1.7360137238e-01 -1.5787491326e-01
3.2401628570e-01 -2.5591453785e-01
-3.7802414664e-01 4.3381411313e-01
-2.3529372950e-01 -2.2606303762e-01
7.2969686077e-01 -1.1901012484e-01
-1.1280816721e-01 -9.5902759279e-02
1.3537046551e-01 3.6800149356e-01
-1.2824856210e-01 3.6141350512e-01
1.7021249333e-01 4.6668918159e-01
2.6825487922e-02 -3.2848532667e-01
-6.9582201745e-01 -6.1934517681e-02
1.8128797093e-01 1.3790086842e-01
-2.9209193360e-01 -8.1270330468e-02
2.9634503546e-01 -4.1479230549e-01
1.9432078090e-01 1.3798307282e-02
3.0901313748e-01 -4.0623823834e-01
-6.4072468401e-01 -1.6536164312e-01
-4.6376158118e-02 -6.9610532890e-02
-5.2205413732e-01 4.0629575959e-01
4.2728928940e-01 9.8191136875e-02
-3.5491222441e-01 4.7803121308e-01
2.1705984374e-01 -1.3545529123e-01
1.1752360493e-01 2.3760874727e-01
7.2218258558e-01 6.8253234339e-02
-5.4329682235e-01 -2.0406076773e-01
-1.1896790953e-03 -2.5195035030e-01
-3.2611287724e-01 3.6334417875e-01
-5.3872829139e-04 1.6420147413e-01
-2.1937368437e-01 2.0830609933e-01
4.0639078032e-01 -3.1215209378e-01
-7.9619461009e-01 3.2782966605e-01
-1.9135897904e-01 9.4898583867e-02
2.7696533118e-01 7.9799747077e-02
-2.1772498630e-01 2.0014918978e-01
3.2374966384e-01 -3.4004408358e-01
7.7842579747e-02 -2.1360055810e-01
4.2645758666e-01 1.5083525987e-01
4.9990156644e-01 -3.7639704395e-01
-4.8366293764e-02 4.3271263483e-01
3.2256866629e-01 1.4049383690e-01
-7.6218588817e-01 3.2137741214e-02
3.0125844462e-01 -3.2981881925e-01
-4.7841412933e-01 3.7018338663e-01
-2.9783489918e-01 4.3194949167e-01
2.8693606457e-01 -1.0261804236e-01
-2.7962540317e-01 1.0068640295e-01
-7.4082533222e-02 4.9386629605e-01
1.6770453627e-01 -3.7158415566e-01
-4.1724677385e-01 -1.8085048367e-01
-1.5243143539e-03 2.3440110965e-01
-7.9334036168e-02 1.1968023449e-01
5.0992372628e-01 6.3154386962e-02
-6.8696571451e-01 4.5849111685e-04
1.3503247802e-01 -9.8224501046e-02
9.6519246164e-02 -4.5048131007e-01
5.8375699983e-01 -3.9931200035e-01
-1.4703861547e-01 2.5979809886e-01
-7.0924343045e-01 -7.8615930036e-02
3.1180309498e-02 -1.9275849875e-01
8.9730743751e-02 2.6619258571e-02
2.6684845955e-01 -3.8096168118e-01
-6.6402063648e-01 4.3595930685e-01
1.7977870604e-01 9.7625478970e-02
-1.4989217185e-01 -1.1311097085e-01
-3.4030511849e-01 4.1593390236e-01
2.6596616268e-01 -3.9484227215e-01
-7.2514333787e-01 -7.5955487600e-02
-4.6331023639e-01 3.3701280246e-01
1.7545645624e-01 9.4305826612e-02
-4.1122234600e-01 1.0408189711e-01
-1.1089075616e-01 4.2487333774e-01
3.2832043468e-01 -3.3361929034e-01
-2.5017495762e-01 4.5161316938e-01
7.5891085661e-01 7.0392717115e-02
-2.0144925687e-01 -4.5837484691e-01
-2.9819982788e-01 4.2571786026e-01
2.3540462490e-01 -4.0811670207e-01
3.5241243600e-01 1.0384940576e-01
-1.6620787137e-01 4.6775684995e-01
5.6446925807e-01 8.2280695068e-02
-6.4419350188e-01 4.0965318179e-01
8.0606240940e-02 -9.1220176050e-02
-1.3511739660e-01 5.1179771954e-02
-1.8017534962e-01 5.0055608781e-01
5.7447265130e-01 -3.8265157188e-01
-1.7109532885e-01 4.1916843108e-01
1.3896511906e-01 3.3962154015e-01
-2.8818042748e-01 -3.9866807551e-01
3.5034520292e-01 -3.1527797587e-01
5.0142333779e-01 -3.1482621210e-01
-7.3520192977e-01 1.6747138006e-02
6.9526762276e-01 -1.0784119448e-01
1.5262203998e-01 3.5633807921e-01
2.3297742889e-01 2.6010340712e-01
2.2581382553e-01 -2.0933876650e-01
-1.9500419429e-01 1.5079507667e-01
-3.0498457275e-01 5.0834359682e-01
2.5538886775e-01 -3.2555206391e-01
-2.7384592428e-01 -3.9478972091e-01
-4.3725766356e-01 3.8932465197e-01
-3.7800382538e-01 4.2164315512e-01
-3.5753171051e-01 4.1160727848e-01
3.0167185275e-01 -2.8196817564e-01
2.1651737857e-01 6.3858577992e-02
8.8030535819e-02 8.7798964807e-02
-2.3434214845e-01 1.9969977060e-01
-1.7438465400e-01 1.5632613594e-01
3.0409142753e-01 -3.3493854449e-01
-3.6334163406e-01 -2.6850261044e-01
2.7461211877e-01 2.3386919700e-01
-1.5258507709e-01 4.0629873271e-01
-2.7636021629e-01 -2.8247987511e-01
-3.1141958649e-01 4.8419261005e-01
2.2669261919e-01 1.9885268170e-01
-8.1797254880e-01 1.5090890360e-01
3.2570686826e-01 2.9985334369e-02
1.7685712911e-01 -3.2881137538e-01
-2.5226312394e-01 -3.7679167737e-01
-7.4458699107e-01 -3.2435449950e-03
4.1721935653e-01 -5.2686689037e-01
-2.1393585687e-01 -2.1260105459e-01
1.7677058142e-01 2.0774607614e-01
4.9598538931e-02 -5.8904210611e-02
-1.3150587706e-01 2.7244797256e-01
4.6336531928e-01 -1.0445478788e-01
2.3935679175e-02 -2.0703405706e-01
1.1171196637e-01 -1.9940437106e-01
-5.9759783884e-02 4.5953175682e-01
3.1015209640e-01 2.8075201596e-01
-7.3863206474e-01 3.0209491334e-01
1.0147969780e-01 -2.6102534552e-01
-7.8661638848e-01 2.1742590001e-01
-2.8114317168e-01 4.1709631706e-01
-5.1473021765e-01 -2.5085268330e-01
1.6517508112e-01 -2.8605251636e-01
4.3127083138e-01 1.5968550377e-01
6.7294974145e-02 -5.7891450419e-02
3.4328812363e-01 2.2266786474e-02
-2.1394136597e-01 -2.1945146758e-01
4.9157052234e-01 1.5617230799e-01
2.6840829812e-01 -3.3367473285e-01
1.2509947259e-01 5.0851935990e-02
-3.1840556320e-01 2.3471568563e-02
7.7728677579e-01 1.4681767460e-01
-2.1890564608e-01 2.8098176079e-01
7.1448478635e-03 5.0883447997e-02
-2.3896764709e-01 -1.5112627622e-01
-1.0047533437e-01 -4.7749071620e-01
5.2077195146e-01 1.5187208938e-01
-2.0371465323e-01 2.7877568234e-01
-5.8300944196e-01 3.7574014611e-01
-2.1907868218e-02 -4.9751191855e-01
-3.8401357127e-01 4.8895868613e-01
2.5625610280e-01 3.9242147843e-01
-1.3207301732e-01 -4.2906858592e-01
3.2787804903e-01 -4.3734194548e-01
3.6705203324e-01 -3.3321499761e-01
7.4135925546e-01 -2.1789842002e-01
-8.7455911586e-01 1.6098083213e-01
-4.5688867667e-02 5.9347313220e-02
-1.9921778656e-01 1.6003086444e-01
-2.8283887497e-01 -1.9104672430e-01
2.0061245217e-01 -3.9816226188e-01
-2.1759364659e-01 2.2456973827e-01
-6.5669987246e-02 4.5706033059e-01
1.6103840518e-01 -3.9398346020e-01
-4.4912251621e-02 4.3847054745e-01
2.0364311155e-01 1.7275751010e-01
-4.7637092645e-01 4.1180963668e-01
4.7761019199e-01 -3.1238149042e-01
-4.4845046341e-01 2.8535276661e-01
-7.3626853229e-02 3.1479124451e-01
2.3456201970e-01 1.3480442919e-01
5.5884922898e-01 -3.7522877521e-01
-3.0277485567e-01 4.3257757675e-01
-2.0893726645e-01 -1.8294054932e-01
-3.2775811526e-01 3.9365194778e-01
2.8696835603e-01 -3.8303350179e-01
3.4144740854e-01 -2.3525311443e-01
5.7316681906e-01 2.7603559783e-01
6.9537618092e-01 1.4393594142e-01
-3.6579691748e-01 3.2200750220e-01
-1.2437680439e-01 -2.5087956604e-01
-3.1669174375e-02 -9.8588009075e-02
2.4905578755e-01 -3.3124053544e-01
-8.2187053994e-01 3.5334091857e-01
4.8937631452e-01 2.5718068002e-01
-5.1009906613e-01 -1.0255336262e-01
3.5446892730e-01 -1.5792520057e-01
-3.0265380593e-01 4.3669200268e-01
2.5136622851e-01 -3.4857905464e-01
3.1254464134e-01 -1.2258498001e-01
-3.0948149842e-01 -1.5991198722e-01
-8.2672352846e-02 3.3098823655e-01
-2.1444530932e-01 -4.3520595345e-01
5.1736723726e-01 1.9145096675e-01
2.6843533867e-01 -3.0737673406e-01
-1.7032306828e-02 -2.3144582602e-01
2.2693246132e-01 3.0952890179e-01
5.3669128711e-02 2.3356218023e-01
7.4799612641e-01 1.1189048921e-02
-3.8719017946e-01 5.9999813380e-02
7.6408509404e-01 -8.9888010406e-02
-1.9261562331e-02 1.6220236871e-01
-1.5427030358e-01 -2.1925888492e-01
-3.6712814695e-01 -2.6547153706e-01
-6.5001013607e-01 -1.2604769222e-01
9.3004271590e-02 4.3477773181e-01
7.8878512621e-01 -4.4130603430e-02
-4.7270288365e-01 -2.3144466990e-01
1.6777341604e-01 -2.9601611040e-01
-2.8959666589e-01 4.2480574969e-01
5.0552484537e-01 -9.7590579724e-02
2.4193158329e-01 -2.4269106450e-01
-8.4350874577e-01 2.5597296450e-01
-2.3762038023e-01 -2.5797897461e-01
5.0443881046e-01 1.7093993856e-01
2.9866848444e-01 -5.0002040888e-01
-1.7065098341e-03 4.7893450719e-01
5.0813729871e-01 -1.8218418094e-01
6.3439139668e-02 -4.8766920596e-01
-3.0590718482e-01 3.9770740695e-01
2.7986466789e-01 -3.1599030702e-01
6.6968326611e-03 -1.6392802165e-01
-1.8514875358e-01 5.3340457910e-01
2.1223933257e-01 -3.6002151479e-01
-6.9390535130e-01 -1.2776830531e-01
1.8982701962e-01 -2.8868089057e-01
2.4688658517e-02 -1.4575721857e-02
1.9976197535e-01 2.3851980463e-01
-7.1701370735e-01 1.7546928700e-01
-3.8234793187e-03 -3.2326219841e-02
-5.9052408589e-01 -1.2685632570e-01
7.0233770473e-01 -1.3196894835e-01
3.1988213672e-02 4.3372388366e-01
1.6093000989e-01 3.7446333196e-01
4.1917125818e-02 7.9826621723e-02
3.1730564195e-01 -1.5971972041e-01
-4.5268772041e-01 4.9220343093e-01
-4.9090500352e-01 3.8799077051e-01
1.1713479807e-01 -1.4743298096e-01
6.0458926195e-01 1.8863518250e-01
-6.3254629246e-01 9.4502837065e-02
3.4965919149e-01 2.3962094570e-01
1.7110485948e-01 -3.8422365401e-01
1.3328926967e-01 -2.1291108529e-01
4.1144622133e-01 9.5316134264e-02
1.4865467549e-01 -2.2276280773e-02
-3.2736621316e-01 1.3751248576e-01
-3.3700246882e-01 4.0797487284e-01
3.2374225898e-01 -2.2302347128e-01
-7.7434608411e-02 -4.4406038498e-01
-4.6668098981e-01 4.2634837230e-01
4.0951974237e-01 1.0144546550e-01
-5.0838372185e-01 -2.6576159021e-02
2.0904415552e-01 7.3272042550e-02
1.1334326751e-01 -5.3982319473e-01
-1.1681202541e-01 2.1415357516e-01
-4.3946113983e-01 -1.4807950689e-01
1.2673908473e-02 2.3110951202e-01
9.8430935676e-02 -1.5966577846e-01
-2.2461390190e-02 -1.8000822343e-01
7.3809308373e-01 -3.3113090779e-01
-5.1469785826e-01 3.4911415920e-01
-1.8037389254e-01 3.3576732364e-01
3.1298594012e-01 -3.7638694288e-01
3.6767960504e-02 -2.5898245307e-01
-3.4557736010e-01 1.5598518412e-01
5.3181986306e-01 2.8797200215e-01
-5.4372241906e-01 -3.1336378545e-02
-3.7577181090e-01 -7.0004277544e-02
4.2888521267e-01 3.6846782967e-01
-3.9109872573e-01 3.3051019945e-01
3.4190345156e-01 -4.2795863571e-01
-7.8394249446e-01 3.2623338572e-01
-2.6793990613e-01 4.7177710195e-01
3.1918183437e-01 4.3764413657e-02
-1.4534373618e-01 -1.9839501327e-01
-2.6021496994e-01 3.9615416250e-01
-2.4362969001e-01 -3.7654528401e-01
2.3170873468e-01 -2.5670211055e-01
5.2501276576e-01 1.4030554134e-01
-4.0424971423e-01 4.4326842147e-01
2.7357255195e-01 -3.3995868931e-01
5.5872003592e-01 -8.0553081951e-02
-2.3542597639e-01 -5.0821789116e-02
-5.5037721482e-02 -6.9128911860e-02
2.6928019868e-01 -3.8076388592e-01
-1.4596082144e-02 -4.8763739231e-01
-2.9723321557e-01 -1.9339199953e-01
3.2415924940e-01 -5.2394968281e-01
-6.0151393676e-02 2.1543406885e-01
7.4650340852e-01 7.2368851320e-02
-4.9920465034e-01 -3.0604849558e-01
7.7910585159e-01 -2.3874492435e-01
-2.8367760593e-01 -4.5498388725e-02
1.9106345039e-01 1.8481953173e-01
2.8619947113e-01 3.8701553327e-01
-5.7788067613e-01 5.2225228123e-01
-9.5373795803e-02 -2.1818073711e-01
2.3267590796e-01 3.7995254264e-01
1.0511030743e-01 -1.4760106607e-01
-1.3434424757e-03 4.1210741853e-01
1.6195528129e-01 2.3806251033e-01
2.1242333352e-01 2.9968658456e-01
6.1820085006e-01 -3.2412896181e-01
-2.2953250289e-01 -4.4203418575e-02
7.7315956825e-01 -1.8315308622e-01
9.5224255379e-02 3.3855612674e-01
-3.3842009829e-01 4.8837406303e-01
3.2799937338e-01 -2.9520054935e-01
-9.6753070512e-02 -4.9753488298e-01
-1.7956526828e-01 3.3731918436e-01
3.2448223484e-01 -3.4516114826e-01
-1.7967369734e-01 -5.5631404386e-03
-4.3706235352e-01 -1.8324816546e-01
-2.6954018007e-01 4.2514812268e-01
2.6431894854e-01 6.3123126746e-02
-3.1293866113e-01 4.0608996961e-02
1.4363044233e-01 -2.2241876595e-01
3.3278609545e-02 -1.3111921672e-01
3.9310115487e-02 3.0620487828e-02
4.9221620189e-01 -4.4674258169e-01
2.2777276035e-01 4.4371819531e-01
-2.6380739778e-01 2.1650733125e-01
1.0947206965e-01 -2.5109171717e-01
-3.4772804784e-01 -1.6075717684e-01
2.4710474245e-01 4.3310881178e-01
5.7102661196e-01 2.3875874264e-01
-7.5054502395e-01 -6.5806915974e-02
-1.2989816489e-01 4.6350348531e-01
-2.0154531676e-01 -2.4479840528e-01
2.7805078532e-01 4.6110781982e-02
6.6558763674e-01 -3.5210112170e-01
-5.1142169268e-01 3.2359759664e-01
2.5963691519e-01 -3.0508986374e-01
-4.0635079910e-01 3.8169893581e-01
-3.5041124456e-01 4.1595327394e-01
7.3142272721e-01 7.0649372478e-02
-2.1239610710e-01 -1.2122625882e-01
3.7661018302e-01 -3.7177183835e-01
1.3736387027e-01 3.1358581379e-01
-3.1104687939e-02 -3.6713465307e-01
-6.5376816926e-01 -1.3841848696e-01
2.0104843911e-01 -4.9566117238e-01
-6.8296752262e-01 -1.7266521134e-01
5.7383413282e-01 -3.8390724140e-01
-5.6412290982e-01 4.2121568596e-01
-4.8813906536e-01 3.3042852827e-01
3.4926985033e-01 -4.0928760312e-01
3.1037962017e-01 -3.3733258477e-01
5.9246790089e-01 1.4299607178e-01
-6.3685332822e-01 7.5756666989e-02
-4.1379461630e-02 5.0743963428e-01
1.7346647298e-01 -3.8589934640e-01
-4.1891528012e-01 -1.1729494129e-01
-2.7805030148e-01 7.2571106674e-02
-3.7931951153e-01 -2.8699078175e-01
3.9746291272e-01 -2.1155644057e-01
-3.7587973746e-01 4.5328882529e-01
4.2244827776e-01 -3.2839350571e-01
7.0803901054e-01 -2.1199890129e-01
-2.1587220036e-01 3.9959741287e-01
6.1964203273e-01 -5.8774295574e-02
-3.1284619139e-01 -1.6599766543e-01
6.1300487141e-01 -7.1225244516e-03
-2.9886755356e-01 -5.8403318726e-02
4.1192632836e-01 -2.1348133007e-01
-1.5865934712e-01 4.3524760481e-03
2.5702954055e-01 -3.4990914801e-01
-1.3963561793e-01 5.4481054475e-01
-3.5409529413e-01 3.8664355359e-01
3.6318354573e-01 -5.3948325965e-01
-3.8239723191e-01 -2.6897358140e-01
-2.9171377801e-01 4.1192282677e-01
1.4051024397e-01 -6.7416137503e-02
-2.5334782101e-01 2.8745145003e-01
-3.5478183291e-01 -2.1489646689e-01
3.2843932417e-01 -3.7871352828e-01
5.5134240712e-02 5.1647533082e-02
-7.8244616085e-01 1.5510114831e-01
-5.7270073841e-02 -3.7018871300e-01
-8.3012923576e-01 2.2682350369e-01
3.9933470601e-02 3.4698953954e-01
-2.2444070086e-01 1.3293443293e-01
2.3594607688e-02 -5.0220335707e-01
-3.3173117914e-01 4.9433355826e-01
5.4213091744e-01 2.3222064696e-01
4.0988578926e-01 -5.0886607650e-01
-2.2157861387e-02 2.9811928270e-01
2.7667534390e-01 -3.7587715135e-01
7.4576769356e-01 -2.2477325653e-01
-6.3242012450e-01 1.2315913936e-01
-3.4442557593e-01 3.1873363879e-01
-4.8963653813e-01 5.0572452807e-01
2.5952723049e-01 2.3062141107e-01
2.2988409412e-02 -1.5232321326e-01
-4.8028332148e-01 4.9879777188e-01
9.1213923043e-02 2.6440744923e-01
-7.2178515167e-01 2.3543762266e-01
2.5581507259e-01 2.6002350310e-01
1.6103995156e-01 7.2817981576e-02
-6.9844488582e-01 9.1193394503e-02
-3.2230452223e-02 1.4952434675e-01
3.1318172954e-01 -5.3144026450e-01
2.6965546075e-01 -2.4277541418e-01
6.0013311171e-01 1.5854971440e-01
7.2310133045e-01 -3.7043063028e-01
-3.3631584523e-01 4.2046159216e-01
-1.6200380138e-01 -2.1509615861e-01
6.6649057681e-01 1.6655152832e-01
-4.4160008402e-01 3.6783104184e-01
1.3347367467e-01 -4.3057761744e-01
2.7157271365e-01 -3.2385451689e-01
-4.5878705544e-02 2.7737132571e-01
-3.1672591070e-01 -1.8040116176e-02
1.3379220559e-01 -2.9386356690e-01
-5.3316569932e-01 -5.8310097927e-02
1.5065600500e-01 -2.4629430705e-01
4.6993982033e-01 -1.3430877964e-01
1.6518905936e-01 -1.8329302056e-01
-3.9439769910e-01 -2.8968011668e-01
3.0327488833e-01 1.8678995801e-01
-1.1460737282e-01 -9.9818021438e-02
4.9630892241e-01 -3.1904472963e-02
-2.6027422454e-03 3.8397780176e-01
1.4463732042e-01 -3.8941118040e-01
2.5154771357e-01 -4.1089650585e-01
3.4662649315e-01 1.9621424873e-01
-3.1318070191e-02 2.2815681033e-01
-6.0690013509e-01 2.8838461461e-01
-9.3897774774e-02 4.0638027094e-01
-2.5593539098e-01 3.9063733582e-01
-3.4521823404e-01 -1.1701881984e-01
-2.1711304699e-01 2.7026040679e-01
5.7993799204e-01 -1.1881409557e-01
5.8391505534e-01 -1.6467535818e-01
-3.5836902816e-01 5.0086259834e-01
-3.5041380017e-01 4.3789834332e-01
3.3155718259e-01 -3.2455755027e-01
-4.8332235240e-01 -1.7402564809e-01
1.9865907645e-01 4.3395266150e-01
1.1049153700e-01 1.8615489156e-01
-1.7299262911e-01 -1.7379259946e-01
-2.9545688680e-01 -2.0077513810e-01
3.2149315045e-01 2.1355236657e-01
8.3328886994e-01 -1.6942330898e-01
-6.9142946026e-02 -2.4448058661e-01
3.2337416267e-01 -4.2234765237e-01
-7.0235164973e-01 3.1127496755e-01
5.2469393902e-01 -3.6525242684e-02
-8.1236777986e-02 -1.9903130873e-01
-1.7222115260e-02 2.8324071536e-01
-3.8328927584e-02 -4.9184665958e-01
3.0384186093e-01 3.4484897217e-01
-2.6838918477e-01 -3.1466130223e-01
1.2604635537e-01 -2.9551058322e-01
3.5783607347e-02 4.1976961310e-01
2.9066850812e-01 5.6670009749e-02
-3.4319894360e-01 4.9032044493e-02
-6.0012649909e-02 2.1076835631e-01
-2.4670818891e-01 4.3939718062e-01
2.8624853160e-01 -3.8264938589e-01
2.4830469491e-01 9.1099288367e-02
5.4072700663e-01 -4.2891071089e-01
-2.7852361796e-01 3.8738057033e-01
5.4070910333e-01 1.5094008013e-01
-3.1187094045e-01 -2.2170652876e-01
-2.0333390900e-01 -2.3866311853e-01
2.7372105225e-01 -4.4018489858e-01
-1.0639795817e-01 -1.4209081126e-01
5.3333514618e-02 1.2634682394e-02
2.9450935930e-01 1.8755031256e-01
-2.8766084646e-01 4.2937470837e-01
3.0686889906e-01 -3.6514317912e-01
-1.0364359412e-01 -6.1633572358e-02
-8.6743292688e-01 2.1016174405e-01
1.7880726147e-01 1.5218721323e-01
-2.1183112204e-01 -5.8934323969e-02
4.0776156504e-01 -2.1487869038e-01
7.3724142109e-01 -2.4123332068e-01
-7.6005308337e-01 2.2935945303e-01
3.7072289359e-01 -1.0674814894e-01
-4.5016950986e-01 4.1204268818e-01
-1.4150678410e-01 4.5326664226e-01
8.6084988062e-02 -4.1784285725e-01
-2.6146889727e-01 -4.1430479895e-01
-3.2264768555e-01 3.9743751704e-01
1.9327970505e-01 -2.0432842791e-01
-1.3282125375e-01 1.2552581400e-01
-4.2878516942e-02 3.0968564272e-01
-5.0301793810e-02 4.8561769687e-01
7.7000499729e-01 1.3528249649e-01
-5.2926055514e-01 3.8099363110e-01
1.0130126711e-01 -8.4005110849e-02
-8.6670828366e-02 7.2344797002e-02
-3.4760660637e-01 3.7132520409e-01
2.9085577369e-01 -3.2800465545e-01
5.7540004428e-01 -3.7815270476e-01
-1.4931875224e-01 4.4634381736e-01
2.3667152505e-01 3.8728933524e-01
-2.7431559620e-01 -3.7497434637e-01
9.0668350624e-02 -3.6140548342e-01
